# Trail mesh generated by Unitree L2 LiDAR Trail Mapper
# Vertices: 2957
# Faces: 2388

v -4.955243 0.374785 0.059817
v -4.991089 1.716886 0.192662
v -4.984029 6.625317 0.414231
v -4.991336 6.787436 0.478987
v -4.985459 6.983110 0.394374
v -4.970350 6.966512 0.492152
v -4.985880 7.687030 0.381399
v -4.954282 7.939547 0.306752
v -4.992573 7.903303 0.425563
v -4.929896 0.199072 0.048475
v -4.922550 0.409663 0.059496
v -4.901969 1.620006 0.202522
v -4.926551 1.902085 0.179437
v -4.923116 5.967768 0.445115
v -4.922110 6.089169 0.424036
v -4.914177 6.250691 0.502156
v -4.945073 6.488696 0.513343
v -4.911754 6.721089 0.394760
v -4.909993 7.733459 0.425437
v -4.912867 7.766105 0.395797
v -4.906772 7.992416 0.278151
v -4.850452 0.150937 0.066548
v -4.876296 0.587663 0.063103
v -4.858441 1.107965 0.071658
v -4.884329 1.337450 0.101713
v -4.883714 1.551462 0.193678
v -4.865242 2.202737 0.200707
v -4.865398 5.012039 0.413665
v -4.896095 5.664221 0.466582
v -4.887145 6.393873 0.424689
v -4.888909 6.906021 0.392529
v -4.856501 7.017527 0.458131
v -4.826686 0.352870 0.078486
v -4.818661 5.636793 0.447384
v -4.803909 6.282322 0.449888
v -4.816375 6.866025 0.475675
v -4.838772 7.231035 0.359185
v -4.808674 7.748681 0.363424
v -4.779811 0.327549 0.038271
v -4.776309 0.509851 0.075474
v -4.780057 0.594536 0.006585
v -4.793837 0.638453 0.101312
v -4.764836 0.906789 0.054797
v -4.796083 5.141774 0.425356
v -4.769502 5.928666 0.438623
v -4.793269 6.212732 0.398079
v -4.798688 7.016052 0.440934
v -4.763930 7.900329 0.326189
v -4.704568 0.526461 0.000643
v -4.705618 0.521925 0.096595
v -4.705986 0.857481 0.114191
v -4.749573 6.753436 0.520321
v -4.708849 7.169130 0.361576
v -4.714769 7.260216 0.370422
v -4.736672 7.428730 0.406210
v -4.718782 7.638700 0.396190
v -4.696649 0.290056 0.088130
v -4.671891 0.344721 -0.025781
v -4.671372 0.512831 0.078335
v -4.684459 0.976006 0.123413
v -4.676245 1.040306 0.090318
v -4.675706 1.230786 0.170515
v -4.666566 1.264069 0.147248
v -4.684315 5.770241 0.425637
v -4.655350 6.248821 0.408693
v -4.674967 6.756861 0.451607
v -4.663497 6.931471 0.355886
v -4.661255 7.138390 0.473814
v -4.687389 7.558348 0.429272
v -4.650049 7.855309 0.284069
v -4.634143 0.545386 0.085641
v -4.639243 0.725706 0.123301
v -4.648691 1.052490 0.129764
v -4.620355 6.083475 0.476524
v -4.646804 6.338986 0.347538
v -4.626446 6.392839 0.502225
v -4.630421 6.661205 0.420119
v -4.634458 6.762920 0.433095
v -4.649312 7.501831 0.326853
v -4.608548 7.585303 0.353048
v -4.589979 0.164120 0.039501
v -4.588157 0.330547 -0.039394
v -4.573244 0.435869 0.076245
v -4.572962 0.629951 0.029465
v -4.559406 3.550731 0.576845
v -4.593534 6.392182 0.396866
v -4.576507 6.588749 0.416099
v -4.561856 6.611294 0.357285
v -4.587913 6.616466 0.525472
v -4.564483 6.991611 0.423430
v -4.593434 7.142700 0.496884
v -4.577275 7.826932 0.262101
v -4.513358 0.012541 -0.012390
v -4.540544 0.004448 0.010614
v -4.517078 3.033078 0.293313
v -4.537388 7.337078 0.366506
v -4.549262 7.877213 0.406532
v -4.458659 0.234871 0.050586
v -4.455301 0.389544 0.044790
v -4.479632 6.379206 0.439454
v -4.482967 6.518628 0.460529
v -4.473192 7.018923 0.384250
v -4.486975 7.518573 0.455235
v -4.401299 0.547914 0.032277
v -4.443350 0.622123 0.059093
v -4.402114 0.786262 0.082505
v -4.400915 3.491792 0.294071
v -4.410319 6.553352 0.490021
v -4.440976 6.975666 0.383050
v -4.447789 7.575151 0.432516
v -4.395150 0.301824 0.038126
v -4.353846 0.408503 0.025865
v -4.353515 0.472066 0.050143
v -4.359539 0.654578 0.092879
v -4.373522 1.042810 0.138739
v -4.372986 1.900784 0.168839
v -4.386697 4.779346 0.398818
v -4.355823 6.682727 0.413384
v -4.376828 6.771315 0.407961
v -4.364071 6.837461 0.490638
v -4.361409 7.014794 0.409195
v -4.378154 7.194995 0.388531
v -4.370165 7.161286 0.435480
v -4.389691 7.480435 0.369004
v -4.365286 7.602462 0.385674
v -4.321045 0.961410 0.124066
v -4.302427 2.101913 0.209274
v -4.325781 5.786831 0.485434
v -4.312263 6.464599 0.408747
v -4.328537 6.854407 0.478241
v -4.304779 7.172795 0.383517
v -4.343544 7.332287 0.382822
v -4.317422 7.699988 0.272092
v -4.346307 7.805707 0.375865
v -4.309607 7.982391 0.376703
v -4.251172 1.118402 0.082130
v -4.251710 1.770119 0.178375
v -4.258847 2.994164 0.534505
v -4.272786 5.471256 0.428110
v -4.285011 6.025740 0.453334
v -4.297879 6.915671 0.407869
v -4.280032 7.206176 0.439666
v -4.265586 7.369780 0.454177
v -4.283094 7.945258 0.344563
v -4.229110 0.364652 0.019748
v -4.205864 0.629913 0.108765
v -4.200473 1.132926 0.112779
v -4.230344 5.940838 0.450143
v -4.219775 6.262526 0.452814
v -4.227809 6.518176 0.425410
v -4.221264 6.642245 0.493257
v -4.243164 6.931459 0.501693
v -4.205046 7.190973 0.359949
v -4.223160 7.883135 0.385582
v -4.176402 1.360729 0.137769
v -4.166745 5.330319 0.453531
v -4.193034 6.429078 0.479161
v -4.183746 6.500182 0.443829
v -4.165143 6.503784 0.452208
v -4.166723 7.099462 0.288380
v -4.187641 7.180424 0.457031
v -4.169008 7.213725 0.382654
v -4.178674 7.376259 0.370392
v -4.129793 0.560183 -0.009095
v -4.123731 6.822265 0.402694
v -4.112396 6.939560 0.453405
v -4.134684 7.095259 0.392194
v -4.117143 7.234026 0.426072
v -4.126055 7.522316 0.381841
v -4.076045 0.003443 0.060114
v -4.093134 0.392587 0.106520
v -4.066799 7.166477 0.350130
v -4.064463 7.679291 0.348633
v -4.033881 5.619263 0.463036
v -4.017307 6.193332 0.487452
v -4.003365 6.266307 0.382615
v -4.039951 6.453108 0.413153
v -4.016318 6.511295 0.497603
v -4.002787 6.743296 0.441969
v -4.042340 7.417474 0.327321
v -4.028465 7.434773 0.354028
v -4.006015 7.431605 0.482648
v -3.961399 1.333482 0.165829
v -3.961606 2.079973 0.206980
v -3.958693 2.188053 0.214862
v -3.993126 6.048668 0.413233
v -3.996712 6.221370 0.458591
v -3.988326 6.502669 0.509124
v -3.988379 6.825760 0.443784
v -3.955149 6.991425 0.363422
v -3.974890 6.961728 0.507597
v -3.983833 7.016819 0.504452
v -3.964051 7.417202 0.391177
v -3.969928 7.567338 0.422400
v -3.932663 0.179748 -0.000880
v -3.943050 0.482492 0.069894
v -3.913858 0.650942 0.100295
v -3.900755 0.751547 0.006776
v -3.944330 6.300900 0.404551
v -3.940247 6.490125 0.467367
v -3.919676 7.137981 0.427262
v -3.910492 7.784334 0.354410
v -3.873758 0.044353 0.078698
v -3.865854 0.073180 -0.001845
v -3.894087 0.069850 0.030459
v -3.854208 0.251474 0.085199
v -3.877872 0.813119 0.020697
v -3.861917 0.817601 0.123828
v -3.882074 2.329786 0.222918
v -3.883875 2.989585 0.268833
v -3.859216 4.840990 0.411600
v -3.899633 5.678905 0.467668
v -3.885760 5.735384 0.468288
v -3.883580 5.905380 0.399183
v -3.851811 6.348374 0.420097
v -3.892667 6.581078 0.449639
v -3.865381 6.614893 0.444728
v -3.899515 6.741126 0.415495
v -3.881023 7.543735 0.510540
v -3.864300 7.817524 0.375404
v -3.844562 0.066430 -0.091587
v -3.825362 0.608947 0.029900
v -3.820568 1.030948 0.126518
v -3.830223 5.565632 0.449389
v -3.848911 6.913074 0.522995
v -3.825693 7.173400 0.365814
v -3.755772 1.233886 0.049067
v -3.785986 2.169080 0.172709
v -3.760708 6.499855 0.478733
v -3.762212 6.519630 0.474074
v -3.787711 6.747408 0.387151
v -3.765742 7.334456 0.433086
v -3.729123 0.102579 0.034452
v -3.747025 4.338908 0.375340
v -3.744492 6.900113 0.394070
v -3.720629 7.389270 0.346565
v -3.721328 7.745427 0.385812
v -3.696174 5.650256 0.443701
v -3.659333 6.119074 0.432112
v -3.666579 6.472920 0.473097
v -3.657616 6.842844 0.420968
v -3.637623 0.029912 -0.057808
v -3.628815 0.273598 0.085962
v -3.615091 0.633942 0.071200
v -3.631956 6.746586 0.437689
v -3.630669 7.028545 0.434707
v -3.606801 7.297850 0.460623
v -3.647416 7.336854 0.408985
v -3.643050 7.578285 0.389539
v -3.623390 7.817648 0.299208
v -3.594855 0.181906 -0.010309
v -3.583075 0.270683 0.002399
v -3.562799 0.344475 -0.020750
v -3.595067 1.027671 0.136878
v -3.574923 1.175011 0.139950
v -3.583697 6.125941 0.462272
v -3.574517 6.341277 0.489263
v -3.558704 6.837525 0.370005
v -3.596834 6.873823 0.278317
v -3.552044 7.110953 0.485317
v -3.581141 7.700029 0.378149
v -3.588999 7.829513 0.397061
v -3.555012 7.919640 0.367700
v -3.531008 0.221525 0.013462
v -3.508344 1.328901 0.158966
v -3.537524 5.321183 0.434431
v -3.538212 6.200702 0.446946
v -3.509858 6.916392 0.439681
v -3.469988 1.323181 0.118707
v -3.458779 1.464888 0.146582
v -3.481371 4.641487 0.600380
v -3.450260 5.864561 0.482264
v -3.491925 6.916751 0.395272
v -3.474391 7.087775 0.413920
v -3.493310 7.586245 0.370622
v -3.459726 7.665226 0.405581
v -3.418058 0.120010 -0.054681
v -3.421325 0.116622 0.024200
v -3.403954 1.001194 0.094827
v -3.429776 1.361437 0.145231
v -3.440835 7.101333 0.389704
v -3.432489 7.453077 0.381959
v -3.441642 7.511787 0.358442
v -3.418759 7.543683 0.403114
v -3.444453 7.734746 0.389670
v -3.396604 0.261454 0.038313
v -3.383786 5.778021 0.473338
v -3.358573 6.311364 0.450947
v -3.394290 6.615985 0.483449
v -3.381148 6.771838 0.408628
v -3.394796 7.139336 0.344226
v -3.376222 7.158414 0.345325
v -3.368020 7.613162 0.302509
v -3.397258 7.717923 0.351839
v -3.326776 0.172841 -0.055428
v -3.331218 1.339016 0.114688
v -3.319952 6.162745 0.365728
v -3.329763 6.299253 0.409011
v -3.308942 7.005478 0.530514
v -3.322460 7.641526 0.419175
v -3.349164 7.622256 0.469587
v -3.266096 0.025041 -0.001715
v -3.274728 0.280334 0.018810
v -3.298205 3.717134 0.324540
v -3.295040 5.692378 0.430221
v -3.285418 6.390194 0.466221
v -3.287824 6.451407 0.477939
v -3.273917 6.509814 0.493916
v -3.273994 6.583459 0.491651
v -3.285002 6.807251 0.419664
v -3.298773 7.048459 0.426803
v -3.293819 7.708866 0.385814
v -3.207854 2.610088 0.227735
v -3.223277 5.752885 0.461168
v -3.218187 6.355376 0.407885
v -3.217499 6.859501 0.404027
v -3.248878 6.987742 0.461454
v -3.231922 7.298827 0.308657
v -3.238202 7.844064 0.341381
v -3.249526 7.883269 0.356254
v -3.177101 0.020345 0.020347
v -3.166409 1.078087 0.123446
v -3.187380 1.123633 0.100948
v -3.197405 1.582922 0.136580
v -3.177778 5.334813 0.409294
v -3.171080 6.241386 0.466334
v -3.181675 6.596647 0.523728
v -3.167543 6.683437 0.434663
v -3.180581 6.652450 0.451578
v -3.191306 6.979135 0.385281
v -3.195842 7.087696 0.433255
v -3.180554 7.140283 0.461765
v -3.165084 7.282154 0.359109
v -3.195274 7.769373 0.401749
v -3.146846 0.213999 0.047494
v -3.120056 3.225283 0.505854
v -3.109919 6.093581 0.459387
v -3.134132 6.693864 0.388158
v -3.144972 7.261503 0.498996
v -3.060777 0.151401 0.008428
v -3.066072 2.870517 0.490296
v -3.060017 6.247044 0.481740
v -3.064539 6.531289 0.492142
v -3.095135 6.532050 0.509087
v -3.081940 6.620670 0.505011
v -3.074790 7.119337 0.487915
v -3.064919 7.160184 0.464545
v -3.058117 7.356957 0.341132
v -3.037869 0.091584 0.015708
v -3.025632 0.745965 0.039568
v -3.009719 4.887878 0.368118
v -3.031935 6.414610 0.449645
v -3.036380 7.060372 0.339728
v -2.984039 0.187820 0.016460
v -2.989343 0.375909 -0.040150
v -2.960683 0.413676 0.415700
v -2.994312 0.842899 0.788923
v -2.963758 0.975416 0.118164
v -2.986337 1.480690 0.555385
v -2.988623 2.069436 0.549652
v -2.993231 2.098956 0.564592
v -2.993911 2.686282 0.595212
v -2.980499 3.356897 0.528428
v -2.966093 4.043327 0.555527
v -2.963160 4.747695 0.825655
v -2.999266 4.877027 0.641707
v -2.982091 5.510889 0.446703
v -2.952843 5.752609 0.855090
v -2.996488 6.326425 1.131555
v -2.987692 6.580571 0.485254
v -2.968544 6.767555 0.380127
v -2.956601 6.927787 0.536119
v -2.987588 7.230811 0.424375
v -2.988244 7.447082 0.413534
v -2.910045 0.268392 0.445336
v -2.923933 0.724802 0.531860
v -2.914082 0.985232 1.289434
v -2.931956 1.629782 0.844697
v -2.941520 3.349819 0.641385
v -2.923665 4.138789 0.992674
v -2.946418 5.231243 1.407349
v -2.901733 5.325774 0.886927
v -2.918345 5.824395 0.452010
v -2.923050 5.983258 0.333950
v -2.904409 6.419470 0.463190
v -2.937541 6.634131 0.517054
v -2.921734 6.618945 1.376390
v -2.941142 7.060430 0.201876
v -2.933261 7.703655 0.354753
v -2.911792 7.832587 0.388081
v -2.899245 0.615042 1.006394
v -2.862042 0.974634 0.077233
v -2.863038 1.051597 0.533102
v -2.865324 1.969989 0.176778
v -2.863863 3.079722 0.482835
v -2.850307 5.352142 0.964120
v -2.885488 6.006799 0.777841
v -2.885226 6.228467 0.438696
v -2.880289 7.000281 0.498035
v -2.880538 7.722381 0.378383
v -2.838160 0.211870 0.964337
v -2.846551 0.643113 1.076578
v -2.823688 1.113349 0.123750
v -2.812320 1.784488 0.451458
v -2.809169 1.831181 0.736738
v -2.811219 2.889431 0.626684
v -2.849293 3.032431 0.737609
v -2.809897 5.208912 0.410803
v -2.846815 5.249921 0.641645
v -2.832192 5.638020 1.709379
v -2.834408 5.654681 0.402470
v -2.846584 5.693337 1.728956
v -2.831219 5.931371 0.436174
v -2.819449 5.953910 0.783263
v -2.844397 6.585903 1.049483
v -2.807417 6.618984 0.432130
v -2.809910 6.961514 0.422505
v -2.830628 7.397922 0.423010
v -2.845763 7.683873 0.878005
v -2.846172 7.999496 0.544288
v -2.794970 0.296801 1.295450
v -2.760768 0.513228 0.012225
v -2.770911 0.600977 1.294397
v -2.781200 0.665187 0.099815
v -2.777009 0.994490 0.597256
v -2.753323 1.228554 1.011950
v -2.775129 1.976453 0.642085
v -2.794813 2.295177 0.874207
v -2.788237 3.280275 0.985791
v -2.760368 4.514417 1.385562
v -2.767855 4.848185 0.620270
v -2.771760 5.643441 0.301992
v -2.765742 5.719287 0.442519
v -2.760047 5.768543 1.077887
v -2.799098 6.195342 0.786686
v -2.784468 6.346242 0.434871
v -2.785692 6.407331 0.473780
v -2.773406 6.616610 0.425193
v -2.762253 6.687430 1.499790
v -2.793405 6.871486 0.525881
v -2.781470 7.119756 0.325472
v -2.753862 7.166486 1.034435
v -2.764560 7.233760 0.518060
v -2.766673 7.402850 0.523861
v -2.753865 7.997069 0.318468
v -2.716282 0.455590 -0.016724
v -2.735058 0.898108 0.104298
v -2.716395 0.965726 1.655974
v -2.723437 3.252403 0.261043
v -2.704594 4.582669 1.092385
v -2.715277 4.998677 1.220725
v -2.745602 5.272129 1.316492
v -2.704168 5.730076 0.423606
v -2.737447 5.918296 0.474865
v -2.711853 6.003154 0.442365
v -2.740933 6.346074 0.436697
v -2.701473 6.590517 0.982901
v -2.725964 7.612965 0.321211
v -2.702504 7.652407 0.312320
v -2.747746 7.674201 0.405196
v -2.665380 0.125977 1.227879
v -2.658412 0.198445 0.030202
v -2.682168 0.255055 0.057048
v -2.692338 0.469033 1.325830
v -2.692147 0.669554 0.064148
v -2.660660 0.805291 0.842402
v -2.696308 1.303297 0.818845
v -2.676342 2.306714 0.652290
v -2.664546 3.375061 0.630592
v -2.696403 4.258696 0.272495
v -2.669849 5.212393 1.400201
v -2.693369 5.409731 1.127965
v -2.693432 5.944888 0.438227
v -2.656735 6.337106 0.436939
v -2.689742 6.565794 0.445831
v -2.683695 6.594858 0.960450
v -2.670484 6.694979 1.412044
v -2.680756 6.911207 0.439626
v -2.689656 7.141771 0.400380
v -2.680776 7.128357 0.450958
v -2.689091 7.189765 0.518144
v -2.690514 7.316159 0.470037
v -2.668750 7.441173 0.405655
v -2.687217 7.518142 0.268079
v -2.631902 0.115774 0.025972
v -2.632427 0.294564 0.073699
v -2.611816 0.379014 1.080238
v -2.643804 0.484877 0.852877
v -2.631325 0.949804 -0.002595
v -2.634091 1.045305 0.093504
v -2.624984 1.395353 1.212921
v -2.636476 1.544907 0.128985
v -2.619832 1.899711 0.492018
v -2.622069 3.886667 0.596294
v -2.627221 4.073453 0.259114
v -2.609133 4.222197 0.569120
v -2.640223 4.790257 0.347701
v -2.649446 4.876955 0.971297
v -2.648800 5.114504 0.914647
v -2.631225 5.152582 0.799968
v -2.623072 6.111850 0.472488
v -2.634712 6.257079 0.450296
v -2.613522 6.573355 1.115609
v -2.619874 7.085341 1.289491
v -2.625663 7.622572 0.386194
v -2.610001 7.643156 0.420587
v -2.632752 7.701614 0.310186
v -2.606764 7.702321 0.850131
v -2.550599 0.000644 0.314378
v -2.556890 0.090285 -0.008982
v -2.583576 0.504233 0.403301
v -2.583965 0.729224 0.105390
v -2.557911 0.881226 1.059816
v -2.564702 1.124615 1.069378
v -2.572032 1.259646 1.794288
v -2.550281 4.775467 1.216971
v -2.574293 5.388993 1.210378
v -2.592440 5.825936 0.768005
v -2.561336 5.869586 1.806135
v -2.580452 6.034280 0.218931
v -2.590610 6.190996 0.800504
v -2.572366 6.195865 1.012344
v -2.557880 6.362965 0.461931
v -2.576538 6.477475 0.502530
v -2.571785 7.028548 0.429362
v -2.557547 7.251152 0.408163
v -2.581289 7.373780 0.433824
v -2.519605 0.153314 -0.015030
v -2.500950 0.766883 1.105308
v -2.509718 0.802315 1.465263
v -2.537002 2.028136 0.544456
v -2.515362 3.221151 1.001772
v -2.540998 3.614716 0.702339
v -2.515474 3.833335 1.186510
v -2.535098 3.852329 1.420191
v -2.520793 3.908998 0.576483
v -2.525255 4.574256 0.996776
v -2.514795 5.189026 0.306904
v -2.538257 6.025200 0.473647
v -2.506445 6.237726 1.254135
v -2.537544 6.927507 0.522292
v -2.545577 7.074221 1.314801
v -2.531039 7.968221 0.298595
v -2.504539 7.968499 0.353586
v -2.485425 0.257699 1.045830
v -2.492525 0.614209 1.335724
v -2.498271 0.947411 1.530023
v -2.461817 1.046054 0.801992
v -2.473725 1.035727 1.039413
v -2.481338 1.042723 1.201994
v -2.478599 1.176462 0.138336
v -2.458480 1.514016 1.721294
v -2.478233 1.642053 0.910085
v -2.496978 1.674278 0.702221
v -2.450630 1.806536 1.152192
v -2.450193 4.482221 0.711334
v -2.497113 4.734676 1.370631
v -2.499961 5.198526 0.252746
v -2.489386 5.348875 0.947970
v -2.457903 5.650095 1.376596
v -2.457977 5.888763 1.838805
v -2.478617 5.927678 1.933976
v -2.482567 6.034203 0.942036
v -2.469351 6.303754 0.471741
v -2.469976 6.374127 0.460881
v -2.485651 6.554575 0.435775
v -2.460464 6.635995 0.201217
v -2.480977 6.903698 0.238554
v -2.475964 6.999400 0.442266
v -2.486340 7.348460 1.245781
v -2.461809 7.367438 1.080443
v -2.491078 7.445213 0.381212
v -2.414337 0.375301 -0.034935
v -2.414993 0.455189 0.087607
v -2.427550 0.670236 1.528015
v -2.439101 0.724184 0.032671
v -2.408106 1.928006 0.188976
v -2.433060 1.966343 0.547201
v -2.444678 2.597357 0.946423
v -2.405454 2.696148 0.992715
v -2.403054 2.738330 0.939535
v -2.432599 3.181681 0.640272
v -2.409687 3.743215 0.569984
v -2.426231 3.807510 1.066692
v -2.407918 3.974413 0.776199
v -2.412686 4.102547 0.779003
v -2.432396 4.483756 0.938748
v -2.427867 5.593569 1.101822
v -2.423846 5.879010 0.463584
v -2.408440 6.133813 1.432433
v -2.427407 6.335007 0.414103
v -2.406314 6.680080 0.295812
v -2.435831 6.794394 0.762546
v -2.437528 7.258396 0.374248
v -2.407390 7.759865 0.369073
v -2.399496 0.233002 -0.045873
v -2.376848 0.290570 1.298708
v -2.356628 0.368478 -0.035028
v -2.377231 0.447862 0.627623
v -2.377807 1.188631 1.145127
v -2.367162 1.486396 0.393345
v -2.397889 1.782899 0.793846
v -2.382972 1.757130 1.762379
v -2.394893 2.305240 0.450079
v -2.363124 3.304813 1.192361
v -2.359646 6.094549 0.484076
v -2.392732 7.292783 0.397536
v -2.355343 7.319832 0.416206
v -2.382542 7.649293 0.553972
v -2.372633 7.837279 1.060184
v -2.334900 1.352499 0.747580
v -2.340767 2.198158 0.525407
v -2.324144 2.792252 0.507388
v -2.348674 2.778112 0.840016
v -2.336178 4.002726 1.346820
v -2.308331 4.544692 1.642644
v -2.323169 4.589881 1.018532
v -2.302801 4.893662 1.099819
v -2.328702 5.697058 0.355976
v -2.315187 5.772511 0.442035
v -2.311545 5.777880 1.574292
v -2.315964 6.116615 0.693957
v -2.303025 6.243602 1.482401
v -2.339054 7.450252 1.297510
v -2.337562 7.634125 0.416451
v -2.303157 7.861229 0.910753
v -2.341633 7.931447 0.266373
v -2.294855 0.207158 -0.048028
v -2.292595 0.264006 0.020053
v -2.298752 0.497970 0.828320
v -2.294872 0.814900 0.037786
v -2.274749 1.249996 1.255118
v -2.271247 1.563737 1.392853
v -2.281157 1.992949 1.219025
v -2.288555 2.204128 0.719793
v -2.277828 3.064748 1.299702
v -2.259855 4.365046 0.744379
v -2.262075 4.661833 1.335394
v -2.295453 5.687123 0.311147
v -2.287909 6.032340 0.442540
v -2.263766 6.223136 0.472186
v -2.280991 6.287610 1.373597
v -2.250859 6.408114 0.415089
v -2.267643 6.829954 0.431502
v -2.289791 7.059843 0.470575
v -2.268435 7.138283 0.433567
v -2.293963 7.914793 0.375312
v -2.246906 0.661237 0.073426
v -2.247474 0.711608 0.083467
v -2.213835 1.061632 1.390632
v -2.233016 1.601795 0.371857
v -2.200379 1.948862 1.713289
v -2.244239 2.757470 1.037906
v -2.239741 3.355481 0.502930
v -2.222031 3.612109 1.145409
v -2.245896 4.191641 1.634278
v -2.219471 4.766697 0.385406
v -2.233935 5.766757 0.459003
v -2.225722 5.754539 1.191686
v -2.208865 6.162813 1.297731
v -2.247215 6.251907 0.390736
v -2.223314 6.252797 0.469977
v -2.202881 6.351533 0.402978
v -2.223510 6.434572 0.423298
v -2.230180 6.791198 1.090972
v -2.208088 6.813368 1.590311
v -2.226883 6.870585 0.420495
v -2.232328 7.117883 0.438674
v -2.218703 7.174690 0.375809
v -2.248874 7.220196 0.375780
v -2.233198 7.419321 0.790380
v -2.160691 0.124367 0.001936
v -2.158146 0.152885 -0.000990
v -2.174176 0.154614 0.039327
v -2.160984 0.248027 1.311825
v -2.167102 0.318821 0.025807
v -2.162242 1.102470 0.101790
v -2.170705 1.250332 1.188260
v -2.186883 1.337373 1.744928
v -2.166464 1.658177 1.532497
v -2.164121 2.005422 1.012660
v -2.199697 2.235907 1.816896
v -2.151294 2.659572 1.689620
v -2.198282 3.666113 1.048371
v -2.189877 4.355906 1.729643
v -2.191498 4.680099 0.200996
v -2.153272 4.980048 0.729617
v -2.167633 5.778346 0.421118
v -2.197913 6.213286 1.580686
v -2.168817 6.317483 1.342365
v -2.186762 6.600373 0.381856
v -2.160948 6.621100 1.720872
v -2.178613 6.742740 1.243675
v -2.158654 6.807039 0.462403
v -2.156718 7.635409 0.479765
v -2.188709 7.677669 0.383494
v -2.109519 0.518851 0.050613
v -2.122656 0.960469 0.390374
v -2.148165 1.176908 0.798434
v -2.104183 2.122614 0.643695
v -2.118535 2.696598 1.679493
v -2.122483 3.522790 1.397909
v -2.148601 4.065749 1.016579
v -2.100916 4.170481 0.898091
v -2.134617 4.361755 1.247862
v -2.137771 4.715072 1.645867
v -2.106244 4.878435 1.452440
v -2.129082 5.093883 1.221902
v -2.122131 6.131615 0.269072
v -2.137917 6.265377 1.709380
v -2.129940 6.312389 1.776732
v -2.134807 6.627487 0.951346
v -2.109308 6.732258 0.874755
v -2.147646 6.920380 0.369153
v -2.137722 6.998427 1.582804
v -2.112843 7.157525 1.552627
v -2.111785 7.329245 0.413040
v -2.145164 7.438600 0.416149
v -2.100579 7.779629 0.373158
v -2.106109 7.937740 0.437502
v -2.096589 0.313027 1.163155
v -2.070763 0.404681 0.043293
v -2.068159 0.433285 0.477589
v -2.059440 0.659281 1.326368
v -2.065414 0.783665 1.275061
v -2.066808 0.872030 1.542962
v -2.067668 1.081410 1.009899
v -2.088423 1.242394 1.069666
v -2.087336 1.325163 1.602783
v -2.054441 1.520134 0.713286
v -2.078812 1.859800 1.229303
v -2.056551 2.070468 1.547110
v -2.058765 2.346725 1.956544
v -2.092694 2.467596 0.871158
v -2.081274 2.617795 0.720536
v -2.090660 2.803010 1.053616
v -2.075509 2.938316 0.982573
v -2.074455 3.945621 0.757435
v -2.065871 4.250665 1.530361
v -2.057843 4.302109 1.334717
v -2.068213 4.641583 0.657129
v -2.081491 5.667593 0.287986
v -2.075658 5.765546 0.429746
v -2.062487 5.823892 0.436112
v -2.085494 5.871712 1.048816
v -2.060526 6.095899 0.930766
v -2.065829 6.189633 0.226546
v -2.097173 6.424730 0.425015
v -2.086360 7.011321 0.464779
v -2.092974 7.243731 0.433579
v -2.053858 7.487060 0.362477
v -2.057123 7.556691 1.562127
v -2.083965 7.781387 1.311889
v -2.006475 0.043021 -0.007675
v -2.041645 1.232562 0.608832
v -2.012416 1.354571 1.031268
v -2.028844 2.507445 1.773435
v -2.045127 3.607009 0.535256
v -2.003581 4.278681 0.310524
v -2.004790 4.519807 0.585324
v -2.019360 4.704005 1.387567
v -2.043375 4.882810 0.910998
v -2.006715 5.731074 1.165039
v -2.012648 5.796508 1.891532
v -2.000739 7.285282 1.362190
v -2.027970 7.505260 1.334419
v -2.030948 7.716809 0.926897
v -1.998208 0.032135 1.246962
v -1.954428 0.346031 0.688885
v -1.950071 0.519923 1.664580
v -1.997363 0.580492 1.523914
v -1.956557 0.720042 0.316719
v -1.974093 1.102647 0.436515
v -1.971159 1.402356 0.543583
v -1.978886 2.058905 0.525697
v -1.971480 2.283328 0.572337
v -1.955104 2.499903 1.257523
v -1.956944 2.654385 0.892707
v -1.984052 3.249526 1.046532
v -1.970451 3.980048 1.116324
v -1.982534 4.020481 0.928838
v -1.982197 4.023733 1.242358
v -1.974359 5.956009 0.289306
v -1.975146 6.026082 0.223089
v -1.999225 6.353767 1.258198
v -1.985004 6.628848 1.096606
v -1.962634 6.942701 0.458042
v -1.952127 7.844281 0.337705
v -1.927342 0.010630 0.427243
v -1.926536 0.024050 1.014717
v -1.902559 0.101434 -0.037968
v -1.906109 0.260067 0.047657
v -1.925345 0.322061 0.061786
v -1.927091 0.331995 0.728058
v -1.903767 0.985692 0.822120
v -1.919996 1.090545 0.376850
v -1.937923 1.093990 1.085788
v -1.930851 1.719889 0.771357
v -1.942044 1.936384 0.646091
v -1.945532 2.314880 0.211883
v -1.908562 2.691731 1.377139
v -1.932083 2.674064 1.499019
v -1.920058 3.547502 1.379725
v -1.942237 4.859193 1.376626
v -1.917091 5.703151 1.601875
v -1.912192 6.076785 0.427882
v -1.920779 7.562365 0.572737
v -1.902375 7.678079 1.198931
v -1.905231 7.894105 0.317356
v -1.941384 7.932973 0.363617
v -1.921075 7.905860 1.179515
v -1.884002 0.315520 0.569654
v -1.868315 0.510270 1.435986
v -1.885361 0.899887 0.071163
v -1.871028 1.230539 1.215197
v -1.890291 1.415315 0.678196
v -1.893098 1.786391 0.956275
v -1.875651 1.975803 1.079995
v -1.884062 2.776659 1.574163
v -1.854542 2.905362 1.487928
v -1.895953 4.232072 1.362292
v -1.880075 5.627707 1.309108
v -1.893537 5.752380 0.425719
v -1.868127 5.801391 1.282417
v -1.890305 6.036568 0.731795
v -1.888409 6.229283 1.773382
v -1.859163 6.335870 1.218958
v -1.887841 6.753097 0.259521
v -1.857162 7.282537 1.244432
v -1.868268 7.757381 0.393702
v -1.820237 0.319809 0.026462
v -1.848774 0.322352 0.965477
v -1.814961 0.882284 0.752285
v -1.840770 2.120042 1.519635
v -1.820546 2.156770 1.995538
v -1.847015 2.785993 0.227261
v -1.829542 3.167597 1.096551
v -1.842472 3.370820 1.698790
v -1.805459 4.330314 1.628156
v -1.813995 4.633294 1.352299
v -1.828077 4.731445 0.695571
v -1.849357 4.986787 1.146577
v -1.841378 5.747236 0.428703
v -1.843465 5.762199 1.554788
v -1.824793 6.008074 1.846641
v -1.820232 6.682897 0.479016
v -1.841624 7.527188 0.399343
v -1.847452 7.527360 1.141886
v -1.826241 7.752935 0.335823
v -1.829170 7.758054 1.407657
v -1.787603 0.138560 1.057138
v -1.772176 0.697882 0.342255
v -1.775379 0.731766 1.135793
v -1.756004 2.060775 1.040305
v -1.780138 2.780042 1.897285
v -1.784249 2.893520 1.875802
v -1.758314 3.124827 1.786327
v -1.785289 5.318807 0.658645
v -1.755370 5.919312 0.682476
v -1.779205 6.656298 0.382943
v -1.796931 6.669467 0.409205
v -1.762450 6.695452 1.527204
v -1.781073 6.953006 0.461863
v -1.797500 7.170007 0.456281
v -1.764850 7.461354 0.260773
v -1.767641 7.490258 0.564346
v -1.762364 7.706419 0.960441
v -1.795837 7.787581 0.360966
v -1.734349 0.040255 -0.016923
v -1.725860 0.008175 0.728881
v -1.734956 0.490287 0.796160
v -1.731403 1.499455 0.602311
v -1.735818 1.719358 1.671883
v -1.747778 1.737145 1.714859
v -1.718743 2.212308 1.913044
v -1.718180 2.306187 1.508583
v -1.732340 3.235772 0.990850
v -1.709677 3.336226 1.127239
v -1.723220 4.496993 1.818529
v -1.747765 5.331102 0.407169
v -1.741343 5.487099 0.305769
v -1.727178 5.783845 0.433342
v -1.718006 5.867955 0.391668
v -1.721332 6.061214 0.928241
v -1.744099 7.033002 0.267283
v -1.714733 7.180917 0.387220
v -1.726298 7.394370 0.441034
v -1.738388 7.442525 0.419223
v -1.704587 7.590614 0.342808
v -1.720712 7.627308 0.375777
v -1.742275 7.623223 0.415646
v -1.746447 7.879765 0.810630
v -1.658393 0.329440 0.065101
v -1.678321 0.560367 0.523693
v -1.652948 0.622610 0.647397
v -1.697488 0.676945 0.506615
v -1.653827 2.465611 1.827443
v -1.678226 2.915358 0.917941
v -1.678309 3.487914 0.680158
v -1.679519 3.670517 1.681255
v -1.691448 4.425932 1.802733
v -1.693614 5.993435 0.448146
v -1.687616 6.247645 0.447541
v -1.695573 6.484852 0.459784
v -1.662319 6.577152 0.453709
v -1.666762 6.949713 0.342671
v -1.669499 6.967527 0.313528
v -1.680030 7.068647 1.258547
v -1.688511 7.725203 0.387921
v -1.650145 7.950160 0.372713
v -1.607851 0.316729 -0.015895
v -1.641300 0.406343 0.713116
v -1.635584 0.909497 0.447641
v -1.624049 0.995152 0.080120
v -1.634566 1.104971 0.121757
v -1.617322 1.371944 0.125871
v -1.643405 1.369445 1.027667
v -1.636826 2.351980 1.886698
v -1.629711 2.888019 1.296636
v -1.631800 3.391300 0.214155
v -1.606924 3.530735 0.626586
v -1.626934 4.722339 1.566687
v -1.603528 4.909273 0.990910
v -1.640688 5.387223 0.972410
v -1.624769 5.405900 0.298631
v -1.646704 6.073415 1.604468
v -1.649094 6.352056 1.111852
v -1.601611 6.444051 0.461691
v -1.632554 6.647308 1.097274
v -1.616298 6.911589 0.406556
v -1.642779 6.907980 0.514011
v -1.635095 7.049249 0.460915
v -1.621880 7.165929 0.821898
v -1.643498 7.407133 1.444025
v -1.626313 7.735402 0.284969
v -1.618151 7.707089 0.434910
v -1.614451 7.933196 0.392364
v -1.639554 7.975650 0.282783
v -1.581838 0.407887 -0.086010
v -1.558152 0.425985 0.052571
v -1.599005 0.690593 0.007139
v -1.578950 0.894964 1.775873
v -1.566595 1.004000 0.090294
v -1.562641 3.460796 1.660880
v -1.590030 3.928532 0.710701
v -1.574866 4.346684 0.632764
v -1.593402 5.160079 0.820379
v -1.574435 5.166348 1.433215
v -1.554313 5.219111 0.754388
v -1.583594 5.852953 1.177855
v -1.579116 6.161580 1.602537
v -1.569047 7.070425 0.333059
v -1.557557 7.431498 0.389718
v -1.554553 7.734603 0.490409
v -1.536945 0.034183 0.014781
v -1.532097 0.119070 0.515428
v -1.533884 0.873451 0.587696
v -1.513422 0.925936 0.097119
v -1.538095 1.159396 1.763251
v -1.511643 1.605739 1.571569
v -1.545702 2.087329 1.564009
v -1.514333 2.057483 1.844660
v -1.529981 2.400256 0.429600
v -1.527639 2.470796 1.007355
v -1.507218 3.008304 0.688485
v -1.543185 3.158215 1.759100
v -1.512176 3.608565 1.290429
v -1.501982 4.695038 0.698109
v -1.537550 4.712224 0.893846
v -1.529890 5.191085 0.817421
v -1.516014 5.274120 1.154334
v -1.513192 5.285233 1.552340
v -1.517679 5.541637 1.445112
v -1.520740 5.712782 0.425616
v -1.507776 6.155751 0.338532
v -1.544241 6.279476 0.438192
v -1.511836 6.619173 0.451066
v -1.525525 6.879579 1.341045
v -1.505354 7.341749 0.425869
v -1.513414 7.361170 0.428187
v -1.458041 0.592081 0.658306
v -1.492139 0.845838 1.608540
v -1.493281 1.055786 0.782355
v -1.495801 1.306216 1.408127
v -1.478296 1.841284 0.483415
v -1.457813 2.087438 1.628249
v -1.468942 4.502116 0.625390
v -1.487224 4.613872 0.571613
v -1.450223 4.682775 1.534882
v -1.472985 5.263624 0.844666
v -1.458327 6.794723 0.385333
v -1.450576 7.118711 0.380146
v -1.462458 7.188844 0.820878
v -1.486965 7.491646 0.217250
v -1.442297 0.606105 -0.003486
v -1.442883 0.631595 0.787339
v -1.446864 0.707350 1.085832
v -1.423553 0.971449 1.516744
v -1.419113 3.057305 1.703574
v -1.438101 5.484065 0.846320
v -1.447809 6.452086 0.397310
v -1.415588 6.539707 0.329845
v -1.423873 6.894323 0.285358
v -1.407021 6.902681 0.754950
v -1.447847 7.002582 0.390432
v -1.418637 7.061463 0.461161
v -1.431541 7.209642 0.434943
v -1.436579 7.498655 0.499728
v -1.358122 0.005410 0.525449
v -1.397757 0.825095 1.865793
v -1.365438 0.863491 0.060644
v -1.397888 1.525318 0.148950
v -1.367440 2.521379 1.279462
v -1.365689 3.138608 1.658144
v -1.353723 3.239584 0.964664
v -1.379359 3.585112 1.612225
v -1.361099 4.589336 1.755459
v -1.399229 6.289614 0.467819
v -1.391450 6.501954 0.466803
v -1.364983 6.820428 1.122165
v -1.390484 7.032508 0.433807
v -1.357303 7.386299 0.357162
v -1.395084 7.552371 0.380768
v -1.365602 7.726474 0.439014
v -1.349244 0.230983 0.703816
v -1.308047 1.855672 1.446703
v -1.324581 2.349153 0.449168
v -1.305609 2.656400 0.887010
v -1.311554 2.745049 0.903353
v -1.338343 2.823781 1.874565
v -1.319228 2.994227 0.863822
v -1.311879 3.091925 1.339295
v -1.337387 3.579413 0.508293
v -1.334278 3.582581 1.391907
v -1.300488 5.424141 0.791975
v -1.307841 5.803904 1.323443
v -1.323490 6.440170 0.495872
v -1.340073 6.516015 0.447006
v -1.309545 6.627397 0.364685
v -1.337029 7.638944 0.396823
v -1.271019 0.828486 1.832271
v -1.278362 0.988983 1.350310
v -1.259584 1.257720 1.001870
v -1.292231 1.627975 0.157832
v -1.286827 2.443343 1.030670
v -1.266162 4.313836 1.209456
v -1.292233 5.033139 0.800448
v -1.273302 5.537193 1.115437
v -1.262585 5.834439 0.229966
v -1.284124 6.529400 0.419011
v -1.288324 6.710288 0.402945
v -1.265492 6.837417 0.486513
v -1.256733 6.888010 0.804075
v -1.265904 7.111525 0.285460
v -1.260722 7.609024 0.318882
v -1.286506 7.966927 0.349802
v -1.203120 0.261293 -0.010872
v -1.238809 1.017963 1.892444
v -1.205685 3.171404 1.938644
v -1.204176 3.736099 1.487941
v -1.245125 4.320005 0.996637
v -1.242492 4.723396 0.588905
v -1.239846 5.036055 1.553710
v -1.205679 5.053793 1.707262
v -1.219266 6.426022 1.104933
v -1.226397 6.804613 1.644289
v -1.224829 7.240084 0.432921
v -1.228254 7.685556 0.381090
v -1.205428 7.817815 0.402681
v -1.213684 7.985955 0.280529
v -1.245154 7.988162 0.381954
v -1.160459 0.367340 0.813118
v -1.160025 1.484860 1.189367
v -1.192330 1.454744 1.634384
v -1.197207 1.826754 0.888586
v -1.179064 2.578456 1.130336
v -1.183433 2.696098 0.800873
v -1.163166 3.209508 1.356327
v -1.151666 3.257794 1.942792
v -1.179530 3.332442 0.545365
v -1.166005 4.644096 1.343048
v -1.161556 4.893330 1.123099
v -1.166251 4.903264 0.729770
v -1.183360 5.662893 1.481387
v -1.168616 5.733362 0.748734
v -1.171467 6.366207 0.398408
v -1.192054 6.644325 1.214284
v -1.156877 7.270461 0.253228
v -1.123550 0.078687 0.035296
v -1.141403 0.159325 0.563248
v -1.104934 0.211616 -0.018759
v -1.126451 0.695819 0.566089
v -1.105746 1.645941 1.895378
v -1.112190 1.699210 0.898618
v -1.145145 1.671512 1.217514
v -1.146403 2.033043 0.917683
v -1.105276 2.424091 0.928001
v -1.115884 2.509046 0.990343
v -1.100914 2.631685 1.599183
v -1.107964 2.884181 0.240823
v -1.113790 3.236556 1.889675
v -1.144280 3.319823 1.055587
v -1.119769 4.288514 1.024192
v -1.134339 6.220744 0.469456
v -1.101647 6.385658 0.400876
v -1.107138 6.366274 1.847280
v -1.149795 6.428196 1.072176
v -1.148565 6.834294 0.508783
v -1.103821 6.916622 1.035863
v -1.116784 6.980853 1.397140
v -1.144589 7.650189 0.292946
v -1.077259 0.067827 0.047011
v -1.084295 0.183589 -0.055030
v -1.078983 0.175604 0.023747
v -1.050714 0.284244 0.003565
v -1.059695 0.921798 1.541202
v -1.067505 1.800693 1.015986
v -1.062215 2.624926 1.774621
v -1.098708 2.846262 1.918424
v -1.057780 3.438349 0.910173
v -1.097490 3.701090 1.476881
v -1.058140 4.357306 0.962003
v -1.085967 4.618146 0.759453
v -1.060846 5.994090 1.124058
v -1.071081 6.847662 0.356074
v -1.086257 7.433338 0.320751
v -1.072357 7.982484 0.236899
v -1.035115 0.668069 0.618371
v -1.018858 0.794078 0.663846
v -1.045205 0.819600 0.084499
v -1.004406 0.969533 1.365444
v -1.022055 1.094326 0.994556
v -1.030540 1.747910 0.461764
v -1.021748 1.747522 1.748216
v -1.045672 1.906197 0.484536
v -1.038264 2.101243 1.422378
v -1.019640 2.913042 1.960963
v -1.039159 3.262274 1.285770
v -1.044315 3.750058 0.706496
v -1.003186 3.915921 0.550991
v -1.019765 4.134355 0.778414
v -1.028136 4.344079 0.959353
v -1.027689 4.703043 1.274117
v -1.030552 5.776922 1.153759
v -1.037709 5.906715 1.734757
v -1.027930 6.590890 0.439726
v -1.014096 6.741320 0.502614
v -1.039521 6.916798 1.693549
v -1.035319 7.152052 0.371905
v -1.008025 7.261346 0.476156
v -1.026440 7.363864 0.477024
v -1.048595 7.440862 0.382882
v -1.012265 7.470471 0.348081
v -1.043697 7.921587 0.385025
v -0.981187 0.947781 0.100835
v -0.964129 1.306299 1.177647
v -0.992619 1.813256 0.164083
v -0.958793 2.157520 1.740443
v -0.983838 2.363522 1.475732
v -0.977282 4.315497 0.876752
v -0.958697 4.471868 1.774167
v -0.999296 4.632230 1.871397
v -0.967021 5.141210 0.989800
v -0.978482 5.296052 1.036843
v -0.997733 5.320241 0.293387
v -0.986040 5.358257 1.037136
v -0.956292 5.967072 1.244763
v -0.994058 6.480924 0.403528
v -0.973725 6.622958 0.431410
v -0.973762 6.744380 0.413754
v -0.955049 6.826565 1.519734
v -0.995616 7.120811 0.392992
v -0.984967 7.335881 0.468946
v -0.910683 0.036904 0.248576
v -0.928548 0.353501 0.663571
v -0.926447 1.285495 1.542639
v -0.927308 1.377435 0.115835
v -0.938074 1.450618 1.485802
v -0.947672 1.735437 1.310442
v -0.940778 2.496778 1.815345
v -0.910399 2.948439 0.713243
v -0.929351 3.496418 0.975167
v -0.940897 4.685619 1.747989
v -0.933240 4.711871 1.465093
v -0.931754 5.048854 1.766542
v -0.941134 5.108099 0.787923
v -0.949359 5.247120 0.332819
v -0.911205 5.233957 1.476095
v -0.912645 5.623688 1.764975
v -0.945359 6.076514 1.750365
v -0.929994 6.104297 0.994267
v -0.920630 6.340146 1.992758
v -0.913861 6.611491 1.236167
v -0.927470 6.858597 0.402581
v -0.936054 7.151738 0.893391
v -0.909282 7.317267 1.140634
v -0.884042 0.038808 0.778582
v -0.867880 0.929498 0.021695
v -0.860993 1.443936 1.177994
v -0.883281 1.462893 1.651092
v -0.876222 4.466024 0.561093
v -0.876573 5.723209 0.655870
v -0.899160 6.368184 0.344245
v -0.858191 6.792018 0.374040
v -0.875480 6.750202 1.862054
v -0.875269 7.183676 0.390135
v -0.890780 7.195619 0.454701
v -0.819320 0.215815 1.161809
v -0.818029 0.678587 0.644823
v -0.828109 0.741769 0.802192
v -0.845606 0.864052 0.693053
v -0.849454 1.189930 0.424451
v -0.845456 1.637473 0.547828
v -0.805493 2.101875 1.610606
v -0.835688 2.117183 1.713583
v -0.845371 2.368899 0.747221
v -0.845654 2.367466 1.318554
v -0.826826 3.018368 0.455772
v -0.813851 3.104375 0.575344
v -0.801552 3.784019 0.606952
v -0.847020 5.226250 1.544820
v -0.847154 5.411890 1.631282
v -0.813149 5.535242 1.454724
v -0.808405 6.160331 0.425889
v -0.831268 6.640289 0.417372
v -0.804131 7.143730 0.255400
v -0.830089 7.292963 0.301483
v -0.835835 7.494771 1.275948
v -0.804241 7.659663 0.432018
v -0.781039 0.770740 0.879167
v -0.785126 0.810174 0.496198
v -0.784795 1.926859 1.549997
v -0.783719 2.275979 1.718725
v -0.789291 2.426281 0.938900
v -0.777574 2.744157 1.493551
v -0.785811 2.952155 1.405057
v -0.772793 3.037265 0.872233
v -0.771411 3.599744 1.345731
v -0.775910 3.871742 0.601939
v -0.764113 4.645018 1.243174
v -0.772073 5.393690 0.649885
v -0.766992 5.895235 1.983345
v -0.778996 6.012196 1.807505
v -0.775734 6.455238 0.461258
v -0.752701 6.689060 1.388567
v -0.767794 6.827547 1.336948
v -0.780564 7.022387 0.462881
v -0.781645 7.011861 1.092423
v -0.792351 7.315798 0.469077
v -0.765787 7.470539 0.312418
v -0.753093 7.850854 0.464514
v -0.749416 0.051731 0.824239
v -0.712675 0.155908 1.005271
v -0.748543 1.213405 0.710222
v -0.727506 1.207457 0.825984
v -0.747563 1.374463 0.074202
v -0.701969 1.410582 1.736839
v -0.706502 2.083819 0.628328
v -0.713521 2.517605 1.375620
v -0.734453 2.841547 1.501326
v -0.733990 3.531324 1.623951
v -0.749882 5.310822 0.284785
v -0.709848 5.464625 1.431839
v -0.721365 5.640726 1.883704
v -0.721818 5.966757 0.446779
v -0.748953 6.028407 0.402864
v -0.740098 6.678191 0.444248
v -0.706446 7.269553 0.378072
v -0.706802 7.322605 0.384993
v -0.703306 7.457289 0.339908
v -0.697046 0.193976 0.258930
v -0.669583 0.484129 1.198930
v -0.655115 0.660889 0.645547
v -0.673189 1.472639 1.329808
v -0.673262 1.845803 1.587288
v -0.695349 2.524979 0.416269
v -0.687196 2.540064 0.613248
v -0.651704 2.696241 1.354408
v -0.690367 3.541267 0.539671
v -0.692487 4.084378 0.302266
v -0.686558 5.942868 1.682580
v -0.677422 6.277005 1.174575
v -0.660053 6.496674 1.970265
v -0.669470 6.809752 0.430073
v -0.672919 7.211380 0.312743
v -0.664008 7.257914 0.288645
v -0.680994 7.362371 0.358082
v -0.690084 7.638315 0.954648
v -0.643353 0.292695 0.742524
v -0.637738 1.105833 1.065727
v -0.614492 1.676162 0.447785
v -0.602766 2.205161 0.642779
v -0.602582 3.570200 1.407491
v -0.601700 3.784339 0.720869
v -0.626580 5.248600 1.205564
v -0.604176 5.718795 1.999488
v -0.607260 6.053443 1.995598
v -0.625047 6.436256 1.685560
v -0.608511 6.623928 1.793725
v -0.610319 6.657321 0.397543
v -0.635329 7.368686 1.367841
v -0.643956 7.420371 0.336771
v -0.618032 7.557418 0.330760
v -0.618307 7.788355 0.259908
v -0.631228 7.842159 0.451094
v -0.603748 7.986778 0.338205
v -0.597468 0.352065 1.136286
v -0.588190 1.105098 0.762835
v -0.556595 2.203793 1.459149
v -0.556567 2.276920 0.471087
v -0.574816 2.769497 1.414893
v -0.595249 3.071648 0.705807
v -0.590547 3.130367 0.795447
v -0.551870 3.223666 0.786319
v -0.579275 3.924760 0.847607
v -0.554128 4.405166 0.750374
v -0.567209 4.437232 1.085018
v -0.569218 4.867157 1.392157
v -0.582603 5.125136 1.073000
v -0.596552 5.372349 1.825858
v -0.557868 5.532806 0.833014
v -0.561627 5.769548 0.842823
v -0.595211 6.868934 0.427147
v -0.559458 7.155977 1.053927
v -0.577741 7.203005 0.426607
v -0.597664 7.429800 0.400671
v -0.579494 7.454728 0.469118
v -0.598551 7.628317 0.351164
v -0.598034 7.717340 0.537543
v -0.589375 7.773115 1.239204
v -0.591927 7.917938 0.263481
v -0.515037 0.459503 0.274404
v -0.502774 1.277332 0.617129
v -0.518513 1.647297 1.765302
v -0.528320 1.795192 1.708736
v -0.502654 2.270391 0.876983
v -0.519476 2.866732 0.952714
v -0.530968 3.351234 0.475630
v -0.535644 3.674155 0.804239
v -0.513195 3.738948 0.557637
v -0.521342 4.103023 0.602707
v -0.523552 5.026629 1.356967
v -0.523478 6.113806 0.941548
v -0.536822 7.008597 0.489039
v -0.500461 7.090251 0.503606
v -0.501180 7.493573 0.316104
v -0.537119 7.630712 0.280390
v -0.535725 7.665745 0.878562
v -0.451645 1.907182 1.601903
v -0.494022 3.284205 1.556316
v -0.497912 4.460873 0.548814
v -0.497006 4.928974 0.595284
v -0.492975 5.135310 1.052197
v -0.481495 6.254058 0.460991
v -0.489177 6.341468 0.393309
v -0.472499 6.320433 0.439144
v -0.499469 6.451662 0.474618
v -0.492913 6.764117 0.823614
v -0.481628 6.828811 1.297794
v -0.465449 7.265792 0.448498
v -0.498451 7.377328 1.096946
v -0.480603 7.452176 0.317092
v -0.468600 7.829705 1.686414
v -0.417857 0.065892 -0.021999
v -0.443937 0.181705 -0.099824
v -0.404725 0.170527 0.029914
v -0.410392 0.221036 1.267872
v -0.413702 0.292255 -0.038785
v -0.446269 1.401198 0.976957
v -0.449324 1.541952 0.462983
v -0.442312 2.405330 0.413126
v -0.441011 2.651522 0.531724
v -0.413506 3.295011 1.196494
v -0.418111 3.859326 1.473980
v -0.414528 3.917325 0.308141
v -0.421862 4.023130 0.527929
v -0.424258 4.989180 1.417223
v -0.428721 5.581008 1.150320
v -0.421503 5.586538 1.666304
v -0.415735 6.054174 0.934891
v -0.411258 6.215112 0.463283
v -0.425028 6.343928 1.421803
v -0.403429 6.400051 0.465536
v -0.419328 7.509298 0.969150
v -0.386330 1.200397 0.578534
v -0.393963 1.262058 0.364943
v -0.385134 1.490145 1.516257
v -0.354393 3.296365 1.612123
v -0.399114 4.028286 1.711723
v -0.390814 4.286247 0.632939
v -0.388889 4.344570 1.196766
v -0.367176 4.527293 0.343469
v -0.380578 4.691589 1.038516
v -0.372525 5.546005 0.855740
v -0.374988 6.205917 1.351537
v -0.371249 6.337776 0.462570
v -0.378127 6.426235 0.405572
v -0.354943 6.594789 1.874999
v -0.376033 6.835348 0.479488
v -0.387315 6.897622 1.305554
v -0.367884 7.311817 0.385653
v -0.376571 7.479737 0.418896
v -0.380111 7.662970 0.382030
v -0.394649 7.920637 0.302006
v -0.344825 0.103987 0.023869
v -0.308457 0.262829 0.351465
v -0.329641 0.450638 0.055063
v -0.327613 0.603407 0.811148
v -0.331511 0.697386 0.843283
v -0.302739 1.484179 1.561389
v -0.303748 2.439981 0.470844
v -0.326725 2.729021 1.703012
v -0.329765 3.268719 0.879542
v -0.329005 3.339836 1.535807
v -0.319526 3.594751 1.346473
v -0.302664 3.618472 0.530643
v -0.344255 3.872818 0.985722
v -0.320203 4.059978 0.559492
v -0.311414 4.485147 1.081630
v -0.331675 4.641913 1.116036
v -0.321918 4.764526 0.601713
v -0.348754 5.662008 1.483254
v -0.308244 5.816724 0.432113
v -0.308314 6.174059 1.035422
v -0.302934 6.370871 1.382835
v -0.302995 6.390648 1.749297
v -0.323596 6.476653 0.410326
v -0.339254 6.534975 1.134105
v -0.311532 6.556498 0.473986
v -0.321161 6.929269 0.417145
v -0.308004 6.988118 0.313548
v -0.329845 7.966735 0.339637
v -0.253323 0.366821 0.037755
v -0.272582 2.173244 0.681569
v -0.298533 2.334907 0.939135
v -0.287803 2.953184 1.669489
v -0.279663 3.626224 0.531819
v -0.298050 4.024853 0.541182
v -0.292637 4.454657 1.367888
v -0.276731 6.056290 1.729978
v -0.261937 6.646383 0.453150
v -0.254865 6.876390 0.411952
v -0.255538 7.248728 0.351847
v -0.239251 0.071245 0.899951
v -0.240049 0.255262 0.047668
v -0.216476 1.286741 1.314817
v -0.245516 3.099569 0.450530
v -0.247330 3.301940 1.021947
v -0.224207 3.788709 0.783105
v -0.246839 3.803958 0.508157
v -0.229296 3.940027 1.755953
v -0.248852 5.208260 1.846926
v -0.239094 5.848411 0.947051
v -0.219045 6.397052 1.982939
v -0.246428 6.606116 0.441900
v -0.204891 7.191489 0.361625
v -0.205824 7.179482 0.477781
v -0.201661 7.151048 1.539229
v -0.244069 7.292386 0.365078
v -0.200881 7.415632 0.320496
v -0.205290 7.467205 1.291283
v -0.248270 7.651823 0.442501
v -0.232595 7.837048 0.536535
v -0.240965 7.909373 0.333434
v -0.157685 0.584277 0.001099
v -0.155656 0.723368 1.231711
v -0.190031 1.767430 0.501262
v -0.190661 2.300509 0.402869
v -0.189087 2.544427 0.442471
v -0.164852 3.003014 0.460134
v -0.178517 3.401675 0.802624
v -0.195311 3.452805 0.476839
v -0.199645 4.303914 1.114072
v -0.164592 5.034983 0.766290
v -0.183896 5.480033 1.436163
v -0.199910 5.540698 1.626424
v -0.157984 5.519593 1.655415
v -0.198695 5.859202 0.407275
v -0.176071 6.012179 1.532411
v -0.184861 6.194675 1.548487
v -0.182862 6.702252 1.167367
v -0.177629 6.725654 1.484797
v -0.180323 6.802730 0.401417
v -0.151493 7.082331 0.431467
v -0.153553 7.336269 0.992857
v -0.165029 7.611058 1.696803
v -0.171731 7.896708 0.352173
v -0.181420 7.962897 0.361645
v -0.105561 0.360274 0.567412
v -0.126573 0.360546 0.816820
v -0.136587 0.509514 1.709831
v -0.120550 1.386667 0.665547
v -0.109025 2.714330 1.576350
v -0.103463 3.439267 1.144363
v -0.128550 3.723522 1.049015
v -0.133671 3.781108 1.721695
v -0.100239 3.929868 1.304587
v -0.111005 4.038671 1.609142
v -0.124598 4.233238 1.403461
v -0.132242 4.863120 1.662598
v -0.134149 6.622828 0.442704
v -0.105569 7.018798 0.473645
v -0.132174 7.390889 0.396139
v -0.139891 7.366321 1.794266
v -0.132541 7.404884 0.426078
v -0.130273 7.857650 0.244472
v -0.057823 0.141456 1.339725
v -0.063978 0.491746 0.010149
v -0.059676 1.319478 0.083081
v -0.070860 3.156829 0.844561
v -0.065920 3.224053 1.226464
v -0.066409 3.320058 0.496133
v -0.056499 3.429019 0.516549
v -0.094766 3.646490 0.510854
v -0.080034 3.897829 0.535868
v -0.088871 4.661608 0.325163
v -0.062576 4.933793 1.195618
v -0.078153 5.560922 1.547774
v -0.086775 6.031540 0.425648
v -0.050494 6.779045 0.477300
v -0.067642 6.935038 1.007846
v -0.060878 6.980573 1.022127
v -0.072018 7.083694 0.385317
v -0.052653 7.180495 0.354893
v -0.091710 7.213632 1.491731
v -0.023339 0.531259 0.055461
v -0.031077 0.679061 1.133999
v -0.038403 0.808134 0.883913
v -0.009017 0.961177 0.084655
v -0.046190 2.977754 0.441683
v -0.019190 3.030909 1.242702
v -0.013399 3.256015 0.480089
v -0.002373 4.074295 1.764152
v -0.010254 5.095950 1.074514
v -0.043826 5.766481 1.093749
v -0.042662 5.887617 0.231276
v -0.012769 6.020763 1.796926
v -0.037707 6.305061 0.465005
v -0.016196 6.490813 0.412986
v -0.026951 6.837036 0.412023
v -0.010340 6.857461 0.435702
v -0.045281 7.191501 0.509526
v -0.032011 7.713951 1.465635
v -0.032836 7.887809 0.376218
v 0.005794 0.398432 0.499839
v 0.006564 0.647300 0.016534
v 0.035937 1.068126 0.425327
v 0.048837 1.141258 1.394921
v 0.028975 1.296217 1.497127
v 0.033609 1.550932 0.354506
v 0.022033 3.488595 0.515946
v 0.040249 3.749121 1.347770
v 0.014289 4.427206 0.705546
v 0.024544 5.155147 1.349442
v 0.024463 5.601123 0.694891
v 0.027268 5.878907 0.755291
v 0.047660 5.926229 0.339896
v 0.034257 6.001585 0.263864
v 0.034777 6.274530 1.659034
v 0.032924 6.463347 0.480410
v 0.031417 6.585521 0.732745
v 0.029561 6.788073 0.441726
v 0.006444 7.099890 0.394801
v 0.041446 7.127435 0.484805
v 0.015569 7.182945 0.337607
v 0.014176 7.328570 0.353781
v 0.010440 7.821925 0.296773
v 0.064633 0.258681 1.872914
v 0.081698 0.358653 0.000208
v 0.072312 0.414575 0.830163
v 0.056055 0.457812 0.312259
v 0.088181 0.470788 1.435493
v 0.098612 0.733312 1.288744
v 0.065982 0.778317 1.281609
v 0.085160 1.218674 0.624332
v 0.066721 1.703931 1.589971
v 0.092958 2.323017 0.580096
v 0.065080 2.390833 0.875275
v 0.081783 2.979754 1.352501
v 0.080722 3.814527 0.532889
v 0.093192 4.377644 1.892876
v 0.058736 4.444907 1.106740
v 0.088923 5.013004 0.989708
v 0.069883 5.300285 1.738873
v 0.062003 6.058327 1.380189
v 0.063186 6.370797 1.821152
v 0.077629 6.446798 0.231645
v 0.095167 6.741543 0.292137
v 0.059234 7.413986 0.352999
v 0.084529 7.568200 1.559565
v 0.066196 7.806228 0.355397
v 0.050555 7.940122 0.363268
v 0.140110 0.091942 1.494179
v 0.113556 0.176108 0.035912
v 0.138701 0.526687 0.550822
v 0.121844 0.893870 0.085463
v 0.118354 1.041956 1.232495
v 0.142663 1.053091 0.448068
v 0.125605 2.691280 1.616608
v 0.125708 2.936853 1.306946
v 0.134942 3.468047 0.476085
v 0.122155 3.628915 1.621847
v 0.100037 3.709678 0.248392
v 0.118824 4.861985 1.866704
v 0.127944 5.007147 0.371863
v 0.136795 5.117306 0.308563
v 0.146153 5.302968 0.859388
v 0.108689 5.317740 1.350854
v 0.137915 5.396716 0.211910
v 0.118359 5.529092 1.630529
v 0.136076 5.746496 1.470920
v 0.107221 6.443506 0.318958
v 0.149761 6.890490 0.935701
v 0.101623 6.967089 0.363850
v 0.134800 7.821967 0.528314
v 0.182709 0.287921 0.017446
v 0.173484 0.303945 0.039656
v 0.179665 0.478329 0.015325
v 0.182372 0.677626 1.650748
v 0.164659 1.384034 0.329520
v 0.197429 3.197024 1.483469
v 0.155737 3.217450 0.457643
v 0.185766 3.318142 1.592306
v 0.152815 3.664730 0.519667
v 0.154611 3.704194 0.745503
v 0.169890 4.264426 0.209285
v 0.180722 4.333597 0.539653
v 0.158428 4.346743 0.722188
v 0.161384 4.547646 1.904357
v 0.174912 4.569411 0.972870
v 0.156260 4.591339 1.875601
v 0.159589 4.620750 0.569006
v 0.190559 6.023407 0.991554
v 0.183540 6.488993 0.400446
v 0.188231 6.854848 0.291878
v 0.194803 7.163782 0.367313
v 0.170820 7.331577 0.360925
v 0.183261 7.959256 0.370845
v 0.247566 0.311759 1.110399
v 0.241802 1.067244 0.924513
v 0.244494 2.690300 0.461465
v 0.228434 2.763682 1.729026
v 0.227597 2.905760 0.822571
v 0.220131 3.537097 0.528901
v 0.216449 3.672139 0.519013
v 0.222777 3.716024 1.644299
v 0.206895 3.966235 0.204522
v 0.228985 4.279469 1.066997
v 0.213947 4.480892 1.849739
v 0.221835 4.981911 1.598145
v 0.236311 5.144562 1.596769
v 0.237426 5.133284 1.901384
v 0.248804 5.364192 0.793835
v 0.246572 5.430226 1.324733
v 0.212570 5.503228 1.692524
v 0.218930 6.078547 0.441003
v 0.207316 6.666338 1.534387
v 0.205162 6.702654 1.158172
v 0.212555 6.758129 0.348569
v 0.206845 6.818724 0.721386
v 0.247015 7.240580 0.350156
v 0.208281 7.461403 0.340388
v 0.214194 7.504135 0.409152
v 0.207388 7.778581 0.447558
v 0.275537 0.083753 -0.003026
v 0.291974 0.117134 0.798555
v 0.293504 0.728015 0.004104
v 0.284009 1.117876 0.572659
v 0.271734 1.891793 1.474866
v 0.287575 2.225242 1.227698
v 0.264106 2.494463 0.615929
v 0.273562 3.169521 0.593687
v 0.253686 3.692732 0.567549
v 0.255621 3.766484 0.521168
v 0.283985 3.987375 1.425151
v 0.269918 3.965413 1.580817
v 0.270074 4.241647 0.618952
v 0.261453 4.542153 1.089633
v 0.269716 6.307213 1.576897
v 0.265577 6.388774 1.892250
v 0.250604 6.645817 1.023563
v 0.293812 7.776742 0.402214
v 0.270759 7.848023 0.859697
v 0.335524 0.198642 0.015013
v 0.302980 0.207673 -0.047065
v 0.335090 0.818102 0.053622
v 0.308150 0.859377 0.955864
v 0.324405 2.027243 0.422897
v 0.337181 2.549913 0.447040
v 0.326627 2.542078 0.481339
v 0.317203 2.689016 1.687299
v 0.345727 2.961347 0.444758
v 0.301999 3.089318 0.516130
v 0.335849 3.772409 0.285540
v 0.335901 4.238271 0.529224
v 0.341262 4.240864 0.733545
v 0.344981 4.625973 1.026637
v 0.319999 5.204872 0.284213
v 0.318480 5.577363 1.297261
v 0.325988 5.785520 1.446734
v 0.307865 6.531563 0.996439
v 0.349922 6.613523 0.714682
v 0.316111 6.812521 0.412761
v 0.313805 7.505736 0.460262
v 0.332460 7.789605 0.320069
v 0.355504 0.344881 0.014929
v 0.360718 0.398758 0.017998
v 0.357125 0.385848 0.964226
v 0.352461 3.022045 1.287058
v 0.369707 4.015239 0.578190
v 0.390234 4.076056 1.366805
v 0.390539 4.102840 1.887770
v 0.358346 4.211527 1.938323
v 0.379790 4.433119 0.248052
v 0.379628 4.419190 1.252448
v 0.376147 4.720441 1.943332
v 0.390402 5.995033 1.341698
v 0.391170 6.180214 1.389929
v 0.360965 6.853370 1.144372
v 0.384529 6.909099 0.824512
v 0.364542 7.854777 0.477684
v 0.440403 0.055164 -0.033093
v 0.416988 0.393859 1.347710
v 0.415427 0.408628 0.006872
v 0.418731 0.469292 1.012644
v 0.422701 0.599336 0.920581
v 0.449429 0.656837 0.055459
v 0.412368 0.971586 0.393594
v 0.407966 1.941812 0.801122
v 0.438659 3.347296 1.726600
v 0.428407 3.403925 0.920262
v 0.412216 3.963819 0.511752
v 0.447933 5.108643 0.957196
v 0.406436 6.325095 0.438666
v 0.413453 7.340875 1.162681
v 0.400486 7.510036 1.224326
v 0.496143 0.130298 0.855001
v 0.477083 0.557355 0.881730
v 0.490131 0.765383 0.065634
v 0.476981 1.619205 0.551148
v 0.485275 2.781716 0.957763
v 0.482586 2.888135 1.651533
v 0.488942 3.003082 0.928228
v 0.490583 3.289287 0.467453
v 0.462975 3.375052 0.530540
v 0.451989 3.790365 1.192525
v 0.458410 4.274860 1.479626
v 0.454001 4.538234 0.302723
v 0.498228 4.914446 1.693912
v 0.493213 4.954664 1.885241
v 0.481612 5.070564 1.785781
v 0.460265 6.174002 1.377688
v 0.462506 7.025546 1.316752
v 0.484633 7.134197 0.447635
v 0.496089 7.405473 0.312672
v 0.480180 7.429143 0.405230
v 0.469773 7.599228 0.435903
v 0.456529 7.603262 0.449124
v 0.545841 0.493091 0.697827
v 0.504219 0.769700 0.053559
v 0.515652 1.334307 0.114342
v 0.535112 1.778680 1.157419
v 0.549268 2.553763 0.556661
v 0.515033 3.780139 0.693075
v 0.515480 4.110751 1.709486
v 0.518827 4.227211 0.530052
v 0.529304 4.299051 1.023126
v 0.516148 4.441192 0.551020
v 0.532033 4.937709 0.996879
v 0.524518 5.440505 1.670618
v 0.502920 5.750499 0.319715
v 0.517388 6.883604 0.400006
v 0.516404 7.015296 0.947017
v 0.512891 7.143149 1.429118
v 0.515107 7.258570 0.483241
v 0.540082 7.277165 0.911118
v 0.526123 7.758830 0.385752
v 0.573740 0.241837 0.314605
v 0.583729 0.236767 1.556617
v 0.586934 0.237992 1.639565
v 0.556246 1.224011 1.433181
v 0.564812 1.238710 1.599427
v 0.595265 2.126554 0.704805
v 0.575407 2.891322 0.436450
v 0.560434 2.982393 1.542642
v 0.576513 3.085038 0.955958
v 0.580410 3.421026 1.521587
v 0.570282 3.572329 0.631296
v 0.593361 3.569732 1.587029
v 0.574992 4.108258 0.529729
v 0.556638 4.334176 0.804954
v 0.555530 4.452426 1.210889
v 0.563950 5.271356 0.694608
v 0.563756 6.407045 0.741436
v 0.593256 6.999476 0.371751
v 0.556619 7.018091 0.396220
v 0.558393 7.137621 1.075521
v 0.578894 7.280873 0.363877
v 0.567562 7.809473 0.348653
v 0.635520 0.133874 -0.010941
v 0.612382 1.382114 1.535129
v 0.601958 1.405096 1.559043
v 0.631661 2.867302 1.407819
v 0.640720 3.120083 0.441667
v 0.625554 3.298039 0.497457
v 0.610012 4.010240 1.899743
v 0.643569 4.620169 0.549416
v 0.608481 4.756846 0.714588
v 0.616320 6.266733 0.810769
v 0.606386 6.301805 1.517993
v 0.637510 7.273026 0.396472
v 0.602686 7.545671 0.289721
v 0.601125 7.639264 0.372524
v 0.685740 0.201032 0.024914
v 0.680364 0.281656 -0.007699
v 0.698919 0.271861 1.578211
v 0.667776 0.360718 0.007186
v 0.699501 1.766931 0.682525
v 0.680477 2.040245 0.697137
v 0.655712 2.335352 1.237252
v 0.681699 2.401048 1.052329
v 0.692472 2.512095 1.161661
v 0.660101 2.606208 0.427109
v 0.689715 2.848398 1.040757
v 0.696146 3.226093 0.915567
v 0.658074 3.640590 0.518775
v 0.696780 6.269533 0.426698
v 0.666336 6.328219 0.383398
v 0.675493 6.782005 0.413827
v 0.694950 6.848117 0.383279
v 0.655858 6.910185 0.363886
v 0.680786 7.080854 0.383477
v 0.690287 7.323768 1.317298
v 0.670444 7.735320 0.431022
v 0.727404 0.212999 1.339702
v 0.734898 0.585909 0.054880
v 0.709225 1.138349 0.091745
v 0.704332 1.566482 1.377179
v 0.743273 2.197268 1.475702
v 0.701174 2.668833 0.599452
v 0.749660 3.228381 0.472224
v 0.704829 3.535969 0.244188
v 0.702368 3.886547 1.837278
v 0.731303 4.139161 0.567104
v 0.705886 4.352079 1.402229
v 0.746865 5.126142 0.372547
v 0.700993 5.581356 0.282161
v 0.720654 6.482703 1.705487
v 0.712408 6.722964 1.080911
v 0.748223 6.797979 0.484021
v 0.734707 7.253951 0.502674
v 0.760491 0.211928 0.795835
v 0.796107 0.229559 0.881327
v 0.764595 1.474060 1.633310
v 0.764481 2.250035 0.504594
v 0.795076 2.494139 1.059841
v 0.788603 2.723841 0.420531
v 0.776412 3.455312 1.105775
v 0.786622 3.958590 0.519984
v 0.787513 6.189923 0.841574
v 0.773615 6.413194 0.459694
v 0.783445 6.584438 0.431080
v 0.773464 7.100214 0.479686
v 0.846533 0.104146 -0.085661
v 0.845436 0.257412 0.019979
v 0.814054 0.388328 -0.022517
v 0.843012 0.467313 0.570671
v 0.823386 0.794266 0.052475
v 0.809967 1.104635 1.579909
v 0.819354 2.567527 1.357714
v 0.829399 3.285265 1.255264
v 0.815447 3.410973 0.202447
v 0.809287 3.559215 0.890479
v 0.821966 3.748392 0.542490
v 0.821120 5.280805 0.699200
v 0.821281 5.798669 1.421882
v 0.836505 6.498080 1.589050
v 0.844098 6.962288 0.405403
v 0.810591 7.425942 0.353433
v 0.825084 7.794129 0.427878
v 0.811846 7.961894 0.297239
v 0.869238 0.147392 -0.014401
v 0.884344 0.521448 1.209551
v 0.864403 0.785738 0.892623
v 0.887674 0.843139 0.384509
v 0.870961 1.229589 0.842520
v 0.850198 1.752941 1.393292
v 0.877778 2.440833 1.767447
v 0.872854 2.838376 0.570500
v 0.861504 3.824751 0.547906
v 0.854025 4.138887 1.682827
v 0.872678 4.563399 0.312464
v 0.861403 4.905933 0.348324
v 0.877541 5.163478 0.988665
v 0.868815 5.250162 1.867057
v 0.891588 5.735093 1.176626
v 0.892940 6.067506 0.814528
v 0.884066 6.228623 0.225792
v 0.875146 6.353887 1.670727
v 0.855994 6.479431 1.406771
v 0.866472 7.287405 0.814429
v 0.914444 0.130321 0.837792
v 0.920894 0.464708 0.676801
v 0.906676 0.504069 -0.006036
v 0.915172 0.500647 0.010405
v 0.908664 3.414109 0.705409
v 0.908340 3.859632 0.638416
v 0.933817 4.937791 1.985999
v 0.945197 5.574121 0.836887
v 0.907502 5.632422 0.707731
v 0.934615 6.344456 1.845478
v 0.909778 7.027981 0.368878
v 0.901141 7.094709 0.428912
v 0.942395 7.736165 0.490219
v 0.982956 0.362204 -0.029292
v 0.968461 0.480916 1.234100
v 0.969310 0.681004 0.616420
v 0.951674 2.892908 1.377953
v 0.958740 3.860234 1.541639
v 0.951150 4.022455 1.378509
v 0.982655 4.806032 1.596170
v 0.975965 5.025005 1.840363
v 0.956463 6.044398 0.816874
v 0.955310 6.096082 0.375293
v 0.989235 6.614966 0.436030
v 0.995131 6.709202 0.473144
v 0.992744 6.736129 0.942785
v 0.954325 6.779894 1.016157
v 0.967781 6.819104 0.337347
v 0.970076 6.943432 0.417121
v 0.997987 7.109409 0.735074
v 0.982676 7.269659 0.397271
v 0.967313 7.279177 0.448319
v 1.011419 0.413404 0.327681
v 1.037067 0.737486 0.039618
v 1.037934 0.797397 0.786359
v 1.016854 2.094338 1.412090
v 1.019116 2.318921 1.171055
v 1.048212 2.764730 0.596102
v 1.009370 3.004380 1.602818
v 1.033805 3.075498 1.764715
v 1.003247 3.419579 0.246851
v 1.011785 4.102829 0.536304
v 1.045552 4.292715 1.663357
v 1.009756 5.055090 1.932157
v 1.019135 5.403446 1.920238
v 1.008254 5.569418 0.909346
v 1.031113 6.127383 1.107466
v 1.009808 6.659457 1.437297
v 1.022997 7.101877 0.456190
v 1.033782 7.637018 0.361825
v 1.023331 7.958496 0.338091
v 1.092243 0.026706 0.290360
v 1.078627 0.040435 0.712178
v 1.064271 1.075636 0.962649
v 1.095868 1.403369 0.790685
v 1.079120 1.572167 1.441277
v 1.087222 1.952669 0.688747
v 1.065133 2.383511 1.028501
v 1.093970 2.452092 1.035526
v 1.062715 5.840368 1.688920
v 1.059467 6.670129 0.464239
v 1.055063 6.784472 0.942992
v 1.055752 6.823443 1.384866
v 1.094391 7.580274 0.311714
v 1.095667 7.941279 0.383910
v 1.107597 0.430741 0.723970
v 1.133612 1.133927 0.880149
v 1.126297 1.673502 0.807271
v 1.116958 1.773833 0.615950
v 1.129284 2.695587 1.614277
v 1.113739 2.828658 0.576623
v 1.108053 2.925108 0.458163
v 1.130167 2.920565 1.435340
v 1.110972 3.272691 0.497302
v 1.117994 3.917322 0.524269
v 1.138096 4.272260 1.564434
v 1.137379 4.453909 1.848678
v 1.129274 5.146515 1.849446
v 1.123479 5.273477 0.671163
v 1.148759 5.492277 1.178982
v 1.146183 5.624652 0.831885
v 1.110132 5.630596 1.695430
v 1.140540 6.347362 0.413849
v 1.141942 6.460922 1.865363
v 1.115588 6.861268 0.300685
v 1.102832 7.113687 0.384651
v 1.100030 7.376076 0.367893
v 1.123223 7.585571 0.468103
v 1.133553 7.921677 0.271873
v 1.104756 7.934661 0.462961
v 1.160202 0.097393 -0.024734
v 1.189349 0.772977 1.211425
v 1.178102 1.348435 1.641862
v 1.174211 1.411974 1.486049
v 1.162356 2.300936 1.205858
v 1.174964 2.560732 1.512077
v 1.181937 3.572527 0.919487
v 1.196805 4.534108 0.541540
v 1.196375 4.799040 1.653479
v 1.193849 5.813555 0.350604
v 1.185967 6.280146 0.274811
v 1.178403 6.283591 0.382429
v 1.163508 6.983855 0.445413
v 1.167063 6.964302 0.473944
v 1.162970 7.021139 0.409217
v 1.171322 7.752166 0.342787
v 1.183171 7.884364 0.429027
v 1.181574 7.997298 0.325085
v 1.233107 1.200738 0.892677
v 1.228379 1.510231 1.657725
v 1.237962 2.030227 0.985582
v 1.210677 2.022103 1.492506
v 1.211450 2.032264 1.805637
v 1.235680 2.223358 0.941720
v 1.201742 2.274935 1.149818
v 1.229676 2.275066 1.737976
v 1.213466 2.898316 1.577005
v 1.226874 3.027179 0.574374
v 1.241394 3.560686 0.465409
v 1.236512 3.769996 1.004446
v 1.238154 4.472109 0.970756
v 1.233847 4.569455 1.681501
v 1.227817 4.677871 1.604772
v 1.242553 5.020608 1.687814
v 1.223889 5.198065 0.267959
v 1.212230 5.770999 1.476458
v 1.233549 5.922935 1.813234
v 1.224318 6.190496 0.379714
v 1.206633 6.456510 1.578490
v 1.221778 6.639218 0.419923
v 1.230933 7.790357 0.323008
v 1.237825 7.867352 0.370749
v 1.250184 1.265010 0.834183
v 1.298791 1.485105 0.959492
v 1.267689 1.559092 1.257346
v 1.273530 1.961781 0.415203
v 1.286219 2.143433 0.441720
v 1.280376 2.340127 0.716314
v 1.297605 2.429010 0.751617
v 1.284864 2.760251 0.411659
v 1.287718 2.876161 1.812501
v 1.293093 3.371237 0.468382
v 1.285876 4.147960 0.685083
v 1.268639 4.419426 1.650665
v 1.280554 4.784969 1.805074
v 1.275029 4.988144 0.874311
v 1.252959 5.337311 0.810797
v 1.273842 5.429800 0.983346
v 1.278596 5.561571 0.979622
v 1.288340 6.202157 0.415343
v 1.261664 6.508176 0.416584
v 1.279440 6.587724 0.473153
v 1.265325 6.945019 0.410095
v 1.269814 7.398500 0.366432
v 1.285675 7.598871 0.340790
v 1.265385 7.977702 0.282890
v 1.318897 0.093182 0.646826
v 1.325687 0.943672 1.492908
v 1.331286 2.164559 1.176610
v 1.325970 2.505965 0.926694
v 1.304568 2.603808 1.830890
v 1.319625 3.190522 0.808776
v 1.333057 3.612544 0.504762
v 1.330910 3.835178 0.508959
v 1.329489 4.071120 1.854964
v 1.324281 4.463904 0.527311
v 1.323331 5.923766 1.470875
v 1.318905 5.965009 1.542465
v 1.300767 6.573198 1.546099
v 1.348431 6.758610 0.379025
v 1.338926 6.896110 0.842350
v 1.318848 7.476204 0.380699
v 1.351849 0.464516 1.156705
v 1.363679 0.813926 1.256799
v 1.390067 1.050483 1.461798
v 1.358103 1.139791 0.745569
v 1.386874 1.294454 0.939882
v 1.375234 2.448240 0.991645
v 1.376389 2.972915 0.436030
v 1.377862 3.212150 0.470851
v 1.369176 4.066313 0.505433
v 1.374642 4.686808 0.609576
v 1.374952 5.345752 0.941978
v 1.352722 6.014402 1.616760
v 1.377329 6.296366 1.735512
v 1.366906 6.413107 0.830972
v 1.357098 6.596727 0.426824
v 1.389522 7.331327 0.470581
v 1.427938 0.182211 0.016993
v 1.429066 0.831312 0.489485
v 1.438191 0.944830 1.312379
v 1.407359 1.920927 1.231615
v 1.416638 2.694089 0.445262
v 1.426366 2.757460 0.524649
v 1.443823 3.007320 0.469693
v 1.427499 3.251303 1.187726
v 1.445089 3.275433 1.447096
v 1.422184 3.640643 0.594334
v 1.419093 4.606111 0.872075
v 1.422508 4.928578 0.730591
v 1.420460 5.987871 1.343454
v 1.414328 6.052540 1.121075
v 1.403374 6.189848 0.782905
v 1.436660 6.213157 0.410449
v 1.438107 6.707714 1.175955
v 1.439228 6.991219 0.414962
v 1.446082 6.984287 0.467427
v 1.436038 7.116609 0.435677
v 1.434907 7.370512 0.793100
v 1.438480 7.454038 0.373442
v 1.421929 7.809294 0.281230
v 1.467169 0.145678 0.006183
v 1.468577 0.144155 0.524321
v 1.497982 0.454444 0.037944
v 1.463693 0.647762 0.709589
v 1.453804 1.555712 1.198273
v 1.488783 2.595522 0.397258
v 1.472002 2.554470 0.448829
v 1.459474 2.819796 0.412264
v 1.495002 3.467926 0.473285
v 1.464183 3.651929 1.857577
v 1.463715 4.535967 0.555046
v 1.489734 4.951041 0.938380
v 1.491342 5.049731 0.642943
v 1.455416 5.337398 1.030916
v 1.483836 5.394781 0.883143
v 1.489441 6.398486 1.001003
v 1.469337 6.806827 0.447732
v 1.470216 7.157043 0.473795
v 1.497149 7.764834 0.325724
v 1.492351 7.845616 0.445395
v 1.502377 0.040242 0.521591
v 1.522031 0.057902 0.004632
v 1.509576 0.196335 0.741090
v 1.512435 0.505610 0.547428
v 1.528711 1.389057 0.405849
v 1.521428 1.962611 0.437902
v 1.516298 2.086079 1.391504
v 1.520665 2.257925 0.540943
v 1.537914 3.171172 0.754529
v 1.535307 3.263727 1.041027
v 1.533638 3.612422 1.742417
v 1.537970 3.772145 0.708386
v 1.533202 4.376811 1.244996
v 1.528540 5.717666 1.346471
v 1.520415 5.999091 1.479169
v 1.502263 6.866748 0.440294
v 1.540799 7.027052 0.425814
v 1.508354 7.011370 0.480199
v 1.530297 7.165041 0.332951
v 1.535140 7.609757 0.362103
v 1.515737 7.667803 1.048395
v 1.517128 7.947846 0.291761
v 1.587247 0.805393 0.670384
v 1.581536 1.784434 0.567854
v 1.576464 2.648971 1.167186
v 1.564555 3.392742 1.845082
v 1.592204 4.771523 1.615669
v 1.568557 6.228042 1.310787
v 1.569037 6.321099 0.334246
v 1.593971 7.460691 0.206594
v 1.597292 7.656310 0.397370
v 1.558071 7.813875 0.393401
v 1.573324 7.990815 0.387899
v 1.647929 0.458127 0.503168
v 1.604974 1.689125 1.177668
v 1.643837 3.111393 0.427980
v 1.646968 3.180849 0.542797
v 1.627053 3.233473 1.910280
v 1.631577 3.387565 0.511999
v 1.637626 3.356797 1.159683
v 1.638632 3.620950 1.663966
v 1.640068 3.722371 0.586394
v 1.602213 4.790716 1.564241
v 1.643064 5.837049 1.129853
v 1.629901 6.380901 0.410244
v 1.613667 6.447925 0.441656
v 1.611964 7.052198 0.450031
v 1.634994 7.647367 0.351927
v 1.641598 7.888269 0.333527
v 1.630201 7.873057 0.905072
v 1.693484 0.943121 0.327400
v 1.675530 1.029968 0.419336
v 1.685337 1.391627 1.236886
v 1.669351 1.815110 1.418219
v 1.697933 2.104161 1.103226
v 1.683425 3.633882 0.816845
v 1.687874 3.795630 1.543235
v 1.681754 4.016723 0.565750
v 1.650657 4.520907 0.571188
v 1.651094 4.899375 1.435015
v 1.666302 4.927318 0.573791
v 1.669653 5.644295 0.399922
v 1.674961 5.971304 1.186829
v 1.652159 6.175393 0.263248
v 1.681042 6.220474 0.412888
v 1.675276 6.609922 1.533354
v 1.651739 6.837470 0.769724
v 1.688025 6.873293 0.449633
v 1.682961 7.000049 0.431275
v 1.681294 7.203215 0.385855
v 1.725909 0.543774 0.337406
v 1.714348 0.965945 0.286582
v 1.721769 1.532179 0.703397
v 1.740388 2.222528 0.430135
v 1.730243 2.332366 1.435891
v 1.738020 2.904035 0.951911
v 1.718253 3.229984 0.853775
v 1.749727 3.467645 0.532994
v 1.716612 3.718038 0.477803
v 1.726270 3.703689 1.426724
v 1.712209 4.265343 1.352406
v 1.741431 4.455935 0.538666
v 1.710309 4.687377 1.207368
v 1.709923 6.873090 0.694926
v 1.706490 6.960893 0.448002
v 1.711613 6.991756 1.637923
v 1.704382 7.032336 0.210612
v 1.725071 7.575549 0.396974
v 1.745235 7.781269 0.290342
v 1.716520 7.809240 0.314016
v 1.779712 0.081676 0.685717
v 1.772918 0.288789 0.010339
v 1.786530 0.600728 1.391526
v 1.767286 1.018169 0.560591
v 1.751851 1.507455 1.118697
v 1.764903 2.511225 1.447296
v 1.762005 3.169834 1.715422
v 1.799818 3.234948 0.717747
v 1.762123 3.264138 0.454550
v 1.755899 3.665595 1.734405
v 1.759587 3.733129 0.635663
v 1.763041 4.373196 1.748302
v 1.793565 4.427673 0.568957
v 1.759379 4.481615 1.747995
v 1.771473 4.896559 1.179001
v 1.761551 6.893825 0.782390
v 1.799446 7.134625 0.407318
v 1.752940 7.462463 0.297545
v 1.817738 0.335552 0.026514
v 1.803693 0.580940 0.263752
v 1.841673 0.902626 0.061027
v 1.835295 2.042649 0.381149
v 1.821022 2.071973 1.766975
v 1.802204 2.635250 0.725770
v 1.800754 2.700439 1.578647
v 1.826045 3.017911 0.672978
v 1.824955 3.224133 0.504786
v 1.809035 4.520787 0.546891
v 1.832421 4.664572 0.762838
v 1.812534 4.860643 0.552429
v 1.815309 4.950560 1.031663
v 1.838915 5.197937 1.332090
v 1.805530 5.285554 1.543390
v 1.807981 5.361279 0.610458
v 1.845298 6.061741 1.404321
v 1.821907 6.655927 1.276209
v 1.811857 6.937368 0.352641
v 1.804271 7.042817 0.391970
v 1.865008 0.290944 -0.035112
v 1.879780 0.442085 0.019991
v 1.870163 0.501303 0.022716
v 1.870607 0.533483 1.288467
v 1.880659 0.807702 1.267306
v 1.856712 1.550663 1.098081
v 1.896387 1.662460 0.370859
v 1.866205 2.407258 1.468028
v 1.877613 2.484505 1.090059
v 1.876165 2.714006 1.646216
v 1.898517 3.604739 0.527578
v 1.892869 4.521777 1.402674
v 1.893138 4.806242 0.553285
v 1.855570 5.286919 0.941935
v 1.873707 5.937633 0.421058
v 1.886927 6.188521 1.171290
v 1.897231 6.689015 0.366833
v 1.859222 7.412057 0.292479
v 1.895157 7.442726 1.314741
v 1.924608 0.035738 -0.019614
v 1.944542 2.125431 1.233693
v 1.924539 2.263444 0.464793
v 1.925625 2.689119 0.441498
v 1.923333 2.782677 0.421620
v 1.923627 3.262436 0.959558
v 1.944007 3.374834 1.204988
v 1.930771 3.472597 1.442951
v 1.938691 3.973419 0.251874
v 1.934948 4.996072 1.265691
v 1.935068 5.743440 1.570354
v 1.918443 5.837039 0.616518
v 1.918769 5.836407 1.368855
v 1.909083 6.439605 0.374123
v 1.920862 6.577496 0.386550
v 1.930576 6.865357 0.422694
v 1.927669 7.012479 0.388598
v 1.907284 7.508214 0.469876
v 1.935591 7.555042 0.340210
v 1.961559 0.694302 0.026232
v 1.958854 0.728405 0.676883
v 1.994276 1.603066 0.769743
v 1.962587 2.311906 0.714544
v 1.983024 2.881550 1.367355
v 1.962926 2.901905 0.453332
v 1.989700 3.518823 1.718663
v 1.975629 4.436907 1.599197
v 1.952052 4.783998 1.127672
v 1.993931 4.863214 1.712048
v 1.969791 5.762579 0.726651
v 1.986714 6.226152 0.749598
v 1.997513 6.427700 0.372478
v 1.983007 6.640855 0.314668
v 1.960316 6.797786 1.553824
v 1.970424 6.974616 0.402684
v 1.989582 7.058217 1.380668
v 1.950250 7.801630 0.361191
v 2.040428 0.477600 1.318444
v 2.002274 0.917181 0.061590
v 2.015701 1.151095 0.308408
v 2.008855 1.938939 0.552197
v 2.006936 1.965273 1.011022
v 2.036321 2.399069 1.391889
v 2.047748 2.558953 0.443785
v 2.008373 2.820510 1.597266
v 2.029713 3.609542 0.464359
v 2.049647 3.698970 1.610914
v 2.014018 3.837351 0.502313
v 2.021216 4.206212 0.538285
v 2.013644 4.434754 0.535724
v 2.049100 5.464501 1.499243
v 2.013962 5.938294 0.640429
v 2.009902 5.942677 1.543647
v 2.008905 6.107302 0.292773
v 2.046256 6.571647 0.442025
v 2.042580 6.562740 1.152692
v 2.020302 7.057009 0.335365
v 2.003646 7.837925 0.378093
v 2.076222 0.437548 0.397623
v 2.081888 1.835242 0.346853
v 2.088104 2.901230 0.414583
v 2.079569 3.166955 0.765698
v 2.051637 3.188069 0.939189
v 2.072701 4.181394 0.531783
v 2.078249 4.493498 0.562512
v 2.058008 4.595110 1.125691
v 2.053079 5.841951 0.694014
v 2.065458 6.029071 0.419135
v 2.087702 6.691472 0.468948
v 2.078680 7.209020 1.207972
v 2.060796 7.400488 0.430276
v 2.074819 7.639840 0.433855
v 2.057484 7.786216 0.876749
v 2.072079 7.986435 0.428760
v 2.122396 0.390525 1.006455
v 2.136449 0.558016 1.536010
v 2.104301 0.669139 0.013535
v 2.131707 1.805237 0.723546
v 2.103647 1.829861 1.024863
v 2.118247 1.988581 1.007187
v 2.130721 2.669623 0.556490
v 2.123100 3.272009 1.183139
v 2.121389 4.198420 1.671217
v 2.127442 4.346343 0.704652
v 2.126423 4.746103 0.319780
v 2.136819 5.132787 1.436256
v 2.117744 5.310634 0.790508
v 2.117891 5.729195 1.544445
v 2.133139 6.196775 0.961180
v 2.140952 6.222685 0.428243
v 2.116973 6.609993 0.429284
v 2.139517 6.613482 1.685641
v 2.123416 7.036471 1.738271
v 2.143600 7.154401 0.491183
v 2.143243 7.228763 0.414118
v 2.140004 7.256271 0.327937
v 2.105162 7.253920 1.371810
v 2.123813 7.449271 0.383497
v 2.137334 7.539393 1.041426
v 2.142734 7.968865 0.326065
v 2.190245 0.666324 0.036402
v 2.161301 0.723832 1.704029
v 2.177090 0.877776 1.125334
v 2.186160 1.255361 1.442005
v 2.193815 1.351838 0.702889
v 2.198999 1.406671 1.291953
v 2.162791 1.558991 1.555655
v 2.199668 1.893290 1.099154
v 2.181255 1.955091 1.525605
v 2.189819 2.239429 0.881173
v 2.174745 3.752984 1.141266
v 2.178328 4.421940 0.645702
v 2.178772 5.301346 0.601215
v 2.190210 5.437837 0.843909
v 2.185083 5.513357 0.594622
v 2.154281 5.693517 1.271000
v 2.180010 6.432800 0.442228
v 2.184710 6.436357 0.978454
v 2.178307 6.696571 0.340405
v 2.151679 6.709328 1.038112
v 2.191261 7.999997 0.253932
v 2.171326 7.958682 0.306272
v 2.236577 0.025324 -0.038494
v 2.201407 0.196898 1.058351
v 2.209990 0.682111 0.023289
v 2.207949 1.632873 1.123441
v 2.216225 1.651682 1.521595
v 2.210248 1.728385 1.383068
v 2.230366 1.888675 1.355052
v 2.209081 1.913525 1.146942
v 2.219690 4.994693 0.874101
v 2.245216 5.592040 1.400745
v 2.204904 5.685168 1.646665
v 2.226897 6.532314 1.380779
v 2.209201 6.891401 0.365204
v 2.237253 6.862971 0.472359
v 2.206676 6.914323 0.342232
v 2.234840 6.934814 0.476562
v 2.218929 7.278007 1.194638
v 2.206196 7.344527 1.751326
v 2.202123 7.645947 1.133156
v 2.249625 7.612901 1.507243
v 2.244068 7.825926 0.345020
v 2.288944 0.349910 0.004121
v 2.267865 0.462187 0.017474
v 2.297926 1.244541 1.336212
v 2.260617 2.262415 1.289611
v 2.262836 2.830988 0.413611
v 2.269379 2.819351 1.076337
v 2.285681 3.104825 0.585353
v 2.251234 3.193528 0.428106
v 2.267423 3.405281 0.470869
v 2.289599 4.208519 0.510985
v 2.257454 4.347269 1.266551
v 2.281385 4.417894 0.553120
v 2.273553 4.700276 1.558904
v 2.279419 5.019938 1.466655
v 2.253794 5.184666 0.683918
v 2.260810 5.376142 1.521604
v 2.265647 5.792212 0.840546
v 2.291539 5.815874 1.666070
v 2.279902 5.868753 0.759396
v 2.293582 6.145493 1.432952
v 2.261654 6.162314 1.107961
v 2.287098 6.683273 0.454964
v 2.281267 6.851178 0.353638
v 2.256729 6.967449 0.307985
v 2.275510 7.519907 0.337126
v 2.268956 7.618399 0.272796
v 2.267885 7.624836 0.328321
v 2.327739 0.447613 0.009765
v 2.346063 0.622706 0.042245
v 2.329197 0.888050 0.507945
v 2.326598 2.660526 0.818659
v 2.331973 2.776552 0.829271
v 2.313033 3.691346 0.463518
v 2.315324 4.217472 0.533435
v 2.322205 4.547633 0.563717
v 2.327162 4.553138 0.552546
v 2.306481 5.340695 0.778902
v 2.330419 6.816717 0.366314
v 2.309267 6.915125 0.432527
v 2.321368 7.157045 0.419704
v 2.348301 7.375607 0.378498
v 2.310084 7.597538 1.101319
v 2.312115 7.938408 0.453334
v 2.362684 0.253504 0.582770
v 2.370423 0.336442 0.934184
v 2.380429 0.736896 1.162052
v 2.391193 1.973099 0.992722
v 2.392375 2.655997 1.107671
v 2.369490 3.154135 0.454016
v 2.365323 3.763178 0.959941
v 2.380644 4.908898 0.229578
v 2.398171 4.920178 0.876539
v 2.383753 5.071370 1.179706
v 2.388231 6.902596 0.464126
v 2.364624 6.983041 0.408045
v 2.376141 7.162167 1.131154
v 2.360329 7.862740 0.362706
v 2.426074 0.327063 -0.005184
v 2.439100 0.321837 1.510862
v 2.423357 0.807099 1.693713
v 2.446881 1.068585 1.150156
v 2.438668 1.144030 0.283909
v 2.405842 1.809199 0.387216
v 2.435479 2.391749 1.417562
v 2.408358 2.916172 0.850506
v 2.417727 3.904698 0.484654
v 2.419345 4.696082 0.577773
v 2.430403 4.956759 0.898677
v 2.403825 6.117970 0.331812
v 2.416597 6.328493 0.353540
v 2.446429 7.078716 1.848357
v 2.447904 7.361629 0.930407
v 2.430049 7.532281 0.448141
v 2.434936 7.870482 0.288509
v 2.465731 0.255178 -0.031538
v 2.496785 0.524280 0.024677
v 2.491854 1.629948 1.031677
v 2.467041 2.288704 0.371490
v 2.458261 2.289040 1.759144
v 2.488723 3.259723 0.831774
v 2.493918 3.412406 1.367474
v 2.486601 3.573488 0.517518
v 2.487208 4.607810 1.579141
v 2.496516 6.222897 0.407149
v 2.473585 6.751242 0.968639
v 2.473585 7.047922 0.399553
v 2.462834 7.354355 0.360066
v 2.477236 7.490669 0.381550
v 2.477773 7.649282 1.034333
v 2.461940 7.803502 0.392512
v 2.468208 7.882976 0.390343
v 2.516005 0.477924 0.693097
v 2.544041 0.476297 1.130563
v 2.541057 1.246477 1.475806
v 2.546876 1.657270 1.085578
v 2.507229 2.145006 0.363330
v 2.528173 2.134992 0.617855
v 2.526731 2.549070 0.519121
v 2.537221 2.658872 0.484542
v 2.504977 2.930172 0.200396
v 2.544485 2.962502 0.416090
v 2.533723 3.500205 1.015369
v 2.515595 4.200837 0.523014
v 2.536054 4.251867 0.851928
v 2.513969 4.406677 0.530066
v 2.529326 4.518253 1.681001
v 2.508722 5.270601 1.179105
v 2.515478 5.330194 0.342858
v 2.535870 6.170563 0.363649
v 2.531347 6.385643 0.900274
v 2.537541 6.522602 1.458752
v 2.535929 6.591969 1.785900
v 2.527673 6.857048 1.484027
v 2.503292 7.344660 0.429466
v 2.512668 7.375125 0.346888
v 2.539671 7.441679 0.483587
v 2.537311 7.552037 1.613168
v 2.596343 0.808252 1.317191
v 2.588489 1.290938 1.443551
v 2.561343 1.565210 0.869110
v 2.566308 2.193955 1.841640
v 2.576069 2.375179 0.680464
v 2.579318 2.889779 0.445638
v 2.585866 3.985971 0.571855
v 2.594457 4.683809 0.596037
v 2.556585 5.638020 1.445830
v 2.589419 5.995759 0.807203
v 2.558669 6.573131 0.389985
v 2.557538 6.668312 0.391563
v 2.595285 6.878656 0.462629
v 2.574238 7.287541 0.837412
v 2.556999 7.472986 0.402684
v 2.601041 0.914343 0.595478
v 2.639613 2.191666 0.965627
v 2.647724 3.027449 0.468967
v 2.614413 3.727286 0.473662
v 2.632473 4.404318 0.513716
v 2.632922 6.144320 1.022887
v 2.630657 6.453584 0.395926
v 2.601670 6.820369 0.452539
v 2.622007 7.022391 0.436932
v 2.608868 7.191438 0.441201
v 2.638831 7.559395 0.404801
v 2.669898 1.559590 1.177932
v 2.656961 2.001024 0.395296
v 2.695416 2.315695 1.675610
v 2.694986 2.414130 0.369019
v 2.696415 3.507867 0.720085
v 2.689906 3.918424 0.245197
v 2.651454 4.160248 0.504752
v 2.670098 4.577779 0.782627
v 2.652978 5.124124 0.256799
v 2.654684 5.776224 0.284765
v 2.685973 6.157209 1.159879
v 2.667204 6.646783 1.558132
v 2.669092 6.723851 0.398548
v 2.655353 6.767296 1.619898
v 2.694357 7.161020 0.441815
v 2.696876 7.170230 1.028316
v 2.677933 7.285520 0.419344
v 2.680905 7.313460 0.207410
v 2.658045 7.587978 0.353061
v 2.688858 7.594178 0.949800
v 2.720315 0.152822 0.000340
v 2.719775 0.704266 1.504202
v 2.708149 1.248471 1.241870
v 2.735583 2.310517 0.488320
v 2.701027 3.235255 1.318311
v 2.736792 3.698235 0.479900
v 2.739165 4.526802 1.093043
v 2.732678 4.638500 0.531111
v 2.710614 6.725729 0.967993
v 2.739687 6.972891 0.255739
v 2.743761 7.126515 0.284516
v 2.797985 0.141767 0.411511
v 2.796520 0.315610 -0.005371
v 2.753552 1.801716 1.361418
v 2.762554 2.535948 0.427663
v 2.798157 2.853730 0.648319
v 2.786153 3.125855 1.033625
v 2.790273 3.174868 0.459065
v 2.776145 4.348788 0.536082
v 2.779729 4.465446 0.760678
v 2.765271 4.475855 1.156272
v 2.782745 5.925007 0.398989
v 2.780768 6.269357 0.841691
v 2.773988 6.499150 0.998267
v 2.752564 6.468854 1.322708
v 2.790483 6.639774 0.754110
v 2.752867 7.257753 0.391690
v 2.790738 7.629058 0.349171
v 2.834854 0.610920 0.028139
v 2.816565 1.504221 0.898547
v 2.811561 1.773914 1.125374
v 2.817955 2.316915 0.393572
v 2.813733 3.044960 0.672974
v 2.806455 3.631389 0.463048
v 2.818533 3.703742 0.459631
v 2.808502 3.867959 0.489254
v 2.801022 4.342228 0.924703
v 2.848573 4.769808 0.760200
v 2.821469 6.136129 0.415524
v 2.825592 6.923758 0.459651
v 2.848894 7.639946 0.395753
v 2.820439 7.777557 0.378977
v 2.828233 7.887469 0.364702
v 2.873752 0.726132 0.357900
v 2.853357 1.422356 0.451812
v 2.861250 1.692746 0.807343
v 2.890517 2.248759 0.671180
v 2.885527 2.475740 0.382267
v 2.875083 2.694403 0.425750
v 2.877695 3.641607 0.474003
v 2.856997 3.882715 0.524042
v 2.892333 4.670058 0.820636
v 2.861231 6.231547 0.381698
v 2.858578 6.717087 0.382685
v 2.888562 6.919394 0.432630
v 2.864931 7.818747 0.395241
v 2.929589 0.470171 -0.015368
v 2.916897 1.100459 0.321218
v 2.917921 1.974323 0.568393
v 2.904332 3.075688 1.144361
v 2.943540 3.125977 0.479906
v 2.905885 3.202140 0.467589
v 2.907616 3.407560 0.477368
v 2.911267 5.290367 0.698721
v 2.913716 5.326777 0.578367
v 2.908213 6.965460 0.420755
v 2.914148 7.161641 0.933059
v 2.948980 7.399501 0.367388
v 2.921285 7.445984 0.418274
v 2.918044 7.585895 0.266369
v 2.936506 7.729813 0.304187
v 2.962650 0.192200 -0.038041
v 2.977594 2.342881 0.376715
v 2.992870 3.058666 0.924770
v 2.999039 3.379355 0.522387
v 2.979217 3.591918 0.731554
v 2.968969 3.671901 0.509250
v 2.963477 3.710526 0.561375
v 2.955461 3.996238 0.580382
v 2.978550 4.427797 0.958868
v 2.985082 5.001732 0.302522
v 2.965030 5.538251 0.584862
v 2.978792 6.706627 0.779716
v 2.993513 6.791497 0.406129
v 2.985013 7.082056 0.399978
v 2.999845 7.138112 0.427995
v 2.955077 7.431103 0.374980
v 2.989318 7.513344 0.438055
v 2.997134 7.584792 0.393527
v 2.961593 7.555573 0.430543
v 2.972239 7.970526 0.384013
v 3.027897 2.346551 0.421262
v 3.037547 3.035701 0.430032
v 3.048825 3.169675 0.441222
v 3.039477 4.404416 0.522058
v 3.035034 4.483127 0.519781
v 3.041822 6.712347 0.453018
v 3.065133 3.790182 0.531564
v 3.093071 5.060167 0.546646
v 3.060566 5.131070 0.571298
v 3.084667 6.716290 0.460935
v 3.101883 0.026442 -0.038107
v 3.126629 0.277537 -0.001242
v 3.117088 0.333743 0.013751
v 3.148223 3.447831 0.524054
v 3.136385 4.435490 0.576717
v 3.139441 4.867875 0.562134
v 3.118261 6.516166 0.332142
v 3.114548 6.556557 0.446671
v 3.146778 7.057762 0.376884
v 3.149746 7.422624 0.405446
v 3.186611 0.048122 -0.044689
v 3.177942 0.571865 0.005379
v 3.179545 3.869034 0.488354
v 3.180128 3.985500 0.504539
v 3.179998 6.908129 0.451992
v 3.191640 7.392799 0.463799
v 3.228915 3.157067 0.469907
v 3.242203 3.469569 0.494945
v 3.203891 3.634543 0.448223
v 3.242749 3.794119 0.458345
v 3.226782 3.853999 0.514177
v 3.220822 6.767536 0.423556
v 3.240437 6.917761 0.437639
v 3.229728 7.797951 0.454885
v 3.282017 0.306337 -0.018360
v 3.289389 2.311436 0.376449
v 3.286617 4.062361 0.488297
v 3.271573 7.479708 0.416715
v 3.268626 7.650243 0.445460
v 3.316344 0.806397 0.031364
v 3.326858 2.396014 0.361481
v 3.333084 3.532979 0.496277
v 3.307142 3.525749 0.562945
v 3.316220 3.775884 0.484023
v 3.317200 4.669138 0.540542
v 3.349473 6.780010 0.450170
v 3.307775 7.621102 0.354047
v 3.375077 3.784206 0.456570
v 3.381197 4.152885 0.528103
v 3.381390 4.331894 0.516896
v 3.390176 5.075055 0.570947
v 3.388761 5.824770 0.378345
v 3.391636 7.328168 0.449929
v 3.379724 7.397431 0.349579
v 3.399399 7.836551 0.332963
v 3.370855 7.926043 0.260495
v 3.381071 7.947841 0.368236
v 3.438789 3.218870 0.415336
v 3.451733 2.009288 0.329392
v 3.464292 2.108558 0.393531
v 3.470756 3.193416 0.494758
v 3.470553 3.581037 0.474632
v 3.463202 3.721704 0.468214
v 3.451178 4.324223 0.501788
v 3.453495 5.011053 0.547886
v 3.542666 0.711126 0.030624
v 3.505364 2.205374 0.386111
v 3.505860 2.475679 0.370417
v 3.500791 3.018212 0.483587
v 3.526341 4.135574 0.508312
v 3.512477 4.160767 0.532717
v 3.542735 4.308625 0.506146
v 3.511019 6.166588 0.395678
v 3.515083 7.309116 0.464024
v 3.528136 7.852416 0.360316
v 3.568844 2.636728 0.431817
v 3.598145 3.119597 0.427635
v 3.585002 3.456095 0.462192
v 3.583558 7.427467 0.383220
v 3.570086 7.542705 0.365856
v 3.555486 7.940212 0.382758
v 3.605691 2.057564 0.337863
v 3.622950 3.834646 0.522211
v 3.645766 7.253231 0.412624
v 3.689795 0.151677 -0.052646
v 3.697812 0.383844 -0.001863
v 3.653817 7.675430 0.306464
v 3.684612 7.870031 0.397297
v 3.650243 7.966776 0.272719
v 3.746395 2.662281 0.385094
v 3.707104 3.577779 0.532517
v 3.748154 3.864976 0.522462
v 3.742773 4.557770 0.509647
v 3.745821 6.911414 0.411725
v 3.735366 7.012446 0.381812
v 3.748715 7.116291 0.446321
v 3.734526 7.721114 0.421262
v 3.761028 0.159211 -0.048318
v 3.770426 3.334635 0.468964
v 3.762463 3.835155 0.474340
v 3.758509 7.301990 0.327056
v 3.756191 7.547272 0.402858
v 3.776937 7.830144 0.282726
v 3.785724 7.811271 0.311708
v 3.842558 1.972035 0.340307
v 3.829842 2.617425 0.462509
v 3.844527 6.524797 0.412367
v 3.843321 6.936804 0.417137
v 3.868872 3.576507 0.520856
v 3.899438 4.317661 0.528631
v 3.889746 4.432305 0.527540
v 3.864131 4.471816 0.525644
v 3.852200 5.507129 0.584281
v 3.874066 7.384841 0.431212
v 3.880006 7.586586 0.316045
v 3.883507 7.718129 0.368838
v 3.938785 2.548176 0.391878
v 3.938491 3.658623 0.527871
v 3.912040 4.579730 0.520905
v 3.913864 6.317104 0.420237
v 3.982408 2.114991 0.338373
v 3.984922 2.304252 0.349763
v 3.969403 2.710698 0.412137
v 3.973629 3.166458 0.422224
v 3.964960 4.167077 0.550556
v 3.960349 7.407038 0.380094
v 3.973825 7.481899 0.286184
v 3.999514 7.951536 0.279036
v 4.028934 0.635234 0.022262
v 4.012636 1.282324 0.070155
v 4.044256 4.338424 0.512626
v 4.022874 4.338971 0.557315
v 4.044126 7.044248 0.418991
v 4.011448 7.287171 0.442893
v 4.028795 7.414403 0.349690
v 4.000732 7.658507 0.426964
v 4.021060 7.797185 0.452463
v 4.003518 7.880199 0.256817
v 4.098761 0.247639 -0.014422
v 4.064002 3.516089 0.452365
v 4.084659 6.829316 0.428909
v 4.093166 7.039097 0.414922
v 4.087070 7.739972 0.411582
v 4.112741 2.207897 0.390624
v 4.149868 3.325433 0.424337
v 4.136168 4.593789 0.562758
v 4.132867 5.079542 0.579014
v 4.173103 0.000866 -0.052992
v 4.161154 0.107466 -0.038942
v 4.186898 0.924285 0.275551
v 4.156656 2.586727 0.389118
v 4.197692 6.343406 0.410028
v 4.190850 6.873296 0.437294
v 4.185394 7.267209 0.446177
v 4.150113 7.478794 0.386174
v 4.180753 7.524567 0.398237
v 4.198867 7.633469 0.306415
v 4.179871 7.609501 0.397070
v 4.217534 3.671555 0.532439
v 4.215867 4.313422 0.497874
v 4.228297 4.777501 0.530239
v 4.207778 7.332736 0.352296
v 4.242809 7.326152 0.416311
v 4.225959 7.837318 0.347335
v 4.242015 7.852804 0.437831
v 4.205420 7.903479 0.324994
v 4.282358 3.425320 0.469641
v 4.259799 5.956941 0.376207
v 4.283105 6.979878 0.448534
v 4.287648 7.528933 0.487688
v 4.265459 7.574455 0.307677
v 4.268081 7.908410 0.325192
v 4.266174 7.929382 0.445904
v 4.333445 2.315540 0.341052
v 4.323886 2.638169 0.364159
v 4.326956 2.829542 0.433572
v 4.303170 2.897114 0.381046
v 4.326585 3.000237 0.439714
v 4.304731 4.146206 0.537928
v 4.313669 4.969455 0.538663
v 4.336846 7.227762 0.409180
v 4.333105 7.315767 0.402146
v 4.314751 7.913111 0.387795
v 4.375821 0.732189 0.021325
v 4.374863 2.277452 0.354564
v 4.377245 2.519019 0.366027
v 4.359319 3.844003 0.456185
v 4.398310 4.589389 0.496992
v 4.366126 6.546658 0.391411
v 4.388138 6.882431 0.439281
v 4.392518 6.944665 0.420836
v 4.358430 7.283883 0.384032
v 4.399330 7.366197 0.459616
v 4.434496 3.779517 0.498684
v 4.422892 3.887422 0.508982
v 4.412219 4.028158 0.491614
v 4.424578 4.471052 0.540690
v 4.415701 7.071965 0.382202
v 4.437217 7.375198 0.307455
v 4.435833 7.930452 0.421316
v 4.468722 0.186077 -0.022787
v 4.490571 2.215630 0.333627
v 4.486222 3.292510 0.411282
v 4.481912 3.674645 0.469449
v 4.471191 4.048550 0.472930
v 4.467384 4.229377 0.494780
v 4.478425 7.563356 0.353258
v 4.460237 7.616947 0.312738
v 4.516913 0.182028 -0.046901
v 4.514147 4.009149 0.495238
v 4.545920 4.973864 0.533248
v 4.519717 6.129786 0.382649
v 4.510042 7.070582 0.391788
v 4.520103 7.715747 0.332089
v 4.506768 7.904533 0.301703
v 4.568946 2.498478 0.381670
v 4.585651 2.826934 0.415611
v 4.553362 3.293500 0.489469
v 4.555352 3.430955 0.428206
v 4.582103 7.451623 0.388557
v 4.606776 3.185731 0.408093
v 4.643666 4.063905 0.504687
v 4.621050 4.623356 0.513927
v 4.649317 6.790211 0.435025
v 4.642958 7.266926 0.443235
v 4.607817 7.789246 0.300749
v 4.622174 7.922307 0.339333
v 4.609334 7.969713 0.256749
v 4.623918 7.976344 0.365202
v 4.671750 3.078513 0.396836
v 4.653178 3.140650 0.406952
v 4.670555 3.765562 0.643534
v 4.669884 3.966380 0.454847
v 4.663468 6.493407 0.418367
v 4.665868 7.451175 0.433967
v 4.654730 7.621322 0.401585
v 4.682499 7.838118 0.287797
v 4.748762 1.092381 0.255507
v 4.725040 4.394513 0.511931
v 4.734952 6.084949 0.385935
v 4.775569 2.000440 0.391296
v 4.791005 2.089739 0.360998
v 4.776853 2.531368 0.414121
v 4.753196 3.446323 0.466759
v 4.768266 4.043199 0.487782
v 4.784889 4.534650 0.520111
v 4.771835 4.769747 0.548226
v 4.797094 6.724479 0.437243
v 4.760076 7.245274 0.343850
v 4.792241 7.216536 0.421177
v 4.779708 7.777971 0.309094
v 4.807567 2.335798 0.372400
v 4.845008 3.759934 0.461861
v 4.825044 5.288682 0.584958
v 4.842893 5.724635 0.585109
v 4.818187 6.979443 0.357132
v 4.840877 7.219595 0.456180
v 4.846712 7.627993 0.378866
v 4.804232 7.749264 0.321944
v 4.839743 7.840766 0.317123
v 4.825637 7.864275 0.340739
v 4.899229 2.888384 0.381962
v 4.891821 3.296658 0.443286
v 4.859398 3.504878 0.441961
v 4.896283 5.078252 0.558135
v 4.897548 6.856670 0.412592
v 4.866424 7.195241 0.423824
v 4.872996 7.267621 0.400138
v 4.897565 7.482280 0.363237
v 4.902504 0.494056 -0.029391
v 4.917349 2.792803 0.377074
v 4.908045 2.839395 0.385040
v 4.942203 4.231620 0.469141
v 4.928182 4.356822 0.510052
v 4.913245 5.379415 0.560594
v 4.941340 7.168615 0.394888
v 4.909429 7.629261 0.438522
v 4.989227 2.318694 0.410282
v 4.973775 4.513161 0.550361
v 4.967955 7.670222 0.327145
v 4.963776 7.732221 0.425766
vn 0.053581 -0.076918 0.995597
vn -0.004217 -0.091973 0.995753
vn 0.054037 0.000358 0.998539
vn 0.050344 0.059615 0.996951
vn 0.060270 0.077044 0.995204
vn 0.054402 0.061899 0.996599
vn 0.033013 0.120303 0.992188
vn 0.000631 0.056382 0.998409
vn 0.000341 0.079616 0.996826
vn -0.053972 0.084131 -0.994992
vn 0.052285 -0.068935 0.996250
vn -0.004252 -0.096927 0.995282
vn 0.006900 -0.084933 0.996363
vn -0.011272 0.023771 0.999654
vn -0.005425 0.000813 0.999985
vn 0.030535 -0.013523 0.999442
vn 0.004648 -0.009985 0.999939
vn 0.061351 0.033851 0.997542
vn 0.009253 0.105897 0.994334
vn 0.000341 0.079616 0.996826
vn 0.000631 0.056382 0.998409
vn -0.053972 0.084131 -0.994992
vn 0.041677 -0.069971 0.996678
vn -0.000962 -0.109516 0.993985
vn 0.006680 -0.100383 0.994926
vn -0.005411 -0.098771 0.995095
vn 0.015814 -0.116519 0.993063
vn -0.004044 -0.017893 0.999832
vn -0.004300 -0.000362 0.999991
vn 0.031937 -0.019308 0.999303
vn 0.026512 0.063397 0.997636
vn 0.036422 0.059463 0.997566
vn -0.053972 0.084131 -0.994992
vn -0.011590 -0.005897 0.999915
vn 0.022036 -0.020633 0.999544
vn 0.022162 0.066282 0.997555
vn 0.049726 0.072233 0.996147
vn 0.000631 0.056382 0.998409
vn -0.053972 0.084131 -0.994992
vn 0.047272 -0.066902 0.996639
vn 0.038841 -0.089455 0.995233
vn 0.034996 -0.105941 0.993756
vn -0.010015 -0.082198 0.996566
vn -0.008064 -0.007242 0.999941
vn 0.001851 0.010424 0.999944
vn 0.007422 -0.000755 0.999972
vn 0.007877 0.078098 0.996915
vn 0.008049 0.069139 0.997575
vn 0.028949 -0.083755 0.996066
vn 0.028949 -0.083755 0.996066
vn -0.008989 -0.085633 0.996286
vn 0.033938 0.043359 0.998483
vn 0.020023 0.068494 0.997451
vn 0.019822 0.047895 0.998656
vn -0.002888 0.103124 0.994664
vn 0.017599 0.123142 0.992233
vn -0.053972 0.084131 -0.994992
vn -0.053972 0.084131 -0.994992
vn 0.039070 -0.098227 0.994397
vn 0.025602 0.090052 -0.995608
vn -0.004125 -0.100823 0.994896
vn -0.006765 -0.101726 0.994789
vn -0.005173 -0.100371 0.994937
vn -0.003138 -0.001899 0.999993
vn 0.006981 -0.018647 0.999802
vn 0.026910 0.051219 0.998325
vn 0.012756 0.068359 0.997579
vn 0.006749 0.090529 0.995871
vn 0.029972 0.106721 0.993837
vn 0.013657 0.086857 0.996127
vn 0.023396 -0.089672 0.995697
vn 0.011171 -0.137248 0.990474
vn -0.014119 -0.101454 0.994740
vn -0.004443 0.013109 0.999904
vn 0.004346 -0.003787 0.999983
vn 0.006211 0.003074 0.999976
vn -0.019754 -0.022374 -0.999554
vn -0.015499 -0.018740 -0.999704
vn 0.022818 0.108169 0.993871
vn 0.021333 0.105200 0.994222
vn -0.055570 0.064830 -0.996348
vn -0.055570 0.064830 -0.996348
vn 0.040504 -0.090174 0.995102
vn 0.000014 -0.112689 0.993630
vn -0.158635 -0.096417 0.982618
vn 0.014184 -0.010654 0.999843
vn -0.010547 -0.020309 0.999738
vn -0.023998 0.008405 0.999677
vn -0.004771 -0.001560 0.999987
vn 0.014032 -0.067352 -0.997631
vn -0.053197 0.090377 0.994486
vn 0.013661 0.119346 0.992759
vn 0.017459 -0.056576 0.998246
vn 0.017459 -0.056576 0.998246
vn -0.116736 -0.098062 0.988310
vn -0.004479 0.039394 0.999214
vn 0.013661 0.119346 0.992759
vn 0.004868 -0.062652 0.998024
vn 0.002277 -0.102146 0.994767
vn 0.004637 -0.007535 0.999961
vn -0.010916 -0.055450 0.998402
vn 0.008490 0.103072 0.994638
vn 0.028153 0.121217 0.992227
vn 0.000147 -0.126125 0.992014
vn -0.012220 -0.124678 0.992122
vn -0.026287 0.109806 -0.993605
vn 0.113040 0.084125 -0.990023
vn -0.021693 -0.050880 0.998469
vn 0.025917 0.064884 0.997556
vn 0.003082 0.083103 0.996536
vn 0.012755 -0.070774 0.997411
vn -0.015028 -0.104440 0.994418
vn -0.014574 -0.115468 0.993204
vn 0.025409 0.159872 -0.986811
vn 0.013666 -0.111280 0.993695
vn 0.011213 -0.084454 0.996364
vn -0.019562 -0.004440 0.999799
vn -0.059162 0.036969 0.997564
vn -0.014688 0.048237 0.998728
vn -0.052009 0.083434 0.995155
vn 0.042734 0.049476 0.997861
vn 0.040473 0.100178 0.994146
vn 0.040473 0.100178 0.994146
vn 0.001507 0.120336 0.992732
vn -0.021624 0.084941 0.996151
vn 0.010024 -0.124022 0.992229
vn 0.019275 -0.116746 0.992975
vn -0.010212 0.037131 0.999258
vn -0.042720 -0.060460 0.997256
vn -0.035185 0.097747 0.994589
vn 0.049184 0.157103 0.986357
vn 0.013117 0.013048 0.999829
vn -0.025222 0.091870 0.995452
vn -0.023875 0.092742 0.995404
vn -0.039541 0.113335 0.992770
vn -0.023128 0.110377 -0.993621
vn -0.008073 0.084145 -0.996421
vn -0.170374 -0.080318 0.982101
vn 0.003195 -0.011335 0.999931
vn 0.002012 0.021227 0.999773
vn 0.064201 -0.126935 -0.989831
vn -0.013180 0.114580 0.993327
vn 0.063089 0.034982 0.997395
vn -0.039544 0.119166 0.992087
vn -0.027704 -0.089402 0.995610
vn 0.034737 -0.106768 0.993677
vn 0.016762 -0.119230 0.992725
vn -0.014058 0.031178 0.999415
vn 0.024440 0.025020 -0.999388
vn -0.019880 -0.036145 0.999149
vn -0.015262 0.010336 0.999830
vn -0.041516 0.128146 0.990886
vn -0.066361 0.102310 0.992537
vn -0.032418 0.115122 0.992822
vn -0.008335 0.090870 -0.995828
vn -0.001930 -0.021894 0.999758
vn -0.038958 0.028948 0.998821
vn -0.013661 -0.002629 0.999903
vn 0.009894 -0.003225 0.999946
vn -0.002193 0.140732 0.990045
vn -0.064381 0.121186 0.990540
vn -0.025599 0.105897 0.994048
vn -0.034433 0.015122 0.999293
vn 0.006974 -0.088620 0.996041
vn -0.029195 0.091263 0.995399
vn -0.054203 0.119099 0.991402
vn -0.002193 0.140732 0.990045
vn -0.034834 0.088671 0.995452
vn -0.029788 0.047241 0.998439
vn 0.010127 -0.081100 0.996655
vn -0.011490 -0.068328 0.997597
vn -0.025325 0.091419 0.995490
vn 0.012464 0.086041 0.996214
vn 0.000943 0.000882 0.999999
vn -0.022962 -0.038359 0.999000
vn -0.022319 -0.049131 0.998543
vn -0.002480 0.009215 0.999954
vn -0.014203 -0.004967 0.999887
vn 0.018250 0.025568 0.999506
vn -0.050987 0.038922 0.997941
vn -0.048516 0.039935 0.998024
vn -0.033492 0.037564 0.998733
vn 0.015096 -0.096401 0.995228
vn 0.054012 0.151004 -0.987057
vn -0.050204 -0.145987 0.988012
vn -0.008630 -0.001256 0.999962
vn -0.022962 -0.038359 0.999000
vn -0.008790 -0.000526 0.999961
vn 0.037857 0.100475 0.994219
vn 0.037618 0.073228 0.996606
vn 0.034690 0.116724 0.992558
vn -0.009417 0.043802 0.998996
vn -0.049410 0.053945 0.997321
vn -0.016110 0.083100 0.996411
vn 0.029714 -0.101867 0.994354
vn 0.023378 -0.065737 0.997563
vn 0.001778 -0.099755 0.995010
vn 0.002131 -0.086279 0.996269
vn -0.024488 -0.043405 0.998757
vn -0.030141 -0.009511 0.999500
vn -0.081281 0.110697 0.990525
vn -0.017500 0.072450 0.997219
vn 0.037244 -0.089128 0.995324
vn 0.036571 -0.092369 0.995053
vn 0.030868 -0.093129 0.995175
vn 0.046808 -0.076271 0.995988
vn -0.008802 0.092046 -0.995716
vn -0.000437 -0.091893 0.995769
vn -0.111653 -0.177082 0.977842
vn -0.199489 -0.067198 0.977593
vn -0.097853 0.039049 0.994434
vn -0.001055 0.022031 0.999757
vn 0.005954 0.017330 0.999832
vn 0.008709 -0.004064 0.999954
vn -0.022773 -0.014917 0.999629
vn 0.005508 0.006045 0.999967
vn 0.020941 0.030412 0.999318
vn 0.087505 0.037523 0.995457
vn -0.006539 0.060459 0.998149
vn -0.012066 0.075667 0.997060
vn 0.036571 -0.092369 0.995053
vn 0.000914 -0.105109 0.994460
vn 0.009889 -0.093757 0.995546
vn 0.012058 -0.000047 0.999927
vn 0.059387 0.068229 0.995901
vn -0.015523 0.064789 0.997778
vn 0.008443 -0.104672 0.994471
vn -0.165963 -0.172638 0.970903
vn 0.002280 0.025412 0.999674
vn 0.002280 0.025412 0.999674
vn 0.094642 0.048540 0.994327
vn -0.012935 0.053120 0.998504
vn 0.023951 -0.093152 0.995364
vn -0.093677 0.002994 0.995598
vn 0.043337 0.038344 0.998324
vn 0.036311 0.034207 0.998755
vn -0.006086 0.080585 0.996729
vn 0.006922 0.011223 0.999913
vn -0.002333 -0.009273 0.999954
vn -0.027851 0.034559 0.999015
vn 0.020276 0.052874 0.998395
vn 0.024408 -0.101710 0.994515
vn 0.030015 -0.065778 0.997383
vn 0.041763 -0.102089 0.993898
vn -0.011016 0.080578 0.996687
vn 0.028237 0.018606 0.999428
vn -0.078047 -0.044531 -0.995955
vn 0.059044 0.033623 0.997689
vn -0.008928 0.102060 0.994738
vn 0.003960 0.112008 0.993699
vn 0.032265 -0.116141 0.992709
vn 0.034834 -0.078155 0.996332
vn 0.043954 -0.060231 0.997216
vn 0.007871 -0.118101 0.992970
vn -0.032258 -0.170456 0.984837
vn -0.016744 -0.018489 0.999689
vn -0.012000 -0.064700 0.997833
vn -0.034082 0.124329 0.991656
vn -0.008944 0.087518 0.996123
vn 0.012917 0.053175 0.998502
vn 0.003960 0.112008 0.993699
vn 0.003960 0.112008 0.993699
vn 0.003960 0.112008 0.993699
vn 0.036663 -0.095409 0.994763
vn -0.099751 -0.177603 0.979034
vn -0.115313 0.058329 0.991615
vn -0.029479 -0.047826 0.998421
vn -0.037660 0.043208 0.998356
vn -0.088019 -0.189401 0.977947
vn 0.097915 0.122687 -0.987603
vn 0.332927 0.089213 -0.938723
vn -0.050185 0.026860 0.998379
vn -0.013254 0.022500 0.999659
vn -0.032560 0.008973 0.999429
vn 0.090438 0.011522 0.995835
vn 0.070934 0.048079 0.996322
vn -0.034854 -0.215265 0.975934
vn -0.034854 -0.215265 0.975934
vn -0.120033 -0.091163 0.988575
vn -0.078698 -0.169446 0.982392
vn -0.081722 0.008161 0.996622
vn 0.029444 0.038751 0.998815
vn 0.025979 0.025256 0.999343
vn 0.025445 0.027627 0.999294
vn -0.058392 -0.053178 -0.996876
vn -0.038865 -0.169182 0.984818
vn -0.024645 0.019417 0.999508
vn -0.005204 -0.021586 0.999753
vn -0.061703 0.081303 0.994778
vn -0.089053 0.094240 0.991559
vn -0.034505 0.035663 0.998768
vn -0.034505 0.035663 0.998768
vn 0.005233 0.039044 0.999224
vn 0.014762 0.019481 0.999701
vn -0.083303 -0.229631 0.969706
vn -0.098958 -0.161700 0.981866
vn 0.025680 -0.056818 0.998054
vn -0.011842 -0.019976 0.999730
vn -0.063430 0.064927 0.995872
vn 0.010157 0.065214 0.997820
vn 0.005233 0.039044 0.999224
vn 0.004540 -0.768798 0.639475
vn -0.060460 -0.197150 0.978507
vn -0.199890 -0.031893 0.979299
vn -0.024800 -0.020567 0.999481
vn -0.026780 -0.024182 0.999349
vn -0.042612 0.006182 0.999073
vn -0.030978 0.023995 0.999232
vn -0.037541 0.072554 0.996658
vn -0.068889 0.133835 0.988606
vn -0.081417 -0.008407 0.996645
vn 0.010157 0.065214 0.997820
vn -0.267426 -0.061908 0.961588
vn -0.072244 -0.046372 0.996308
vn -0.018942 -0.046007 0.998762
vn -0.104458 0.102741 0.989208
vn 0.083994 -0.026512 -0.996113
vn 0.097292 0.074390 0.992472
vn -0.008684 -0.058329 0.998260
vn -0.008684 -0.058329 0.998260
vn -0.004220 -0.590117 0.807307
vn -0.150191 -0.260011 0.953854
vn -0.104671 -0.142005 0.984316
vn -0.128434 -0.419971 0.898404
vn 0.019703 0.199994 0.979599
vn 0.022941 -0.148632 0.988626
vn -0.035233 0.042538 0.998473
vn -0.015368 0.049171 0.998672
vn -0.012950 0.008404 0.999881
vn 0.026996 -0.060848 -0.997782
vn 0.015048 0.066915 0.997645
vn 0.019787 0.128868 0.991464
vn 0.024589 0.052155 0.998336
vn -0.010843 -0.055572 0.998396
vn -0.046337 -0.198383 0.979029
vn -0.446364 0.135593 0.884519
vn -0.026366 -0.006471 0.999631
vn 0.027023 0.075270 0.996797
vn 0.108293 -0.027920 -0.993727
vn -0.040825 -0.225811 0.973315
vn 0.433665 0.025872 -0.900703
vn -0.105980 -0.031299 0.993876
vn 0.022681 0.035579 0.999109
vn 0.005559 0.049783 0.998745
vn 0.031835 -0.051332 -0.998174
vn -0.103645 0.098885 0.989687
vn -0.099200 0.082626 0.991631
vn -0.048774 0.035460 0.998180
vn -0.087982 -0.210384 0.973652
vn -0.059063 -0.080031 0.995041
vn 0.000332 0.131277 0.991346
vn -0.033921 0.004882 -0.999413
vn -0.062954 0.081162 0.994711
vn -0.051218 -0.051679 0.997349
vn -0.015114 -0.158295 0.987276
vn 0.924932 -0.370631 -0.084457
vn 0.961021 -0.072241 -0.266870
vn -0.006128 -0.050579 0.998701
vn -0.649924 0.024391 0.759608
vn 0.598568 0.036872 -0.800223
vn 0.522476 0.053353 -0.850983
vn 0.553038 0.127660 -0.823318
vn 0.614874 0.016227 -0.788458
vn 0.427164 0.045768 -0.903015
vn 0.849972 0.132138 -0.509988
vn 0.868275 0.174050 -0.464549
vn -0.112041 -0.033392 0.993142
vn 0.771076 -0.319665 -0.550687
vn 0.885271 0.203338 -0.418270
vn 0.005956 -0.010092 0.999931
vn 0.030554 0.147257 0.988626
vn -0.022252 0.045501 0.998716
vn -0.098368 0.131272 0.986454
vn 0.015193 0.099790 0.994893
vn 0.136775 -0.945366 0.295931
vn 0.986894 0.092262 -0.132395
vn 0.916030 -0.251367 -0.312576
vn 0.868656 0.002217 -0.495410
vn 0.614874 0.016227 -0.788458
vn 0.903653 0.291202 -0.314028
vn 0.906592 0.144865 -0.396365
vn 0.941081 -0.099860 -0.323100
vn -0.028081 -0.072817 0.996950
vn 0.015434 -0.030665 0.999411
vn 0.025463 0.017382 0.999525
vn -0.007145 -0.020895 -0.999756
vn 0.755816 0.120836 -0.643538
vn 0.079795 -0.051828 -0.995463
vn 0.004570 0.074853 0.997184
vn 0.009376 0.078710 0.996853
vn 0.936597 -0.025489 -0.349479
vn 0.082821 -0.002332 0.996562
vn 0.967426 0.089648 -0.236749
vn -0.244494 -0.308101 0.919400
vn 0.541046 -0.062869 -0.838640
vn 0.940055 -0.082548 -0.330880
vn 0.954471 0.187952 -0.231643
vn 0.004717 0.039283 0.999217
vn -0.045292 0.001543 0.998973
vn 0.057445 0.105455 0.992763
vn 0.838588 0.431374 -0.332696
vn 0.981908 0.045899 -0.183711
vn -0.050879 -0.265094 0.962879
vn -0.331407 -0.220380 0.917389
vn 0.877747 -0.246304 -0.410969
vn -0.514966 -0.019271 0.856994
vn 0.561861 -0.083112 -0.823046
vn 0.028051 0.297257 0.954385
vn 0.963310 0.116003 -0.242026
vn 0.832527 -0.229443 -0.504238
vn -0.148865 0.137194 -0.979294
vn 0.876325 -0.284827 -0.388494
vn -0.193495 -0.004562 -0.981091
vn 0.982970 0.035071 -0.180390
vn 0.952986 0.074793 -0.293640
vn 0.121402 0.008029 0.992571
vn -0.000249 0.002945 0.999996
vn -0.025327 0.168413 0.985391
vn -0.723841 0.328426 0.606788
vn -0.016058 0.340128 0.940242
vn -0.653083 -0.486944 0.579973
vn 0.155186 -0.065226 0.985730
vn 0.593547 0.055616 -0.802875
vn -0.251955 -0.011582 -0.967670
vn 0.976401 -0.153112 -0.152310
vn -0.637401 0.313318 0.703955
vn -0.655773 -0.145349 0.740834
vn -0.489794 -0.015697 0.871697
vn 0.707691 0.028077 -0.705964
vn 0.698115 0.138211 -0.702519
vn 0.886462 0.393186 -0.244110
vn 0.146444 -0.124069 0.981408
vn -0.160145 0.014053 -0.986994
vn 0.970763 -0.149365 -0.187909
vn 0.951625 0.257414 -0.167771
vn 0.045337 -0.020293 0.998766
vn 0.016633 0.193774 0.980905
vn 0.118319 0.006973 0.992951
vn 0.667096 -0.027172 -0.744476
vn -0.125838 0.104969 0.986482
vn 0.011389 0.048682 0.998749
vn 0.911575 -0.151547 -0.382184
vn 0.039770 0.164461 0.985582
vn 0.060307 0.177479 0.982275
vn -0.006323 -0.260027 -0.965581
vn 0.163529 -0.115098 0.979801
vn 0.199723 -0.133216 0.970754
vn 0.595147 -0.036495 -0.802788
vn 0.212178 -0.113943 -0.970566
vn 0.755987 0.338902 -0.560026
vn 0.778562 0.113223 -0.617270
vn 0.784207 0.145457 -0.603210
vn -0.191438 0.150805 -0.969850
vn -0.235508 0.034152 -0.971272
vn 0.126324 -0.134829 0.982784
vn 0.029097 -0.045057 0.998561
vn 0.994849 -0.011005 -0.100770
vn -0.004867 0.107786 0.994162
vn 0.024002 0.107650 0.993899
vn 0.005384 0.066939 0.997743
vn 0.363762 0.678810 -0.637883
vn 0.132568 -0.180759 0.974552
vn 0.149592 -0.134276 0.979588
vn 0.511731 0.221038 -0.830225
vn 0.247647 -0.074325 0.965995
vn 0.971170 -0.189749 -0.144306
vn 0.606297 -0.310455 -0.732134
vn -0.292192 -0.187686 0.937762
vn 0.544564 -0.009879 -0.838661
vn -0.109178 -0.019376 0.993833
vn 0.817310 0.184331 -0.545918
vn 0.940707 0.094151 -0.325893
vn 0.158378 -0.094250 0.982870
vn 0.077792 0.052241 0.995600
vn 0.175873 0.076304 0.981451
vn 0.963894 -0.260544 -0.054996
vn 0.667096 -0.027172 -0.744476
vn -0.008197 -0.015246 0.999850
vn 0.055408 0.058492 0.996749
vn 0.039712 -0.000260 0.999211
vn 0.026842 0.156701 0.987281
vn 0.026664 0.126316 0.991632
vn -0.064826 0.114739 0.991278
vn -0.060049 0.097799 0.993393
vn 0.111088 -0.269797 0.956488
vn 0.173055 -0.106102 0.979181
vn 0.736346 0.359923 -0.572931
vn 0.945054 0.072761 -0.318715
vn 0.066503 -0.187221 0.980064
vn 0.048517 -0.302622 0.951875
vn 0.863548 -0.389960 -0.319713
vn -0.242795 -0.370663 0.896471
vn -0.180615 0.111567 0.977206
vn 0.598477 -0.030824 -0.800547
vn -0.190667 0.077481 0.978592
vn -0.440789 -0.236153 -0.865989
vn 0.800062 0.572093 0.180584
vn 0.807909 0.472875 -0.351670
vn 0.865276 0.416605 -0.278816
vn 0.909285 0.216041 -0.355707
vn 0.017877 0.121316 0.992453
vn 0.074008 0.023315 0.996985
vn -0.503472 -0.220534 0.835393
vn 0.792383 -0.240310 -0.560696
vn 0.010874 0.172299 0.984985
vn -0.009593 0.145171 0.989360
vn 0.026021 0.106517 0.993970
vn 0.569153 -0.710763 -0.413377
vn 0.111326 0.927782 -0.356128
vn -0.075233 0.130286 -0.988618
vn 0.814440 -0.487915 0.314050
vn 0.100311 -0.114264 0.988373
vn 0.693943 -0.300732 -0.654220
vn -0.584435 0.638797 0.500374
vn 0.911596 -0.142569 -0.385574
vn 0.688110 0.373251 -0.622244
vn 0.714750 -0.069808 -0.695887
vn 0.937571 -0.314235 0.149052
vn -0.784405 0.422007 0.454553
vn 0.054586 -0.094458 0.994031
vn 0.996259 0.076564 0.040083
vn 0.653083 0.724565 -0.220201
vn -0.087534 -0.186159 -0.978613
vn 0.102296 0.133268 0.985787
vn -0.132570 0.003307 -0.991168
vn 0.059443 0.073951 0.995489
vn 0.014578 0.083222 0.996424
vn 0.017166 -0.075045 0.997032
vn 0.654292 -0.138891 -0.743378
vn 0.501841 -0.063827 -0.862602
vn 0.030089 -0.530354 0.847242
vn 0.645095 0.196030 -0.738529
vn -0.612734 0.153222 0.775293
vn 0.817348 -0.185560 -0.545444
vn -0.624781 -0.193432 0.756460
vn -0.577598 0.035258 0.815560
vn 0.534891 0.271900 -0.799976
vn 0.190879 0.140317 0.971533
vn -0.030354 -0.009072 0.999498
vn 0.660936 0.388885 -0.641820
vn -0.075183 -0.023666 -0.996889
vn 0.747622 -0.314067 -0.585169
vn 0.005825 0.118123 0.992982
vn -0.022827 0.026044 0.999400
vn 0.383769 0.911602 -0.147317
vn 0.431354 0.232673 -0.871663
vn -0.488943 -0.034768 0.871623
vn -0.371272 0.759407 -0.534283
vn 0.449421 -0.632541 -0.630803
vn -0.187928 0.731227 0.655736
vn -0.082206 -0.597103 0.797941
vn -0.826288 0.265966 0.496498
vn -0.493434 0.440048 0.750254
vn -0.106697 0.406490 0.907404
vn 0.804225 -0.454678 -0.382739
vn 0.845667 -0.332941 0.417130
vn 0.730091 0.394470 -0.557997
vn 0.171632 0.084127 0.981563
vn 0.907386 -0.172105 -0.383446
vn -0.570440 0.745559 -0.344587
vn 0.249240 -0.527691 0.812048
vn 0.059006 -0.424120 0.903682
vn 0.460041 -0.855732 -0.236824
vn 0.022163 0.174271 0.984448
vn 0.120816 0.357095 0.926222
vn 0.059361 0.031359 0.997744
vn 0.073900 0.046922 0.996161
vn 0.044660 -0.055943 0.997435
vn 0.075868 0.086390 0.993368
vn -0.638896 0.426510 0.640235
vn -0.785246 0.332999 0.522016
vn -0.000272 0.098869 0.995100
vn 0.036028 -0.144845 0.988798
vn -0.070884 -0.204702 0.976254
vn 0.347805 0.184887 -0.919156
vn -0.118684 -0.182111 0.976089
vn 0.132179 0.071461 -0.988647
vn 0.296279 0.198977 -0.934145
vn 0.579527 0.264426 -0.770861
vn -0.549084 -0.339014 0.763922
vn 0.456507 0.352161 -0.817058
vn 0.542913 -0.100380 -0.833768
vn 0.676531 -0.335658 -0.655469
vn 0.773797 -0.280397 -0.567992
vn 0.798054 0.099070 -0.594386
vn 0.745922 0.045285 -0.664492
vn -0.327192 -0.341796 0.880977
vn -0.491154 0.206351 0.846279
vn -0.073496 0.115762 -0.990554
vn 0.963720 -0.001380 -0.266912
vn 0.133864 0.148918 0.979747
vn 0.092812 -0.021186 0.995458
vn -0.343928 0.762456 0.548064
vn 0.034198 0.037124 0.998725
vn -0.067318 0.102545 0.992448
vn 0.038664 -0.030186 0.998796
vn 0.280530 0.641490 -0.713998
vn 0.023093 -0.143057 0.989445
vn -0.043811 -0.999030 -0.004368
vn -0.262865 0.778775 0.569571
vn -0.347571 -0.413794 0.841409
vn -0.304097 0.621669 0.721840
vn 0.906741 -0.393948 -0.150422
vn 0.094885 -0.413134 0.905713
vn 0.579742 0.238133 -0.779225
vn -0.198382 0.022608 -0.979864
vn -0.067723 -0.076604 -0.994759
vn -0.017355 -0.011160 0.999787
vn 0.236319 -0.017532 -0.971517
vn -0.144265 0.941397 0.304893
vn 0.291516 0.758305 0.583088
vn -0.044508 -0.244482 0.968632
vn -0.315436 -0.231060 0.920387
vn 0.379997 0.285045 -0.879973
vn 0.740343 0.350555 -0.573588
vn 0.487421 -0.151587 -0.859908
vn -0.454828 -0.756394 0.470106
vn 0.565481 0.681835 -0.464039
vn -0.104610 0.214564 -0.971092
vn -0.118968 0.120090 -0.985609
vn 0.418332 -0.690237 0.590399
vn -0.496853 -0.454415 -0.739354
vn 0.993066 -0.037844 -0.111297
vn -0.405020 0.416124 0.814125
vn -0.162329 0.124741 0.978820
vn 0.241353 -0.928408 -0.282501
vn 0.000200 0.044487 0.999010
vn 0.034140 -0.010494 0.999362
vn 0.032770 0.085576 -0.995793
vn 0.367890 0.406901 0.836115
vn -0.179234 -0.248395 0.951932
vn 0.938449 0.011250 -0.345235
vn 0.936927 -0.342344 -0.070492
vn 0.879011 -0.444487 -0.172543
vn 0.293065 0.187250 -0.937577
vn -0.699124 0.049369 0.713294
vn 0.957888 -0.192600 -0.212967
vn 0.567739 -0.317877 -0.759360
vn 0.074136 -0.084995 0.993620
vn 0.176875 -0.033409 0.983666
vn 0.198740 -0.010517 0.979996
vn 0.932332 0.301268 -0.199986
vn 0.134815 0.097923 0.986020
vn 0.042249 -0.000032 0.999107
vn 0.034132 0.081772 0.996066
vn -0.008275 -0.064828 0.997862
vn -0.078633 0.145143 0.986281
vn 0.141192 0.204984 -0.968528
vn 0.214640 0.191971 -0.957641
vn -0.615350 -0.183239 -0.766660
vn -0.503837 -0.314730 0.804421
vn -0.717816 0.147097 0.680517
vn 0.794659 0.231102 -0.561346
vn 0.099710 0.080511 -0.991754
vn 0.723780 0.015399 -0.689859
vn 0.564264 0.182181 -0.805243
vn 0.019967 0.180635 0.983348
vn 0.102649 -0.029932 0.994267
vn -0.361628 0.069730 0.929711
vn 0.929597 0.031672 -0.367215
vn 0.205079 0.038961 0.977970
vn 0.173182 0.089915 0.980777
vn 0.238474 0.068695 0.968716
vn 0.055540 0.065713 0.996292
vn 0.281518 0.153709 -0.947165
vn -0.084950 0.178852 0.980202
vn -0.008854 -0.026428 0.999611
vn -0.023564 -0.060309 0.997902
vn -0.034322 0.017187 0.999263
vn -0.059146 -0.047484 0.997119
vn -0.392038 0.835436 -0.385165
vn -0.026147 0.048569 0.998478
vn -0.051365 -0.009412 0.998636
vn -0.051365 -0.009412 0.998636
vn 0.008484 -0.850388 0.526088
vn -0.046577 -0.175824 0.983319
vn -0.127990 -0.324708 0.937114
vn 0.631987 -0.773662 0.045163
vn -0.051254 -0.231903 0.971388
vn 0.905428 -0.356368 0.230654
vn 0.921435 -0.175979 -0.346395
vn -0.439335 0.001972 0.898321
vn 0.818081 -0.228017 -0.527969
vn 0.877233 0.411535 -0.247186
vn -0.451777 -0.025438 0.891768
vn -0.125900 0.194014 0.972886
vn -0.341163 0.847914 0.405771
vn -0.111319 -0.214352 0.970392
vn -0.101226 0.176910 0.979008
vn 0.924838 -0.023244 -0.379650
vn 0.033239 -0.016765 0.999307
vn -0.350335 0.106840 0.930511
vn -0.173176 0.024424 0.984588
vn -0.030800 -0.031741 0.999021
vn -0.016061 0.195150 0.980642
vn -0.031198 0.143197 0.989202
vn -0.094847 -0.240845 0.965918
vn 0.390667 0.603675 -0.694950
vn -0.148563 0.970461 0.190091
vn 0.651352 -0.327338 -0.684537
vn 0.794027 -0.271912 -0.543677
vn 0.659348 0.145000 -0.737723
vn 0.921611 -0.081207 -0.379525
vn 0.819620 -0.457447 -0.344913
vn 0.833260 0.327901 -0.445149
vn -0.256353 0.420351 0.870395
vn -0.195500 0.506937 0.839520
vn 0.093709 -0.222547 -0.970408
vn 0.116131 -0.055264 0.991695
vn 0.144110 0.262953 0.953985
vn 0.133792 0.338056 0.931568
vn -0.133537 0.936676 0.323738
vn 0.111562 0.940986 0.319531
vn -0.049973 -0.112255 0.992422
vn -0.031988 0.142846 0.989228
vn -0.161200 0.096014 0.982240
vn 0.015622 -0.046575 0.998793
vn -0.004678 0.013862 0.999893
vn 0.052463 0.209107 0.976485
vn 0.056313 0.267559 0.961894
vn 0.006177 -0.892214 0.451571
vn 0.089681 0.330709 -0.939462
vn -0.458906 -0.790056 0.406468
vn 0.358825 0.214815 0.908350
vn 0.513311 0.273607 0.813419
vn 0.300244 -0.221945 -0.927682
vn 0.092876 0.814732 0.572351
vn -0.672261 -0.034430 -0.739513
vn -0.122171 -0.418114 0.900142
vn 0.925876 0.164119 -0.340322
vn 0.965368 -0.205877 -0.160250
vn 0.790432 -0.010883 -0.612453
vn -0.420256 0.020742 0.907168
vn 0.703324 0.322590 -0.633460
vn 0.148493 -0.515262 0.844071
vn 0.797030 -0.031929 -0.603095
vn 0.728810 0.022418 -0.684349
vn 0.246915 -0.065937 0.966791
vn 0.701814 0.121022 -0.702005
vn 0.787613 0.057271 -0.613503
vn 0.062545 -0.126643 0.989975
vn -0.043963 -0.019489 0.998843
vn -0.039238 -0.152001 0.987601
vn -0.029586 -0.148745 0.988433
vn 0.333504 0.935446 -0.117113
vn 0.485843 0.836702 -0.252757
vn 0.074378 -0.021223 0.997004
vn 0.069935 0.006967 0.997527
vn 0.027236 0.008947 0.999589
vn 0.058722 -0.069902 0.995824
vn 0.040600 0.059289 0.997415
vn -0.205450 0.380372 0.901725
vn 0.203343 -0.805605 -0.556464
vn -0.086547 0.995843 0.028408
vn 0.534114 0.842300 -0.072477
vn 0.785307 -0.434674 0.440853
vn 0.714698 -0.128126 -0.687598
vn 0.176877 0.310039 0.934126
vn -0.208813 0.168984 0.963245
vn 0.014534 0.145702 0.989222
vn -0.334752 0.681050 0.651239
vn -0.482745 0.854252 -0.192902
vn 0.090260 -0.134903 0.986739
vn 0.269793 -0.049747 0.961632
vn -0.038620 0.133504 0.990296
vn -0.148525 0.489666 0.859167
vn -0.083747 0.995344 0.047717
vn 0.135641 -0.883035 0.449279
vn -0.806540 0.578734 -0.120665
vn -0.135881 -0.478266 0.867639
vn -0.146492 -0.261542 0.954010
vn 0.787570 -0.287083 -0.545267
vn 0.513911 0.725931 -0.457077
vn 0.903620 0.427325 0.029406
vn -0.335953 -0.066016 0.939563
vn -0.049485 -0.020872 0.998557
vn 0.858673 0.002967 -0.512515
vn 0.040521 -0.578302 0.814816
vn -0.530365 0.419884 0.736485
vn 0.837704 0.445572 -0.315782
vn 0.982880 0.042908 0.179181
vn 0.871522 0.128921 -0.473106
vn -0.054229 -0.012212 0.998454
vn -0.010708 -0.035393 0.999316
vn 0.952652 0.233973 0.194194
vn 0.791156 -0.502364 0.348858
vn 0.125559 0.150166 0.980655
vn 0.002587 0.183108 0.983089
vn -0.005235 -0.995589 0.093673
vn -0.231739 0.906877 -0.351953
vn 0.130381 -0.862151 -0.489588
vn -0.067075 -0.427653 0.901451
vn 0.047987 0.280646 -0.958611
vn -0.617885 -0.426087 -0.660808
vn 0.844075 0.536210 -0.004009
vn 0.697293 0.552482 -0.456668
vn 0.174179 0.865693 0.469295
vn 0.208972 -0.086150 0.974119
vn 0.373170 -0.239130 -0.896416
vn -0.108292 -0.004021 0.994111
vn 0.936172 0.070171 -0.344469
vn 0.905040 -0.273384 -0.325829
vn -0.477778 -0.036147 0.877737
vn 0.384044 -0.636371 -0.668986
vn -0.110172 -0.563780 0.818544
vn -0.054301 -0.005257 0.998511
vn -0.322430 0.059974 -0.944691
vn -0.323327 -0.896027 -0.304296
vn -0.044901 0.119488 0.991820
vn -0.047713 0.136164 0.989537
vn -0.041476 0.967263 0.250362
vn 0.437881 0.898994 0.008358
vn -0.130737 -0.540101 0.831384
vn -0.054024 -0.315100 0.947520
vn 0.960979 0.169116 0.218904
vn 0.862503 0.353182 0.362425
vn 0.906508 0.115165 0.406177
vn 0.947752 -0.059614 -0.313389
vn 0.727079 -0.355475 -0.587361
vn 0.738514 -0.512538 -0.438067
vn 0.636189 0.267564 -0.723652
vn 0.735462 0.671468 0.090698
vn -0.044108 0.032347 0.998503
vn 0.721832 0.660541 0.206504
vn 0.367754 0.924749 -0.097958
vn -0.534021 -0.262636 -0.803644
vn 0.953499 0.098329 0.284904
vn 0.035360 0.063665 0.997345
vn 0.348728 0.082511 0.933585
vn 0.014809 0.053528 0.998457
vn -0.006638 -0.446074 0.894972
vn 0.760013 -0.442571 0.475931
vn 0.884460 0.439056 -0.157992
vn 0.735144 0.445476 -0.510994
vn 0.126334 0.134148 -0.982875
vn 0.056942 -0.131881 0.989629
vn -0.375091 -0.111811 -0.920220
vn -0.550248 0.399844 0.733043
vn -0.227939 -0.196995 0.953539
vn -0.122993 0.737569 0.663977
vn 0.210149 -0.394215 0.894668
vn -0.639836 0.768434 -0.010910
vn 0.175162 0.054889 -0.983008
vn -0.067202 -0.224462 0.972163
vn 0.244807 0.075033 0.966664
vn 0.025974 0.073278 0.996973
vn 0.014891 0.118063 0.992894
vn -0.569536 -0.786487 -0.238886
vn -0.108616 -0.108288 -0.988168
vn 0.443506 0.754027 0.484505
vn -0.410828 0.774866 -0.480419
vn 0.961373 -0.262916 0.081472
vn 0.879035 -0.237327 0.413489
vn 0.500572 0.594682 -0.629112
vn -0.277875 0.166005 0.946165
vn 0.504922 -0.342882 -0.792140
vn -0.488996 0.325600 0.809239
vn -0.296546 0.409039 0.862988
vn 0.536083 -0.823308 -0.186489
vn 0.034379 0.109368 0.993407
vn 0.051430 0.095259 0.994123
vn 0.081756 0.250520 0.964653
vn 0.024987 -0.110699 0.993540
vn -0.021046 -0.051816 0.998435
vn 0.059016 -0.014421 0.998153
vn 0.005227 0.273205 0.961942
vn 0.717295 0.668801 0.195431
vn 0.078138 0.110737 0.990773
vn 0.016373 0.726771 0.686685
vn -0.040667 0.997264 -0.061730
vn -0.214066 0.288150 0.933352
vn 0.650761 0.331424 0.683131
vn 0.254774 0.266720 -0.929490
vn -0.138847 -0.292960 0.945989
vn 0.008641 -0.051993 0.998610
vn 0.840330 0.238927 0.486579
vn 0.076532 0.048947 0.995865
vn 0.069627 0.858625 -0.507854
vn -0.233990 0.159107 0.959132
vn -0.291249 0.319322 0.901780
vn -0.112636 0.520183 0.846595
vn 0.218773 -0.083956 -0.972157
vn -0.009267 -0.135897 0.990680
vn 0.920049 -0.333367 0.205853
vn 0.017167 -0.017666 0.999697
vn 0.116274 0.043641 0.992258
vn 0.069468 0.045081 0.996565
vn -0.044263 -0.082974 -0.995568
vn -0.003877 0.143720 0.989611
vn 0.003367 0.139948 0.990153
vn 0.003367 0.139948 0.990153
vn -0.209262 -0.967261 -0.143582
vn -0.089624 0.639032 -0.763941
vn 0.935329 -0.345417 0.076463
vn -0.281186 0.177570 0.943082
vn 0.945863 0.179589 0.270352
vn -0.120025 0.109921 0.986667
vn 0.090483 0.291828 0.952181
vn 0.107331 0.343834 0.932876
vn -0.490186 -0.097598 0.866137
vn -0.205583 -0.024566 0.978331
vn -0.045653 -0.072811 0.996300
vn -0.251282 0.165206 0.953711
vn -0.027519 0.054627 0.998128
vn 0.024414 0.055027 0.998186
vn 0.028386 0.011441 0.999532
vn 0.038458 -0.005425 0.999245
vn 0.287288 -0.108209 0.951712
vn 0.027950 0.161962 0.986401
vn -0.054223 -0.047441 -0.997401
vn 0.017356 -0.251210 0.967777
vn 0.029584 0.096221 0.994920
vn 0.790212 0.547042 0.276242
vn -0.145693 0.170783 -0.974478
vn -0.534021 0.157331 -0.830704
vn 0.352194 -0.336441 0.873365
vn -0.529759 0.234228 0.815165
vn -0.020600 0.058517 0.998074
vn -0.551155 0.679725 -0.483945
vn -0.013830 0.082792 0.996471
vn 0.242358 0.324959 0.914147
vn -0.082184 0.398169 0.913623
vn -0.605902 -0.523613 -0.598926
vn 0.497359 -0.260768 0.827426
vn 0.200976 0.639656 0.741922
vn -0.222166 -0.339758 0.913897
vn 0.873357 -0.480380 0.080513
vn 0.000720 0.064970 0.997887
vn -0.417655 0.908396 -0.019515
vn 0.036985 -0.011045 -0.999255
vn -0.230104 -0.175239 0.957258
vn -0.080477 -0.063279 0.994746
vn 0.903712 0.425731 0.045365
vn 0.259615 0.420483 0.869364
vn -0.004099 0.113677 0.993509
vn 0.065071 0.168686 0.983520
vn 0.047530 -0.010019 0.998820
vn 0.010293 -0.039569 0.999164
vn 0.049697 -0.140191 0.988876
vn 0.120646 -0.154245 0.980639
vn -0.085271 0.402031 -0.911647
vn -0.182440 -0.147086 0.972153
vn 0.403180 -0.152086 0.902395
vn 0.345779 -0.785287 -0.513577
vn 0.081628 -0.189751 0.978433
vn -0.070723 0.208240 0.975518
vn -0.243207 0.494583 0.834409
vn -0.217021 0.346545 0.912583
vn 0.382129 -0.269977 -0.883793
vn 0.014769 -0.236496 0.971520
vn 0.134908 0.402858 0.905265
vn -0.027862 0.045921 0.998556
vn 0.033507 0.051829 0.998094
vn 0.121779 0.015562 0.992435
vn -0.025061 0.734941 0.677668
vn -0.141556 -0.971702 0.189094
vn -0.339016 -0.906378 -0.252085
vn -0.288837 -0.069826 -0.954829
vn -0.147421 0.080464 0.985795
vn -0.135892 -0.255910 0.957102
vn -0.203562 -0.519966 -0.829577
vn 0.111560 -0.034999 0.993141
vn 0.206993 0.195274 -0.958656
vn 0.335124 0.647841 0.684100
vn -0.224366 -0.211232 -0.951336
vn -0.384582 0.347218 0.855299
vn -0.404825 -0.865579 -0.294772
vn -0.126990 0.002025 0.991902
vn -0.384509 -0.319978 0.865891
vn -0.564672 0.296432 0.770242
vn -0.261726 0.495829 -0.828042
vn 0.347202 -0.088018 -0.933651
vn 0.339879 0.635211 -0.693534
vn -0.371072 0.214469 0.903498
vn 0.100700 -0.064037 0.992854
vn 0.033525 0.071459 0.996880
vn -0.044541 0.007115 0.998982
vn 0.162171 -0.051068 0.985440
vn 0.147269 0.059087 0.987330
vn 0.093148 0.023443 0.995376
vn -0.042110 -0.277155 0.959902
vn -0.325071 0.738324 0.590938
vn 0.508474 0.633808 -0.582874
vn 0.039794 0.787970 0.614426
vn 0.120924 -0.489008 0.863857
vn 0.060779 -0.185294 0.980802
vn -0.209480 -0.135038 0.968444
vn -0.273975 -0.098532 0.956676
vn -0.196610 0.522426 0.829708
vn 0.773215 -0.201695 -0.601214
vn -0.018047 0.047346 0.998716
vn 0.025364 0.062977 0.997693
vn 0.378905 0.867214 0.323066
vn 0.061421 0.026923 0.997749
vn 0.183537 -0.200117 0.962428
vn 0.048364 -0.115997 0.992071
vn -0.261100 0.882460 -0.391267
vn -0.487736 0.743028 0.458283
vn 0.283803 -0.161748 -0.945142
vn 0.723966 0.251947 -0.642180
vn -0.005099 0.028492 0.999581
vn -0.005099 0.028492 0.999581
vn -0.037149 0.049994 0.998058
vn 0.917302 0.343963 -0.200614
vn 0.029737 0.103514 0.994183
vn -0.008982 0.111488 0.993725
vn 0.060788 0.004621 0.998140
vn 0.066702 0.044286 0.996790
vn -0.168582 -0.971797 0.164893
vn 0.048190 -0.333581 0.941489
vn 0.199889 -0.081150 0.976452
vn -0.296434 0.526304 -0.796951
vn 0.409663 0.713073 0.568950
vn -0.043181 0.396230 0.917135
vn 0.534498 0.308055 0.787028
vn -0.124098 0.983492 0.131692
vn 0.165711 -0.387704 0.906766
vn 0.046472 -0.064586 0.996829
vn -0.021410 0.010757 0.999713
vn -0.246286 0.897813 0.365068
vn 0.009188 0.112123 0.993652
vn 0.025273 0.037309 0.998984
vn 0.096736 0.015120 0.995195
vn 0.069978 0.074233 0.994783
vn -0.121494 0.030425 -0.992126
vn 0.174312 0.864829 -0.470836
vn -0.206047 -0.307643 0.928924
vn -0.510644 -0.353384 -0.783812
vn -0.386427 0.300397 -0.872030
vn -0.093447 0.008911 -0.995584
vn 0.400577 0.221108 0.889185
vn 0.932445 0.333713 -0.138503
vn 0.195773 -0.031103 0.980156
vn -0.262871 0.901725 0.343205
vn 0.191853 0.897699 -0.396647
vn 0.035911 0.715373 -0.697819
vn 0.012272 0.014164 0.999824
vn -0.029367 0.044656 0.998571
vn -0.003260 0.056721 0.998385
vn 0.033789 0.061806 0.997516
vn -0.435035 0.584291 -0.685090
vn -0.563794 0.820163 0.097305
vn -0.035642 -0.551013 0.833735
vn -0.166735 0.380309 -0.909706
vn 0.378146 0.650049 0.659122
vn -0.204041 -0.956166 0.210033
vn 0.272048 -0.251501 0.928836
vn 0.122053 -0.645845 0.753649
vn -0.009323 0.007169 0.999931
vn 0.007791 0.010191 0.999918
vn 0.028929 0.011396 0.999517
vn 0.046657 0.042298 0.998015
vn 0.878281 0.474272 0.060736
vn -0.051575 0.025532 0.998343
vn -0.044450 -0.082469 -0.995602
vn -0.003464 0.044499 0.999003
vn -0.347802 0.296027 0.889608
vn -0.491575 0.381381 -0.782881
vn -0.277634 -0.297875 -0.913340
vn -0.033087 0.596780 0.801722
vn -0.366782 -0.641595 0.673667
vn 0.089657 0.247331 0.964774
vn -0.475384 0.276108 0.835329
vn -0.258227 0.191715 0.946871
vn 0.884351 0.044561 -0.464691
vn 0.293762 -0.524905 -0.798861
vn -0.017991 -0.090474 -0.995736
vn 0.033804 0.073277 0.996739
vn -0.028016 0.082940 0.996161
vn -0.022067 0.031316 0.999266
vn -0.012462 0.029084 0.999499
vn 0.250402 -0.144694 -0.957268
vn 0.960758 -0.102504 -0.257753
vn -0.329833 0.052047 -0.942603
vn 0.327788 0.130927 0.935635
vn 0.680178 0.295185 -0.670987
vn 0.720549 0.186100 0.667964
vn 0.900551 0.427675 0.078113
vn 0.284091 0.295934 0.911984
vn -0.088570 -0.173032 -0.980926
vn 0.506371 0.785445 -0.355900
vn 0.914210 0.224430 -0.337420
vn 0.297295 0.089597 0.950572
vn -0.347537 -0.259681 0.900991
vn -0.280559 0.764529 0.580329
vn 0.007604 -0.019364 0.999784
vn 0.931475 0.355352 -0.077970
vn 0.025549 0.088202 0.995775
vn 0.100874 0.938590 0.329960
vn 0.164893 0.934427 -0.315685
vn 0.004794 0.270942 0.962584
vn -0.166309 0.832218 0.528919
vn 0.031029 -0.049298 0.998302
vn 0.868166 0.212890 0.448292
vn 0.757145 0.244353 -0.605824
vn 0.913572 0.018129 0.406273
vn 0.924185 0.275886 -0.264137
vn 0.467832 -0.712768 0.522585
vn -0.670457 -0.068062 -0.738820
vn -0.053761 0.040115 0.997748
vn -0.293884 -0.310563 -0.903982
vn -0.288260 -0.919231 0.268179
vn 0.649608 0.511880 -0.562129
vn -0.005162 0.052279 0.998619
vn 0.003688 -0.035965 0.999346
vn -0.494521 0.252709 0.831617
vn 0.889169 0.331731 -0.315173
vn -0.087869 -0.032649 -0.995597
vn -0.012611 -0.992529 -0.121354
vn -0.232583 0.685688 0.689737
vn 0.021583 0.038972 0.999007
vn 0.063601 0.971083 0.230115
vn 0.064401 0.515108 0.854703
vn 0.136599 0.790463 0.597083
vn 0.050055 0.162787 0.985391
vn 0.724443 -0.292047 0.624413
vn 0.975295 0.012081 -0.220574
vn 0.448674 -0.121706 0.885369
vn 0.424750 0.118108 0.897574
vn -0.701178 0.193052 -0.686353
vn -0.128571 0.743672 0.656065
vn 0.417631 0.645135 -0.639832
vn -0.167080 -0.101773 0.980677
vn 0.551164 0.104655 -0.827808
vn 0.029997 -0.036693 -0.998876
vn 0.013420 -0.016382 0.999776
vn -0.000715 0.043311 0.999061
vn 0.131246 -0.026921 0.990984
vn 0.001349 -0.176684 0.984267
vn -0.423834 -0.276201 0.862599
vn 0.713760 -0.496208 0.494292
vn -0.576390 0.593954 -0.561242
vn 0.914012 -0.137531 -0.381664
vn 0.006245 -0.210239 0.977630
vn 0.224335 -0.359249 0.905877
vn 0.963899 -0.110606 -0.242210
vn 0.325185 0.068617 0.943158
vn -0.365736 -0.929489 0.047821
vn -0.244838 0.162740 -0.955809
vn -0.277248 0.245495 -0.928906
vn 0.126585 -0.120261 0.984639
vn 0.417631 0.645135 -0.639832
vn 0.955510 -0.290370 -0.051827
vn 0.889014 -0.242794 -0.388209
vn 0.555643 0.273925 -0.785001
vn 0.005453 0.009834 0.999937
vn 0.088217 -0.076923 0.993127
vn -0.115748 0.632833 0.765588
vn 0.074763 0.088540 0.993263
vn 0.023643 0.049794 0.998480
vn -0.002013 0.046978 0.998894
vn -0.013411 -0.011284 0.999846
vn 0.030009 0.044272 0.998569
vn 0.049637 0.082929 0.995319
vn 0.460628 -0.067330 -0.885036
vn 0.852523 -0.126261 0.507211
vn 0.130929 0.277911 -0.951642
vn 0.181370 0.108093 0.977456
vn 0.722804 -0.290947 -0.626820
vn -0.302475 -0.561158 0.770461
vn -0.320641 0.288958 -0.902049
vn -0.178816 0.063361 -0.981840
vn 0.567254 0.211088 -0.796031
vn 0.215616 -0.949324 -0.228677
vn 0.180577 -0.372423 -0.910326
vn 0.039244 -0.934820 0.352948
vn 0.898198 -0.367537 -0.241158
vn -0.002370 0.009629 0.999951
vn 0.008711 -0.007760 0.999932
vn 0.033663 0.028475 0.999028
vn 0.364834 -0.591008 -0.719448
vn 0.067352 0.099440 0.992761
vn -0.019062 0.056824 0.998202
vn -0.159836 0.963958 -0.212689
vn -0.059389 -0.805256 0.589946
vn -0.519046 0.678490 -0.519849
vn 0.447179 0.056184 -0.892678
vn -0.287469 -0.482291 0.827501
vn 0.804656 -0.209688 -0.555482
vn -0.361494 0.121131 -0.924472
vn -0.472897 0.014616 -0.880996
vn 0.828768 -0.310208 0.465741
vn -0.310984 0.423293 -0.850948
vn -0.457458 0.552897 -0.696446
vn -0.014384 -0.124758 0.992083
vn -0.034622 0.265765 0.963416
vn -0.063101 0.223478 0.972664
vn 0.367827 0.318367 -0.873696
vn -0.354610 -0.241599 0.903262
vn -0.275384 -0.197743 0.940777
vn 0.973934 -0.191422 -0.121700
vn -0.194976 0.259225 0.945932
vn -0.289873 -0.068751 0.954593
vn -0.025966 0.098161 0.994832
vn -0.539245 0.841881 0.021240
vn -0.618061 0.628381 0.472375
vn -0.074408 -0.921945 0.380105
vn -0.416346 -0.229322 0.879811
vn 0.971043 0.235603 0.039571
vn -0.154429 -0.091496 0.983758
vn 0.169698 0.001057 0.985496
vn -0.711004 0.547512 0.441252
vn -0.003005 0.038417 0.999257
vn -0.048636 0.035043 0.998202
vn -0.047740 0.529194 0.847157
vn -0.000751 0.070264 0.997528
vn -0.029939 0.072503 0.996919
vn 0.386061 0.498094 -0.776440
vn -0.704396 0.098621 0.702923
vn -0.134167 0.288281 0.948100
vn 0.028630 -0.341240 0.939540
vn 0.749051 -0.252547 -0.612489
vn 0.588735 0.672757 0.448094
vn 0.231628 0.003605 -0.972798
vn 0.069778 0.083295 0.994079
vn 0.409004 -0.186789 0.893211
vn 0.996140 0.050638 -0.071697
vn 0.224165 -0.039605 0.973746
vn -0.253336 0.136187 -0.957744
vn 0.139416 -0.013074 0.990148
vn 0.109941 -0.544904 0.831259
vn 0.385551 0.433440 -0.814543
vn 0.638660 0.521911 -0.565439
vn -0.069211 0.270929 0.960108
vn -0.044435 -0.058743 0.997284
vn -0.039733 0.102161 0.993974
vn 0.040142 0.041739 0.998322
vn 0.439858 -0.718455 -0.538839
vn 0.037125 0.028501 0.998904
vn -0.193636 -0.143212 -0.970564
vn 0.912725 -0.227441 -0.339416
vn 0.366573 0.060140 -0.928444
vn -0.233530 -0.020068 -0.972142
vn -0.465672 -0.847576 -0.254489
vn -0.307546 0.184369 0.933501
vn -0.093121 0.210890 0.973064
vn 0.245544 0.276434 0.929135
vn -0.038549 0.990892 0.129024
vn 0.232734 -0.051129 0.971195
vn 0.178934 -0.487617 0.854524
vn -0.070998 0.381149 0.921784
vn 0.014008 -0.256946 0.966324
vn 0.309839 -0.226630 0.923384
vn -0.031980 0.009320 0.999445
vn -0.209164 -0.918791 -0.334772
vn 0.044603 0.471773 0.880591
vn 0.001674 0.069675 0.997568
vn 0.668902 -0.729979 -0.140360
vn 0.012089 0.110962 0.993751
vn 0.139658 -0.021118 0.989975
vn -0.068147 0.065760 0.995506
vn -0.290400 0.529412 0.797114
vn 0.203386 0.976074 0.076902
vn 0.843368 -0.139170 0.519002
vn 0.709241 -0.173216 0.683354
vn -0.229184 -0.020034 0.973177
vn -0.194828 0.388473 -0.900628
vn 0.462134 -0.343906 0.817411
vn 0.461995 -0.874035 -0.150408
vn 0.168055 0.046594 0.984676
vn -0.260056 0.477816 0.839084
vn -0.084683 0.226770 0.970260
vn 0.484235 0.631905 -0.605155
vn 0.070746 -0.285911 0.955641
vn -0.057250 0.392079 0.918148
vn -0.055376 0.380801 0.922997
vn -0.096412 -0.128496 0.987012
vn 0.008045 0.213397 0.976932
vn 0.060625 0.114341 0.991590
vn 0.076178 -0.002707 0.997091
vn -0.191455 0.923211 -0.333205
vn 0.584046 0.318555 -0.746601
vn 0.070807 0.039142 0.996722
vn 0.294556 0.736448 -0.609000
vn -0.440876 -0.004623 0.897556
vn 0.187836 -0.003579 0.982194
vn 0.327800 0.093757 0.940083
vn 0.870995 -0.438286 -0.221973
vn 0.083696 0.185539 0.979066
vn 0.298423 0.002493 0.954430
vn -0.375336 0.083938 -0.923080
vn -0.203795 -0.064468 0.976889
vn -0.165402 -0.445984 -0.879625
vn -0.076688 0.132641 0.988193
vn -0.041349 0.185274 0.981817
vn -0.043513 0.231350 0.971897
vn 0.052809 0.125042 0.990745
vn 0.608251 -0.762737 -0.219689
vn 0.258134 0.917635 0.302180
vn -0.066021 -0.744040 0.664866
vn 0.101189 -0.142696 0.984580
vn -0.366335 0.455896 -0.811146
vn 0.234128 -0.840591 0.488458
vn 0.134698 0.269153 0.953632
vn -0.806990 0.239730 0.539719
vn 0.089544 -0.304736 0.948218
vn -0.336683 0.034038 -0.941003
vn 0.475093 0.503229 0.721836
vn -0.354326 -0.449008 -0.820271
vn -0.033165 -0.023166 0.999181
vn 0.472013 -0.350611 -0.808873
vn 0.010086 0.010080 0.999898
vn -0.069146 -0.013242 0.997519
vn 0.024771 0.015497 0.999573
vn -0.101699 0.087660 0.990945
vn -0.035318 0.068099 0.997053
vn 0.448166 -0.232250 -0.863254
vn 0.197054 -0.193007 0.961207
vn 0.675562 0.066403 0.734307
vn 0.013636 -0.217576 0.975948
vn -0.605648 0.669435 0.430172
vn 0.215984 -0.264964 0.939758
vn -0.511908 0.032605 -0.858421
vn -0.274178 0.123943 -0.953658
vn -0.009190 -0.543737 0.839205
vn 0.220260 -0.492603 0.841919
vn 0.125363 0.717860 -0.684807
vn 0.163080 -0.411469 0.896715
vn 0.083729 -0.441173 0.893508
vn 0.076089 -0.370003 0.925909
vn 0.086194 0.445543 0.891101
vn 0.242148 0.466713 0.850613
vn -0.029244 0.150877 0.988120
vn 0.913598 0.137167 -0.382785
vn -0.011499 0.132567 0.991107
vn -0.069459 0.065443 0.995436
vn 0.069798 -0.003029 -0.997557
vn -0.038338 0.010362 0.999211
vn -0.870169 0.411449 -0.271138
vn 0.492523 -0.813374 -0.309587
vn -0.034441 0.061307 0.997525
vn 0.112681 -0.877914 0.465370
vn 0.246824 0.413327 0.876492
vn -0.052284 -0.385434 0.921253
vn 0.015392 -0.014335 0.999779
vn -0.465855 0.676194 -0.570737
vn 0.841923 -0.539529 -0.008654
vn -0.226723 -0.044407 -0.972946
vn 0.081341 0.479240 0.873907
vn 0.130461 0.212399 0.968435
vn 0.158493 -0.090847 0.983172
vn -0.005685 -0.413312 0.910572
vn 0.976444 -0.186620 -0.108306
vn -0.024567 0.186067 0.982230
vn -0.019555 0.101896 0.994603
vn -0.033682 -0.016371 0.999298
vn 0.025151 0.022176 0.999438
vn -0.173833 0.972987 0.151918
vn 0.091225 -0.035123 0.995211
vn 0.068527 0.014945 0.997537
vn -0.282878 0.624623 -0.727892
vn -0.056714 0.030019 0.997939
vn 0.618591 0.769480 0.158889
vn -0.033719 0.180454 0.983005
vn -0.043928 0.000411 0.999035
vn -0.019835 0.049899 0.998557
vn -0.048254 -0.054103 0.997369
vn 0.458614 0.813472 -0.357682
vn 0.010335 0.447824 0.894062
vn -0.014393 0.143202 0.989589
vn 0.951565 -0.010054 -0.307284
vn -0.043618 0.014424 0.998944
vn -0.317936 0.652095 0.688250
vn 0.135692 -0.747303 0.650482
vn 0.047729 -0.203892 0.977829
vn -0.170048 0.940136 -0.295345
vn -0.516772 0.656300 0.549742
vn -0.170048 0.940136 -0.295345
vn 0.308565 0.949901 -0.049750
vn 0.079581 0.122870 0.989227
vn 0.112146 -0.012340 0.993615
vn -0.191328 0.015315 -0.981407
vn 0.961729 0.264359 0.072048
vn 0.552751 -0.308524 -0.774132
vn 0.258471 0.118825 0.958683
vn 0.088530 0.030274 0.995613
vn -0.255951 0.428695 -0.866435
vn 0.584604 -0.421880 -0.693005
vn 0.084614 -0.462745 0.882444
vn 0.904467 0.424463 0.042068
vn 0.138890 0.021183 0.990081
vn 0.800738 0.580135 -0.149205
vn -0.046582 -0.003426 0.998909
vn -0.869189 -0.350742 -0.348556
vn 0.247988 0.408725 0.878320
vn 0.045505 0.033275 0.998410
vn 0.008288 -0.481415 0.876453
vn 0.022008 -0.089257 0.995765
vn 0.372641 -0.141082 -0.917188
vn 0.760710 -0.435484 0.481326
vn 0.499521 0.040949 -0.865334
vn -0.442000 0.262200 -0.857839
vn 0.093918 -0.362810 0.927118
vn 0.163333 0.424857 0.890404
vn 0.826070 0.315861 -0.466734
vn 0.041426 -0.014611 0.999035
vn 0.054696 -0.000082 0.998503
vn -0.223259 -0.580744 -0.782874
vn 0.080230 0.029022 0.996354
vn -0.164906 -0.516154 -0.840471
vn -0.066076 0.073324 0.995117
vn 0.117172 0.110707 -0.986922
vn -0.035789 0.077128 0.996379
vn 0.050867 0.021939 0.998464
vn -0.144582 0.827268 -0.542885
vn 0.237878 -0.962432 0.130915
vn 0.296693 -0.549913 0.780749
vn 0.417243 0.839726 -0.347519
vn 0.609735 0.506272 -0.609846
vn 0.010396 -0.390158 0.920689
vn 0.143895 0.035774 0.988946
vn 0.012043 0.246319 0.969114
vn 0.694484 -0.702828 -0.154028
vn 0.116240 0.016627 0.993082
vn 0.771889 0.493775 -0.400468
vn 0.318444 0.078286 0.944703
vn 0.957475 0.245455 -0.151636
vn 0.003930 -0.066108 0.997805
vn -0.112430 0.454480 -0.883633
vn 0.568489 0.505577 -0.649009
vn 0.685327 -0.457689 0.566434
vn 0.196035 0.224051 0.954658
vn -0.317358 -0.328096 -0.889740
vn 0.984582 0.154429 -0.082160
vn 0.705717 0.204422 -0.678362
vn -0.270704 -0.587273 -0.762777
vn -0.069673 0.000520 -0.997570
vn 0.393441 0.422825 0.816348
vn -0.034114 -0.009562 0.999372
vn 0.039351 0.074855 0.996418
vn 0.058993 0.078811 0.995143
vn -0.025190 0.014997 0.999570
vn -0.174252 0.253126 -0.951611
vn 0.033616 -0.192242 0.980772
vn -0.154547 0.976960 -0.147186
vn 0.096835 -0.235348 -0.967075
vn 0.252396 0.111760 0.961148
vn 0.136460 -0.041948 0.989757
vn -0.159340 0.298302 0.941078
vn 0.368058 -0.172285 0.913702
vn -0.028817 0.055707 0.998031
vn 0.100927 0.023172 0.994624
vn 0.062175 0.136015 0.988754
vn -0.104914 0.984899 0.137718
vn -0.142407 0.874266 -0.464090
vn -0.386590 -0.822017 0.418135
vn -0.174068 -0.018609 -0.984558
vn 0.897518 0.400777 0.183958
vn -0.478511 -0.555131 -0.680336
vn 0.251602 0.058563 0.966057
vn 0.524427 -0.183165 -0.831521
vn -0.114204 -0.233532 0.965619
vn 0.909088 0.416261 0.016897
vn -0.208454 -0.337040 -0.918124
vn 0.032127 0.045994 0.998425
vn 0.045339 0.086874 0.995187
vn -0.094008 -0.086846 -0.991776
vn 0.096257 -0.087481 0.991505
vn 0.041095 0.083767 0.995638
vn 0.023682 0.136361 0.990376
vn 0.147874 0.164346 -0.975256
vn 0.048612 0.023963 0.998530
vn -0.018066 0.137210 0.990377
vn -0.049687 0.036411 0.998101
vn 0.188473 -0.240096 0.952277
vn 0.159748 0.249403 -0.955133
vn 0.062515 -0.117514 0.991102
vn 0.039981 0.022834 0.998940
vn 0.132672 -0.027180 0.990787
vn -0.324565 0.028713 -0.945428
vn 0.807065 -0.293542 0.512328
vn -0.192698 0.056825 -0.979611
vn 0.768192 -0.357334 -0.531218
vn 0.611002 -0.309942 0.728431
vn -0.469220 0.431639 0.770403
vn 0.287537 -0.074171 0.954893
vn 0.341962 0.114658 0.932692
vn 0.354172 0.305403 0.883907
vn -0.343477 0.335911 -0.877033
vn 0.024795 -0.218273 0.975573
vn 0.313547 0.285381 0.905675
vn 0.243192 0.616207 0.749097
vn 0.121321 0.041023 0.991765
vn 0.068685 0.105157 0.992081
vn 0.455142 0.886674 -0.081572
vn -0.128855 0.123204 0.983980
vn -0.050862 0.084452 0.995129
vn -0.069867 0.089632 0.993521
vn -0.086568 -0.991748 0.094567
vn 0.045125 -0.992107 0.116995
vn 0.459471 -0.024314 -0.887860
vn 0.199096 0.721211 0.663488
vn -0.089203 -0.155499 0.983800
vn 0.716535 0.688901 0.109512
vn 0.963052 0.089900 0.253866
vn -0.098024 -0.287841 0.952648
vn 0.708571 -0.377010 -0.596483
vn -0.768475 0.108011 0.630698
vn -0.535310 0.540833 0.648801
vn 0.627723 0.082326 -0.774071
vn 0.135204 0.052984 0.989400
vn 0.147989 0.034593 0.988384
vn 0.004192 0.060802 0.998141
vn 0.019979 0.126293 0.991792
vn 0.053989 0.107137 0.992777
vn 0.092816 -0.043486 -0.994733
vn 0.049831 0.998589 -0.018379
vn 0.121528 -0.129071 0.984160
vn 0.006817 -0.470595 0.882323
vn -0.023875 0.961750 0.272886
vn -0.511310 -0.857529 0.056633
vn 0.109671 0.012970 0.993883
vn 0.168425 -0.019197 0.985527
vn 0.164742 0.057453 0.984662
vn 0.080992 -0.067890 0.994400
vn 0.244452 -0.010438 0.969605
vn 0.256075 -0.172173 0.951200
vn 0.100270 0.087395 0.991115
vn -0.261861 -0.299346 -0.917508
vn 0.001366 0.063579 0.997976
vn 0.433495 0.885576 0.166845
vn -0.474173 -0.877712 -0.069152
vn 0.054455 0.078239 0.995446
vn 0.062713 0.051529 0.996700
vn 0.127901 -0.117464 0.984806
vn 0.119386 -0.152922 0.981000
vn -0.434887 0.640481 -0.632974
vn 0.911564 0.391372 -0.126011
vn -0.172260 0.373149 -0.911639
vn -0.114945 0.061253 -0.991482
vn 0.359786 0.860174 0.361461
vn -0.095951 -0.100706 -0.990279
vn -0.535213 0.100677 0.838696
vn 0.141774 0.099877 0.984848
vn 0.708040 0.629394 -0.320224
vn 0.126887 0.096392 0.987223
vn 0.261101 -0.147206 0.954021
vn 0.090435 -0.134436 0.986787
vn 0.086556 0.040542 0.995422
vn 0.028597 0.053070 0.998181
vn 0.022868 0.049551 0.998510
vn 0.012990 0.120697 0.992604
vn 0.229643 0.870890 0.434527
vn -0.093743 0.043273 0.994656
vn 0.186102 0.981681 -0.040856
vn 0.218436 -0.266991 0.938617
vn 0.833644 0.171172 0.525107
vn 0.407435 0.158009 -0.899461
vn -0.029298 -0.420497 0.906821
vn 0.034032 -0.291632 0.955925
vn -0.194539 -0.035548 -0.980250
vn 0.701303 0.257220 -0.664840
vn 0.141499 0.884008 -0.445543
vn 0.318733 -0.947709 0.016002
vn 0.803411 0.446173 0.394284
vn 0.390068 0.696562 0.602203
vn 0.175372 0.171881 0.969382
vn 0.093129 0.010952 0.995594
vn -0.228445 -0.814170 0.533797
vn -0.052993 -0.009699 0.998548
vn -0.075284 -0.958071 0.276465
vn 0.104187 0.038764 0.993802
vn -0.100008 -0.024519 -0.994685
vn 0.060981 0.081774 0.994784
vn 0.040942 0.052780 0.997767
vn -0.001399 0.008110 0.999966
vn -0.075074 0.010912 0.997118
vn 0.272535 0.441110 -0.855071
vn 0.079202 -0.133349 0.987899
vn 0.067691 0.936443 -0.344227
vn -0.828269 0.017017 -0.560073
vn 0.129506 0.914782 0.382626
vn 0.972290 0.017612 -0.233115
vn 0.962107 -0.269326 0.042586
vn 0.666993 0.523074 0.530579
vn 0.136433 -0.013952 0.990551
vn -0.066759 0.214014 0.974547
vn 0.333808 0.444156 -0.831443
vn 0.296128 0.912637 0.281785
vn 0.059374 -0.125126 0.990363
vn -0.274262 -0.140072 0.951399
vn 0.398733 0.648032 0.648897
vn 0.686112 -0.488848 0.538774
vn -0.049424 0.333940 0.941298
vn -0.006068 -0.265123 0.964196
vn 0.331994 0.149981 0.931282
vn 0.131641 -0.030252 0.990836
vn 0.084005 0.039416 0.995685
vn 0.012549 0.028890 0.999504
vn 0.102327 -0.008425 0.994715
vn -0.079916 0.024890 0.996491
vn -0.108941 0.008373 0.994013
vn 0.100848 0.991393 -0.083485
vn -0.026407 -0.398555 0.916764
vn 0.626790 0.761445 -0.165338
vn 0.233366 -0.368745 0.899759
vn 0.660517 0.476379 -0.580328
vn 0.658120 -0.177928 0.731588
vn -0.051530 -0.379880 0.923599
vn -0.303466 -0.867538 -0.394064
vn 0.097470 0.107791 0.989384
vn -0.233732 -0.262211 0.936277
vn -0.047846 0.143045 0.988559
vn 0.526533 -0.016599 -0.849992
vn -0.140260 0.288008 -0.947300
vn 0.096949 0.023550 0.995011
vn 0.749909 0.585123 0.308653
vn 0.905536 0.421679 0.046810
vn 0.043767 0.174766 0.983637
vn 0.330228 0.251654 0.909736
vn -0.303326 -0.076521 -0.949809
vn 0.017010 -0.041986 0.998973
vn -0.851100 -0.179654 0.493308
vn -0.006631 0.077416 0.996977
vn -0.084398 -0.035715 0.995792
vn 0.041637 -0.069899 0.996685
vn 0.041637 -0.069899 0.996685
vn -0.106738 0.076602 -0.991332
vn -0.539247 -0.000282 0.842147
vn 0.241057 -0.436061 0.867031
vn 0.176193 0.276253 0.944797
vn 0.110191 0.012170 0.993836
vn -0.039257 0.068091 0.996906
vn 0.011533 -0.026077 0.999593
vn -0.230843 0.955038 0.186048
vn -0.064105 -0.008389 0.997908
vn -0.206792 0.600990 -0.772041
vn -0.296091 0.898779 -0.323306
vn -0.088069 -0.160669 0.983071
vn 0.510252 -0.090102 0.855292
vn -0.088069 -0.160669 0.983071
vn -0.634311 -0.535041 0.558015
vn 0.851905 -0.463646 -0.243498
vn -0.120713 -0.055343 0.991144
vn 0.033533 -0.050330 0.998170
vn 0.013822 0.007354 0.999877
vn -0.028083 0.054769 0.998104
vn -0.115709 -0.176171 0.977535
vn -0.433000 -0.900153 0.047290
vn 0.858243 0.253421 0.446314
vn -0.044340 -0.043852 0.998054
vn 0.098473 -0.122727 0.987543
vn 0.933096 0.353616 0.065482
vn -0.074278 0.040917 0.996398
vn -0.065837 0.058107 0.996137
vn -0.267354 -0.279283 0.922238
vn -0.170300 0.173760 0.969951
vn 0.294796 0.919608 0.259647
vn 0.026043 -0.175188 0.984190
vn 0.966032 0.199808 -0.163885
vn 0.985044 0.147065 -0.089777
vn -0.165303 0.352849 0.920963
vn 0.695914 0.441180 0.566625
vn 0.937650 0.345592 -0.037123
vn 0.035398 0.386702 0.921525
vn -0.159636 0.059618 0.985374
vn 0.247984 0.590336 0.768119
vn -0.340960 -0.426642 -0.837689
vn 0.017470 0.090377 0.995754
vn 0.945616 0.230068 -0.229953
vn 0.016249 -0.045104 0.998850
vn 0.002456 0.009914 0.999948
vn 0.023846 -0.016082 0.999586
vn -0.078824 -0.140171 0.986985
vn 0.037654 -0.088322 0.995380
vn 0.076265 0.993089 0.089205
vn 0.103813 -0.303048 0.947304
vn 0.755686 0.636414 0.154646
vn 0.104113 0.158174 0.981907
vn -0.470227 -0.676057 0.567304
vn -0.081012 0.224109 0.971191
vn 0.250301 -0.036617 -0.967475
vn -0.204063 0.140513 0.968821
vn 0.016580 -0.086453 0.996118
vn -0.347034 0.677380 0.648632
vn 0.111691 0.096094 -0.989086
vn 0.946271 -0.246685 0.209088
vn 0.477319 0.532198 0.699237
vn 0.047201 0.501250 0.864014
vn -0.006463 -0.362220 0.932070
vn 0.925504 0.378738 -0.000110
vn -0.107574 -0.152307 0.982461
vn -0.320954 -0.883503 -0.341189
vn 0.042281 -0.089738 0.995068
vn 0.037552 -0.090989 0.995144
vn -0.227317 0.372309 -0.899841
vn -0.499758 0.755160 0.424236
vn -0.184083 -0.032638 0.982369
vn -0.107130 0.069160 0.991837
vn -0.174375 0.094530 0.980131
vn 0.130995 -0.242713 0.961213
vn -0.120879 0.015744 0.992542
vn 0.304709 0.028874 -0.952008
vn -0.052894 0.045131 0.997580
vn 0.354920 -0.322751 0.877419
vn 0.985681 -0.105468 0.131563
vn 0.883533 0.450019 0.129820
vn -0.085900 0.103364 0.990927
vn 0.891838 -0.383606 0.239733
vn 0.241241 0.020001 0.970259
vn 0.935560 0.349087 0.053522
vn 0.190771 0.967115 -0.168214
vn -0.047681 0.014925 0.998751
vn 0.003947 -0.055191 0.998468
vn -0.050424 -0.087966 0.994846
vn 0.029540 -0.063890 0.997520
vn 0.008914 -0.055432 0.998423
vn -0.181535 -0.975776 -0.122088
vn 0.275503 0.751328 0.599670
vn -0.172834 -0.098842 0.979979
vn 0.108406 -0.755550 -0.646059
vn -0.123380 0.408850 -0.904223
vn 0.174963 -0.192747 0.965524
vn -0.113566 0.080072 0.990299
vn 0.991833 0.123955 0.030052
vn 0.015890 -0.051011 0.998572
vn -0.565838 0.251148 -0.785336
vn -0.548245 0.488521 -0.678803
vn 0.141827 -0.032106 0.989371
vn -0.372624 0.927297 -0.035664
vn -0.050424 -0.087966 0.994846
vn 0.065435 -0.095591 0.993268
vn -0.500806 -0.822515 -0.269559
vn 0.034200 -0.055609 0.997867
vn 0.399116 0.910199 0.110657
vn -0.030821 -0.679011 0.733481
vn 0.040272 -0.144201 0.988729
vn 0.851773 0.510115 -0.119439
vn -0.566299 -0.045611 0.822937
vn -0.158039 -0.063199 0.985408
vn -0.346594 0.629907 0.695047
vn -0.172834 -0.098842 0.979979
vn 0.919060 -0.111541 0.378003
vn 0.165963 0.005417 -0.986117
vn 0.708324 -0.002374 0.705883
vn 0.767956 0.435391 0.469765
vn -0.095366 0.984841 0.144890
vn -0.063810 -0.696978 0.714248
vn 0.004855 -0.138757 0.990315
vn -0.340189 0.055578 0.938713
vn 0.820589 0.561419 -0.106969
vn -0.097886 -0.263451 0.959694
vn 0.802459 0.543784 0.245679
vn -0.069817 0.248525 0.966106
vn 0.000617 -0.079083 0.996868
vn 0.898607 0.319670 -0.300527
vn 0.424243 0.887366 0.180553
vn 0.132217 0.168823 0.976738
vn 0.234126 0.076549 -0.969188
vn 0.152605 -0.304339 -0.940260
vn 0.114044 -0.380639 -0.917665
vn -0.510559 0.109820 -0.852801
vn 0.226879 0.477026 0.849101
vn -0.005001 0.088996 0.996019
vn -0.057374 0.018683 0.998178
vn -0.048701 -0.000908 0.998813
vn -0.046638 -0.026275 0.998566
vn -0.046638 -0.026275 0.998566
vn -0.109314 0.956943 0.268907
vn -0.037738 -0.148967 0.988122
vn -0.097741 -0.536204 0.838410
vn 0.802144 0.215313 0.556961
vn -0.390574 0.134523 0.910690
vn 0.157746 -0.081386 -0.984120
vn 0.267082 -0.404411 0.874711
vn -0.155387 -0.127320 0.979614
vn 0.902751 0.426805 -0.053648
vn -0.540659 0.647463 -0.537102
vn 0.866507 -0.014774 0.498945
vn -0.174042 0.449711 0.876053
vn -0.221677 0.027028 0.974746
vn 0.026806 0.156387 0.987332
vn 0.693134 -0.664428 0.279464
vn 0.453705 0.397533 0.797571
vn -0.063587 -0.029107 0.997552
vn 0.975304 0.150795 0.161381
vn 0.017436 0.030121 0.999394
vn 0.097667 -0.976419 0.192526
vn -0.158821 0.921724 -0.353837
vn 0.146733 -0.904788 0.399785
vn 0.141584 -0.452529 0.880438
vn -0.023643 -0.287731 0.957420
vn 0.523297 0.097834 -0.846516
vn -0.000359 0.117698 0.993049
vn -0.120702 0.104544 0.987168
vn 0.974428 -0.155264 -0.162432
vn -0.181922 -0.259457 0.948465
vn -0.191430 0.101129 0.976282
vn -0.047925 -0.155803 0.986625
vn -0.310955 -0.064045 0.948264
vn 0.726033 0.687465 0.016354
vn 0.799926 -0.333926 -0.498610
vn -0.388057 0.845931 -0.365804
vn -0.021791 0.330501 0.943554
vn 0.087874 0.021711 -0.995895
vn -0.032074 0.050387 0.998215
vn -0.207596 0.966513 0.150854
vn -0.044702 -0.007137 0.998975
vn 0.014346 -0.004724 0.999886
vn 0.075420 0.045664 -0.996106
vn -0.041430 -0.179714 0.982846
vn -0.040456 -0.174933 0.983749
vn 0.322461 0.653594 -0.684714
vn -0.211423 -0.045810 -0.976321
vn -0.113945 -0.085796 -0.989776
vn 0.075632 -0.319502 0.944562
vn 0.503496 -0.105555 0.857525
vn 0.709106 -0.307930 0.634308
vn 0.168657 0.926386 0.336696
vn -0.146714 0.758215 0.635283
vn -0.047765 -0.014520 0.998753
vn -0.004518 0.029318 0.999560
vn 0.056003 0.050318 0.997162
vn 0.075518 0.054269 -0.995667
vn 0.083240 0.050931 -0.995227
vn -0.329945 0.811370 -0.482508
vn -0.037475 -0.080638 0.996039
vn -0.444944 -0.210668 0.870427
vn 0.402422 0.351405 -0.845323
vn 0.258606 0.340706 -0.903904
vn 0.640844 0.125832 -0.757288
vn 0.725532 0.572442 -0.381987
vn -0.001260 0.121608 0.992577
vn 0.856407 0.515991 0.017911
vn -0.692976 0.561623 0.452067
vn 0.041148 -0.114211 0.992604
vn -0.079418 -0.148104 -0.985778
vn 0.112780 0.301820 0.946671
vn 0.014199 0.026845 0.999539
vn -0.019575 -0.001584 0.999807
vn 0.058846 0.041106 -0.997420
vn -0.110756 0.045395 0.992810
vn -0.657778 -0.516196 -0.548515
vn 0.025022 0.036496 0.999020
vn -0.146646 0.980675 -0.129501
vn 0.188067 0.166694 -0.967907
vn -0.321463 -0.576850 0.750937
vn -0.281102 -0.273774 -0.919798
vn 0.136198 -0.034641 0.990076
vn -0.020091 0.610866 0.791479
vn -0.281128 -0.073257 -0.956870
vn -0.030045 -0.154674 0.987509
vn -0.038520 -0.182294 0.982489
vn -0.001956 0.045777 0.998950
vn -0.511096 0.621626 0.593601
vn 0.284849 0.182943 -0.940953
vn 0.262258 -0.083308 -0.961395
vn -0.027451 0.419657 0.907268
vn 0.871607 0.111967 -0.477248
vn -0.048252 -0.060396 0.997008
vn -0.172999 -0.026824 0.984557
vn -0.047189 -0.971387 0.232765
vn -0.013851 -0.997100 0.074833
vn 0.104252 -0.187368 0.976742
vn -0.199723 0.104158 0.974301
vn -0.495063 -0.868547 -0.023192
vn -0.048802 -0.077223 -0.995819
vn 0.933750 -0.353154 -0.058253
vn -0.019875 -0.183069 0.982899
vn 0.742082 0.452763 0.494287
vn -0.319312 -0.317898 -0.892738
vn 0.151883 0.075981 0.985474
vn -0.069799 -0.146694 0.986716
vn -0.035645 -0.054175 0.997895
vn 0.112364 0.119102 -0.986503
vn 0.189257 0.191831 -0.963007
vn 0.902719 0.385651 0.190714
vn 0.397670 0.283003 -0.872793
vn -0.121087 0.451760 -0.883884
vn -0.212729 -0.665432 0.715505
vn -0.123716 0.764290 0.632894
vn -0.010691 -0.055229 0.998416
vn -0.241933 0.690077 0.682101
vn -0.098991 -0.130036 0.986555
vn -0.192258 -0.424386 0.884835
vn -0.043565 0.882403 -0.468473
vn 0.060402 0.468659 0.881312
vn -0.062411 -0.064204 0.995983
vn 0.012774 0.040343 0.999104
vn 0.043828 0.001658 0.999038
vn 0.052082 0.049384 0.997421
vn -0.060843 -0.191779 0.979550
vn 0.593132 -0.802962 0.058714
vn -0.064253 0.070859 0.995415
vn 0.755890 0.323170 -0.569378
vn 0.037686 -0.767312 0.640165
vn 0.177805 0.317405 0.931472
vn -0.380949 -0.565363 0.731602
vn 0.310992 0.058475 0.948612
vn 0.168449 0.141757 -0.975464
vn -0.414592 0.353429 0.838571
vn -0.087596 0.181139 0.979549
vn -0.163748 -0.083580 0.982955
vn -0.044811 -0.221388 0.974156
vn 0.051414 0.176889 0.982887
vn -0.013646 -0.828331 0.560073
vn 0.323789 0.706885 0.628868
vn -0.228931 -0.068586 -0.971024
vn -0.043997 0.040697 0.998202
vn -0.247171 0.646273 0.721968
vn 0.649369 0.624343 0.434185
vn -0.015394 -0.926473 0.376047
vn -0.032510 -0.997480 0.063066
vn 0.091940 0.219324 -0.971310
vn 0.166964 0.385762 -0.907365
vn -0.011011 -0.999740 -0.019951
vn -0.079674 -0.138166 0.987199
vn 0.048355 -0.158595 0.986159
vn 0.768051 0.097220 -0.632966
vn 0.640036 0.064028 -0.765672
vn 0.019639 -0.065295 0.997673
vn -0.062561 0.004773 0.998030
vn -0.041595 -0.013221 0.999047
vn 0.045092 0.064341 0.996909
vn -0.064524 -0.265666 0.961904
vn -0.623698 0.765129 -0.159933
vn 0.705752 -0.704212 0.077461
vn 0.669034 0.009963 -0.743165
vn 0.098368 0.559102 -0.823242
vn 0.309427 -0.580173 0.753429
vn -0.008976 -0.492517 0.870257
vn 0.178125 0.047695 0.982851
vn -0.015384 0.758994 0.650916
vn 0.144790 0.009580 0.989416
vn -0.008088 -0.057877 0.998291
vn 0.040871 0.049985 0.997913
vn 0.674240 0.717148 0.176350
vn -0.453919 -0.853720 -0.255186
vn -0.017515 0.038291 0.999113
vn -0.030096 -0.080971 0.996262
vn 0.714250 0.686320 0.137157
vn 0.075491 0.025126 0.996830
vn 0.064663 0.073124 0.995224
vn 0.483976 0.835323 -0.260775
vn 0.303039 0.445139 -0.842626
vn 0.366043 -0.339470 0.866471
vn -0.236516 0.209325 0.948811
vn 0.786732 0.583266 0.202124
vn 0.122440 0.524301 0.842684
vn -0.318904 0.015542 0.947660
vn -0.217330 0.087855 0.972136
vn -0.016707 -0.068652 0.997501
vn -0.076166 0.058879 0.995355
vn 0.262962 -0.435016 0.861169
vn 0.149988 0.006360 0.988667
vn 0.105620 0.244142 0.963970
vn 0.568158 0.199889 -0.798274
vn 0.557523 0.586021 -0.588003
vn 0.390090 0.695499 0.603416
vn 0.036599 -0.118541 0.992274
vn -0.029291 -0.087423 -0.995741
vn 0.028004 0.051782 0.998266
vn 0.132187 0.991197 -0.007489
vn -0.008498 -0.969597 0.244561
vn 0.972350 -0.233296 0.010389
vn 0.821088 -0.278342 0.498338
vn 0.361983 0.015314 0.932059
vn 0.035886 -0.506245 0.861643
vn -0.461387 -0.803801 0.375533
vn 0.836429 0.510782 0.198718
vn 0.317658 0.107606 0.942080
vn -0.003286 -0.019162 0.999811
vn 0.604238 0.772249 0.196286
vn 0.296477 0.793867 0.530920
vn 0.081920 0.085152 0.992995
vn -0.042749 -0.064769 -0.996984
vn 0.320604 -0.377769 0.868622
vn 0.997728 -0.004806 -0.067204
vn 0.923944 0.070960 0.375888
vn -0.092328 0.228592 0.969134
vn -0.175471 -0.325745 0.929032
vn 0.096648 -0.338704 -0.935916
vn -0.037758 -0.009794 0.999239
vn -0.600970 0.386505 -0.699606
vn -0.104665 -0.085928 0.990788
vn -0.009154 -0.023876 0.999673
vn 0.001072 -0.049488 0.998774
vn 0.219837 -0.222830 0.949747
vn 0.286015 0.144746 0.947230
vn -0.174029 -0.391831 0.903428
vn -0.491687 -0.544032 0.679907
vn -0.680082 -0.053426 0.731186
vn 0.896578 -0.015748 0.442607
vn -0.021199 0.219193 0.975451
vn 0.209875 -0.024665 0.977417
vn -0.012146 0.022411 0.999675
vn -0.011107 -0.001732 0.999937
vn 0.044635 0.124406 0.991227
vn 0.075069 0.059167 0.995421
vn -0.049636 -0.068679 -0.996403
vn -0.042749 -0.064769 -0.996984
vn 0.046788 0.881545 0.469775
vn -0.637236 -0.098162 0.764392
vn 0.404073 -0.250151 0.879858
vn -0.440828 0.290031 -0.849443
vn 0.267924 0.959532 -0.086686
vn 0.501248 0.567003 -0.653650
vn 0.219724 0.642744 0.733894
vn -0.063098 -0.155396 0.985835
vn 0.336540 -0.216461 0.916453
vn 0.011657 0.345769 0.938247
vn -0.068135 -0.047343 0.996552
vn 0.069434 0.129662 0.989124
vn -0.009923 -0.044243 0.998972
vn 0.083895 0.046741 -0.995378
vn -0.025178 -0.020635 0.999470
vn 0.035300 0.063022 0.997388
vn 0.042262 0.079347 0.995951
vn 0.059359 0.113084 0.991811
vn 0.971212 -0.236860 0.025382
vn -0.367475 0.163720 -0.915510
vn 0.965847 0.152497 0.209485
vn 0.833363 0.231869 0.501740
vn 0.089529 -0.087633 0.992121
vn -0.083353 0.976135 -0.200529
vn 0.197578 0.976076 0.090763
vn 0.196860 0.250706 -0.947836
vn -0.046295 -0.082375 0.995526
vn -0.057652 -0.072432 0.995706
vn 0.240095 0.137461 -0.960968
vn -0.319714 -0.879832 -0.351681
vn 0.709708 -0.683373 0.171219
vn 0.258597 -0.325910 0.909346
vn -0.381332 0.280513 -0.880851
vn 0.402044 0.156539 0.902140
vn -0.190946 -0.216259 0.957482
vn -0.424586 0.633392 -0.646947
vn 0.460224 0.045781 0.886621
vn 0.069434 0.129662 0.989124
vn -0.437062 -0.511499 -0.739828
vn -0.031389 -0.065827 0.997337
vn -0.062231 -0.047617 -0.996925
vn 0.042262 0.079347 0.995951
vn 0.856239 -0.252305 0.450773
vn 0.943493 -0.325013 -0.064712
vn -0.478509 0.309362 -0.821781
vn 0.279964 0.050438 0.958684
vn 0.563620 0.069107 0.823138
vn 0.849845 -0.015534 0.526803
vn 0.864849 0.167241 0.473357
vn -0.022936 0.057958 0.998055
vn 0.005424 -0.208389 0.978031
vn -0.092682 -0.120169 0.988418
vn -0.029618 -0.097556 0.994789
vn -0.229326 0.252513 -0.940025
vn 0.340078 -0.096413 0.935442
vn -0.461712 -0.380466 0.801291
vn 0.186581 0.572856 -0.798138
vn 0.314930 0.476894 -0.820604
vn 0.406012 0.323958 -0.854520
vn -0.096492 -0.097543 -0.990543
vn -0.120589 -0.000033 0.992703
vn -0.094552 -0.031822 0.995011
vn -0.049858 0.012759 0.998675
vn 0.020339 0.140589 0.989859
vn 0.078933 0.071607 0.994305
vn 0.062096 0.109471 0.992048
vn -0.479200 0.700162 -0.529283
vn 0.032232 -0.204428 0.978351
vn -0.446203 0.120602 0.886768
vn 0.009914 0.845006 0.534665
vn -0.094922 -0.248095 0.964074
vn -0.491750 -0.296210 0.818805
vn 0.002544 -0.065341 0.997860
vn -0.040871 -0.106432 0.993480
vn 0.059927 0.082286 0.994805
vn -0.052770 -0.138797 0.988914
vn 0.159492 -0.518471 0.840089
vn 0.016381 -0.531075 0.847166
vn -0.161846 -0.558355 -0.813662
vn -0.056077 0.039843 0.997631
vn -0.316674 0.906390 0.279597
vn 0.029772 0.111671 0.993299
vn 0.050938 -0.768198 0.638183
vn -0.491876 -0.260895 0.830658
vn -0.362329 0.019212 -0.931852
vn -0.565839 0.583433 -0.582608
vn 0.936006 -0.282852 0.209491
vn -0.176665 0.856775 0.484485
vn -0.004575 -0.147045 0.989119
vn -0.139821 -0.025673 0.989844
vn 0.082016 -0.032691 0.996095
vn -0.381483 -0.115763 0.917099
vn 0.443404 0.695597 -0.565276
vn 0.121468 -0.398424 0.909123
vn -0.381813 -0.152659 -0.911545
vn 0.945246 0.289375 0.150908
vn 0.087362 0.027571 -0.995795
vn 0.026582 0.122308 0.992136
vn -0.132663 0.939562 0.315632
vn 0.445178 -0.325267 0.834277
vn -0.089600 -0.267944 0.959259
vn 0.168225 0.239606 0.956185
vn 0.163537 0.057157 0.984880
vn -0.054176 -0.205153 -0.977229
vn -0.077869 -0.145003 0.986362
vn -0.329662 0.924760 -0.190112
vn -0.592096 0.778594 -0.207878
vn 0.100403 0.042896 0.994022
vn 0.945781 -0.083577 -0.313870
vn 0.440641 0.355561 -0.824265
vn -0.172019 0.757946 0.629227
vn 0.717927 0.004542 -0.696104
vn 0.132586 -0.928170 -0.347736
vn 0.010045 -0.086297 0.996219
vn -0.196640 0.966962 0.162228
vn -0.012600 0.044150 0.998945
vn -0.067226 0.460127 0.885305
vn 0.062907 0.093298 0.993649
vn 0.390258 0.184467 0.902037
vn 0.085539 0.156402 0.983982
vn 0.050055 0.016891 0.998604
vn -0.132663 0.939562 0.315632
vn 0.427018 -0.718421 0.549115
vn 0.033689 -0.222036 0.974456
vn -0.579742 0.099369 -0.808718
vn 0.834319 -0.326861 0.443929
vn 0.183976 0.093262 0.978496
vn 0.112533 0.068789 0.991264
vn 0.074662 0.043049 0.996279
vn -0.097819 -0.068296 0.992858
vn 0.148263 0.004787 0.988936
vn -0.042394 0.212689 -0.976200
vn 0.661414 0.330497 -0.673278
vn -0.132596 -0.283166 0.949861
vn -0.571374 -0.472284 0.671178
vn 0.011374 -0.091460 0.995744
vn 0.972430 0.180519 -0.147625
vn -0.094475 0.162321 0.982205
vn 0.115920 0.042368 0.992355
vn 0.069064 0.005382 0.997598
vn -0.054653 -0.191385 0.979992
vn -0.438475 0.817129 -0.374220
vn -0.082822 0.982839 0.164828
vn 0.225304 -0.936362 0.269191
vn -0.635885 0.257379 -0.727603
vn -0.542355 0.104943 -0.833569
vn 0.266750 0.147765 0.952371
vn -0.136110 0.172524 0.975556
vn 0.421491 0.137166 0.896399
vn 0.632614 0.266920 -0.727017
vn 0.500546 0.818637 -0.281579
vn -0.022036 -0.017425 0.999605
vn 0.336150 0.304609 0.891188
vn 0.648492 -0.758849 -0.060049
vn -0.026410 -0.547830 0.836173
vn -0.178130 0.313796 -0.932632
vn -0.114025 0.268717 0.956446
vn 0.012106 0.608724 0.793290
vn 0.013397 0.774876 0.631971
vn 0.102570 0.191800 0.976059
vn 0.036769 0.037783 0.998609
vn 0.628323 -0.378870 -0.679462
vn 0.010563 -0.038218 0.999214
vn 0.728465 0.147870 0.668934
vn -0.027827 0.496254 0.867731
vn -0.418572 -0.283096 0.862933
vn 0.213960 -0.058841 0.975069
vn -0.420624 -0.004097 -0.907226
vn -0.452537 -0.455495 -0.766639
vn 0.098488 -0.010779 0.995080
vn 0.078748 0.071955 0.994294
vn 0.023214 0.025279 0.999411
vn -0.012045 -0.008540 0.999891
vn -0.099089 -0.303992 0.947507
vn 0.845168 -0.310419 0.435121
vn -0.313936 0.647091 -0.694779
vn -0.059860 -0.214315 0.974929
vn -0.253214 -0.258402 0.932261
vn 0.371206 -0.113064 0.921641
vn -0.236630 0.054844 0.970051
vn 0.759540 0.640215 -0.114993
vn -0.494021 0.187111 -0.849078
vn -0.281777 -0.117669 -0.952237
vn -0.434062 -0.211100 -0.875801
vn 0.342207 -0.689180 0.638690
vn 0.043790 0.034008 0.998462
vn 0.124770 -0.220860 0.967292
vn 0.058707 0.453677 0.889230
vn -0.019283 0.039088 0.999050
vn -0.047978 -0.019304 0.998662
vn -0.002092 0.949449 0.313914
vn 0.322043 -0.485006 0.813054
vn -0.541639 0.301952 -0.784508
vn -0.307345 0.818256 0.485794
vn -0.235426 0.264370 -0.935245
vn -0.007418 0.011247 0.999909
vn -0.214717 -0.632622 -0.744101
vn 0.328266 0.224646 -0.917483
vn 0.043619 -0.023412 0.998774
vn 0.162402 -0.283731 0.945051
vn 0.208674 0.517322 0.829960
vn -0.055216 -0.379305 0.923623
vn 0.015843 -0.375653 -0.926625
vn -0.205329 -0.926905 -0.314145
vn 0.054426 -0.111748 -0.992245
vn 0.017233 0.230288 0.972970
vn 0.299426 -0.222205 0.927884
vn 0.281832 0.587994 0.758178
vn 0.191171 0.327519 0.925303
vn 0.101088 0.409871 0.906525
vn 0.082988 0.103054 0.991208
vn 0.842439 -0.285864 0.456705
vn 0.622346 -0.251777 0.741144
vn -0.497757 0.835522 -0.232682
vn -0.095341 0.067423 0.993159
vn -0.052280 -0.405548 0.912578
vn 0.945629 -0.324651 -0.019692
vn 0.872467 0.317679 -0.371323
vn -0.164529 0.075696 0.983463
vn 0.011418 0.048532 0.998756
vn 0.985864 0.079196 -0.147651
vn 0.458371 0.389321 0.798953
vn 0.082137 -0.134813 0.987461
vn -0.646613 0.599599 0.471564
vn 0.270667 0.292183 0.917261
vn 0.191171 0.327519 0.925303
vn -0.510659 0.797541 0.321180
vn -0.118699 -0.148952 -0.981694
vn -0.045562 0.042087 0.998075
vn -0.028342 0.040738 0.998768
vn -0.020602 0.017645 0.999632
vn 0.154302 -0.976656 0.149443
vn -0.370765 0.328412 -0.868722
vn 0.138407 0.546985 -0.825621
vn 0.500371 -0.308423 0.809014
vn -0.366812 0.648940 0.666578
vn 0.048933 -0.428501 0.902215
vn 0.636007 -0.200758 0.745111
vn 0.576976 0.811869 0.089261
vn -0.060346 -0.161027 0.985103
vn 0.322404 -0.205992 0.923917
vn 0.008454 0.194541 0.980858
vn 0.319478 0.131321 0.938450
vn 0.074444 -0.106334 0.991540
vn -0.283661 -0.202208 -0.937362
vn 0.275653 -0.945632 -0.172613
vn 0.228917 0.852409 0.470102
vn -0.019630 0.250470 0.967925
vn -0.002279 0.033189 0.999447
vn -0.391094 0.199254 -0.898523
vn 0.445688 -0.498483 0.743557
vn 0.313831 -0.451157 0.835444
vn -0.136236 0.100243 0.985592
vn -0.012646 -0.454604 0.890604
vn -0.007567 0.528528 0.848882
vn 0.378482 -0.041627 0.924672
vn -0.056339 -0.563095 0.824470
vn -0.103697 -0.165016 0.980825
vn 0.010114 -0.146900 0.989100
vn -0.277168 -0.773886 0.569454
vn -0.153208 0.311538 -0.937801
vn -0.034977 0.898966 0.436620
vn 0.644348 -0.174733 -0.744503
vn -0.372808 0.006646 0.927885
vn 0.145440 0.072330 0.986720
vn 0.086251 0.320996 0.943145
vn -0.518052 -0.236350 0.822047
vn 0.108085 0.067027 0.991880
vn 0.065805 0.333004 0.940626
vn 0.307625 -0.123125 0.943508
vn -0.176449 0.272267 -0.945905
vn -0.257181 0.308546 -0.915782
vn 0.215491 0.779120 -0.588673
vn 0.202335 0.394455 -0.896363
vn -0.305499 0.579770 0.755339
vn 0.247455 0.147662 -0.957581
vn -0.246153 0.307813 -0.919054
vn -0.492170 0.495408 -0.715779
vn 0.391412 -0.012976 0.920124
vn 0.063458 0.225698 0.972128
vn -0.138592 0.757658 0.637767
vn 0.158948 -0.212472 0.964153
vn 0.209060 -0.976413 -0.053965
vn -0.116170 0.300037 0.946827
vn -0.637629 0.056069 -0.768301
vn 0.044134 0.036233 0.998368
vn -0.060166 0.023213 0.997918
vn -0.688876 0.490131 0.534061
vn -0.402250 0.792208 -0.458914
vn 0.239942 -0.291082 0.926120
vn -0.130133 0.132647 0.982583
vn 0.150693 0.000949 -0.988580
vn 0.168136 -0.023088 -0.985493
vn -0.361108 -0.883066 -0.299659
vn 0.229751 -0.812815 0.535301
vn -0.449072 0.805554 -0.386545
vn 0.065906 -0.066334 0.995619
vn -0.425315 0.813552 0.396536
vn 0.088686 0.265059 0.960145
vn 0.426424 0.468972 0.773452
vn 0.228811 0.596181 0.769554
vn -0.042257 0.022157 0.998861
vn 0.058633 -0.045954 0.997221
vn 0.155316 0.112420 0.981447
vn 0.066769 0.017696 0.997611
vn -0.019107 0.077944 0.996775
vn -0.014921 0.034725 0.999286
vn 0.218972 -0.470722 0.854677
vn -0.216915 0.878496 0.425667
vn 0.469452 -0.882101 0.038895
vn -0.380260 0.399639 0.834081
vn 0.641872 0.409420 0.648364
vn -0.039444 -0.327053 0.944183
vn 0.564057 -0.065428 0.823140
vn 0.073618 0.236663 0.968799
vn 0.563852 -0.823755 -0.059151
vn 0.182415 0.179734 0.966654
vn 0.996842 0.046594 0.064305
vn 0.874296 0.023153 -0.484841
vn -0.013144 0.018431 0.999744
vn 0.015146 0.038687 0.999137
vn -0.154855 -0.108788 0.981929
vn -0.001549 -0.000564 0.999999
vn 0.813663 -0.311776 -0.490661
vn -0.008110 0.039227 0.999197
vn 0.132201 0.748409 -0.649928
vn -0.257513 0.503231 -0.824891
vn -0.257203 0.351592 -0.900128
vn -0.108570 0.755399 0.646208
vn 0.903947 0.414126 0.106673
vn -0.599465 0.202899 -0.774257
vn -0.032298 0.060467 0.997648
vn 0.711092 0.185086 0.678300
vn -0.070013 -0.079725 -0.994355
vn -0.598374 0.151537 -0.786756
vn 0.061658 -0.058736 0.996368
vn -0.038956 -0.085874 0.995544
vn 0.004032 -0.186588 0.982430
vn -0.368049 -0.151611 0.917363
vn -0.610534 0.423620 0.669174
vn -0.036749 0.246847 0.968358
vn -0.055624 0.280523 0.958234
vn 0.001103 0.118726 0.992926
vn 0.699527 -0.438940 -0.563910
vn -0.027991 0.035733 0.998969
vn 0.006922 0.023213 0.999707
vn -0.045965 0.997667 0.050473
vn 0.194191 0.093089 -0.976537
vn 0.038911 -0.018607 0.999069
vn 0.607626 0.759697 -0.231629
vn -0.297644 -0.948300 0.110162
vn -0.015930 -0.139908 0.990036
vn 0.032617 0.020822 0.999251
vn -0.593443 0.773496 -0.222550
vn 0.954135 -0.034703 0.297360
vn -0.124954 0.334938 0.933918
vn -0.023341 -0.015287 0.999611
vn 0.894094 -0.436884 -0.098633
vn -0.016958 0.057815 0.998183
vn -0.039003 0.058346 0.997534
vn -0.088357 -0.942920 -0.321082
vn -0.011598 0.133627 0.990964
vn 0.214027 -0.976570 0.022441
vn 0.057483 -0.403862 0.913012
vn 0.101181 -0.405744 0.908369
vn -0.363041 0.785261 0.501564
vn 0.867222 0.481704 -0.126041
vn -0.530961 -0.236722 -0.813661
vn 0.209987 0.041543 0.976821
vn -0.231979 -0.768209 0.596691
vn -0.386877 0.001350 -0.922130
vn -0.017918 -0.199860 0.979661
vn 0.027274 -0.114223 0.993081
vn -0.467972 0.321253 -0.823285
vn -0.244575 0.331225 0.911303
vn 0.106710 0.174081 0.978933
vn 0.938186 -0.338242 0.073486
vn -0.040824 0.315473 0.948056
vn -0.040545 0.016922 0.999034
vn -0.189087 -0.109383 0.975849
vn 0.031480 0.315486 0.948408
vn -0.025981 0.021379 0.999434
vn -0.012917 0.031468 0.999421
vn 0.008106 0.051740 0.998628
vn 0.958452 -0.260194 -0.116912
vn -0.043781 0.058338 0.997336
vn 0.316612 0.948267 0.023385
vn 0.007665 0.102642 0.994689
vn 0.138936 -0.394006 0.908546
vn 0.012204 -0.205115 0.978662
vn 0.957465 -0.048032 -0.284522
vn -0.107148 0.203286 0.973239
vn 0.648167 0.263025 -0.714631
vn -0.092509 0.196295 0.976171
vn 0.127474 0.209959 0.969364
vn -0.467252 0.164689 0.868650
vn 0.196523 0.559965 -0.804872
vn 0.965688 -0.049939 0.254858
vn 0.858456 -0.289546 0.423339
vn -0.102966 -0.290930 0.951188
vn -0.521228 -0.123786 0.844392
vn 0.967656 0.134302 0.213551
vn 0.789019 0.346290 0.507476
vn 0.987253 0.156269 0.030203
vn 0.064497 0.012915 0.997834
vn 0.336814 0.932494 0.130428
vn -0.055264 0.001915 0.998470
vn 0.984558 0.103756 -0.140998
vn 0.000800 0.093527 0.995616
vn 0.028840 0.090841 0.995448
vn -0.003176 -0.116083 0.993234
vn 0.146811 -0.926330 0.346927
vn 0.103815 -0.409759 0.906267
vn -0.106277 0.301876 0.947405
vn 0.091905 0.213337 0.972646
vn 0.181158 0.256176 0.949503
vn -0.293350 -0.013127 -0.955915
vn 0.068526 -0.160368 0.984676
vn 0.990907 -0.032614 0.130538
vn 0.948136 0.160374 0.274441
vn 0.212471 0.158414 0.964241
vn 0.324334 -0.277646 0.904279
vn -0.083769 0.021626 0.996251
vn -0.078712 0.019967 0.996697
vn 0.090311 -0.030023 -0.995461
vn -0.078712 0.019967 0.996697
vn 0.859372 -0.450677 0.241597
vn 0.066042 0.435833 0.897601
vn 0.311832 0.899297 0.306637
vn -0.379526 -0.589296 -0.713226
vn -0.010583 0.090263 0.995862
vn 0.058063 0.074427 0.995535
vn -0.054033 -0.452730 0.890009
vn 0.001150 0.297909 0.954594
vn 0.919692 -0.099997 -0.379693
vn 0.133362 0.036800 0.990384
vn 0.812997 0.158478 0.560286
vn 0.153835 -0.125335 0.980115
vn 0.099238 -0.015838 0.994938
vn 0.067490 -0.124195 0.989960
vn -0.085443 -0.184469 0.979117
vn 0.648981 -0.407127 0.642707
vn -0.060009 -0.067660 0.995902
vn 0.290087 0.379264 0.878640
vn 0.256136 -0.103443 0.961090
vn -0.309867 0.256972 -0.915395
vn 0.878615 -0.246770 0.408829
vn 0.965835 -0.239988 -0.097817
vn 0.143689 0.012848 0.989539
vn 0.920688 -0.374724 -0.109161
vn 0.303331 0.043195 0.951906
vn -0.730499 0.601071 -0.324168
vn -0.032490 -0.026804 0.999113
vn -0.046700 -0.026566 0.998556
vn -0.083374 0.016522 0.996381
vn -0.020346 0.094588 0.995309
vn -0.012371 0.089549 0.995906
vn -0.012371 0.089549 0.995906
vn -0.050967 -0.197688 0.978939
vn 0.092740 0.428336 -0.898848
vn -0.410107 -0.857447 0.310799
vn -0.320353 -0.294135 -0.900477
vn 0.006576 0.429594 0.902998
vn 0.000034 0.074138 0.997248
vn 0.084929 0.257698 -0.962486
vn 0.085811 0.135632 -0.987036
vn 0.085811 0.135632 -0.987036
vn 0.804618 0.353041 0.477443
vn 0.043339 0.002252 -0.999058
vn -0.045954 0.005972 0.998926
vn -0.086118 0.014742 0.996176
vn 0.004381 0.049504 0.998764
vn 0.096756 0.977914 0.185266
vn 0.054264 0.076267 0.995610
vn -0.051917 -0.996597 0.064027
vn 0.248257 -0.956046 0.156026
vn 0.939696 -0.317274 0.127705
vn 0.598209 0.801323 -0.005357
vn 0.787574 -0.202786 0.581898
vn 0.030999 -0.037811 0.998804
vn 0.360463 0.377224 0.853094
vn 0.132298 -0.047658 0.990064
vn -0.138144 -0.561736 0.815702
vn 0.874636 0.330688 0.354481
vn -0.011092 -0.019105 0.999756
vn -0.030407 0.005269 0.999524
vn 0.957722 -0.057381 0.281913
vn -0.021253 0.055306 0.998243
vn 0.081583 0.619021 -0.781126
vn 0.638417 -0.637194 0.431749
vn 0.047284 -0.068404 0.996537
vn 0.939584 -0.072227 0.334611
vn 0.094506 0.365474 -0.926011
vn -0.062789 0.324381 0.943840
vn 0.887429 0.447437 0.110773
vn 0.142529 0.831084 -0.537573
vn -0.036704 -0.096404 0.994665
vn 0.182766 0.083666 -0.979590
vn 0.341167 -0.166729 0.925098
vn -0.090064 -0.284985 -0.954292
vn -0.078514 -0.051663 0.995573
vn 0.207048 0.234590 0.949789
vn 0.776272 0.585062 0.234745
vn 0.025268 0.037142 0.998990
vn -0.003711 0.074400 0.997222
vn -0.034816 -0.148124 0.988356
vn -0.145054 -0.478652 0.865940
vn 0.277357 0.576700 0.768433
vn -0.123056 -0.096740 -0.987673
vn 0.461210 0.134902 0.876976
vn -0.085170 -0.973908 0.210356
vn 0.641686 0.008343 0.766922
vn 0.045481 0.037137 0.998275
vn 0.596302 0.264303 0.758002
vn -0.061314 0.129174 0.989725
vn 0.999196 -0.038448 0.011399
vn 0.057513 0.067643 0.996051
vn 0.020871 0.062855 0.997804
vn -0.021088 0.081407 0.996458
vn -0.602210 -0.733049 -0.316199
vn -0.027060 0.064070 0.997578
vn -0.012766 0.064633 0.997827
vn 0.986887 -0.013652 0.160832
vn 0.733115 -0.546091 0.405373
vn -0.465229 -0.150076 -0.872375
vn 0.506376 0.598865 0.620439
vn 0.121997 0.039085 0.991761
vn 0.215244 0.362817 0.906661
vn 0.387969 0.222181 0.894492
vn 0.124567 -0.027016 0.991843
vn 0.032327 -0.078076 0.996423
vn -0.128024 0.050438 -0.990488
vn 0.211105 0.675327 0.706660
vn -0.116650 -0.251470 0.960810
vn -0.365629 -0.256487 0.894724
vn -0.165617 -0.063832 0.984122
vn -0.642286 -0.046819 -0.765034
vn 0.889585 -0.116319 0.441710
vn 0.248004 0.001277 0.968758
vn -0.121898 0.201717 0.971829
vn -0.548613 0.825065 -0.135248
vn 0.545993 -0.411389 0.729829
vn -0.581280 0.136021 -0.802254
vn 0.785086 -0.033735 0.618468
vn -0.030521 0.161206 0.986449
vn 0.028654 -0.055524 -0.998046
vn -0.003927 0.135126 0.990821
vn 0.525908 0.512831 0.678546
vn 0.889152 -0.318248 0.328827
vn 0.586390 0.237511 0.774426
vn -0.513713 -0.608563 -0.604772
vn 0.139170 -0.285904 0.948099
vn 0.498285 0.171488 0.849884
vn 0.181849 0.011938 0.983254
vn -0.044242 -0.162574 0.985704
vn 0.325473 0.102586 -0.939970
vn 0.873072 -0.204110 0.442815
vn -0.514108 0.528299 -0.675717
vn -0.053754 -0.038676 0.997805
vn -0.076806 0.042791 0.996127
vn 0.002642 0.012424 0.999919
vn 0.968981 0.125917 0.212652
vn -0.003182 0.028782 0.999581
vn 0.927940 -0.366555 -0.067559
vn 0.786202 0.313408 0.532599
vn -0.073686 -0.133159 0.988352
vn 0.084290 0.123575 0.988749
vn -0.100630 -0.333177 0.937479
vn 0.840510 -0.492058 0.226763
vn -0.074408 0.072729 0.994572
vn -0.045836 0.124490 0.991162
vn -0.000291 0.077684 0.996978
vn 0.043697 0.057059 0.997414
vn 0.021283 0.021232 0.999548
vn 0.708149 0.411748 0.573575
vn 0.119921 0.341493 0.932203
vn 0.539692 0.020771 0.841606
vn 0.141623 0.103388 0.984507
vn -0.233525 -0.130038 -0.963616
vn 0.010637 -0.012815 0.999861
vn -0.123798 -0.210414 0.969742
vn -0.020444 -0.549441 0.835282
vn -0.109379 -0.067956 -0.991674
vn 0.116740 0.175542 0.977526
vn 0.908523 -0.346264 0.233853
vn 0.751207 -0.096500 0.652974
vn 0.037749 -0.062851 -0.997309
vn 0.820181 0.025837 0.571521
vn 0.032479 0.071321 0.996924
vn 0.843242 0.393599 0.366090
vn 0.005572 -0.015067 0.999871
vn 0.041553 -0.022001 0.998894
vn -0.000672 0.036335 0.999339
vn 0.556452 0.650885 0.516440
vn 0.054004 -0.333471 0.941212
vn 0.776077 -0.245643 0.580830
vn 0.872804 0.068679 0.483215
vn 0.413048 0.175793 0.893582
vn 0.586616 -0.220451 0.779284
vn -0.022834 0.016603 0.999601
vn -0.390457 -0.918261 0.065878
vn -0.059445 0.384968 0.921014
vn 0.974876 0.080961 0.207513
vn -0.001846 0.084293 0.996439
vn 0.034282 0.045969 0.998354
vn -0.156076 -0.981082 0.114536
vn 0.104886 -0.272730 0.956356
vn 0.872112 -0.049368 0.486810
vn 0.205096 -0.006778 0.978718
vn 0.514599 -0.389984 0.763610
vn -0.663218 0.635660 -0.395067
vn -0.044986 -0.063579 0.996962
vn -0.161636 -0.309136 0.937181
vn -0.126712 -0.376610 0.917665
vn -0.390457 -0.918261 0.065878
vn 0.130718 0.139928 0.981495
vn 0.786953 -0.577792 0.216475
vn 0.887582 -0.301105 0.348616
vn 0.902697 -0.177233 0.392079
vn 0.300830 0.559781 0.772106
vn -0.007823 0.037319 0.999273
vn 0.003472 0.033029 0.999448
vn 0.014884 -0.442673 0.896560
vn 0.875349 0.153180 0.458585
vn 0.684114 0.392201 0.614953
vn 0.142881 0.095415 0.985130
vn -0.594019 0.493105 -0.635601
vn -0.035510 0.035404 0.998742
vn -0.010167 0.055767 0.998392
vn -0.004308 0.050868 0.998696
vn -0.110153 -0.563337 0.818851
vn 0.136283 0.292778 0.946418
vn 0.176575 -0.008807 0.984248
vn -0.017456 0.209232 0.977710
vn -0.039351 -0.001210 0.999225
vn -0.017990 0.068798 0.997468
vn -0.030164 -0.084830 -0.995939
vn 0.132859 -0.394064 0.909429
vn 0.697719 -0.092722 0.710345
vn 0.757687 0.181686 0.626818
vn 0.305779 0.326346 0.894426
vn 0.079908 0.000803 0.996802
vn -0.050929 -0.086585 0.994942
vn -0.010236 0.035818 0.999306
vn 0.013600 0.056874 0.998289
vn 0.260668 0.051365 0.964061
vn 0.237012 -0.051127 0.970160
vn -0.048231 0.085841 0.995141
vn -0.004951 0.153598 0.988121
vn -0.011780 0.085415 0.996276
vn 0.040950 -0.422938 0.905233
vn 0.149138 -0.443379 0.883840
vn 0.279109 0.462961 0.841288
vn -0.690828 0.487556 -0.533897
vn -0.019582 -0.090900 0.995667
vn 0.003957 -0.017957 0.999831
vn -0.048342 0.017507 -0.998677
vn 0.342154 0.295771 0.891880
vn -0.220081 -0.107950 -0.969490
vn -0.054724 0.170247 0.983881
vn 0.771234 0.049301 0.634640
vn -0.033914 0.027757 0.999039
vn -0.051155 0.041827 0.997814
vn -0.067398 0.033887 0.997151
vn -0.018636 0.033695 0.999258
vn 0.089144 -0.210542 0.973512
vn 0.172737 0.063465 0.982921
vn -0.509901 0.590807 -0.625258
vn 0.115122 0.042419 0.992445
vn 0.057040 -0.039530 0.997589
vn -0.002188 0.110024 0.993927
vn 0.014444 0.119897 0.992681
vn 0.017070 -0.132727 0.991006
vn 0.193054 -0.293892 0.936140
vn 0.035033 0.070350 0.996907
vn 0.298780 0.098752 0.949199
vn 0.454936 0.342629 0.821972
vn -0.031748 0.129269 0.991101
vn 0.075722 -0.046299 -0.996054
vn -0.117826 0.026505 0.992681
vn -0.045034 0.026358 0.998638
vn 0.052998 -0.030865 -0.998118
vn -0.065239 0.038569 0.997124
vn -0.042522 0.022383 0.998845
vn -0.010708 0.087239 0.996130
vn 0.176988 -0.028038 0.983814
vn 0.006837 -0.107601 0.994171
vn 0.088761 -0.067327 0.993775
vn 0.094127 -0.194996 0.976277
vn 0.141920 -0.031065 0.989391
vn 0.031784 0.159568 0.986675
vn -0.048411 0.060634 0.996985
vn 0.087814 0.134777 0.986977
vn -0.121994 -0.227717 -0.966055
vn 0.031784 0.159568 0.986675
vn 0.086473 -0.333016 0.938948
vn -0.121314 0.349434 -0.929074
vn -0.121314 0.349434 -0.929074
vn 0.047244 -0.066671 0.996656
vn 0.129582 -0.168963 0.977067
vn 0.201564 0.159723 0.966364
vn -0.000295 0.075025 0.997182
vn -0.110670 -0.202745 -0.972958
vn -0.092890 0.031356 0.995182
vn -0.026886 0.064008 0.997587
vn 0.024794 -0.151512 0.988144
vn 0.063668 -0.426776 0.902114
vn 0.022794 -0.012752 0.999659
vn 0.055763 -0.025681 0.998114
vn -0.031042 0.133038 0.990625
vn -0.037481 0.075243 0.996461
vn 0.122956 -0.019203 0.992226
vn 0.031839 -0.062453 0.997540
vn 0.050007 -0.030115 0.998295
vn 0.043909 -0.016393 0.998901
vn 0.022794 -0.012752 0.999659
vn -0.012634 0.137362 0.990440
vn -0.051053 0.080992 0.995406
vn 0.022291 0.089399 0.995746
vn 0.022597 -0.224098 0.974305
vn 0.102869 -0.081053 0.991387
vn 0.037678 -0.038421 0.998551
vn -0.007120 0.106857 0.994249
vn -0.000820 0.109434 0.993994
vn -0.078418 0.311180 -0.947110
vn 0.085656 -0.066693 0.994090
vn 0.069048 -0.053415 0.996182
vn 0.050736 -0.054888 0.997203
vn 0.048370 -0.011243 0.998766
vn 0.163638 0.022387 0.986266
vn 0.054797 0.051325 0.997177
vn -0.018765 0.113613 0.993348
vn -0.054183 0.001207 -0.998530
vn 0.011466 -0.063631 0.997908
vn 0.076262 -0.099959 0.992065
vn 0.072253 0.080919 0.994098
vn 0.041569 0.070603 0.996638
vn 0.030349 0.049530 0.998311
vn -0.000522 0.068285 0.997666
vn 0.059910 0.130576 0.989627
vn 0.027734 0.099596 0.994641
vn 0.046929 0.130822 0.990295
vn -0.012394 0.069490 -0.997506
vn 0.071396 0.073436 0.994741
vn 0.073475 0.109217 0.991299
vn -0.091194 0.021211 -0.995607
vn 0.014810 -0.042793 0.998974
vn 0.004232 -0.039287 0.999219
vn 0.005193 -0.058586 0.998269
vn 0.053311 0.008500 0.998542
vn 0.061471 -0.241193 0.968528
vn -0.058897 0.056195 -0.996681
vn 0.047996 -0.069835 0.996403
vn 0.093679 -0.069564 0.993169
vn -0.010347 -0.049770 0.998707
vn -0.004043 -0.055124 0.998471
vn -0.012967 -0.062460 0.997963
vn -0.081538 -0.034959 -0.996057
vn 0.052397 0.069121 0.996231
vn 0.030721 0.147214 0.988627
vn 0.008871 -0.087321 0.996141
vn 0.023821 -0.087139 0.995911
vn 0.019053 -0.057689 0.998153
vn 0.060731 0.105834 0.992527
vn 0.100272 0.123211 0.987302
vn -0.051642 -0.130114 -0.990153
vn -0.090463 0.160389 -0.982900
vn -0.026591 -0.040470 0.998827
vn -0.026636 -0.071251 -0.997103
vn 0.041172 -0.169019 0.984752
vn -0.055073 0.199843 -0.978279
vn -0.037314 -0.121707 -0.991864
vn 0.012847 0.118247 0.992901
vn 0.017621 0.118392 0.992811
vn 0.025647 -0.092480 0.995384
vn 0.002772 -0.060062 0.998191
vn -0.028877 -0.038594 0.998838
vn 0.003792 -0.040693 0.999165
vn 0.009998 0.059035 0.998206
vn 0.005661 0.076914 0.997022
vn 0.006717 0.120264 0.992719
vn 0.020164 0.120529 0.992505
vn -0.054780 0.208083 -0.976576
vn 0.010742 -0.083974 0.996410
vn -0.035486 -0.040633 0.998544
vn 0.001231 0.090692 0.995878
vn 0.002231 0.098899 0.995095
vn -0.022403 0.092725 0.995440
vn -0.022403 0.092725 0.995440
vn -0.043304 0.145234 -0.988449
vn 0.024414 -0.091620 0.995495
vn 0.009434 -0.021753 0.999719
vn 0.019507 0.069299 0.997405
vn 0.007971 -0.079277 0.996821
vn 0.009485 -0.034383 0.999364
vn 0.007429 -0.046758 0.998879
vn 0.001034 -0.040450 0.999181
vn 0.002342 0.071307 0.997452
vn -0.028141 0.049130 0.998396
vn 0.017044 0.090689 0.995733
vn -0.002630 0.086418 0.996256
vn 0.024203 -0.096397 0.995049
vn 0.014243 -0.080810 0.996628
vn 0.010336 -0.037688 0.999236
vn 0.007774 0.009386 0.999926
vn 0.006133 -0.154861 0.987917
vn 0.009886 -0.093066 0.995611
vn 0.023250 -0.088823 0.995776
vn 0.036418 -0.092666 0.995031
vn 0.011556 -0.023741 0.999651
vn -0.028724 0.057749 0.997918
vn -0.043680 0.114554 0.992456
vn -0.032286 0.030173 0.999023
vn 0.052508 -0.215251 0.975146
vn 0.008958 -0.199145 0.979929
vn -0.013709 0.040968 -0.999066
vn 0.016049 -0.041393 0.999014
vn -0.009234 0.096892 0.995252
vn -0.048075 0.098665 0.993959
vn -0.000870 0.053548 0.998565
vn -0.054709 0.081973 0.995132
vn -0.083200 0.069622 0.994098
vn 0.052654 -0.004553 -0.998602
vn 0.051111 -0.229658 0.971929
vn 0.027504 -0.094828 0.995114
vn -0.008785 0.027973 0.999570
vn -0.009234 0.096892 0.995252
vn -0.039414 0.052777 0.997828
vn 0.002041 -0.081062 0.996707
vn 0.034755 -0.091916 0.995160
vn 0.010684 -0.044564 0.998949
vn 0.004878 0.003337 0.999983
vn 0.051111 -0.229658 0.971929
vn 0.051111 -0.229658 0.971929
vn 0.033502 -0.205464 0.978091
vn 0.017931 -0.072829 0.997183
vn 0.003870 0.046501 0.998911
vn 0.001403 0.025807 0.999666
vn 0.029029 0.094478 0.995104
vn 0.034391 0.058995 0.997666
vn 0.041813 0.064973 0.997011
vn -0.036113 0.040146 0.998541
vn -0.017690 0.039897 0.999047
vn 0.029367 -0.085281 0.995924
vn 0.027065 -0.038256 0.998901
vn 0.005617 -0.054068 0.998521
vn 0.027382 0.099084 0.994702
vn 0.021175 0.106312 0.994107
vn 0.006150 0.059410 0.998215
vn 0.036457 0.097863 0.994532
vn -0.006838 0.112332 0.993647
vn -0.035797 0.102698 -0.994068
vn -0.037633 0.068432 0.996946
vn 0.011635 0.020786 0.999716
vn 0.014050 0.027343 0.999527
vn 0.039502 0.022943 0.998956
vn 0.033729 0.124878 0.991599
vn 0.033729 0.124878 0.991599
vn 0.007636 -0.064491 0.997889
vn 0.022160 -0.073870 0.997022
vn 0.028995 -0.074906 0.996769
vn 0.027308 -0.075847 0.996745
vn 0.027904 -0.082811 0.996175
vn 0.027436 -0.012816 0.999541
vn 0.004514 -0.046075 0.998928
vn 0.024833 0.086059 0.995981
vn -0.006456 0.113780 0.993485
vn 0.063409 0.110999 0.991796
vn 0.004825 -0.205582 0.978628
vn 0.004210 -0.060118 0.998182
vn 0.007730 -0.051011 0.998668
vn 0.024241 -0.064545 0.997620
vn 0.018496 -0.051960 0.998478
vn 0.005533 -0.015618 0.999863
vn 0.014195 0.030055 0.999447
vn 0.017259 0.033037 0.999305
vn 0.018941 0.102519 0.994551
vn 0.007713 0.106230 0.994312
vn 0.025661 -0.071008 0.997146
vn 0.042761 -0.054980 0.997571
vn 0.034842 -0.043377 0.998451
vn 0.025616 -0.050113 0.998415
vn 0.021757 0.034410 0.999171
vn 0.019150 0.119786 0.992615
vn 0.059629 0.110234 0.992115
vn 0.051111 -0.229658 0.971929
vn 0.001327 -0.058427 0.998291
vn 0.021120 -0.122037 0.992301
vn 0.036203 -0.078293 0.996273
vn 0.040748 -0.041504 0.998307
vn 0.030276 -0.028408 0.999138
vn 0.033742 0.106878 0.993699
vn 0.058363 0.087165 0.994483
vn 0.051111 -0.229658 0.971929
vn 0.043161 -0.041766 0.998195
vn 0.009839 -0.054900 0.998443
vn -0.018397 0.072468 0.997201
vn 0.009308 0.050530 0.998679
vn 0.071555 0.094285 0.992970
vn 0.048917 0.113485 0.992335
vn 0.009767 -0.060444 0.998124
vn -0.000213 -0.073712 0.997280
vn 0.020961 -0.109894 0.993722
vn 0.008102 -0.089241 0.995977
vn -0.017065 0.150020 0.988536
vn 0.000259 -0.104403 0.994535
vn 0.033927 -0.046164 0.998358
vn 0.017492 -0.065384 0.997707
vn 0.013196 0.012697 0.999832
vn 0.012592 0.037110 0.999232
vn 0.004658 0.069806 0.997550
vn 0.004658 0.069806 0.997550
vn 0.004658 0.069806 0.997550
vn 0.004658 0.069806 0.997550
vn -0.003000 -0.100080 0.994975
vn 0.006852 -0.109153 0.994001
vn 0.017365 -0.069123 0.997457
vn 0.014933 -0.049284 0.998673
vn -0.015223 0.026966 0.999520
vn -0.024823 0.135734 0.990434
vn 0.000776 0.128931 0.991653
vn 0.007036 0.044895 0.998967
vn -0.034580 -0.183567 0.982399
vn 0.012029 -0.038916 0.999170
vn -0.025169 0.071267 0.997140
vn -0.006177 -0.110177 0.993893
vn 0.012350 -0.067320 0.997655
vn -0.007569 -0.060212 0.998157
vn 0.020656 -0.089600 0.995764
vn 0.019938 -0.046184 0.998734
vn 0.007879 -0.046118 0.998905
vn 0.018774 -0.066414 0.997616
vn 0.012171 0.000002 0.999926
vn -0.012764 0.079692 0.996738
vn -0.008830 0.073690 0.997242
vn -0.007445 0.067007 0.997725
vn -0.007569 -0.060212 0.998157
vn 0.041401 -0.077355 0.996144
vn 0.001873 0.042133 0.999110
vn -0.010658 0.064699 0.997848
vn 0.005062 0.023501 0.999711
vn -0.007199 0.053334 0.998551
vn -0.060195 0.107536 0.992377
vn -0.028936 0.106327 0.993910
vn 0.030118 0.055048 0.998029
vn 0.044279 0.091604 0.994811
vn -0.008386 -0.070667 0.997465
vn 0.026149 -0.087951 0.995782
vn 0.041715 -0.081508 0.995799
vn 0.005272 0.020728 0.999771
vn 0.011842 0.009991 0.999880
vn -0.007199 0.053334 0.998551
vn -0.023978 0.069651 0.997283
vn -0.045501 0.095997 0.994341
vn -0.014798 -0.189916 0.981689
vn -0.014060 -0.065354 0.997763
vn -0.014060 -0.065354 0.997763
vn 0.010791 -0.055072 0.998424
vn 0.007863 -0.046910 0.998868
vn 0.005483 0.043910 0.999020
vn -0.007199 0.053334 0.998551
vn -0.060195 0.107536 0.992377
vn -0.007569 -0.060212 0.998157
vn -0.001247 -0.044484 0.999009
vn -0.060195 0.107536 0.992377
vn -0.060195 0.107536 0.992377
f 2928//2928 2918//2918 2954//2954
f 2685//2685 2666//2666 2684//2684
f 2727//2727 2685//2685 2684//2684
f 2805//2805 2860//2860 2826//2826
f 2952//2952 2932//2932 2942//2942
f 127//127 116//116 137//137
f 22//22 39//39 10//10
f 81//81 22//22 94//94
f 183//183 155//155 147//147
f 2861//2861 2892//2892 2862//2862
f 1592//1592 1638//1638 1488//1488
f 1638//1638 1592//1592 1615//1615
f 2685//2685 2649//2649 2666//2666
f 2825//2825 2877//2877 2815//2815
f 2877//2877 2824//2824 2885//2885
f 2877//2877 2825//2825 2824//2824
f 2598//2598 2586//2586 2597//2597
f 2762//2762 2815//2815 2805//2805
f 2077//2077 2034//2034 2010//2010
f 2517//2517 2566//2566 2599//2599
f 2517//2517 2499//2499 2542//2542
f 2566//2566 2517//2517 2542//2542
f 99//99 113//113 104//104
f 39//39 57//57 58//58
f 57//57 39//39 22//22
f 81//81 57//57 22//22
f 25//25 26//26 2//2
f 26//26 25//25 63//63
f 136//136 155//155 63//63
f 115//115 136//136 63//63
f 155//155 136//136 147//147
f 62//62 115//115 63//63
f 62//62 25//25 24//24
f 25//25 62//62 63//63
f 2598//2598 2497//2497 2586//2586
f 2918//2918 2917//2917 2954//2954
f 2850//2850 2861//2861 2862//2862
f 1432//1432 1464//1464 1488//1488
f 1069//1069 1024//1024 1068//1068
f 1040//1040 1024//1024 1023//1023
f 1024//1024 1040//1040 1068//1068
f 1749//1749 1750//1750 1650//1650
f 1353//1353 1295//1295 1319//1319
f 1140//1140 1220//1220 1239//1239
f 2922//2922 2950//2950 2955//2955
f 2922//2922 2923//2923 2899//2899
f 2923//2923 2922//2922 2955//2955
f 2837//2837 2795//2795 2822//2822
f 2667//2667 2650//2650 2685//2685
f 2650//2650 2649//2649 2685//2685
f 1468//1468 1434//1434 1577//1577
f 2144//2144 2190//2190 2082//2082
f 2288//2288 2233//2233 2327//2327
f 1977//1977 1978//1978 1944//1944
f 1978//1978 1977//1977 2045//2045
f 2601//2601 2634//2634 2678//2678
f 2766//2766 2745//2745 2752//2752
f 2744//2744 2766//2766 2752//2752
f 2766//2766 2744//2744 2782//2782
f 2745//2745 2703//2703 2678//2678
f 2566//2566 2616//2616 2599//2599
f 2633//2633 2634//2634 2600//2600
f 2634//2634 2633//2633 2677//2677
f 2677//2677 2632//2632 2644//2644
f 2632//2632 2567//2567 2644//2644
f 2589//2589 2632//2632 2617//2617
f 2910//2910 2888//2888 2916//2916
f 2888//2888 2828//2828 2844//2844
f 2829//2829 2865//2865 2866//2866
f 2888//2888 2865//2865 2828//2828
f 2865//2865 2888//2888 2910//2910
f 2926//2926 2889//2889 2932//2932
f 2889//2889 2926//2926 2901//2901
f 2924//2924 2900//2900 2910//2910
f 2889//2889 2900//2900 2932//2932
f 2865//2865 2900//2900 2866//2866
f 2900//2900 2865//2865 2910//2910
f 2932//2932 2900//2900 2942//2942
f 2900//2900 2924//2924 2942//2942
f 2913//2913 2927//2927 2937//2937
f 2927//2927 2913//2913 2902//2902
f 2133//2133 2058//2058 1953//1953
f 2011//2011 1957//1957 1995//1995
f 1729//1729 1819//1819 1783//1783
f 1955//1955 1936//1936 1993//1993
f 2657//2657 2598//2598 2597//2597
f 2774//2774 2825//2825 2815//2815
f 2762//2762 2774//2774 2815//2815
f 2825//2825 2774//2774 2824//2824
f 2742//2742 2716//2716 2698//2698
f 2711//2711 2742//2742 2698//2698
f 2742//2742 2711//2711 2762//2762
f 2742//2742 2762//2762 2805//2805
f 2077//2077 2078//2078 2034//2034
f 2642//2642 2698//2698 2629//2629
f 2657//2657 2642//2642 2598//2598
f 2642//2642 2614//2614 2598//2598
f 2614//2614 2642//2642 2629//2629
f 2382//2382 2425//2425 2383//2383
f 2185//2185 2266//2266 2227//2227
f 1760//1760 1728//1728 1739//1739
f 1727//1727 1760//1760 1739//1739
f 1760//1760 1727//1727 1836//1836
f 631//631 576//576 649//649
f 184//184 127//127 137//137
f 361//361 427//427 428//428
f 40//40 39//39 58//58
f 57//57 82//82 58//58
f 82//82 57//57 81//81
f 83//83 99//99 104//104
f 83//83 82//82 99//99
f 82//82 83//83 58//58
f 2//2 12//12 13//13
f 26//26 12//12 2//2
f 113//113 146//146 104//104
f 51//51 43//43 42//42
f 72//72 51//51 42//42
f 2241//2241 2261//2261 2262//2262
f 2241//2241 2224//2224 2261//2261
f 2892//2892 2851//2851 2862//2862
f 2893//2893 2851//2851 2892//2892
f 2919//2919 2892//2892 2928//2928
f 2919//2919 2893//2893 2892//2892
f 2919//2919 2928//2928 2954//2954
f 2906//2906 2939//2939 2907//2907
f 2797//2797 2758//2758 2781//2781
f 2758//2758 2735//2735 2781//2781
f 2744//2744 2717//2717 2743//2743
f 2717//2717 2712//2712 2743//2743
f 2717//2717 2744//2744 2752//2752
f 2712//2712 2717//2717 2677//2677
f 1799//1799 1777//1777 1834//1834
f 1614//1614 1636//1636 1564//1564
f 1637//1637 1589//1589 1566//1566
f 1637//1637 1636//1636 1661//1661
f 1592//1592 1591//1591 1615//1615
f 1567//1567 1591//1591 1592//1592
f 1544//1544 1592//1592 1488//1488
f 1544//1544 1567//1567 1592//1592
f 1306//1306 1432//1432 1488//1488
f 1070//1070 1127//1127 1071//1071
f 420//420 390//390 445//445
f 1040//1040 1055//1055 1068//1068
f 1055//1055 1040//1040 1023//1023
f 938//938 1056//1056 1071//1071
f 1069//1069 1056//1056 1024//1024
f 1056//1056 1070//1070 1071//1071
f 1070//1070 1056//1056 1069//1069
f 1024//1024 954//954 1023//1023
f 810//810 938//938 720//720
f 2044//2044 1943//1943 1976//1976
f 1845//1845 1891//1891 1944//1944
f 1140//1140 1139//1139 1220//1220
f 1184//1184 1143//1143 1183//1183
f 990//990 970//970 1047//1047
f 1061//1061 1046//1046 1103//1103
f 1062//1062 1083//1083 1047//1047
f 2951//2951 2930//2930 2941//2941
f 2930//2930 2951//2951 2931//2931
f 2930//2930 2887//2887 2941//2941
f 2887//2887 2923//2923 2941//2941
f 2923//2923 2887//2887 2899//2899
f 2837//2837 2887//2887 2856//2856
f 2887//2887 2823//2823 2856//2856
f 2823//2823 2837//2837 2856//2856
f 2607//2607 2575//2575 2667//2667
f 2813//2813 2842//2842 2814//2814
f 2693//2693 2722//2722 2694//2694
f 2093//2093 2036//2036 2117//2117
f 2569//2569 2589//2589 2617//2617
f 2569//2569 2633//2633 2600//2600
f 2633//2633 2569//2569 2617//2617
f 1688//1688 1729//1729 1783//1783
f 1689//1689 1690//1690 1763//1763
f 1690//1690 1641//1641 1671//1671
f 1872//1872 1805//1805 1841//1841
f 2680//2680 2664//2664 2700//2700
f 2726//2726 2740//2740 2721//2721
f 2769//2769 2740//2740 2748//2748
f 2721//2721 2740//2740 2769//2769
f 2637//2637 2623//2623 2593//2593
f 2623//2623 2547//2547 2593//2593
f 2666//2666 2692//2692 2684//2684
f 2692//2692 2623//2623 2637//2637
f 2692//2692 2727//2727 2684//2684
f 2084//2084 2127//2127 2049//2049
f 2558//2558 2546//2546 2488//2488
f 2546//2546 2558//2558 2571//2571
f 2636//2636 2664//2664 2571//2571
f 2065//2065 2144//2144 2082//2082
f 2343//2343 2288//2288 2327//2327
f 2288//2288 2343//2343 2328//2328
f 2024//2024 2000//2000 1921//1921
f 2520//2520 2569//2569 2600//2600
f 2766//2766 2753//2753 2745//2745
f 2843//2843 2880//2880 2835//2835
f 2648//2648 2619//2619 2570//2570
f 2648//2648 2660//2660 2661//2661
f 2647//2647 2660//2660 2648//2648
f 2724//2724 2739//2739 2759//2759
f 2658//2658 2632//2632 2677//2677
f 2632//2632 2658//2658 2617//2617
f 2633//2633 2658//2658 2677//2677
f 2658//2658 2633//2633 2617//2617
f 2828//2828 2783//2783 2796//2796
f 2783//2783 2749//2749 2796//2796
f 2867//2867 2889//2889 2874//2874
f 2900//2900 2867//2867 2866//2866
f 2867//2867 2900//2900 2889//2889
f 2943//2943 2932//2932 2952//2952
f 2943//2943 2926//2926 2932//2932
f 2913//2913 2903//2903 2902//2902
f 2905//2905 2903//2903 2937//2937
f 2903//2903 2913//2913 2937//2937
f 2936//2936 2957//2957 2937//2937
f 2927//2927 2936//2936 2937//2937
f 2957//2957 2953//2953 2956//2956
f 2114//2114 2058//2058 2133//2133
f 1864//1864 1800//1800 1722//1722
f 1868//1868 1760//1760 1836//1836
f 1887//1887 1854//1854 1957//1957
f 1838//1838 1854//1854 1887//1887
f 1802//1802 1854//1854 1838//1838
f 1968//1968 2077//2077 2010//2010
f 2711//2711 2688//2688 2697//2697
f 2697//2697 2688//2688 2687//2687
f 2688//2688 2657//2657 2687//2687
f 2711//2711 2761//2761 2762//2762
f 2761//2761 2774//2774 2762//2762
f 2078//2078 2035//2035 2034//2034
f 2036//2036 2035//2035 2117//2117
f 2588//2588 2541//2541 2516//2516
f 2266//2266 2205//2205 2227//2227
f 2357//2357 2339//2339 2301//2301
f 2339//2339 2267//2267 2301//2301
f 2339//2339 2320//2320 2267//2267
f 981//981 1025//1025 1072//1072
f 1025//1025 956//956 1009//1009
f 1210//1210 1209//1209 1230//1230
f 871//871 912//912 894//894
f 1210//1210 1128//1128 1209//1209
f 1175//1175 1128//1128 1072//1072
f 1128//1128 1175//1175 1209//1209
f 628//628 672//672 674//674
f 1837//1837 1728//1728 1760//1760
f 1868//1868 1837//1837 1760//1760
f 493//493 427//427 405//405
f 736//736 737//737 653//653
f 636//636 737//737 779//779
f 678//678 699//699 728//728
f 184//184 185//185 127//127
f 185//185 184//184 228//228
f 394//394 427//427 361//361
f 580//580 581//581 579//579
f 614//614 580//580 653//653
f 580//580 614//614 581//581
f 83//83 59//59 58//58
f 59//59 83//83 71//71
f 40//40 33//33 39//39
f 33//33 40//40 11//11
f 33//33 11//11 1//1
f 33//33 1//1 10//10
f 39//39 33//33 10//10
f 40//40 23//23 11//11
f 43//43 23//23 42//42
f 11//11 23//23 1//1
f 170//170 93//93 94//94
f 93//93 81//81 94//94
f 82//82 98//98 99//99
f 98//98 111//111 99//99
f 98//98 82//82 81//81
f 93//93 98//98 81//81
f 111//111 98//98 170//170
f 98//98 93//93 170//170
f 99//99 112//112 113//113
f 111//111 112//112 99//99
f 164//164 146//146 113//113
f 62//62 73//73 115//115
f 84//84 72//72 71//71
f 84//84 83//83 104//104
f 83//83 84//84 71//71
f 72//72 106//106 51//51
f 84//84 106//106 72//72
f 2880//2880 2870//2870 2835//2835
f 2908//2908 2870//2870 2880//2880
f 2878//2878 2917//2917 2918//2918
f 2878//2878 2918//2918 2928//2928
f 2892//2892 2878//2878 2928//2928
f 2861//2861 2878//2878 2892//2892
f 2758//2758 2798//2798 2743//2743
f 2797//2797 2798//2798 2758//2758
f 2736//2736 2758//2758 2743//2743
f 2736//2736 2735//2735 2758//2758
f 2712//2712 2736//2736 2743//2743
f 2735//2735 2736//2736 2712//2712
f 1584//1584 1475//1475 1452//1452
f 1475//1475 1584//1584 1518//1518
f 1846//1846 1875//1875 1793//1793
f 1897//1897 1923//1923 1924//1924
f 1702//1702 1701//1701 1794//1794
f 2009//2009 2057//2057 2165//2165
f 1591//1591 1664//1664 1615//1615
f 1664//1664 1683//1683 1615//1615
f 1721//1721 1705//1705 1777//1777
f 1799//1799 1721//1721 1777//1777
f 1881//1881 1799//1799 1834//1834
f 1881//1881 1721//1721 1799//1799
f 1464//1464 1404//1404 1463//1463
f 1432//1432 1404//1404 1464//1464
f 1404//1404 1306//1306 1331//1331
f 1306//1306 1404//1404 1432//1432
f 1777//1777 1813//1813 1834//1834
f 1813//1813 1812//1812 1834//1834
f 1636//1636 1565//1565 1564//1564
f 1637//1637 1565//1565 1636//1636
f 1565//1565 1637//1637 1566//1566
f 1542//1542 1565//1565 1566//1566
f 1544//1544 1506//1506 1567//1567
f 1358//1358 1284//1284 1300//1300
f 1284//1284 1358//1358 1323//1323
f 1251//1251 1306//1306 1127//1127
f 1306//1306 1251//1251 1331//1331
f 1111//1111 1069//1069 1068//1068
f 1055//1055 1111//1111 1068//1068
f 1111//1111 1055//1055 1126//1126
f 543//543 544//544 445//445
f 507//507 543//543 445//445
f 544//544 543//543 595//595
f 8//8 21//21 9//9
f 695//695 719//719 696//696
f 541//541 568//568 569//569
f 568//568 645//645 569//569
f 645//645 568//568 644//644
f 444//444 483//483 484//484
f 1005//1005 992//992 952//952
f 1088//1088 1067//1067 1149//1149
f 1022//1022 1055//1055 1023//1023
f 1055//1055 1022//1022 1126//1126
f 1022//1022 1088//1088 1126//1126
f 1088//1088 1022//1022 1067//1067
f 1067//1067 1054//1054 1149//1149
f 1874//1874 1826//1826 1873//1873
f 1380//1380 1424//1424 1395//1395
f 1394//1394 1378//1378 1321//1321
f 785//785 827//827 786//786
f 379//379 429//429 469//469
f 803//803 702//702 779//779
f 655//655 702//702 684//684
f 1016//1016 967//967 944//944
f 967//967 1016//1016 1060//1060
f 1220//1220 1294//1294 1239//1239
f 1120//1120 1138//1138 1182//1182
f 1102//1102 1138//1138 1120//1120
f 990//990 971//971 970//970
f 971//971 949//949 970//970
f 949//949 971//971 924//924
f 1122//1122 1061//1061 1103//1103
f 1142//1142 1122//1122 1103//1103
f 1280//1280 1140//1140 1239//1239
f 988//988 968//968 969//969
f 969//969 968//968 923//923
f 1122//1122 1081//1081 1061//1061
f 1082//1082 1143//1143 1184//1184
f 139//139 156//156 174//174
f 156//156 224//224 174//174
f 2692//2692 2741//2741 2727//2727
f 2741//2741 2692//2692 2721//2721
f 2638//2638 2608//2608 2624//2624
f 2531//2531 2506//2506 2491//2491
f 2506//2506 2492//2492 2491//2491
f 2415//2415 2417//2417 2414//2414
f 2417//2417 2416//2416 2414//2414
f 2148//2148 2108//2108 2072//2072
f 2129//2129 2148//2148 2072//2072
f 1863//1863 1913//1913 1901//1901
f 2071//2071 2129//2129 2072//2072
f 2162//2162 2220//2220 2180//2180
f 2295//2295 2259//2259 2238//2238
f 2296//2296 2259//2259 2295//2295
f 2259//2259 2217//2217 2238//2238
f 2314//2314 2296//2296 2295//2295
f 2416//2416 2314//2314 2414//2414
f 2670//2670 2701//2701 2695//2695
f 2809//2809 2772//2772 2784//2784
f 2772//2772 2809//2809 2810//2810
f 2701//2701 2709//2709 2695//2695
f 1435//1435 1336//1336 1434//1434
f 2520//2520 2544//2544 2569//2569
f 2233//2233 2271//2271 2327//2327
f 2322//2322 2269//2269 2268//2268
f 2062//2062 1971//1971 1997//1997
f 2019//2019 2063//2063 1975//1975
f 2080//2080 2063//2063 2019//2019
f 1578//1578 1577//1577 1671//1671
f 1642//1642 1600//1600 1599//1599
f 1744//1744 1804//1804 1805//1805
f 1373//1373 1388//1388 1414//1414
f 818//818 854//854 834//834
f 1028//1028 1077//1077 1029//1029
f 2713//2713 2680//2680 2700//2700
f 2692//2692 2681//2681 2721//2721
f 2681//2681 2692//2692 2637//2637
f 2681//2681 2637//2637 2665//2665
f 2680//2680 2681//2681 2665//2665
f 2547//2547 2573//2573 2593//2593
f 2664//2664 2572//2572 2571//2571
f 2572//2572 2546//2546 2571//2571
f 1983//1983 2027//2027 1961//1961
f 1981//1981 2048//2048 2049//2049
f 2048//2048 2084//2084 2049//2049
f 2126//2126 2084//2084 2125//2125
f 2084//2084 2126//2126 2127//2127
f 2127//2127 2050//2050 2049//2049
f 2050//2050 1981//1981 2049//2049
f 2050//2050 1982//1982 1981//1981
f 2146//2146 2068//2068 2027//2027
f 2253//2253 2289//2289 2254//2254
f 2289//2289 2365//2365 2254//2254
f 2558//2558 2591//2591 2571//2571
f 2591//2591 2619//2619 2620//2620
f 2591//2591 2558//2558 2570//2570
f 2619//2619 2591//2591 2570//2570
f 2211//2211 2174//2174 2188//2188
f 2619//2619 2635//2635 2620//2620
f 2635//2635 2648//2648 2661//2661
f 2635//2635 2619//2619 2648//2648
f 2636//2636 2683//2683 2664//2664
f 2683//2683 2705//2705 2706//2706
f 2099//2099 2065//2065 2064//2064
f 2099//2099 2064//2064 2121//2121
f 2659//2659 2601//2601 2678//2678
f 2703//2703 2734//2734 2704//2704
f 2799//2799 2766//2766 2782//2782
f 2767//2767 2739//2739 2738//2738
f 2739//2739 2767//2767 2759//2759
f 2794//2794 2816//2816 2835//2835
f 2816//2816 2843//2843 2835//2835
f 2800//2800 2816//2816 2775//2775
f 2753//2753 2800//2800 2775//2775
f 2864//2864 2837//2837 2822//2822
f 2873//2873 2864//2864 2822//2822
f 2864//2864 2873//2873 2899//2899
f 2887//2887 2864//2864 2899//2899
f 2864//2864 2887//2887 2837//2837
f 2836//2836 2873//2873 2822//2822
f 2915//2915 2922//2922 2899//2899
f 2873//2873 2915//2915 2899//2899
f 2922//2922 2915//2915 2950//2950
f 2690//2690 2703//2703 2704//2704
f 2660//2660 2690//2690 2661//2661
f 2690//2690 2705//2705 2661//2661
f 2705//2705 2690//2690 2704//2704
f 2703//2703 2679//2679 2678//2678
f 2679//2679 2647//2647 2646//2646
f 2679//2679 2660//2660 2647//2647
f 2690//2690 2679//2679 2703//2703
f 2679//2679 2690//2690 2660//2660
f 2679//2679 2659//2659 2678//2678
f 2659//2659 2679//2679 2646//2646
f 2817//2817 2809//2809 2784//2784
f 2783//2783 2817//2817 2784//2784
f 2817//2817 2865//2865 2829//2829
f 2865//2865 2817//2817 2828//2828
f 2817//2817 2783//2783 2828//2828
f 2845//2845 2867//2867 2874//2874
f 2845//2845 2829//2829 2866//2866
f 2867//2867 2845//2845 2866//2866
f 2859//2859 2890//2890 2876//2876
f 2884//2884 2890//2890 2841//2841
f 2890//2890 2859//2859 2841//2841
f 2876//2876 2904//2904 2905//2905
f 2904//2904 2903//2903 2905//2905
f 2848//2848 2842//2842 2841//2841
f 2859//2859 2848//2848 2841//2841
f 2912//2912 2927//2927 2902//2902
f 2890//2890 2912//2912 2902//2902
f 2912//2912 2890//2890 2884//2884
f 2953//2953 2945//2945 2956//2956
f 2689//2689 2711//2711 2698//2698
f 2689//2689 2688//2688 2711//2711
f 2642//2642 2689//2689 2698//2698
f 2689//2689 2642//2642 2657//2657
f 2688//2688 2689//2689 2657//2657
f 2498//2498 2451//2451 2450//2450
f 2451//2451 2424//2424 2450//2450
f 2424//2424 2451//2451 2380//2380
f 2451//2451 2404//2404 2380//2380
f 2643//2643 2555//2555 2629//2629
f 2320//2320 2359//2359 2321//2321
f 2359//2359 2281//2281 2321//2321
f 896//896 852//852 894//894
f 1209//1209 1273//1273 1230//1230
f 754//754 791//791 792//792
f 723//723 676//676 722//722
f 676//676 723//723 697//697
f 1575//1575 1668//1668 1620//1620
f 1640//1640 1668//1668 1575//1575
f 1598//1598 1640//1640 1575//1575
f 1886//1886 1968//1968 1956//1956
f 1968//1968 1886//1886 1955//1955
f 1801//1801 1854//1854 1802//1802
f 1527//1527 1528//1528 1466//1466
f 1528//1528 1527//1527 1574//1574
f 1527//1527 1573//1573 1574//1574
f 1725//1725 1738//1738 1726//1726
f 1738//1738 1725//1725 1759//1759
f 1616//1616 1594//1594 1685//1685
f 1569//1569 1617//1617 1618//1618
f 254//254 208//208 244//244
f 208//208 222//222 244//244
f 222//222 208//208 198//198
f 279//279 254//254 244//244
f 376//376 424//424 447//447
f 493//493 531//531 427//427
f 798//798 816//816 872//872
f 730//730 816//816 798//798
f 816//816 730//730 774//774
f 737//737 837//837 779//779
f 678//678 632//632 699//699
f 632//632 600//600 650//650
f 209//209 185//185 228//228
f 185//185 209//209 127//127
f 321//321 335//335 302//302
f 197//197 222//222 198//198
f 222//222 197//197 196//196
f 197//197 164//164 196//196
f 146//146 197//197 198//198
f 164//164 197//197 146//146
f 243//243 222//222 196//196
f 50//50 40//40 58//58
f 59//59 50//50 58//58
f 60//60 43//43 51//51
f 106//106 60//60 51//51
f 43//43 60//60 24//24
f 73//73 60//60 115//115
f 60//60 106//106 115//115
f 126//126 136//136 115//115
f 106//106 126//126 115//115
f 126//126 106//106 146//146
f 136//136 126//126 147//147
f 126//126 146//146 198//198
f 105//105 84//84 104//104
f 105//105 106//106 84//84
f 2424//2424 2423//2423 2450//2450
f 2242//2242 2203//2203 2263//2263
f 2263//2263 2203//2203 2262//2262
f 2203//2203 2241//2241 2262//2262
f 2203//2203 2136//2136 2166//2166
f 2136//2136 2203//2203 2116//2116
f 2203//2203 2155//2155 2116//2116
f 2906//2906 2938//2938 2939//2939
f 2938//2938 2948//2948 2939//2939
f 2938//2938 2906//2906 2893//2893
f 2948//2948 2938//2938 2893//2893
f 2947//2947 2919//2919 2954//2954
f 2919//2919 2947//2947 2893//2893
f 2947//2947 2948//2948 2893//2893
f 2843//2843 2895//2895 2880//2880
f 2895//2895 2908//2908 2880//2880
f 2895//2895 2920//2920 2908//2908
f 2940//2940 2920//2920 2939//2939
f 2920//2920 2940//2940 2908//2908
f 2855//2855 2836//2836 2801//2801
f 2820//2820 2878//2878 2861//2861
f 2850//2850 2820//2820 2861//2861
f 2820//2820 2798//2798 2797//2797
f 2827//2827 2850//2850 2862//2862
f 2851//2851 2827//2827 2862//2862
f 2827//2827 2820//2820 2850//2850
f 2820//2820 2827//2827 2798//2798
f 2631//2631 2616//2616 2566//2566
f 2000//2000 1922//1922 1921//1921
f 1945//1945 1922//1922 2000//2000
f 1699//1699 1700//1700 1611//1611
f 1610//1610 1655//1655 1611//1611
f 1655//1655 1699//1699 1611//1611
f 1809//1809 1860//1860 1827//1827
f 1809//1809 1827//1827 1828//1828
f 1827//1827 1861//1861 1828//1828
f 2031//2031 2071//2071 1986//1986
f 1562//1562 1520//1520 1561//1561
f 1539//1539 1560//1560 1561//1561
f 1634//1634 1561//1561 1612//1612
f 1660//1660 1703//1703 1635//1635
f 1588//1588 1562//1562 1561//1561
f 1588//1588 1660//1660 1635//1635
f 2057//2057 2154//2154 2165//2165
f 2154//2154 2181//2181 2165//2165
f 2164//2164 2154//2154 2132//2132
f 1991//1991 2009//2009 1966//1966
f 1991//1991 1990//1990 2009//2009
f 1952//1952 1991//1991 1966//1966
f 1991//1991 1952//1952 1914//1914
f 2009//2009 1952//1952 1966//1966
f 1881//1881 1952//1952 2009//2009
f 1880//1880 1881//1881 1834//1834
f 1952//1952 1880//1880 1914//1914
f 1880//1880 1952//1952 1881//1881
f 1812//1812 1879//1879 1834//1834
f 1879//1879 1880//1880 1834//1834
f 1880//1880 1879//1879 1914//1914
f 1705//1705 1758//1758 1777//1777
f 1663//1663 1682//1682 1664//1664
f 1682//1682 1683//1683 1664//1664
f 1682//1682 1758//1758 1705//1705
f 1486//1486 1590//1590 1543//1543
f 1589//1589 1505//1505 1566//1566
f 1505//1505 1503//1503 1566//1566
f 1487//1487 1544//1544 1488//1488
f 1487//1487 1506//1506 1544//1544
f 1464//1464 1487//1487 1488//1488
f 1487//1487 1464//1464 1463//1463
f 1506//1506 1487//1487 1463//1463
f 1462//1462 1506//1506 1463//1463
f 1403//1403 1462//1462 1463//1463
f 1399//1399 1442//1442 1430//1430
f 1442//1442 1399//1399 1483//1483
f 1442//1442 1431//1431 1430//1430
f 1431//1431 1442//1442 1502//1502
f 1443//1443 1360//1360 1345//1345
f 1431//1431 1443//1443 1345//1345
f 1360//1360 1443//1443 1401//1401
f 1251//1251 1305//1305 1331//1331
f 1111//1111 1154//1154 1069//1069
f 1070//1070 1154//1154 1127//1127
f 1154//1154 1070//1070 1069//1069
f 1154//1154 1111//1111 1229//1229
f 1154//1154 1251//1251 1127//1127
f 1251//1251 1154//1154 1229//1229
f 460//460 507//507 445//445
f 390//390 460//460 445//445
f 7//7 37//37 55//55
f 77//77 17//17 30//30
f 77//77 87//87 89//89
f 96//96 79//79 55//55
f 8//8 48//48 21//21
f 48//48 97//97 21//21
f 417//417 440//440 478//478
f 345//345 386//386 371//371
f 664//664 663//663 748//748
f 749//749 714//714 787//787
f 664//664 592//592 566//566
f 592//592 567//567 566//566
f 593//593 592//592 644//644
f 713//713 712//712 786//786
f 863//863 885//885 787//787
f 828//828 863//863 787//787
f 645//645 594//594 569//569
f 418//418 443//443 444//444
f 418//418 444//444 484//484
f 458//458 418//418 484//484
f 482//482 481//481 526//526
f 481//481 482//482 443//443
f 482//482 483//483 444//444
f 443//443 482//482 444//444
f 907//907 863//863 906//906
f 863//863 907//907 885//885
f 1006//1006 1005//1005 1021//1021
f 1005//1005 1006//1006 992//992
f 1054//1054 1006//1006 1021//1021
f 1006//1006 1054//1054 992//992
f 1088//1088 1151//1151 1126//1126
f 889//889 994//994 936//936
f 954//954 994//994 1023//1023
f 936//936 994//994 954//954
f 1150//1150 1088//1088 1149//1149
f 1150//1150 1151//1151 1088//1088
f 1151//1151 1152//1152 1126//1126
f 1111//1111 1153//1153 1229//1229
f 1153//1153 1111//1111 1126//1126
f 1152//1152 1153//1153 1126//1126
f 1153//1153 1152//1152 1151//1151
f 1346//1346 1327//1327 1362//1362
f 1005//1005 1004//1004 1021//1021
f 1004//1004 1053//1053 1021//1021
f 1001//1001 976//976 1018//1018
f 1168//1168 1169//1169 1146//1146
f 1342//1342 1353//1353 1319//1319
f 1318//1318 1342//1342 1319//1319
f 1240//1240 1318//1318 1184//1184
f 1240//1240 1393//1393 1318//1318
f 1716//1716 1749//1749 1650//1650
f 1480//1480 1440//1440 1479//1479
f 1264//1264 1223//1223 1263//1263
f 1477//1477 1475//1475 1518//1518
f 1476//1476 1477//1477 1518//1518
f 1477//1477 1476//1476 1475//1475
f 947//947 842//842 923//923
f 379//379 336//336 395//395
f 336//336 379//379 363//363
f 186//186 214//214 239//239
f 214//214 186//186 148//148
f 314//314 384//384 337//337
f 494//494 495//495 364//364
f 1294//1294 1339//1339 1340//1340
f 1294//1294 1315//1315 1239//1239
f 1373//1373 1314//1314 1413//1413
f 1413//1413 1314//1314 1447//1447
f 1034//1034 1121//1121 1060//1060
f 1016//1016 1034//1034 1060//1060
f 1222//1222 1188//1188 1221//1221
f 1160//1160 1142//1142 1103//1103
f 342//342 326//326 337//337
f 390//390 334//334 389//389
f 319//319 334//334 390//390
f 334//334 374//374 389//389
f 320//320 390//390 420//420
f 320//320 319//319 390//390
f 2576//2576 2532//2532 2560//2560
f 2576//2576 2608//2608 2532//2532
f 2549//2549 2576//2576 2560//2560
f 2611//2611 2609//2609 2668//2668
f 2108//2108 2107//2107 2072//2072
f 2179//2179 2202//2202 2151//2151
f 1863//1863 1851//1851 1832//1832
f 1851//1851 1863//1863 1901//1901
f 1863//1863 1912//1912 1913//1913
f 1912//1912 1931//1931 1913//1913
f 1878//1878 1863//1863 1832//1832
f 1878//1878 1912//1912 1863//1863
f 1912//1912 1878//1878 1930//1930
f 1878//1878 1929//1929 1930//1930
f 2129//2129 2199//2199 2148//2148
f 2220//2220 2221//2221 2180//2180
f 2007//2007 1991//1991 1914//1914
f 1991//1991 2007//2007 1990//1990
f 2152//2152 2162//2162 2180//2180
f 2202//2202 2240//2240 2162//2162
f 2240//2240 2220//2220 2162//2162
f 2240//2240 2297//2297 2220//2220
f 2202//2202 2219//2219 2239//2239
f 2179//2179 2219//2219 2202//2202
f 2260//2260 2296//2296 2239//2239
f 2260//2260 2259//2259 2296//2296
f 2219//2219 2260//2260 2239//2239
f 2770//2770 2783//2783 2784//2784
f 2772//2772 2771//2771 2784//2784
f 2771//2771 2770//2770 2784//2784
f 2770//2770 2771//2771 2722//2722
f 2792//2792 2813//2813 2814//2814
f 1215//1215 1214//1214 1233//1233
f 1996//1996 1959//1959 1938//1938
f 1937//1937 1996//1996 1938//1938
f 2060//2060 2039//2039 2015//2015
f 2249//2249 2285//2285 2230//2230
f 2249//2249 2248//2248 2285//2285
f 2455//2455 2431//2431 2504//2504
f 2431//2431 2455//2455 2325//2325
f 2304//2304 2341//2341 2248//2248
f 2360//2360 2283//2283 2323//2323
f 2228//2228 2207//2207 2268//2268
f 2269//2269 2228//2228 2268//2268
f 1821//1821 1856//1856 1822//1822
f 1996//1996 1960//1960 1959//1959
f 1692//1692 1693//1693 1643//1643
f 1411//1411 1469//1469 1372//1372
f 1469//1469 1411//1411 1468//1468
f 1600//1600 1493//1493 1599//1599
f 1412//1412 1493//1493 1436//1436
f 1805//1805 1825//1825 1841//1841
f 1825//1825 1804//1804 1841//1841
f 1804//1804 1825//1825 1805//1805
f 1137//1137 1119//1119 1118//1118
f 1032//1032 1014//1014 999//999
f 1014//1014 966//966 999//999
f 1311//1311 1260//1260 1278//1278
f 1371//1371 1310//1310 1336//1336
f 1371//1371 1411//1411 1372//1372
f 1158//1158 1215//1215 1233//1233
f 1215//1215 1158//1158 1136//1136
f 1158//1158 1159//1159 1136//1136
f 1098//1098 1045//1045 1097//1097
f 875//875 961//961 918//918
f 1119//1119 1099//1099 1118//1118
f 2691//2691 2713//2713 2726//2726
f 2713//2713 2691//2691 2680//2680
f 2691//2691 2681//2681 2680//2680
f 2691//2691 2726//2726 2721//2721
f 2681//2681 2691//2691 2721//2721
f 2725//2725 2740//2740 2726//2726
f 2713//2713 2725//2725 2726//2726
f 2713//2713 2707//2707 2724//2724
f 2707//2707 2713//2713 2700//2700
f 2746//2746 2724//2724 2759//2759
f 2746//2746 2713//2713 2724//2724
f 2746//2746 2725//2725 2713//2713
f 2768//2768 2746//2746 2759//2759
f 2746//2746 2768//2768 2801//2801
f 2746//2746 2786//2786 2748//2748
f 2786//2786 2746//2746 2801//2801
f 2474//2474 2489//2489 2547//2547
f 2572//2572 2525//2525 2546//2546
f 2546//2546 2525//2525 2488//2488
f 2456//2456 2432//2432 2488//2488
f 2525//2525 2456//2456 2488//2488
f 1910//1910 1909//1909 1947//1947
f 2459//2459 2392//2392 2437//2437
f 2392//2392 2393//2393 2366//2366
f 2147//2147 2176//2176 2195//2195
f 2147//2147 2146//2146 2176//2176
f 2621//2621 2636//2636 2571//2571
f 2591//2591 2621//2621 2571//2571
f 2636//2636 2621//2621 2620//2620
f 2621//2621 2591//2591 2620//2620
f 2664//2664 2699//2699 2700//2700
f 2683//2683 2699//2699 2664//2664
f 2699//2699 2707//2707 2700//2700
f 2699//2699 2683//2683 2706//2706
f 2707//2707 2699//2699 2706//2706
f 2663//2663 2636//2636 2620//2620
f 2663//2663 2683//2683 2636//2636
f 2635//2635 2663//2663 2620//2620
f 2064//2064 2043//2043 2121//2121
f 2020//2020 2043//2043 2064//2064
f 2043//2043 2063//2063 2081//2081
f 2063//2063 2043//2043 1975//1975
f 2043//2043 1942//1942 1975//1975
f 2363//2363 2329//2329 2328//2328
f 2067//2067 2123//2123 2100//2100
f 2046//2046 2000//2000 2024//2024
f 2734//2734 2718//2718 2704//2704
f 2739//2739 2718//2718 2738//2738
f 2737//2737 2753//2753 2775//2775
f 2753//2753 2737//2737 2745//2745
f 2737//2737 2703//2703 2745//2745
f 2737//2737 2734//2734 2703//2703
f 2768//2768 2776//2776 2801//2801
f 2776//2776 2768//2768 2759//2759
f 2767//2767 2776//2776 2759//2759
f 2816//2816 2785//2785 2775//2775
f 2785//2785 2816//2816 2794//2794
f 2785//2785 2767//2767 2775//2775
f 2776//2776 2785//2785 2794//2794
f 2785//2785 2776//2776 2767//2767
f 2879//2879 2895//2895 2843//2843
f 2906//2906 2854//2854 2893//2893
f 2836//2836 2807//2807 2801//2801
f 2807//2807 2836//2836 2822//2822
f 2915//2915 2949//2949 2950//2950
f 2950//2950 2949//2949 2955//2955
f 2909//2909 2898//2898 2886//2886
f 2845//2845 2818//2818 2829//2829
f 2818//2818 2817//2817 2829//2829
f 2817//2817 2818//2818 2809//2809
f 2830//2830 2818//2818 2845//2845
f 2809//2809 2818//2818 2810//2810
f 2818//2818 2830//2830 2810//2810
f 2891//2891 2890//2890 2902//2902
f 2890//2890 2891//2891 2876//2876
f 2903//2903 2891//2891 2902//2902
f 2891//2891 2904//2904 2876//2876
f 2904//2904 2891//2891 2903//2903
f 2813//2813 2819//2819 2842//2842
f 2833//2833 2819//2819 2834//2834
f 2912//2912 2896//2896 2911//2911
f 2911//2911 2896//2896 2901//2901
f 2896//2896 2875//2875 2901//2901
f 2868//2868 2889//2889 2901//2901
f 2875//2875 2868//2868 2901//2901
f 2869//2869 2868//2868 2875//2875
f 2868//2868 2869//2869 2858//2858
f 2842//2842 2804//2804 2814//2814
f 2912//2912 2935//2935 2927//2927
f 2935//2935 2953//2953 2957//2957
f 2936//2936 2935//2935 2957//2957
f 2935//2935 2936//2936 2927//2927
f 2926//2926 2925//2925 2901//2901
f 2925//2925 2911//2911 2901//2901
f 2934//2934 2912//2912 2911//2911
f 2945//2945 2934//2934 2911//2911
f 2934//2934 2945//2945 2953//2953
f 2935//2935 2934//2934 2953//2953
f 2934//2934 2935//2935 2912//2912
f 1866//1866 1865//1865 1915//1915
f 1936//1936 1884//1884 1917//1917
f 2405//2405 2385//2385 2499//2499
f 2385//2385 2405//2405 2386//2386
f 2139//2139 2060//2060 2093//2093
f 2387//2387 2358//2358 2357//2357
f 2359//2359 2389//2389 2281//2281
f 940//940 939//939 911//911
f 816//816 917//917 872//872
f 1273//1273 1409//1409 1308//1308
f 1128//1128 1092//1092 1072//1072
f 754//754 673//673 672//672
f 673//673 754//754 792//792
f 672//672 673//673 674//674
f 510//510 485//485 509//509
f 676//676 598//598 629//629
f 223//223 208//208 254//254
f 223//223 183//183 147//147
f 322//322 279//279 350//350
f 279//279 322//322 323//323
f 360//360 394//394 361//361
f 378//378 404//404 405//405
f 404//404 493//493 405//405
f 404//404 554//554 493//493
f 393//393 425//425 403//403
f 513//513 530//530 547//547
f 603//603 680//680 652//652
f 427//427 468//468 428//428
f 531//531 468//468 427//427
f 468//468 531//531 604//604
f 578//578 531//531 493//493
f 699//699 755//755 728//728
f 755//755 699//699 727//727
f 615//615 584//584 684//684
f 485//485 528//528 462//462
f 528//528 485//485 510//510
f 628//628 528//528 509//509
f 528//528 510//510 509//509
f 549//549 550//550 547//547
f 550//550 549//549 548//548
f 242//242 203//203 170//170
f 145//145 112//112 111//111
f 145//145 111//111 170//170
f 195//195 145//145 170//170
f 112//112 145//145 113//113
f 145//145 164//164 113//113
f 286//286 295//295 303//303
f 335//335 295//295 302//302
f 295//295 335//335 303//303
f 243//243 206//206 233//233
f 206//206 243//243 196//196
f 222//222 253//253 244//244
f 243//243 253//253 222//222
f 253//253 303//303 244//244
f 253//253 286//286 303//303
f 242//242 251//251 233//233
f 251//251 243//243 233//233
f 23//23 41//41 42//42
f 41//41 23//23 40//40
f 41//41 72//72 42//42
f 72//72 41//41 71//71
f 60//60 61//61 24//24
f 61//61 60//60 73//73
f 61//61 62//62 24//24
f 61//61 73//73 62//62
f 208//208 207//207 198//198
f 207//207 126//126 198//198
f 126//126 207//207 147//147
f 207//207 223//223 147//147
f 223//223 207//207 208//208
f 106//106 114//114 146//146
f 105//105 114//114 106//106
f 146//146 114//114 104//104
f 114//114 105//105 104//104
f 2870//2870 2863//2863 2835//2835
f 2836//2836 2882//2882 2873//2873
f 2855//2855 2882//2882 2836//2836
f 2882//2882 2915//2915 2873//2873
f 2882//2882 2898//2898 2915//2915
f 2798//2798 2793//2793 2782//2782
f 2827//2827 2793//2793 2798//2798
f 2793//2793 2799//2799 2782//2782
f 2793//2793 2827//2827 2799//2799
f 2615//2615 2631//2631 2566//2566
f 2631//2631 2615//2615 2630//2630
f 1922//1922 1908//1908 1921//1921
f 2025//2025 1979//1979 1945//1945
f 2025//2025 1945//1945 2000//2000
f 1655//1655 1654//1654 1699//1699
f 1699//1699 1654//1654 1770//1770
f 2147//2147 2160//2160 2103//2103
f 2002//2002 2003//2003 2029//2029
f 2051//2051 2002//2002 2029//2029
f 2003//2003 2002//2002 1984//1984
f 2277//2277 2295//2295 2238//2238
f 1900//1900 1899//1899 1911//1911
f 1925//1925 1926//1926 1862//1862
f 1520//1520 1501//1501 1561//1561
f 1501//1501 1539//1539 1561//1561
f 1538//1538 1560//1560 1539//1539
f 1752//1752 1718//1718 1717//1717
f 1702//1702 1681//1681 1701//1701
f 1660//1660 1659//1659 1703//1703
f 1588//1588 1659//1659 1660//1660
f 1829//1829 1772//1772 1702//1702
f 1850//1850 1878//1878 1830//1830
f 1829//1829 1850//1850 1830//1830
f 1878//1878 1850//1850 1929//1929
f 1636//1636 1754//1754 1661//1661
f 1565//1565 1563//1563 1564//1564
f 1563//1563 1614//1614 1564//1564
f 1523//1523 1484//1484 1502//1502
f 1484//1484 1431//1431 1502//1502
f 1757//1757 1813//1813 1777//1777
f 1758//1758 1757//1757 1777//1777
f 1813//1813 1757//1757 1812//1812
f 1505//1505 1460//1460 1503//1503
f 544//544 627//627 720//720
f 627//627 647//647 720//720
f 460//460 459//459 507//507
f 459//459 460//460 458//458
f 400//400 390//390 389//389
f 400//400 460//460 390//390
f 47//47 37//37 32//32
f 37//37 5//5 32//32
f 77//77 52//52 17//17
f 119//119 118//118 151//151
f 162//162 172//172 168//168
f 37//37 54//54 55//55
f 54//54 96//96 55//55
f 103//103 96//96 124//124
f 103//103 79//79 96//96
f 20//20 8//8 9//9
f 20//20 48//48 8//8
f 7//7 20//20 9//9
f 20//20 38//38 48//48
f 308//308 289//289 307//307
f 307//307 257//257 288//288
f 289//289 257//257 307//307
f 257//257 267//267 288//288
f 257//257 215//215 239//239
f 267//267 257//257 239//239
f 338//338 345//345 371//371
f 316//316 338//338 371//371
f 333//333 348//348 318//318
f 214//214 272//272 239//239
f 272//272 314//314 337//337
f 314//314 272//272 287//287
f 864//864 749//749 787//787
f 885//885 864//864 787//787
f 865//865 887//887 888//888
f 889//889 890//890 891//891
f 890//890 889//889 936//936
f 868//868 809//809 830//830
f 935//935 936//936 954//954
f 384//384 397//397 337//337
f 643//643 663//663 664//664
f 643//643 664//664 566//566
f 694//694 713//713 787//787
f 714//714 694//694 787//787
f 691//691 664//664 748//748
f 691//691 592//592 664//664
f 668//668 646//646 645//645
f 646//646 594//594 645//645
f 646//646 669//669 670//670
f 669//669 646//646 668//668
f 608//608 670//670 671//671
f 609//609 625//625 595//595
f 625//625 695//695 696//696
f 695//695 625//625 671//671
f 541//541 525//525 478//478
f 525//525 541//541 569//569
f 417//417 480//480 441//441
f 480//480 417//417 478//478
f 527//527 482//482 526//526
f 482//482 527//527 483//483
f 1054//1054 1007//1007 992//992
f 1007//1007 993//993 992//992
f 1007//1007 1054//1054 1067//1067
f 1022//1022 1007//1007 1067//1067
f 1008//1008 1022//1022 1023//1023
f 994//994 1008//1008 1023//1023
f 1150//1150 1195//1195 1207//1207
f 1173//1173 1153//1153 1151//1151
f 1150//1150 1173//1173 1151//1151
f 1003//1003 1004//1004 1005//1005
f 977//977 1039//1039 991//991
f 1039//1039 1051//1051 991//991
f 1147//1147 1169//1169 1170//1170
f 1169//1169 1147//1147 1146//1146
f 863//863 931//931 906//906
f 905//905 860//860 904//904
f 1037//1037 1001//1001 1018//1018
f 1672//1672 1693//1693 1744//1744
f 1604//1604 1716//1716 1650//1650
f 1342//1342 1377//1377 1353//1353
f 1859//1859 1890//1890 1907//1907
f 1696//1696 1677//1677 1695//1695
f 1677//1677 1696//1696 1648//1648
f 1355//1355 1354//1354 1356//1356
f 1189//1189 1223//1223 1264//1264
f 1189//1189 1222//1222 1223//1223
f 949//949 880//880 947//947
f 880//880 858//858 947//947
f 762//762 842//842 708//708
f 517//517 559//559 588//588
f 362//362 341//341 313//313
f 341//341 406//406 407//407
f 341//341 362//362 406//406
f 395//395 341//341 407//407
f 336//336 341//341 395//395
f 305//305 314//314 287//287
f 325//325 305//305 266//266
f 367//367 305//305 325//325
f 305//305 367//367 314//314
f 536//536 495//495 494//494
f 1437//1437 1472//1472 1514//1514
f 1141//1141 1160//1160 1103//1103
f 315//315 298//298 326//326
f 315//315 308//308 307//307
f 342//342 315//315 326//326
f 352//352 315//315 342//342
f 180//180 163//163 168//168
f 163//163 162//162 168//168
f 237//237 250//250 220//220
f 144//144 220//220 135//135
f 144//144 154//154 220//220
f 237//237 261//261 250//250
f 276//276 261//261 275//275
f 261//261 276//276 285//285
f 320//320 294//294 319//319
f 294//294 320//320 285//285
f 276//276 294//294 285//285
f 320//320 263//263 285//285
f 250//250 263//263 220//220
f 140//140 175//175 149//149
f 100//100 140//140 149//149
f 140//140 100//100 74//74
f 186//186 140//140 148//148
f 175//175 140//140 186//186
f 34//34 64//64 29//29
f 620//620 619//619 639//639
f 367//367 368//368 314//314
f 2729//2729 2702//2702 2695//2695
f 2709//2709 2729//2729 2695//2695
f 2729//2729 2709//2709 2750//2750
f 2460//2460 2445//2445 2444//2444
f 2445//2445 2398//2398 2444//2444
f 2398//2398 2445//2445 2415//2415
f 2150//2150 2108//2108 2148//2148
f 2107//2107 2150//2150 2109//2109
f 2150//2150 2107//2107 2108//2108
f 2004//2004 2006//2006 1930//1930
f 2006//2006 1950//1950 1930//1930
f 1950//1950 1912//1912 1930//1930
f 1912//1912 1950//1950 1931//1931
f 1851//1851 1811//1811 1832//1832
f 1878//1878 1831//1831 1830//1830
f 1831//1831 1878//1878 1832//1832
f 1795//1795 1831//1831 1832//1832
f 1831//1831 1795//1795 1772//1772
f 1831//1831 1829//1829 1830//1830
f 1829//1829 1831//1831 1772//1772
f 2199//2199 2216//2216 2200//2200
f 2217//2217 2216//2216 2238//2238
f 2200//2200 2216//2216 2217//2217
f 2221//2221 2222//2222 2180//2180
f 2163//2163 2152//2152 2180//2180
f 2222//2222 2163//2163 2180//2180
f 2163//2163 2222//2222 2164//2164
f 2152//2152 2111//2111 2162//2162
f 2111//2111 2152//2152 2056//2056
f 2073//2073 2111//2111 2056//2056
f 2316//2316 2222//2222 2221//2221
f 2353//2353 2316//2316 2337//2337
f 2316//2316 2353//2353 2181//2181
f 2222//2222 2316//2316 2181//2181
f 2201//2201 2219//2219 2179//2179
f 2201//2201 2200//2200 2217//2217
f 2278//2278 2202//2202 2239//2239
f 2278//2278 2240//2240 2202//2202
f 2508//2508 2552//2552 2563//2563
f 2508//2508 2563//2563 2564//2564
f 2476//2476 2508//2508 2477//2477
f 2421//2421 2420//2420 2378//2378
f 2513//2513 2627//2627 2628//2628
f 2627//2627 2513//2513 2512//2512
f 2686//2686 2708//2708 2701//2701
f 2709//2709 2708//2708 2722//2722
f 2708//2708 2709//2709 2701//2701
f 2722//2722 2708//2708 2694//2694
f 2708//2708 2686//2686 2694//2694
f 2760//2760 2755//2755 2750//2750
f 2771//2771 2760//2760 2750//2750
f 2760//2760 2771//2771 2772//2772
f 2780//2780 2792//2792 2814//2814
f 2656//2656 2627//2627 2626//2626
f 2656//2656 2710//2710 2676//2676
f 1212//1212 1255//1255 1254//1254
f 1073//1073 1156//1156 1178//1178
f 1132//1132 1156//1156 1043//1043
f 2618//2618 2557//2557 2601//2601
f 2557//2557 2545//2545 2601//2601
f 2471//2471 2502//2502 2431//2431
f 2248//2248 2342//2342 2285//2285
f 2341//2341 2342//2342 2248//2248
f 2361//2361 2342//2342 2341//2341
f 2361//2361 2286//2286 2285//2285
f 2342//2342 2361//2361 2285//2285
f 2341//2341 2340//2340 2429//2429
f 2304//2304 2340//2340 2341//2341
f 1856//1856 1870//1870 1822//1822
f 2040//2040 1960//1960 1996//1996
f 2040//2040 2039//2039 2079//2079
f 2061//2061 2040//2040 2079//2079
f 2041//2041 2094//2094 2095//2095
f 1470//1470 1510//1510 1447//1447
f 1219//1219 1313//1313 1314//1314
f 1313//1313 1312//1312 1447//1447
f 1314//1314 1313//1313 1447//1447
f 1313//1313 1237//1237 1312//1312
f 1237//1237 1313//1313 1219//1219
f 1260//1260 1235//1235 1278//1278
f 1235//1235 1118//1118 1180//1180
f 1371//1371 1276//1276 1310//1310
f 1158//1158 1217//1217 1159//1159
f 1217//1217 1158//1158 1233//1233
f 799//799 817//817 818//818
f 961//961 962//962 986//986
f 876//876 875//875 918//918
f 897//897 876//876 918//918
f 700//700 775//775 776//776
f 1028//1028 964//964 1013//1013
f 964//964 1028//1028 1029//1029
f 1076//1076 1077//1077 1028//1028
f 1076//1076 1045//1045 1098//1098
f 1076//1076 1028//1028 1013//1013
f 1045//1045 1076//1076 1013//1013
f 2720//2720 2707//2707 2706//2706
f 2707//2707 2720//2720 2724//2724
f 2705//2705 2720//2720 2706//2706
f 2718//2718 2720//2720 2705//2705
f 2724//2724 2720//2720 2739//2739
f 2720//2720 2718//2718 2739//2739
f 2725//2725 2747//2747 2740//2740
f 2746//2746 2747//2747 2725//2725
f 2740//2740 2747//2747 2748//2748
f 2747//2747 2746//2746 2748//2748
f 2788//2788 2795//2795 2769//2769
f 2788//2788 2787//2787 2795//2795
f 2788//2788 2769//2769 2748//2748
f 2786//2786 2788//2788 2748//2748
f 2787//2787 2788//2788 2786//2786
f 2490//2490 2474//2474 2547//2547
f 2526//2526 2525//2525 2572//2572
f 2456//2456 2526//2526 2527//2527
f 2526//2526 2456//2456 2525//2525
f 2622//2622 2604//2604 2572//2572
f 2622//2622 2680//2680 2665//2665
f 2068//2068 2069//2069 2028//2028
f 2102//2102 2068//2068 2146//2146
f 2147//2147 2102//2102 2146//2146
f 2102//2102 2069//2069 2068//2068
f 2069//2069 2102//2102 2085//2085
f 2102//2102 2147//2147 2103//2103
f 2192//2192 2175//2175 2237//2237
f 2124//2124 2193//2193 2125//2125
f 2662//2662 2635//2635 2661//2661
f 2662//2662 2663//2663 2635//2635
f 2663//2663 2662//2662 2683//2683
f 2705//2705 2662//2662 2661//2661
f 2683//2683 2662//2662 2705//2705
f 2391//2391 2344//2344 2363//2363
f 2344//2344 2329//2329 2363//2363
f 2457//2457 2344//2344 2391//2391
f 2047//2047 2101//2101 2125//2125
f 2101//2101 2124//2124 2125//2125
f 2718//2718 2754//2754 2738//2738
f 2754//2754 2718//2718 2734//2734
f 2754//2754 2767//2767 2738//2738
f 2767//2767 2754//2754 2775//2775
f 2754//2754 2737//2737 2775//2775
f 2737//2737 2754//2754 2734//2734
f 2719//2719 2705//2705 2704//2704
f 2718//2718 2719//2719 2704//2704
f 2719//2719 2718//2718 2705//2705
f 2879//2879 2894//2894 2895//2895
f 2895//2895 2894//2894 2920//2920
f 2852//2852 2851//2851 2893//2893
f 2852//2852 2827//2827 2851//2851
f 2827//2827 2852//2852 2799//2799
f 2821//2821 2879//2879 2843//2843
f 2821//2821 2854//2854 2879//2879
f 2854//2854 2821//2821 2800//2800
f 2816//2816 2821//2821 2843//2843
f 2800//2800 2821//2821 2816//2816
f 2897//2897 2906//2906 2907//2907
f 2897//2897 2854//2854 2906//2906
f 2854//2854 2897//2897 2879//2879
f 2897//2897 2894//2894 2879//2879
f 2894//2894 2897//2897 2920//2920
f 2939//2939 2897//2897 2907//2907
f 2920//2920 2897//2897 2939//2939
f 2808//2808 2786//2786 2801//2801
f 2807//2807 2808//2808 2801//2801
f 2808//2808 2787//2787 2786//2786
f 2787//2787 2808//2808 2795//2795
f 2795//2795 2808//2808 2822//2822
f 2808//2808 2807//2807 2822//2822
f 2940//2940 2929//2929 2908//2908
f 2929//2929 2909//2909 2908//2908
f 2921//2921 2898//2898 2909//2909
f 2929//2929 2921//2921 2909//2909
f 2921//2921 2929//2929 2949//2949
f 2921//2921 2949//2949 2915//2915
f 2898//2898 2921//2921 2915//2915
f 2819//2819 2812//2812 2834//2834
f 2812//2812 2792//2792 2791//2791
f 2792//2792 2812//2812 2813//2813
f 2812//2812 2819//2819 2813//2813
f 2840//2840 2884//2884 2841//2841
f 2833//2833 2840//2840 2819//2819
f 2842//2842 2840//2840 2841//2841
f 2819//2819 2840//2840 2842//2842
f 2883//2883 2912//2912 2884//2884
f 2883//2883 2896//2896 2912//2912
f 2896//2896 2883//2883 2875//2875
f 2830//2830 2838//2838 2810//2810
f 2838//2838 2811//2811 2810//2810
f 2889//2889 2857//2857 2874//2874
f 2868//2868 2857//2857 2889//2889
f 2857//2857 2845//2845 2874//2874
f 2857//2857 2830//2830 2845//2845
f 2857//2857 2868//2868 2858//2858
f 2849//2849 2848//2848 2859//2859
f 2849//2849 2859//2859 2876//2876
f 2848//2848 2849//2849 2842//2842
f 2849//2849 2804//2804 2842//2842
f 2849//2849 2876//2876 2905//2905
f 2944//2944 2943//2943 2952//2952
f 2945//2945 2944//2944 2952//2952
f 2944//2944 2945//2945 2911//2911
f 2925//2925 2944//2944 2911//2911
f 2405//2405 2406//2406 2407//2407
f 2387//2387 2409//2409 2388//2388
f 2409//2409 2387//2387 2408//2408
f 2409//2409 2408//2408 2469//2469
f 2426//2426 2389//2389 2469//2469
f 1091//1091 1115//1115 1057//1057
f 1058//1058 1041//1041 1116//1116
f 1208//1208 1197//1197 1252//1252
f 1508//1508 1571//1571 1526//1526
f 1408//1408 1409//1409 1273//1273
f 1129//1129 1092//1092 1128//1128
f 1129//1129 1128//1128 1210//1210
f 279//279 255//255 254//254
f 269//269 255//255 279//279
f 296//296 279//279 323//323
f 296//296 269//269 279//279
f 296//296 280//280 269//269
f 280//280 296//296 270//270
f 296//296 324//324 270//270
f 635//635 681//681 700//700
f 578//578 612//612 531//531
f 531//531 612//612 604//604
f 612//612 635//635 604//604
f 533//533 379//379 469//469
f 770//770 813//813 771//771
f 391//391 423//423 402//402
f 206//206 221//221 233//233
f 221//221 242//242 233//233
f 221//221 203//203 242//242
f 171//171 145//145 195//195
f 171//171 206//206 196//196
f 206//206 171//171 195//195
f 164//164 171//171 196//196
f 145//145 171//171 164//164
f 278//278 251//251 242//242
f 278//278 242//242 302//302
f 253//253 264//264 286//286
f 278//278 264//264 251//251
f 50//50 49//49 40//40
f 49//49 41//41 40//40
f 41//41 49//49 71//71
f 49//49 59//59 71//71
f 49//49 50//50 59//59
f 2204//2204 2183//2183 2243//2243
f 2155//2155 2091//2091 2116//2116
f 2863//2863 2872//2872 2855//2855
f 2052//2052 2053//2053 2031//2031
f 2071//2071 2053//2053 2088//2088
f 2031//2031 2053//2053 2071//2071
f 1963//1963 1926//1926 1962//1962
f 1926//1926 1963//1963 1927//1927
f 1679//1679 1586//1586 1559//1559
f 1586//1586 1679//1679 1680//1680
f 1988//1988 1965//1965 1879//1879
f 1931//1931 1932//1932 1913//1913
f 1950//1950 1932//1932 1931//1931
f 2130//2130 2089//2089 2109//2109
f 1774//1774 1773//1773 1797//1797
f 1563//1563 1524//1524 1523//1523
f 1524//1524 1565//1565 1542//1542
f 1524//1524 1563//1563 1565//1565
f 1524//1524 1484//1484 1523//1523
f 1540//1540 1520//1520 1562//1562
f 1541//1541 1540//1540 1562//1562
f 1520//1520 1540//1540 1483//1483
f 1460//1460 1402//1402 1401//1401
f 1402//1402 1462//1462 1403//1403
f 1456//1456 1459//1459 1443//1443
f 1443//1443 1459//1459 1401//1401
f 1459//1459 1460//1460 1401//1401
f 1284//1284 1267//1267 1300//1300
f 1457//1457 1456//1456 1443//1443
f 1304//1304 1305//1305 1251//1251
f 6//6 5//5 4//4
f 5//5 6//6 32//32
f 17//17 18//18 3//3
f 52//52 18//18 17//17
f 18//18 4//4 3//3
f 120//120 78//78 119//119
f 151//151 108//108 150//150
f 118//118 108//108 151//151
f 161//161 162//162 153//153
f 161//161 167//167 172//172
f 162//162 161//161 172//172
f 54//54 91//91 96//96
f 47//47 53//53 37//37
f 53//53 54//54 37//37
f 96//96 132//132 124//124
f 110//110 124//124 125//125
f 110//110 103//103 124//124
f 48//48 70//70 97//97
f 38//38 70//70 48//48
f 19//19 20//20 7//7
f 19//19 38//38 20//20
f 215//215 199//199 239//239
f 129//129 100//100 149//149
f 108//108 129//129 150//150
f 76//76 77//77 30//30
f 77//77 76//76 87//87
f 245//245 258//258 241//241
f 258//258 259//259 241//241
f 345//345 329//329 327//327
f 338//338 329//329 345//345
f 440//440 372//372 371//371
f 372//372 440//440 417//417
f 372//372 316//316 371//371
f 372//372 330//330 316//316
f 316//316 317//317 299//299
f 330//330 317//317 316//316
f 261//261 249//249 275//275
f 249//249 237//237 219//219
f 249//249 261//261 237//237
f 249//249 283//283 275//275
f 283//283 249//249 282//282
f 334//334 300//300 374//374
f 300//300 348//348 374//374
f 348//348 300//300 318//318
f 256//256 267//267 239//239
f 272//272 256//256 239//239
f 238//238 272//272 214//214
f 272//272 238//238 287//287
f 238//238 224//224 266//266
f 305//305 238//238 266//266
f 238//238 305//305 287//287
f 267//267 297//297 288//288
f 297//297 298//298 288//288
f 256//256 297//297 267//267
f 297//297 256//256 272//272
f 297//297 272//272 337//337
f 326//326 297//297 337//337
f 298//298 297//297 326//326
f 886//886 864//864 885//885
f 866//866 889//889 891//891
f 889//889 866//866 888//888
f 866//866 865//865 888//888
f 766//766 829//829 848//848
f 809//809 788//788 830//830
f 788//788 810//810 720//720
f 937//937 910//910 892//892
f 937//937 935//935 954//954
f 910//910 937//937 938//938
f 937//937 1056//1056 938//938
f 1056//1056 937//937 1024//1024
f 937//937 954//954 1024//1024
f 868//868 909//909 892//892
f 935//935 909//909 936//936
f 909//909 890//890 936//936
f 370//370 386//386 345//345
f 640//640 622//622 606//606
f 667//667 694//694 714//714
f 667//667 645//645 644//644
f 693//693 712//712 713//713
f 608//608 607//607 670//670
f 607//607 646//646 670//670
f 646//646 607//607 594//594
f 483//483 572//572 484//484
f 527//527 572//572 483//483
f 479//479 480//480 481//481
f 480//480 479//479 441//441
f 979//979 1007//1007 1022//1022
f 1007//1007 979//979 993//993
f 993//993 979//979 933//933
f 1001//1001 1002//1002 977//977
f 1002//1002 1039//1039 977//977
f 1004//1004 1020//1020 1053//1053
f 932//932 930//930 952//952
f 907//907 930//930 932//932
f 930//930 907//907 906//906
f 931//931 930//930 906//906
f 928//928 1001//1001 977//977
f 905//905 928//928 977//977
f 928//928 905//905 904//904
f 1001//1001 928//928 976//976
f 1168//1168 1203//1203 1244//1244
f 1499//1499 1498//1498 1533//1533
f 1844//1844 1766//1766 1790//1790
f 1766//1766 1791//1791 1767//1767
f 1748//1748 1807//1807 1808//1808
f 1768//1768 1748//1748 1714//1714
f 1791//1791 1768//1768 1767//1767
f 1673//1673 1645//1645 1644//1644
f 1355//1355 1383//1383 1357//1357
f 976//976 975//975 1018//1018
f 710//710 711//711 690//690
f 879//879 839//839 901//901
f 840//840 879//879 922//922
f 880//880 881//881 858//858
f 762//762 804//804 842//842
f 761//761 707//707 706//706
f 495//495 496//496 470//470
f 496//496 586//586 637//637
f 1450//1450 1416//1416 1437//1437
f 1376//1376 1341//1341 1315//1315
f 1580//1580 1674//1674 1647//1647
f 1674//1674 1580//1580 1625//1625
f 306//306 315//315 307//307
f 315//315 306//306 298//298
f 306//306 307//307 288//288
f 298//298 306//306 288//288
f 144//144 134//134 154//154
f 97//97 134//134 135//135
f 134//134 144//144 135//135
f 154//154 202//202 220//220
f 173//173 202//202 154//154
f 194//194 202//202 173//173
f 202//202 194//194 219//219
f 202//202 237//237 220//220
f 237//237 202//202 219//219
f 262//262 263//263 250//250
f 263//263 262//262 285//285
f 261//261 262//262 250//250
f 262//262 261//261 285//285
f 46//46 16//16 15//15
f 17//17 16//16 30//30
f 15//15 16//16 17//17
f 128//128 139//139 174//174
f 148//148 128//128 174//174
f 140//140 128//128 148//148
f 128//128 140//140 74//74
f 64//64 128//128 74//74
f 45//45 64//64 74//74
f 14//14 45//45 15//15
f 45//45 14//14 29//29
f 64//64 45//45 29//29
f 46//46 45//45 74//74
f 45//45 46//46 15//15
f 883//883 902//902 859//859
f 560//560 517//517 588//588
f 743//743 688//688 742//742
f 314//314 383//383 384//384
f 368//368 383//383 314//314
f 2696//2696 2702//2702 2714//2714
f 2715//2715 2696//2696 2714//2714
f 2671//2671 2670//2670 2695//2695
f 2702//2702 2671//2671 2695//2695
f 2696//2696 2671//2671 2702//2702
f 2671//2671 2696//2696 2653//2653
f 2655//2655 2656//2656 2626//2626
f 2612//2612 2654//2654 2583//2583
f 2654//2654 2612//2612 2653//2653
f 2655//2655 2654//2654 2675//2675
f 2675//2675 2654//2654 2673//2673
f 2702//2702 2730//2730 2714//2714
f 2729//2729 2730//2730 2702//2702
f 2755//2755 2730//2730 2750//2750
f 2730//2730 2729//2729 2750//2750
f 2669//2669 2686//2686 2701//2701
f 2651//2651 2701//2701 2670//2670
f 2640//2640 2651//2651 2625//2625
f 2651//2651 2669//2669 2701//2701
f 2669//2669 2651//2651 2640//2640
f 1986//1986 2005//2005 1930//1930
f 2005//2005 2004//2004 1930//1930
f 2004//2004 2054//2054 2006//2006
f 2107//2107 2054//2054 2072//2072
f 2005//2005 2054//2054 2004//2004
f 2054//2054 2107//2107 2109//2109
f 2006//2006 2054//2054 2109//2109
f 2054//2054 2005//2005 1986//1986
f 1987//1987 1950//1950 2006//2006
f 1932//1932 1987//1987 1988//1988
f 1987//1987 1932//1932 1950//1950
f 1987//1987 2006//2006 2109//2109
f 2089//2089 1987//1987 2109//2109
f 1795//1795 1796//1796 1772//1772
f 1796//1796 1795//1795 1832//1832
f 2007//2007 2008//2008 1990//1990
f 1990//1990 2008//2008 2009//2009
f 2008//2008 2057//2057 2009//2009
f 2008//2008 2033//2033 2057//2057
f 2033//2033 2112//2112 2057//2057
f 2154//2154 2112//2112 2132//2132
f 2112//2112 2154//2154 2057//2057
f 2149//2149 2150//2150 2148//2148
f 2199//2199 2149//2149 2148//2148
f 2149//2149 2201//2201 2179//2179
f 2149//2149 2199//2199 2200//2200
f 2201//2201 2149//2149 2200//2200
f 2149//2149 2179//2179 2151//2151
f 2130//2130 2149//2149 2151//2151
f 2149//2149 2130//2130 2109//2109
f 2150//2150 2149//2149 2109//2109
f 2461//2461 2445//2445 2460//2460
f 2476//2476 2461//2461 2460//2460
f 2415//2415 2461//2461 2417//2417
f 2445//2445 2461//2461 2415//2415
f 2461//2461 2476//2476 2477//2477
f 2565//2565 2554//2554 2583//2583
f 2582//2582 2553//2553 2564//2564
f 2582//2582 2612//2612 2583//2583
f 2563//2563 2580//2580 2564//2564
f 2580//2580 2563//2563 2596//2596
f 2379//2379 2400//2400 2353//2353
f 2379//2379 2401//2401 2400//2400
f 2379//2379 2353//2353 2337//2337
f 2778//2778 2790//2790 2791//2791
f 2811//2811 2802//2802 2810//2810
f 2802//2802 2790//2790 2810//2810
f 2760//2760 2777//2777 2755//2755
f 2777//2777 2778//2778 2755//2755
f 2778//2778 2777//2777 2790//2790
f 2777//2777 2760//2760 2772//2772
f 2777//2777 2772//2772 2810//2810
f 2790//2790 2777//2777 2810//2810
f 2715//2715 2731//2731 2710//2710
f 2627//2627 2641//2641 2628//2628
f 2656//2656 2641//2641 2627//2627
f 2641//2641 2676//2676 2628//2628
f 2641//2641 2656//2656 2676//2676
f 1273//1273 1231//1231 1230//1230
f 1231//1231 1273//1273 1308//1308
f 1231//1231 1210//1210 1230//1230
f 1255//1255 1290//1290 1308//1308
f 1333//1333 1255//1255 1308//1308
f 1385//1385 1333//1333 1308//1308
f 1386//1386 1333//1333 1385//1385
f 2016//2016 1996//1996 1937//1937
f 2037//2037 1958//1958 1970//1970
f 2097//2097 2142//2142 2098//2098
f 2521//2521 2520//2520 2600//2600
f 2545//2545 2521//2521 2601//2601
f 2634//2634 2521//2521 2600//2600
f 2601//2601 2521//2521 2634//2634
f 2523//2523 2545//2545 2557//2557
f 2430//2430 2471//2471 2431//2431
f 2471//2471 2430//2430 2429//2429
f 2430//2430 2341//2341 2429//2429
f 2118//2118 2094//2094 2119//2119
f 2120//2120 2096//2096 2080//2080
f 2063//2063 2096//2096 2081//2081
f 2096//2096 2063//2063 2080//2080
f 1889//1889 1857//1857 1939//1939
f 1532//1532 1510//1510 1622//1622
f 1551//1551 1532//1532 1601//1601
f 1513//1513 1532//1532 1551//1551
f 1532//1532 1513//1513 1512//1512
f 1218//1218 1219//1219 1181//1181
f 1218//1218 1237//1237 1219//1219
f 1277//1277 1371//1371 1372//1372
f 1277//1277 1276//1276 1371//1371
f 1259//1259 1235//1235 1180//1180
f 2604//2604 2559//2559 2572//2572
f 2559//2559 2526//2526 2572//2572
f 2526//2526 2559//2559 2527//2527
f 2622//2622 2605//2605 2604//2604
f 2605//2605 2622//2622 2665//2665
f 2637//2637 2605//2605 2665//2665
f 2458//2458 2457//2457 2527//2527
f 2457//2457 2434//2434 2527//2527
f 2434//2434 2457//2457 2391//2391
f 2251//2251 2345//2345 2307//2307
f 2252//2252 2251//2251 2273//2273
f 2854//2854 2853//2853 2893//2893
f 2853//2853 2852//2852 2893//2893
f 2852//2852 2853//2853 2799//2799
f 2853//2853 2800//2800 2799//2799
f 2853//2853 2854//2854 2800//2800
f 2803//2803 2812//2812 2791//2791
f 2803//2803 2802//2802 2811//2811
f 2790//2790 2803//2803 2791//2791
f 2802//2802 2803//2803 2790//2790
f 2846//2846 2869//2869 2875//2875
f 2883//2883 2846//2846 2875//2875
f 2869//2869 2846//2846 2858//2858
f 2846//2846 2883//2883 2884//2884
f 2943//2943 2933//2933 2926//2926
f 2944//2944 2933//2933 2943//2943
f 2933//2933 2925//2925 2926//2926
f 2933//2933 2944//2944 2925//2925
f 1090//1090 1025//1025 1009//1009
f 730//730 756//756 774//774
f 1307//1307 1272//1272 1289//1289
f 1728//1728 1686//1686 1739//1739
f 1686//1686 1727//1727 1739//1739
f 1686//1686 1667//1667 1727//1727
f 1684//1684 1706//1706 1685//1685
f 1706//1706 1684//1684 1778//1778
f 227//227 223//223 254//254
f 255//255 227//227 254//254
f 223//223 227//227 183//183
f 596//596 628//628 629//629
f 596//596 528//528 628//628
f 340//340 354//354 335//335
f 354//354 340//340 349//349
f 340//340 335//335 321//321
f 349//349 340//340 321//321
f 354//354 355//355 335//335
f 335//335 355//355 303//303
f 486//486 463//463 462//462
f 528//528 486//486 462//462
f 205//205 195//195 170//170
f 203//203 205//205 170//170
f 251//251 252//252 243//243
f 264//264 252//252 251//251
f 252//252 253//253 243//243
f 252//252 264//264 253//253
f 264//264 277//277 286//286
f 277//277 264//264 278//278
f 277//277 295//295 286//286
f 295//295 277//277 302//302
f 277//277 278//278 302//302
f 2204//2204 2184//2184 2183//2183
f 2184//2184 2204//2204 2226//2226
f 2059//2059 2092//2092 2076//2076
f 2075//2075 2059//2059 1993//1993
f 2872//2872 2871//2871 2886//2886
f 2871//2871 2872//2872 2863//2863
f 2871//2871 2863//2863 2870//2870
f 2871//2871 2870//2870 2908//2908
f 2871//2871 2909//2909 2886//2886
f 2909//2909 2871//2871 2908//2908
f 2881//2881 2882//2882 2855//2855
f 2872//2872 2881//2881 2855//2855
f 2881//2881 2872//2872 2886//2886
f 2898//2898 2881//2881 2886//2886
f 2882//2882 2881//2881 2898//2898
f 2311//2311 2293//2293 2310//2310
f 2369//2369 2311//2311 2310//2310
f 2311//2311 2369//2369 2396//2396
f 2177//2177 2161//2161 2197//2197
f 2293//2293 2177//2177 2197//2197
f 2177//2177 2293//2293 2178//2178
f 2312//2312 2334//2334 2348//2348
f 1429//1429 1455//1455 1441//1441
f 2007//2007 1989//1989 2056//2056
f 1989//1989 2073//2073 2056//2056
f 1989//1989 1965//1965 1988//1988
f 1951//1951 2007//2007 1914//1914
f 1879//1879 1951//1951 1914//1914
f 1965//1965 1951//1951 1879//1879
f 1951//1951 1989//1989 2007//2007
f 1989//1989 1951//1951 1965//1965
f 1913//1913 1933//1933 1901//1901
f 1932//1932 1933//1933 1913//1913
f 1933//1933 1879//1879 1901//1901
f 1933//1933 1988//1988 1879//1879
f 1933//1933 1932//1932 1988//1988
f 2110//2110 2111//2111 2073//2073
f 2089//2089 2110//2110 2073//2073
f 2110//2110 2089//2089 2130//2130
f 1704//1704 1682//1682 1663//1663
f 1682//1682 1704//1704 1758//1758
f 1756//1756 1755//1755 1812//1812
f 1757//1757 1756//1756 1812//1812
f 1250//1250 1249//1249 1287//1287
f 1270//1270 1250//1250 1287//1287
f 1303//1303 1327//1327 1346//1346
f 6//6 31//31 32//32
f 31//31 6//6 4//4
f 18//18 31//31 4//4
f 31//31 47//47 32//32
f 66//66 52//52 77//77
f 78//78 66//66 77//77
f 179//179 165//165 151//151
f 159//159 151//151 150//150
f 259//259 235//235 241//241
f 165//165 166//166 152//152
f 129//129 101//101 100//100
f 101//101 129//129 108//108
f 87//87 88//88 89//89
f 88//88 108//108 118//118
f 101//101 88//88 87//87
f 88//88 101//101 108//108
f 88//88 118//118 119//119
f 78//78 88//88 119//119
f 88//88 77//77 89//89
f 88//88 78//78 77//77
f 102//102 91//91 90//90
f 91//91 102//102 123//123
f 102//102 121//121 123//123
f 91//91 122//122 96//96
f 122//122 91//91 123//123
f 122//122 132//132 96//96
f 68//68 91//91 54//54
f 53//53 68//68 54//54
f 91//91 68//68 90//90
f 68//68 53//53 47//47
f 132//132 143//143 124//124
f 163//163 143//143 162//162
f 121//121 141//141 152//152
f 160//160 161//161 153//153
f 161//161 160//160 167//167
f 160//160 121//121 152//152
f 166//166 160//160 152//152
f 160//160 166//166 167//167
f 103//103 80//80 79//79
f 110//110 80//80 103//103
f 199//199 187//187 239//239
f 187//187 186//186 239//239
f 187//187 175//175 186//186
f 16//16 35//35 30//30
f 35//35 16//16 46//46
f 65//65 46//46 74//74
f 100//100 65//65 74//74
f 65//65 35//35 46//46
f 281//281 273//273 299//299
f 281//281 274//274 273//273
f 240//240 257//257 289//289
f 245//245 240//240 289//289
f 230//230 240//240 245//245
f 240//240 230//230 229//229
f 215//215 240//240 229//229
f 257//257 240//240 215//215
f 231//231 230//230 245//245
f 231//231 245//245 241//241
f 235//235 231//231 241//241
f 231//231 225//225 218//218
f 231//231 235//235 225//225
f 230//230 216//216 229//229
f 246//246 235//235 259//259
f 329//329 309//309 327//327
f 309//309 308//308 327//327
f 308//308 309//309 289//289
f 309//309 290//290 289//289
f 258//258 290//290 273//273
f 290//290 245//245 289//289
f 290//290 258//258 245//245
f 310//310 316//316 299//299
f 310//310 309//309 329//329
f 310//310 290//290 309//309
f 273//273 310//310 299//299
f 290//290 310//310 273//273
f 317//317 311//311 299//299
f 311//311 281//281 299//299
f 193//193 232//232 219//219
f 201//201 193//193 172//172
f 193//193 194//194 182//182
f 194//194 193//193 219//219
f 180//180 193//193 182//182
f 172//172 193//193 168//168
f 193//193 180//180 168//168
f 167//167 192//192 172//172
f 192//192 201//201 172//172
f 166//166 192//192 167//167
f 232//232 236//236 219//219
f 236//236 249//249 219//219
f 312//312 300//300 334//334
f 300//300 312//312 294//294
f 312//312 334//334 319//319
f 294//294 312//312 319//319
f 283//283 284//284 275//275
f 284//284 283//283 282//282
f 213//213 238//238 214//214
f 213//213 148//148 174//174
f 213//213 214//214 148//148
f 866//866 847//847 865//865
f 847//847 866//866 891//891
f 669//669 750//750 670//670
f 766//766 765//765 829//829
f 343//343 370//370 345//345
f 370//370 343//343 352//352
f 385//385 370//370 352//352
f 455//455 435//435 397//397
f 455//455 454//454 473//473
f 435//435 455//455 501//501
f 435//435 398//398 397//397
f 398//398 342//342 337//337
f 397//397 398//398 337//337
f 640//640 658//658 688//688
f 658//658 620//620 639//639
f 508//508 506//506 609//609
f 506//506 572//572 609//609
f 1008//1008 980//980 1022//1022
f 980//980 979//979 1022//1022
f 980//980 1008//1008 994//994
f 1227//1227 1206//1206 1226//1226
f 1268//1268 1227//1227 1226//1226
f 1227//1227 1268//1268 1249//1249
f 1206//1206 1227//1227 1207//1207
f 1302//1302 1270//1270 1287//1287
f 1302//1302 1326//1326 1327//1327
f 1303//1303 1302//1302 1327//1327
f 1302//1302 1303//1303 1270//1270
f 1285//1285 1268//1268 1226//1226
f 1285//1285 1226//1226 1247//1247
f 1249//1249 1269//1269 1287//1287
f 1268//1268 1269//1269 1249//1249
f 1039//1039 1038//1038 1050//1050
f 1002//1002 1038//1038 1039//1039
f 1038//1038 1037//1037 1050//1050
f 1108//1108 1147//1147 1125//1125
f 975//975 1104//1104 1018//1018
f 1104//1104 975//975 1049//1049
f 1764//1764 1788//1788 1826//1826
f 1731//1731 1788//1788 1644//1644
f 1788//1788 1673//1673 1644//1644
f 1694//1694 1674//1674 1673//1673
f 1788//1788 1694//1694 1673//1673
f 1397//1397 1383//1383 1396//1396
f 1383//1383 1397//1397 1357//1357
f 881//881 974//974 882//882
f 1048//1048 1084//1084 1036//1036
f 990//990 1035//1035 1000//1000
f 1035//1035 1048//1048 1000//1000
f 1048//1048 1035//1035 1166//1166
f 782//782 704//704 703//703
f 738//738 782//782 703//703
f 821//821 782//782 780//780
f 739//739 740//740 705//705
f 685//685 739//739 705//705
f 656//656 739//739 685//685
f 616//616 685//685 705//705
f 556//556 496//496 637//637
f 1645//1645 1624//1624 1644//1644
f 1624//1624 1645//1645 1625//1625
f 1390//1390 1316//1316 1341//1341
f 1418//1418 1390//1390 1341//1341
f 133//133 173//173 154//154
f 134//134 133//133 154//154
f 133//133 110//110 125//125
f 133//133 134//134 110//110
f 169//169 194//194 173//173
f 169//169 163//163 180//180
f 169//169 143//143 163//163
f 169//169 133//133 125//125
f 133//133 169//169 173//173
f 124//124 169//169 125//125
f 143//143 169//169 124//124
f 743//743 744//744 688//688
f 453//453 433//433 432//432
f 433//433 411//411 432//432
f 562//562 519//519 561//561
f 455//455 520//520 501//501
f 520//520 455//455 473//473
f 454//454 518//518 473//473
f 413//413 397//397 384//384
f 383//383 413//413 384//384
f 2672//2672 2696//2696 2673//2673
f 2696//2696 2672//2672 2653//2653
f 2654//2654 2672//2672 2673//2673
f 2672//2672 2654//2654 2653//2653
f 2655//2655 2674//2674 2656//2656
f 2674//2674 2655//2655 2675//2675
f 2674//2674 2715//2715 2710//2710
f 2656//2656 2674//2674 2710//2710
f 2674//2674 2675//2675 2673//2673
f 2696//2696 2674//2674 2673//2673
f 2674//2674 2696//2696 2715//2715
f 2627//2627 2613//2613 2626//2626
f 2613//2613 2655//2655 2626//2626
f 2613//2613 2654//2654 2655//2655
f 2723//2723 2731//2731 2715//2715
f 2723//2723 2715//2715 2714//2714
f 2730//2730 2723//2723 2714//2714
f 2682//2682 2669//2669 2668//2668
f 2669//2669 2682//2682 2686//2686
f 2682//2682 2668//2668 2694//2694
f 2686//2686 2682//2682 2694//2694
f 2639//2639 2640//2640 2625//2625
f 2639//2639 2669//2669 2640//2640
f 2639//2639 2611//2611 2668//2668
f 2669//2669 2639//2639 2668//2668
f 2552//2552 2595//2595 2563//2563
f 2563//2563 2595//2595 2596//2596
f 2595//2595 2651//2651 2596//2596
f 2651//2651 2595//2595 2625//2625
f 2032//2032 2112//2112 2033//2033
f 2032//2032 2008//2008 2007//2007
f 2008//2008 2032//2032 2033//2033
f 2032//2032 2007//2007 2056//2056
f 2112//2112 2032//2032 2056//2056
f 2131//2131 2164//2164 2132//2132
f 2112//2112 2131//2131 2132//2132
f 2131//2131 2163//2163 2164//2164
f 2298//2298 2351//2351 2316//2316
f 2297//2297 2298//2298 2220//2220
f 2298//2298 2221//2221 2220//2220
f 2298//2298 2316//2316 2221//2221
f 2350//2350 2298//2298 2297//2297
f 2377//2377 2298//2298 2350//2350
f 2447//2447 2463//2463 2495//2495
f 2461//2461 2446//2446 2417//2417
f 2446//2446 2461//2461 2477//2477
f 2554//2554 2538//2538 2583//2583
f 2510//2510 2538//2538 2554//2554
f 2463//2463 2510//2510 2495//2495
f 2538//2538 2510//2510 2537//2537
f 2513//2513 2496//2496 2512//2512
f 2401//2401 2465//2465 2400//2400
f 2422//2422 2465//2465 2401//2401
f 2465//2465 2496//2496 2513//2513
f 2732//2732 2731//2731 2733//2733
f 2731//2731 2732//2732 2710//2710
f 2732//2732 2733//2733 2676//2676
f 2710//2710 2732//2732 2676//2676
f 2733//2733 2757//2757 2765//2765
f 2778//2778 2756//2756 2755//2755
f 2723//2723 2756//2756 2731//2731
f 2756//2756 2730//2730 2755//2755
f 2756//2756 2723//2723 2730//2730
f 1231//1231 1211//1211 1210//1210
f 1211//1211 1129//1129 1210//1210
f 1135//1135 1096//1096 1075//1075
f 1094//1094 1117//1117 1075//1075
f 1095//1095 1094//1094 1075//1075
f 2231//2231 2209//2209 2230//2230
f 2602//2602 2618//2618 2645//2645
f 2487//2487 2471//2471 2429//2429
f 2141//2141 2142//2142 2097//2097
f 2096//2096 2141//2141 2081//2081
f 2592//2592 2605//2605 2637//2637
f 2605//2605 2592//2592 2606//2606
f 2215//2215 2175//2175 2159//2159
f 2175//2175 2215//2215 2237//2237
f 2812//2812 2832//2832 2834//2834
f 2846//2846 2839//2839 2858//2858
f 2839//2839 2838//2838 2830//2830
f 2857//2857 2839//2839 2830//2830
f 2839//2839 2857//2857 2858//2858
f 2847//2847 2846//2846 2884//2884
f 2840//2840 2847//2847 2884//2884
f 2847//2847 2840//2840 2833//2833
f 2847//2847 2833//2833 2834//2834
f 2832//2832 2847//2847 2834//2834
f 2847//2847 2832//2832 2846//2846
f 1174//1174 1114//1114 1112//1112
f 1114//1114 1089//1089 1112//1112
f 1368//1368 1433//1433 1407//1407
f 1368//1368 1407//1407 1332//1332
f 265//265 255//255 269//269
f 265//265 227//227 255//255
f 227//227 265//265 270//270
f 265//265 280//280 270//270
f 280//280 265//265 269//269
f 819//819 802//802 801//801
f 801//801 802//802 777//777
f 856//856 857//857 820//820
f 464//464 487//487 488//488
f 794//794 812//812 832//832
f 221//221 204//204 203//203
f 204//204 205//205 203//203
f 205//205 204//204 195//195
f 204//204 206//206 195//195
f 204//204 221//221 206//206
f 2334//2334 2370//2370 2348//2348
f 1989//1989 2055//2055 2073//2073
f 2055//2055 1989//1989 1988//1988
f 2055//2055 2089//2089 2073//2073
f 1987//1987 2055//2055 1988//1988
f 2055//2055 1987//1987 2089//2089
f 1347//1347 1303//1303 1346//1346
f 66//66 67//67 52//52
f 68//68 67//67 90//90
f 67//67 68//68 47//47
f 67//67 78//78 90//90
f 67//67 66//66 78//78
f 158//158 159//159 150//150
f 216//216 178//178 188//188
f 178//178 216//216 179//179
f 178//178 177//177 188//188
f 177//177 178//178 159//159
f 178//178 179//179 151//151
f 159//159 178//178 151//151
f 101//101 86//86 100//100
f 76//76 86//86 87//87
f 86//86 101//101 87//87
f 102//102 109//109 121//121
f 109//109 141//141 121//121
f 109//109 102//102 90//90
f 78//78 109//109 90//90
f 109//109 78//78 120//120
f 130//130 120//120 119//119
f 130//130 109//109 120//120
f 109//109 130//130 141//141
f 130//130 165//165 152//152
f 141//141 130//130 152//152
f 130//130 119//119 151//151
f 165//165 130//130 151//151
f 131//131 160//160 153//153
f 131//131 122//122 123//123
f 121//121 131//131 123//123
f 160//160 131//131 121//121
f 56//56 70//70 38//38
f 19//19 56//56 38//38
f 56//56 7//7 55//55
f 56//56 19//19 7//7
f 70//70 92//92 97//97
f 92//92 80//80 110//110
f 56//56 92//92 70//70
f 92//92 56//56 80//80
f 92//92 134//134 97//97
f 134//134 92//92 110//110
f 231//231 217//217 230//230
f 217//217 216//216 230//230
f 217//217 231//231 218//218
f 179//179 217//217 218//218
f 216//216 217//217 179//179
f 200//200 216//216 188//188
f 200//200 199//199 215//215
f 200//200 215//215 229//229
f 216//216 200//200 229//229
f 177//177 200//200 188//188
f 200//200 177//177 199//199
f 268//268 246//246 259//259
f 268//268 258//258 273//273
f 258//258 268//268 259//259
f 274//274 268//268 273//273
f 246//246 268//268 274//274
f 260//260 246//246 274//274
f 281//281 260//260 274//274
f 328//328 329//329 338//338
f 328//328 310//310 329//329
f 328//328 338//338 316//316
f 310//310 328//328 316//316
f 399//399 372//372 417//417
f 399//399 388//388 372//372
f 399//399 417//417 441//441
f 388//388 399//399 441//441
f 332//332 333//333 318//318
f 372//372 353//353 330//330
f 388//388 353//353 372//372
f 443//443 373//373 441//441
f 373//373 388//388 441//441
f 418//418 373//373 443//443
f 373//373 418//418 374//374
f 348//348 373//373 374//374
f 282//282 292//292 318//318
f 292//292 332//332 318//318
f 332//332 292//292 311//311
f 292//292 282//282 247//247
f 193//193 226//226 232//232
f 226//226 193//193 201//201
f 232//232 226//226 247//247
f 226//226 201//201 225//225
f 226//226 260//260 247//247
f 260//260 226//226 246//246
f 235//235 226//226 225//225
f 246//246 226//226 235//235
f 201//201 190//190 225//225
f 192//192 190//190 201//201
f 236//236 248//248 249//249
f 282//282 248//248 247//247
f 249//249 248//248 282//282
f 248//248 232//232 247//247
f 248//248 236//236 232//232
f 300//300 301//301 318//318
f 301//301 282//282 318//318
f 301//301 284//284 282//282
f 301//301 300//300 294//294
f 224//224 212//212 174//174
f 212//212 213//213 174//174
f 238//238 212//212 224//224
f 213//213 212//212 238//238
f 718//718 695//695 671//671
f 344//344 315//315 352//352
f 343//343 344//344 352//352
f 315//315 344//344 308//308
f 308//308 344//344 327//327
f 344//344 345//345 327//327
f 344//344 343//343 345//345
f 456//456 474//474 437//437
f 502//502 435//435 501//501
f 502//502 456//456 435//435
f 456//456 502//502 474//474
f 524//524 475//475 437//437
f 474//474 524//524 437//437
f 661//661 641//641 662//662
f 572//572 505//505 484//484
f 506//506 505//505 572//572
f 505//505 458//458 484//484
f 505//505 459//459 458//458
f 459//459 505//505 507//507
f 505//505 506//506 507//507
f 953//953 980//980 994//994
f 953//953 994//994 889//889
f 1286//1286 1285//1285 1325//1325
f 1285//1285 1286//1286 1268//1268
f 1286//1286 1269//1269 1268//1268
f 1019//1019 1002//1002 1001//1001
f 1019//1019 1038//1038 1002//1002
f 1037//1037 1019//1019 1001//1001
f 1038//1038 1019//1019 1037//1037
f 1474//1474 1517//1517 1534//1534
f 1517//1517 1583//1583 1534//1534
f 1296//1296 1242//1242 1264//1264
f 781//781 738//738 780//780
f 782//782 781//781 780//780
f 781//781 782//782 738//738
f 366//366 351//351 365//365
f 382//382 409//409 396//396
f 472//472 396//396 452//452
f 472//472 471//471 517//517
f 471//471 472//472 452//452
f 560//560 472//472 517//517
f 450//450 430//430 537//537
f 516//516 450//450 537//537
f 587//587 556//556 637//637
f 556//556 587//587 537//537
f 1449//1449 1450//1450 1437//1437
f 194//194 181//181 182//182
f 169//169 181//181 194//194
f 181//181 180//180 182//182
f 181//181 169//169 180//180
f 520//520 539//539 501//501
f 414//414 455//455 397//397
f 413//413 414//414 397//397
f 455//455 414//414 454//454
f 414//414 413//413 454//454
f 2412//2412 2395//2395 2411//2411
f 2509//2509 2536//2536 2537//2537
f 2446//2446 2462//2462 2373//2373
f 2462//2462 2446//2446 2477//2477
f 2479//2479 2465//2465 2422//2422
f 2465//2465 2479//2479 2496//2496
f 2496//2496 2479//2479 2512//2512
f 2512//2512 2479//2479 2449//2449
f 2479//2479 2422//2422 2449//2449
f 2779//2779 2804//2804 2765//2765
f 2804//2804 2779//2779 2814//2814
f 2779//2779 2780//2780 2814//2814
f 2763//2763 2756//2756 2778//2778
f 1275//1275 1335//1335 1349//1349
f 2603//2603 2647//2647 2648//2648
f 2523//2523 2522//2522 2545//2545
f 2522//2522 2521//2521 2545//2545
f 2522//2522 2523//2523 2471//2471
f 2141//2141 2168//2168 2169//2169
f 2168//2168 2141//2141 2096//2096
f 2832//2832 2831//2831 2846//2846
f 2839//2839 2831//2831 2838//2838
f 2831//2831 2839//2839 2846//2846
f 2838//2838 2831//2831 2811//2811
f 2831//2831 2803//2803 2811//2811
f 2803//2803 2831//2831 2812//2812
f 2831//2831 2832//2832 2812//2812
f 1091//1091 1113//1113 1115//1115
f 1113//1113 1114//1114 1115//1115
f 981//981 895//895 894//894
f 895//895 896//896 894//894
f 914//914 943//943 915//915
f 1406//1406 1445//1445 1433//1433
f 1368//1368 1406//1406 1433//1433
f 1253//1253 1208//1208 1252//1252
f 2311//2311 2294//2294 2293//2293
f 2294//2294 2312//2312 2277//2277
f 1662//1662 1704//1704 1663//1663
f 1637//1637 1662//1662 1589//1589
f 1347//1347 1328//1328 1303//1303
f 67//67 36//36 52//52
f 36//36 18//18 52//52
f 36//36 31//31 18//18
f 31//31 36//36 47//47
f 36//36 67//67 47//47
f 157//157 177//177 159//159
f 158//158 157//157 159//159
f 157//157 129//129 149//149
f 129//129 157//157 150//150
f 157//157 158//158 150//150
f 176//176 187//187 199//199
f 177//177 176//176 199//199
f 175//175 176//176 149//149
f 187//187 176//176 175//175
f 176//176 157//157 149//149
f 157//157 176//176 177//177
f 75//75 86//86 76//76
f 65//65 75//75 35//35
f 75//75 65//65 100//100
f 86//86 75//75 100//100
f 75//75 76//76 30//30
f 35//35 75//75 30//30
f 142//142 131//131 153//153
f 142//142 143//143 132//132
f 122//122 142//142 132//132
f 131//131 142//142 122//122
f 162//162 142//142 153//153
f 143//143 142//142 162//162
f 80//80 69//69 79//79
f 56//56 69//69 80//80
f 79//79 69//69 55//55
f 69//69 56//56 55//55
f 353//353 331//331 330//330
f 331//331 317//317 330//330
f 331//331 311//311 317//317
f 331//331 332//332 311//311
f 347//347 353//353 388//388
f 373//373 347//347 388//388
f 311//311 291//291 281//281
f 292//292 291//291 311//311
f 291//291 260//260 281//281
f 260//260 291//291 247//247
f 291//291 292//292 247//247
f 179//179 189//189 165//165
f 189//189 166//166 165//165
f 225//225 189//189 218//218
f 189//189 179//179 218//218
f 191//191 192//192 166//166
f 191//191 190//190 192//192
f 189//189 191//191 166//166
f 190//190 191//191 225//225
f 191//191 189//189 225//225
f 301//301 293//293 284//284
f 293//293 276//276 275//275
f 284//284 293//293 275//275
f 293//293 294//294 276//276
f 293//293 301//301 294//294
f 717//717 718//718 671//671
f 718//718 717//717 751//751
f 670//670 717//717 671//671
f 750//750 717//717 670//670
f 476//476 503//503 477//477
f 457//457 476//476 477//477
f 436//436 398//398 435//435
f 456//456 436//436 435//435
f 436//436 456//456 437//437
f 385//385 436//436 437//437
f 398//398 436//436 385//385
f 522//522 590//590 540//540
f 524//524 565//565 566//566
f 565//565 643//643 566//566
f 643//643 565//565 591//591
f 565//565 564//564 591//591
f 1104//1104 1086//1086 1018//1018
f 431//431 366//366 365//365
f 451//451 498//498 499//499
f 498//498 516//516 618//618
f 557//557 516//516 537//537
f 516//516 557//557 618//618
f 1439//1439 1391//1391 1473//1473
f 1419//1419 1391//1391 1439//1439
f 2367//2367 2290//2290 2330//2330
f 2395//2395 2367//2367 2330//2330
f 2756//2756 2751//2751 2731//2731
f 2763//2763 2751//2751 2756//2756
f 2731//2731 2751//2751 2733//2733
f 2751//2751 2757//2757 2733//2733
f 2427//2427 2340//2340 2360//2360
f 2340//2340 2427//2427 2429//2429
f 2427//2427 2487//2487 2429//2429
f 331//331 346//346 332//332
f 346//346 331//331 353//353
f 346//346 347//347 332//332
f 347//347 346//346 353//353
f 339//339 347//347 373//373
f 339//339 348//348 333//333
f 339//339 373//373 348//348
f 332//332 339//339 333//333
f 347//347 339//339 332//332
f 521//521 502//502 501//501
f 565//565 523//523 564//564
f 502//502 523//523 474//474
f 523//523 524//524 474//474
f 523//523 565//565 524//524
f 617//617 557//557 537//537
f 587//587 617//617 537//537
f 557//557 617//617 638//638
f 1451//1451 1497//1497 1498//1498
f 1498//1498 1497//1497 1533//1533
f 1497//1497 1451//1451 1496//1496
f 2347//2347 2346//2346 2441//2441
f 2331//2331 2346//2346 2347//2347
f 2346//2346 2439//2439 2441//2441
f 2764//2764 2751//2751 2763//2763
f 2764//2764 2779//2779 2765//2765
f 2757//2757 2764//2764 2765//2765
f 2751//2751 2764//2764 2757//2757
f 1232//1232 1214//1214 1215//1215
f 2453//2453 2360//2360 2323//2323
f 1366//1366 1405//1405 1406//1406
f 1406//1406 1405//1405 1445//1445
f 1364//1364 1405//1405 1366//1366
f 2773//2773 2764//2764 2763//2763
f 2780//2780 2773//2773 2792//2792
f 2779//2779 2773//2773 2780//2780
f 2764//2764 2773//2773 2779//2779
f 2773//2773 2763//2763 2778//2778
f 2792//2792 2773//2773 2791//2791
f 2773//2773 2778//2778 2791//2791
f 2453//2453 2454//2454 2428//2428
f 2454//2454 2453//2453 2470//2470
f 2428//2428 2454//2454 2487//2487
f 2487//2487 2454//2454 2521//2521
f 1365//1365 1364//1364 1366//1366
