ply
format ascii 1.0
element vertex 2957
property float x
property float y
property float z
property float nx
property float ny
property float nz
element face 2388
property list uchar int vertex_indices
end_header
-4.955243 0.374785 0.059817 0.053581 -0.076918 0.995597
-4.991089 1.716886 0.192662 -0.004217 -0.091973 0.995753
-4.984029 6.625317 0.414231 0.054037 0.000358 0.998539
-4.991336 6.787436 0.478987 0.050344 0.059615 0.996951
-4.985459 6.983110 0.394374 0.060270 0.077044 0.995204
-4.970350 6.966512 0.492152 0.054402 0.061899 0.996599
-4.985880 7.687030 0.381399 0.033013 0.120303 0.992188
-4.954282 7.939547 0.306752 0.000631 0.056382 0.998409
-4.992573 7.903303 0.425563 0.000341 0.079616 0.996826
-4.929896 0.199072 0.048475 -0.053972 0.084131 -0.994992
-4.922550 0.409663 0.059496 0.052285 -0.068935 0.996250
-4.901969 1.620006 0.202522 -0.004252 -0.096927 0.995282
-4.926551 1.902085 0.179437 0.006900 -0.084933 0.996363
-4.923116 5.967768 0.445115 -0.011272 0.023771 0.999654
-4.922110 6.089169 0.424036 -0.005425 0.000813 0.999985
-4.914177 6.250691 0.502156 0.030535 -0.013523 0.999442
-4.945073 6.488696 0.513343 0.004648 -0.009985 0.999939
-4.911754 6.721089 0.394760 0.061351 0.033851 0.997542
-4.909993 7.733459 0.425437 0.009253 0.105897 0.994334
-4.912867 7.766105 0.395797 0.000341 0.079616 0.996826
-4.906772 7.992416 0.278151 0.000631 0.056382 0.998409
-4.850452 0.150937 0.066548 -0.053972 0.084131 -0.994992
-4.876296 0.587663 0.063103 0.041677 -0.069971 0.996678
-4.858441 1.107965 0.071658 -0.000962 -0.109516 0.993985
-4.884329 1.337450 0.101713 0.006680 -0.100383 0.994926
-4.883714 1.551462 0.193678 -0.005411 -0.098771 0.995095
-4.865242 2.202737 0.200707 0.015814 -0.116519 0.993063
-4.865398 5.012039 0.413665 -0.004044 -0.017893 0.999832
-4.896095 5.664221 0.466582 -0.004300 -0.000362 0.999991
-4.887145 6.393873 0.424689 0.031937 -0.019308 0.999303
-4.888909 6.906021 0.392529 0.026512 0.063397 0.997636
-4.856501 7.017527 0.458131 0.036422 0.059463 0.997566
-4.826686 0.352870 0.078486 -0.053972 0.084131 -0.994992
-4.818661 5.636793 0.447384 -0.011590 -0.005897 0.999915
-4.803909 6.282322 0.449888 0.022036 -0.020633 0.999544
-4.816375 6.866025 0.475675 0.022162 0.066282 0.997555
-4.838772 7.231035 0.359185 0.049726 0.072233 0.996147
-4.808674 7.748681 0.363424 0.000631 0.056382 0.998409
-4.779811 0.327549 0.038271 -0.053972 0.084131 -0.994992
-4.776309 0.509851 0.075474 0.047272 -0.066902 0.996639
-4.780057 0.594536 0.006585 0.038841 -0.089455 0.995233
-4.793837 0.638453 0.101312 0.034996 -0.105941 0.993756
-4.764836 0.906789 0.054797 -0.010015 -0.082198 0.996566
-4.796083 5.141774 0.425356 -0.008064 -0.007242 0.999941
-4.769502 5.928666 0.438623 0.001851 0.010424 0.999944
-4.793269 6.212732 0.398079 0.007422 -0.000755 0.999972
-4.798688 7.016052 0.440934 0.007877 0.078098 0.996915
-4.763930 7.900329 0.326189 0.008049 0.069139 0.997575
-4.704568 0.526461 0.000643 0.028949 -0.083755 0.996066
-4.705618 0.521925 0.096595 0.028949 -0.083755 0.996066
-4.705986 0.857481 0.114191 -0.008989 -0.085633 0.996286
-4.749573 6.753436 0.520321 0.033938 0.043359 0.998483
-4.708849 7.169130 0.361576 0.020023 0.068494 0.997451
-4.714769 7.260216 0.370422 0.019822 0.047895 0.998656
-4.736672 7.428730 0.406210 -0.002888 0.103124 0.994664
-4.718782 7.638700 0.396190 0.017599 0.123142 0.992233
-4.696649 0.290056 0.088130 -0.053972 0.084131 -0.994992
-4.671891 0.344721 -0.025781 -0.053972 0.084131 -0.994992
-4.671372 0.512831 0.078335 0.039070 -0.098227 0.994397
-4.684459 0.976006 0.123413 0.025602 0.090052 -0.995608
-4.676245 1.040306 0.090318 -0.004125 -0.100823 0.994896
-4.675706 1.230786 0.170515 -0.006765 -0.101726 0.994789
-4.666566 1.264069 0.147248 -0.005173 -0.100371 0.994937
-4.684315 5.770241 0.425637 -0.003138 -0.001899 0.999993
-4.655350 6.248821 0.408693 0.006981 -0.018647 0.999802
-4.674967 6.756861 0.451607 0.026910 0.051219 0.998325
-4.663497 6.931471 0.355886 0.012756 0.068359 0.997579
-4.661255 7.138390 0.473814 0.006749 0.090529 0.995871
-4.687389 7.558348 0.429272 0.029972 0.106721 0.993837
-4.650049 7.855309 0.284069 0.013657 0.086857 0.996127
-4.634143 0.545386 0.085641 0.023396 -0.089672 0.995697
-4.639243 0.725706 0.123301 0.011171 -0.137248 0.990474
-4.648691 1.052490 0.129764 -0.014119 -0.101454 0.994740
-4.620355 6.083475 0.476524 -0.004443 0.013109 0.999904
-4.646804 6.338986 0.347538 0.004346 -0.003787 0.999983
-4.626446 6.392839 0.502225 0.006211 0.003074 0.999976
-4.630421 6.661205 0.420119 -0.019754 -0.022374 -0.999554
-4.634458 6.762920 0.433095 -0.015499 -0.018740 -0.999704
-4.649312 7.501831 0.326853 0.022818 0.108169 0.993871
-4.608548 7.585303 0.353048 0.021333 0.105200 0.994222
-4.589979 0.164120 0.039501 -0.055570 0.064830 -0.996348
-4.588157 0.330547 -0.039394 -0.055570 0.064830 -0.996348
-4.573244 0.435869 0.076245 0.040504 -0.090174 0.995102
-4.572962 0.629951 0.029465 0.000014 -0.112689 0.993630
-4.559406 3.550731 0.576845 -0.158635 -0.096417 0.982618
-4.593534 6.392182 0.396866 0.014184 -0.010654 0.999843
-4.576507 6.588749 0.416099 -0.010547 -0.020309 0.999738
-4.561856 6.611294 0.357285 -0.023998 0.008405 0.999677
-4.587913 6.616466 0.525472 -0.004771 -0.001560 0.999987
-4.564483 6.991611 0.423430 0.014032 -0.067352 -0.997631
-4.593434 7.142700 0.496884 -0.053197 0.090377 0.994486
-4.577275 7.826932 0.262101 0.013661 0.119346 0.992759
-4.513358 0.012541 -0.012390 0.017459 -0.056576 0.998246
-4.540544 0.004448 0.010614 0.017459 -0.056576 0.998246
-4.517078 3.033078 0.293313 -0.116736 -0.098062 0.988310
-4.537388 7.337078 0.366506 -0.004479 0.039394 0.999214
-4.549262 7.877213 0.406532 0.013661 0.119346 0.992759
-4.458659 0.234871 0.050586 0.004868 -0.062652 0.998024
-4.455301 0.389544 0.044790 0.002277 -0.102146 0.994767
-4.479632 6.379206 0.439454 0.004637 -0.007535 0.999961
-4.482967 6.518628 0.460529 -0.010916 -0.055450 0.998402
-4.473192 7.018923 0.384250 0.008490 0.103072 0.994638
-4.486975 7.518573 0.455235 0.028153 0.121217 0.992227
-4.401299 0.547914 0.032277 0.000147 -0.126125 0.992014
-4.443350 0.622123 0.059093 -0.012220 -0.124678 0.992122
-4.402114 0.786262 0.082505 -0.026287 0.109806 -0.993605
-4.400915 3.491792 0.294071 0.113040 0.084125 -0.990023
-4.410319 6.553352 0.490021 -0.021693 -0.050880 0.998469
-4.440976 6.975666 0.383050 0.025917 0.064884 0.997556
-4.447789 7.575151 0.432516 0.003082 0.083103 0.996536
-4.395150 0.301824 0.038126 0.012755 -0.070774 0.997411
-4.353846 0.408503 0.025865 -0.015028 -0.104440 0.994418
-4.353515 0.472066 0.050143 -0.014574 -0.115468 0.993204
-4.359539 0.654578 0.092879 0.025409 0.159872 -0.986811
-4.373522 1.042810 0.138739 0.013666 -0.111280 0.993695
-4.372986 1.900784 0.168839 0.011213 -0.084454 0.996364
-4.386697 4.779346 0.398818 -0.019562 -0.004440 0.999799
-4.355823 6.682727 0.413384 -0.059162 0.036969 0.997564
-4.376828 6.771315 0.407961 -0.014688 0.048237 0.998728
-4.364071 6.837461 0.490638 -0.052009 0.083434 0.995155
-4.361409 7.014794 0.409195 0.042734 0.049476 0.997861
-4.378154 7.194995 0.388531 0.040473 0.100178 0.994146
-4.370165 7.161286 0.435480 0.040473 0.100178 0.994146
-4.389691 7.480435 0.369004 0.001507 0.120336 0.992732
-4.365286 7.602462 0.385674 -0.021624 0.084941 0.996151
-4.321045 0.961410 0.124066 0.010024 -0.124022 0.992229
-4.302427 2.101913 0.209274 0.019275 -0.116746 0.992975
-4.325781 5.786831 0.485434 -0.010212 0.037131 0.999258
-4.312263 6.464599 0.408747 -0.042720 -0.060460 0.997256
-4.328537 6.854407 0.478241 -0.035185 0.097747 0.994589
-4.304779 7.172795 0.383517 0.049184 0.157103 0.986357
-4.343544 7.332287 0.382822 0.013117 0.013048 0.999829
-4.317422 7.699988 0.272092 -0.025222 0.091870 0.995452
-4.346307 7.805707 0.375865 -0.023875 0.092742 0.995404
-4.309607 7.982391 0.376703 -0.039541 0.113335 0.992770
-4.251172 1.118402 0.082130 -0.023128 0.110377 -0.993621
-4.251710 1.770119 0.178375 -0.008073 0.084145 -0.996421
-4.258847 2.994164 0.534505 -0.170374 -0.080318 0.982101
-4.272786 5.471256 0.428110 0.003195 -0.011335 0.999931
-4.285011 6.025740 0.453334 0.002012 0.021227 0.999773
-4.297879 6.915671 0.407869 0.064201 -0.126935 -0.989831
-4.280032 7.206176 0.439666 -0.013180 0.114580 0.993327
-4.265586 7.369780 0.454177 0.063089 0.034982 0.997395
-4.283094 7.945258 0.344563 -0.039544 0.119166 0.992087
-4.229110 0.364652 0.019748 -0.027704 -0.089402 0.995610
-4.205864 0.629913 0.108765 0.034737 -0.106768 0.993677
-4.200473 1.132926 0.112779 0.016762 -0.119230 0.992725
-4.230344 5.940838 0.450143 -0.014058 0.031178 0.999415
-4.219775 6.262526 0.452814 0.024440 0.025020 -0.999388
-4.227809 6.518176 0.425410 -0.019880 -0.036145 0.999149
-4.221264 6.642245 0.493257 -0.015262 0.010336 0.999830
-4.243164 6.931459 0.501693 -0.041516 0.128146 0.990886
-4.205046 7.190973 0.359949 -0.066361 0.102310 0.992537
-4.223160 7.883135 0.385582 -0.032418 0.115122 0.992822
-4.176402 1.360729 0.137769 -0.008335 0.090870 -0.995828
-4.166745 5.330319 0.453531 -0.001930 -0.021894 0.999758
-4.193034 6.429078 0.479161 -0.038958 0.028948 0.998821
-4.183746 6.500182 0.443829 -0.013661 -0.002629 0.999903
-4.165143 6.503784 0.452208 0.009894 -0.003225 0.999946
-4.166723 7.099462 0.288380 -0.002193 0.140732 0.990045
-4.187641 7.180424 0.457031 -0.064381 0.121186 0.990540
-4.169008 7.213725 0.382654 -0.025599 0.105897 0.994048
-4.178674 7.376259 0.370392 -0.034433 0.015122 0.999293
-4.129793 0.560183 -0.009095 0.006974 -0.088620 0.996041
-4.123731 6.822265 0.402694 -0.029195 0.091263 0.995399
-4.112396 6.939560 0.453405 -0.054203 0.119099 0.991402
-4.134684 7.095259 0.392194 -0.002193 0.140732 0.990045
-4.117143 7.234026 0.426072 -0.034834 0.088671 0.995452
-4.126055 7.522316 0.381841 -0.029788 0.047241 0.998439
-4.076045 0.003443 0.060114 0.010127 -0.081100 0.996655
-4.093134 0.392587 0.106520 -0.011490 -0.068328 0.997597
-4.066799 7.166477 0.350130 -0.025325 0.091419 0.995490
-4.064463 7.679291 0.348633 0.012464 0.086041 0.996214
-4.033881 5.619263 0.463036 0.000943 0.000882 0.999999
-4.017307 6.193332 0.487452 -0.022962 -0.038359 0.999000
-4.003365 6.266307 0.382615 -0.022319 -0.049131 0.998543
-4.039951 6.453108 0.413153 -0.002480 0.009215 0.999954
-4.016318 6.511295 0.497603 -0.014203 -0.004967 0.999887
-4.002787 6.743296 0.441969 0.018250 0.025568 0.999506
-4.042340 7.417474 0.327321 -0.050987 0.038922 0.997941
-4.028465 7.434773 0.354028 -0.048516 0.039935 0.998024
-4.006015 7.431605 0.482648 -0.033492 0.037564 0.998733
-3.961399 1.333482 0.165829 0.015096 -0.096401 0.995228
-3.961606 2.079973 0.206980 0.054012 0.151004 -0.987057
-3.958693 2.188053 0.214862 -0.050204 -0.145987 0.988012
-3.993126 6.048668 0.413233 -0.008630 -0.001256 0.999962
-3.996712 6.221370 0.458591 -0.022962 -0.038359 0.999000
-3.988326 6.502669 0.509124 -0.008790 -0.000526 0.999961
-3.988379 6.825760 0.443784 0.037857 0.100475 0.994219
-3.955149 6.991425 0.363422 0.037618 0.073228 0.996606
-3.974890 6.961728 0.507597 0.034690 0.116724 0.992558
-3.983833 7.016819 0.504452 -0.009417 0.043802 0.998996
-3.964051 7.417202 0.391177 -0.049410 0.053945 0.997321
-3.969928 7.567338 0.422400 -0.016110 0.083100 0.996411
-3.932663 0.179748 -0.000880 0.029714 -0.101867 0.994354
-3.943050 0.482492 0.069894 0.023378 -0.065737 0.997563
-3.913858 0.650942 0.100295 0.001778 -0.099755 0.995010
-3.900755 0.751547 0.006776 0.002131 -0.086279 0.996269
-3.944330 6.300900 0.404551 -0.024488 -0.043405 0.998757
-3.940247 6.490125 0.467367 -0.030141 -0.009511 0.999500
-3.919676 7.137981 0.427262 -0.081281 0.110697 0.990525
-3.910492 7.784334 0.354410 -0.017500 0.072450 0.997219
-3.873758 0.044353 0.078698 0.037244 -0.089128 0.995324
-3.865854 0.073180 -0.001845 0.036571 -0.092369 0.995053
-3.894087 0.069850 0.030459 0.030868 -0.093129 0.995175
-3.854208 0.251474 0.085199 0.046808 -0.076271 0.995988
-3.877872 0.813119 0.020697 -0.008802 0.092046 -0.995716
-3.861917 0.817601 0.123828 -0.000437 -0.091893 0.995769
-3.882074 2.329786 0.222918 -0.111653 -0.177082 0.977842
-3.883875 2.989585 0.268833 -0.199489 -0.067198 0.977593
-3.859216 4.840990 0.411600 -0.097853 0.039049 0.994434
-3.899633 5.678905 0.467668 -0.001055 0.022031 0.999757
-3.885760 5.735384 0.468288 0.005954 0.017330 0.999832
-3.883580 5.905380 0.399183 0.008709 -0.004064 0.999954
-3.851811 6.348374 0.420097 -0.022773 -0.014917 0.999629
-3.892667 6.581078 0.449639 0.005508 0.006045 0.999967
-3.865381 6.614893 0.444728 0.020941 0.030412 0.999318
-3.899515 6.741126 0.415495 0.087505 0.037523 0.995457
-3.881023 7.543735 0.510540 -0.006539 0.060459 0.998149
-3.864300 7.817524 0.375404 -0.012066 0.075667 0.997060
-3.844562 0.066430 -0.091587 0.036571 -0.092369 0.995053
-3.825362 0.608947 0.029900 0.000914 -0.105109 0.994460
-3.820568 1.030948 0.126518 0.009889 -0.093757 0.995546
-3.830223 5.565632 0.449389 0.012058 -0.000047 0.999927
-3.848911 6.913074 0.522995 0.059387 0.068229 0.995901
-3.825693 7.173400 0.365814 -0.015523 0.064789 0.997778
-3.755772 1.233886 0.049067 0.008443 -0.104672 0.994471
-3.785986 2.169080 0.172709 -0.165963 -0.172638 0.970903
-3.760708 6.499855 0.478733 0.002280 0.025412 0.999674
-3.762212 6.519630 0.474074 0.002280 0.025412 0.999674
-3.787711 6.747408 0.387151 0.094642 0.048540 0.994327
-3.765742 7.334456 0.433086 -0.012935 0.053120 0.998504
-3.729123 0.102579 0.034452 0.023951 -0.093152 0.995364
-3.747025 4.338908 0.375340 -0.093677 0.002994 0.995598
-3.744492 6.900113 0.394070 0.043337 0.038344 0.998324
-3.720629 7.389270 0.346565 0.036311 0.034207 0.998755
-3.721328 7.745427 0.385812 -0.006086 0.080585 0.996729
-3.696174 5.650256 0.443701 0.006922 0.011223 0.999913
-3.659333 6.119074 0.432112 -0.002333 -0.009273 0.999954
-3.666579 6.472920 0.473097 -0.027851 0.034559 0.999015
-3.657616 6.842844 0.420968 0.020276 0.052874 0.998395
-3.637623 0.029912 -0.057808 0.024408 -0.101710 0.994515
-3.628815 0.273598 0.085962 0.030015 -0.065778 0.997383
-3.615091 0.633942 0.071200 0.041763 -0.102089 0.993898
-3.631956 6.746586 0.437689 -0.011016 0.080578 0.996687
-3.630669 7.028545 0.434707 0.028237 0.018606 0.999428
-3.606801 7.297850 0.460623 -0.078047 -0.044531 -0.995955
-3.647416 7.336854 0.408985 0.059044 0.033623 0.997689
-3.643050 7.578285 0.389539 -0.008928 0.102060 0.994738
-3.623390 7.817648 0.299208 0.003960 0.112008 0.993699
-3.594855 0.181906 -0.010309 0.032265 -0.116141 0.992709
-3.583075 0.270683 0.002399 0.034834 -0.078155 0.996332
-3.562799 0.344475 -0.020750 0.043954 -0.060231 0.997216
-3.595067 1.027671 0.136878 0.007871 -0.118101 0.992970
-3.574923 1.175011 0.139950 -0.032258 -0.170456 0.984837
-3.583697 6.125941 0.462272 -0.016744 -0.018489 0.999689
-3.574517 6.341277 0.489263 -0.012000 -0.064700 0.997833
-3.558704 6.837525 0.370005 -0.034082 0.124329 0.991656
-3.596834 6.873823 0.278317 -0.008944 0.087518 0.996123
-3.552044 7.110953 0.485317 0.012917 0.053175 0.998502
-3.581141 7.700029 0.378149 0.003960 0.112008 0.993699
-3.588999 7.829513 0.397061 0.003960 0.112008 0.993699
-3.555012 7.919640 0.367700 0.003960 0.112008 0.993699
-3.531008 0.221525 0.013462 0.036663 -0.095409 0.994763
-3.508344 1.328901 0.158966 -0.099751 -0.177603 0.979034
-3.537524 5.321183 0.434431 -0.115313 0.058329 0.991615
-3.538212 6.200702 0.446946 -0.029479 -0.047826 0.998421
-3.509858 6.916392 0.439681 -0.037660 0.043208 0.998356
-3.469988 1.323181 0.118707 -0.088019 -0.189401 0.977947
-3.458779 1.464888 0.146582 0.097915 0.122687 -0.987603
-3.481371 4.641487 0.600380 0.332927 0.089213 -0.938723
-3.450260 5.864561 0.482264 -0.050185 0.026860 0.998379
-3.491925 6.916751 0.395272 -0.013254 0.022500 0.999659
-3.474391 7.087775 0.413920 -0.032560 0.008973 0.999429
-3.493310 7.586245 0.370622 0.090438 0.011522 0.995835
-3.459726 7.665226 0.405581 0.070934 0.048079 0.996322
-3.418058 0.120010 -0.054681 -0.034854 -0.215265 0.975934
-3.421325 0.116622 0.024200 -0.034854 -0.215265 0.975934
-3.403954 1.001194 0.094827 -0.120033 -0.091163 0.988575
-3.429776 1.361437 0.145231 -0.078698 -0.169446 0.982392
-3.440835 7.101333 0.389704 -0.081722 0.008161 0.996622
-3.432489 7.453077 0.381959 0.029444 0.038751 0.998815
-3.441642 7.511787 0.358442 0.025979 0.025256 0.999343
-3.418759 7.543683 0.403114 0.025445 0.027627 0.999294
-3.444453 7.734746 0.389670 -0.058392 -0.053178 -0.996876
-3.396604 0.261454 0.038313 -0.038865 -0.169182 0.984818
-3.383786 5.778021 0.473338 -0.024645 0.019417 0.999508
-3.358573 6.311364 0.450947 -0.005204 -0.021586 0.999753
-3.394290 6.615985 0.483449 -0.061703 0.081303 0.994778
-3.381148 6.771838 0.408628 -0.089053 0.094240 0.991559
-3.394796 7.139336 0.344226 -0.034505 0.035663 0.998768
-3.376222 7.158414 0.345325 -0.034505 0.035663 0.998768
-3.368020 7.613162 0.302509 0.005233 0.039044 0.999224
-3.397258 7.717923 0.351839 0.014762 0.019481 0.999701
-3.326776 0.172841 -0.055428 -0.083303 -0.229631 0.969706
-3.331218 1.339016 0.114688 -0.098958 -0.161700 0.981866
-3.319952 6.162745 0.365728 0.025680 -0.056818 0.998054
-3.329763 6.299253 0.409011 -0.011842 -0.019976 0.999730
-3.308942 7.005478 0.530514 -0.063430 0.064927 0.995872
-3.322460 7.641526 0.419175 0.010157 0.065214 0.997820
-3.349164 7.622256 0.469587 0.005233 0.039044 0.999224
-3.266096 0.025041 -0.001715 0.004540 -0.768798 0.639475
-3.274728 0.280334 0.018810 -0.060460 -0.197150 0.978507
-3.298205 3.717134 0.324540 -0.199890 -0.031893 0.979299
-3.295040 5.692378 0.430221 -0.024800 -0.020567 0.999481
-3.285418 6.390194 0.466221 -0.026780 -0.024182 0.999349
-3.287824 6.451407 0.477939 -0.042612 0.006182 0.999073
-3.273917 6.509814 0.493916 -0.030978 0.023995 0.999232
-3.273994 6.583459 0.491651 -0.037541 0.072554 0.996658
-3.285002 6.807251 0.419664 -0.068889 0.133835 0.988606
-3.298773 7.048459 0.426803 -0.081417 -0.008407 0.996645
-3.293819 7.708866 0.385814 0.010157 0.065214 0.997820
-3.207854 2.610088 0.227735 -0.267426 -0.061908 0.961588
-3.223277 5.752885 0.461168 -0.072244 -0.046372 0.996308
-3.218187 6.355376 0.407885 -0.018942 -0.046007 0.998762
-3.217499 6.859501 0.404027 -0.104458 0.102741 0.989208
-3.248878 6.987742 0.461454 0.083994 -0.026512 -0.996113
-3.231922 7.298827 0.308657 0.097292 0.074390 0.992472
-3.238202 7.844064 0.341381 -0.008684 -0.058329 0.998260
-3.249526 7.883269 0.356254 -0.008684 -0.058329 0.998260
-3.177101 0.020345 0.020347 -0.004220 -0.590117 0.807307
-3.166409 1.078087 0.123446 -0.150191 -0.260011 0.953854
-3.187380 1.123633 0.100948 -0.104671 -0.142005 0.984316
-3.197405 1.582922 0.136580 -0.128434 -0.419971 0.898404
-3.177778 5.334813 0.409294 0.019703 0.199994 0.979599
-3.171080 6.241386 0.466334 0.022941 -0.148632 0.988626
-3.181675 6.596647 0.523728 -0.035233 0.042538 0.998473
-3.167543 6.683437 0.434663 -0.015368 0.049171 0.998672
-3.180581 6.652450 0.451578 -0.012950 0.008404 0.999881
-3.191306 6.979135 0.385281 0.026996 -0.060848 -0.997782
-3.195842 7.087696 0.433255 0.015048 0.066915 0.997645
-3.180554 7.140283 0.461765 0.019787 0.128868 0.991464
-3.165084 7.282154 0.359109 0.024589 0.052155 0.998336
-3.195274 7.769373 0.401749 -0.010843 -0.055572 0.998396
-3.146846 0.213999 0.047494 -0.046337 -0.198383 0.979029
-3.120056 3.225283 0.505854 -0.446364 0.135593 0.884519
-3.109919 6.093581 0.459387 -0.026366 -0.006471 0.999631
-3.134132 6.693864 0.388158 0.027023 0.075270 0.996797
-3.144972 7.261503 0.498996 0.108293 -0.027920 -0.993727
-3.060777 0.151401 0.008428 -0.040825 -0.225811 0.973315
-3.066072 2.870517 0.490296 0.433665 0.025872 -0.900703
-3.060017 6.247044 0.481740 -0.105980 -0.031299 0.993876
-3.064539 6.531289 0.492142 0.022681 0.035579 0.999109
-3.095135 6.532050 0.509087 0.005559 0.049783 0.998745
-3.081940 6.620670 0.505011 0.031835 -0.051332 -0.998174
-3.074790 7.119337 0.487915 -0.103645 0.098885 0.989687
-3.064919 7.160184 0.464545 -0.099200 0.082626 0.991631
-3.058117 7.356957 0.341132 -0.048774 0.035460 0.998180
-3.037869 0.091584 0.015708 -0.087982 -0.210384 0.973652
-3.025632 0.745965 0.039568 -0.059063 -0.080031 0.995041
-3.009719 4.887878 0.368118 0.000332 0.131277 0.991346
-3.031935 6.414610 0.449645 -0.033921 0.004882 -0.999413
-3.036380 7.060372 0.339728 -0.062954 0.081162 0.994711
-2.984039 0.187820 0.016460 -0.051218 -0.051679 0.997349
-2.989343 0.375909 -0.040150 -0.015114 -0.158295 0.987276
-2.960683 0.413676 0.415700 0.924932 -0.370631 -0.084457
-2.994312 0.842899 0.788923 0.961021 -0.072241 -0.266870
-2.963758 0.975416 0.118164 -0.006128 -0.050579 0.998701
-2.986337 1.480690 0.555385 -0.649924 0.024391 0.759608
-2.988623 2.069436 0.549652 0.598568 0.036872 -0.800223
-2.993231 2.098956 0.564592 0.522476 0.053353 -0.850983
-2.993911 2.686282 0.595212 0.553038 0.127660 -0.823318
-2.980499 3.356897 0.528428 0.614874 0.016227 -0.788458
-2.966093 4.043327 0.555527 0.427164 0.045768 -0.903015
-2.963160 4.747695 0.825655 0.849972 0.132138 -0.509988
-2.999266 4.877027 0.641707 0.868275 0.174050 -0.464549
-2.982091 5.510889 0.446703 -0.112041 -0.033392 0.993142
-2.952843 5.752609 0.855090 0.771076 -0.319665 -0.550687
-2.996488 6.326425 1.131555 0.885271 0.203338 -0.418270
-2.987692 6.580571 0.485254 0.005956 -0.010092 0.999931
-2.968544 6.767555 0.380127 0.030554 0.147257 0.988626
-2.956601 6.927787 0.536119 -0.022252 0.045501 0.998716
-2.987588 7.230811 0.424375 -0.098368 0.131272 0.986454
-2.988244 7.447082 0.413534 0.015193 0.099790 0.994893
-2.910045 0.268392 0.445336 0.136775 -0.945366 0.295931
-2.923933 0.724802 0.531860 0.986894 0.092262 -0.132395
-2.914082 0.985232 1.289434 0.916030 -0.251367 -0.312576
-2.931956 1.629782 0.844697 0.868656 0.002217 -0.495410
-2.941520 3.349819 0.641385 0.614874 0.016227 -0.788458
-2.923665 4.138789 0.992674 0.903653 0.291202 -0.314028
-2.946418 5.231243 1.407349 0.906592 0.144865 -0.396365
-2.901733 5.325774 0.886927 0.941081 -0.099860 -0.323100
-2.918345 5.824395 0.452010 -0.028081 -0.072817 0.996950
-2.923050 5.983258 0.333950 0.015434 -0.030665 0.999411
-2.904409 6.419470 0.463190 0.025463 0.017382 0.999525
-2.937541 6.634131 0.517054 -0.007145 -0.020895 -0.999756
-2.921734 6.618945 1.376390 0.755816 0.120836 -0.643538
-2.941142 7.060430 0.201876 0.079795 -0.051828 -0.995463
-2.933261 7.703655 0.354753 0.004570 0.074853 0.997184
-2.911792 7.832587 0.388081 0.009376 0.078710 0.996853
-2.899245 0.615042 1.006394 0.936597 -0.025489 -0.349479
-2.862042 0.974634 0.077233 0.082821 -0.002332 0.996562
-2.863038 1.051597 0.533102 0.967426 0.089648 -0.236749
-2.865324 1.969989 0.176778 -0.244494 -0.308101 0.919400
-2.863863 3.079722 0.482835 0.541046 -0.062869 -0.838640
-2.850307 5.352142 0.964120 0.940055 -0.082548 -0.330880
-2.885488 6.006799 0.777841 0.954471 0.187952 -0.231643
-2.885226 6.228467 0.438696 0.004717 0.039283 0.999217
-2.880289 7.000281 0.498035 -0.045292 0.001543 0.998973
-2.880538 7.722381 0.378383 0.057445 0.105455 0.992763
-2.838160 0.211870 0.964337 0.838588 0.431374 -0.332696
-2.846551 0.643113 1.076578 0.981908 0.045899 -0.183711
-2.823688 1.113349 0.123750 -0.050879 -0.265094 0.962879
-2.812320 1.784488 0.451458 -0.331407 -0.220380 0.917389
-2.809169 1.831181 0.736738 0.877747 -0.246304 -0.410969
-2.811219 2.889431 0.626684 -0.514966 -0.019271 0.856994
-2.849293 3.032431 0.737609 0.561861 -0.083112 -0.823046
-2.809897 5.208912 0.410803 0.028051 0.297257 0.954385
-2.846815 5.249921 0.641645 0.963310 0.116003 -0.242026
-2.832192 5.638020 1.709379 0.832527 -0.229443 -0.504238
-2.834408 5.654681 0.402470 -0.148865 0.137194 -0.979294
-2.846584 5.693337 1.728956 0.876325 -0.284827 -0.388494
-2.831219 5.931371 0.436174 -0.193495 -0.004562 -0.981091
-2.819449 5.953910 0.783263 0.982970 0.035071 -0.180390
-2.844397 6.585903 1.049483 0.952986 0.074793 -0.293640
-2.807417 6.618984 0.432130 0.121402 0.008029 0.992571
-2.809910 6.961514 0.422505 -0.000249 0.002945 0.999996
-2.830628 7.397922 0.423010 -0.025327 0.168413 0.985391
-2.845763 7.683873 0.878005 -0.723841 0.328426 0.606788
-2.846172 7.999496 0.544288 -0.016058 0.340128 0.940242
-2.794970 0.296801 1.295450 -0.653083 -0.486944 0.579973
-2.760768 0.513228 0.012225 0.155186 -0.065226 0.985730
-2.770911 0.600977 1.294397 0.593547 0.055616 -0.802875
-2.781200 0.665187 0.099815 -0.251955 -0.011582 -0.967670
-2.777009 0.994490 0.597256 0.976401 -0.153112 -0.152310
-2.753323 1.228554 1.011950 -0.637401 0.313318 0.703955
-2.775129 1.976453 0.642085 -0.655773 -0.145349 0.740834
-2.794813 2.295177 0.874207 -0.489794 -0.015697 0.871697
-2.788237 3.280275 0.985791 0.707691 0.028077 -0.705964
-2.760368 4.514417 1.385562 0.698115 0.138211 -0.702519
-2.767855 4.848185 0.620270 0.886462 0.393186 -0.244110
-2.771760 5.643441 0.301992 0.146444 -0.124069 0.981408
-2.765742 5.719287 0.442519 -0.160145 0.014053 -0.986994
-2.760047 5.768543 1.077887 0.970763 -0.149365 -0.187909
-2.799098 6.195342 0.786686 0.951625 0.257414 -0.167771
-2.784468 6.346242 0.434871 0.045337 -0.020293 0.998766
-2.785692 6.407331 0.473780 0.016633 0.193774 0.980905
-2.773406 6.616610 0.425193 0.118319 0.006973 0.992951
-2.762253 6.687430 1.499790 0.667096 -0.027172 -0.744476
-2.793405 6.871486 0.525881 -0.125838 0.104969 0.986482
-2.781470 7.119756 0.325472 0.011389 0.048682 0.998749
-2.753862 7.166486 1.034435 0.911575 -0.151547 -0.382184
-2.764560 7.233760 0.518060 0.039770 0.164461 0.985582
-2.766673 7.402850 0.523861 0.060307 0.177479 0.982275
-2.753865 7.997069 0.318468 -0.006323 -0.260027 -0.965581
-2.716282 0.455590 -0.016724 0.163529 -0.115098 0.979801
-2.735058 0.898108 0.104298 0.199723 -0.133216 0.970754
-2.716395 0.965726 1.655974 0.595147 -0.036495 -0.802788
-2.723437 3.252403 0.261043 0.212178 -0.113943 -0.970566
-2.704594 4.582669 1.092385 0.755987 0.338902 -0.560026
-2.715277 4.998677 1.220725 0.778562 0.113223 -0.617270
-2.745602 5.272129 1.316492 0.784207 0.145457 -0.603210
-2.704168 5.730076 0.423606 -0.191438 0.150805 -0.969850
-2.737447 5.918296 0.474865 -0.235508 0.034152 -0.971272
-2.711853 6.003154 0.442365 0.126324 -0.134829 0.982784
-2.740933 6.346074 0.436697 0.029097 -0.045057 0.998561
-2.701473 6.590517 0.982901 0.994849 -0.011005 -0.100770
-2.725964 7.612965 0.321211 -0.004867 0.107786 0.994162
-2.702504 7.652407 0.312320 0.024002 0.107650 0.993899
-2.747746 7.674201 0.405196 0.005384 0.066939 0.997743
-2.665380 0.125977 1.227879 0.363762 0.678810 -0.637883
-2.658412 0.198445 0.030202 0.132568 -0.180759 0.974552
-2.682168 0.255055 0.057048 0.149592 -0.134276 0.979588
-2.692338 0.469033 1.325830 0.511731 0.221038 -0.830225
-2.692147 0.669554 0.064148 0.247647 -0.074325 0.965995
-2.660660 0.805291 0.842402 0.971170 -0.189749 -0.144306
-2.696308 1.303297 0.818845 0.606297 -0.310455 -0.732134
-2.676342 2.306714 0.652290 -0.292192 -0.187686 0.937762
-2.664546 3.375061 0.630592 0.544564 -0.009879 -0.838661
-2.696403 4.258696 0.272495 -0.109178 -0.019376 0.993833
-2.669849 5.212393 1.400201 0.817310 0.184331 -0.545918
-2.693369 5.409731 1.127965 0.940707 0.094151 -0.325893
-2.693432 5.944888 0.438227 0.158378 -0.094250 0.982870
-2.656735 6.337106 0.436939 0.077792 0.052241 0.995600
-2.689742 6.565794 0.445831 0.175873 0.076304 0.981451
-2.683695 6.594858 0.960450 0.963894 -0.260544 -0.054996
-2.670484 6.694979 1.412044 0.667096 -0.027172 -0.744476
-2.680756 6.911207 0.439626 -0.008197 -0.015246 0.999850
-2.689656 7.141771 0.400380 0.055408 0.058492 0.996749
-2.680776 7.128357 0.450958 0.039712 -0.000260 0.999211
-2.689091 7.189765 0.518144 0.026842 0.156701 0.987281
-2.690514 7.316159 0.470037 0.026664 0.126316 0.991632
-2.668750 7.441173 0.405655 -0.064826 0.114739 0.991278
-2.687217 7.518142 0.268079 -0.060049 0.097799 0.993393
-2.631902 0.115774 0.025972 0.111088 -0.269797 0.956488
-2.632427 0.294564 0.073699 0.173055 -0.106102 0.979181
-2.611816 0.379014 1.080238 0.736346 0.359923 -0.572931
-2.643804 0.484877 0.852877 0.945054 0.072761 -0.318715
-2.631325 0.949804 -0.002595 0.066503 -0.187221 0.980064
-2.634091 1.045305 0.093504 0.048517 -0.302622 0.951875
-2.624984 1.395353 1.212921 0.863548 -0.389960 -0.319713
-2.636476 1.544907 0.128985 -0.242795 -0.370663 0.896471
-2.619832 1.899711 0.492018 -0.180615 0.111567 0.977206
-2.622069 3.886667 0.596294 0.598477 -0.030824 -0.800547
-2.627221 4.073453 0.259114 -0.190667 0.077481 0.978592
-2.609133 4.222197 0.569120 -0.440789 -0.236153 -0.865989
-2.640223 4.790257 0.347701 0.800062 0.572093 0.180584
-2.649446 4.876955 0.971297 0.807909 0.472875 -0.351670
-2.648800 5.114504 0.914647 0.865276 0.416605 -0.278816
-2.631225 5.152582 0.799968 0.909285 0.216041 -0.355707
-2.623072 6.111850 0.472488 0.017877 0.121316 0.992453
-2.634712 6.257079 0.450296 0.074008 0.023315 0.996985
-2.613522 6.573355 1.115609 -0.503472 -0.220534 0.835393
-2.619874 7.085341 1.289491 0.792383 -0.240310 -0.560696
-2.625663 7.622572 0.386194 0.010874 0.172299 0.984985
-2.610001 7.643156 0.420587 -0.009593 0.145171 0.989360
-2.632752 7.701614 0.310186 0.026021 0.106517 0.993970
-2.606764 7.702321 0.850131 0.569153 -0.710763 -0.413377
-2.550599 0.000644 0.314378 0.111326 0.927782 -0.356128
-2.556890 0.090285 -0.008982 -0.075233 0.130286 -0.988618
-2.583576 0.504233 0.403301 0.814440 -0.487915 0.314050
-2.583965 0.729224 0.105390 0.100311 -0.114264 0.988373
-2.557911 0.881226 1.059816 0.693943 -0.300732 -0.654220
-2.564702 1.124615 1.069378 -0.584435 0.638797 0.500374
-2.572032 1.259646 1.794288 0.911596 -0.142569 -0.385574
-2.550281 4.775467 1.216971 0.688110 0.373251 -0.622244
-2.574293 5.388993 1.210378 0.714750 -0.069808 -0.695887
-2.592440 5.825936 0.768005 0.937571 -0.314235 0.149052
-2.561336 5.869586 1.806135 -0.784405 0.422007 0.454553
-2.580452 6.034280 0.218931 0.054586 -0.094458 0.994031
-2.590610 6.190996 0.800504 0.996259 0.076564 0.040083
-2.572366 6.195865 1.012344 0.653083 0.724565 -0.220201
-2.557880 6.362965 0.461931 -0.087534 -0.186159 -0.978613
-2.576538 6.477475 0.502530 0.102296 0.133268 0.985787
-2.571785 7.028548 0.429362 -0.132570 0.003307 -0.991168
-2.557547 7.251152 0.408163 0.059443 0.073951 0.995489
-2.581289 7.373780 0.433824 0.014578 0.083222 0.996424
-2.519605 0.153314 -0.015030 0.017166 -0.075045 0.997032
-2.500950 0.766883 1.105308 0.654292 -0.138891 -0.743378
-2.509718 0.802315 1.465263 0.501841 -0.063827 -0.862602
-2.537002 2.028136 0.544456 0.030089 -0.530354 0.847242
-2.515362 3.221151 1.001772 0.645095 0.196030 -0.738529
-2.540998 3.614716 0.702339 -0.612734 0.153222 0.775293
-2.515474 3.833335 1.186510 0.817348 -0.185560 -0.545444
-2.535098 3.852329 1.420191 -0.624781 -0.193432 0.756460
-2.520793 3.908998 0.576483 -0.577598 0.035258 0.815560
-2.525255 4.574256 0.996776 0.534891 0.271900 -0.799976
-2.514795 5.189026 0.306904 0.190879 0.140317 0.971533
-2.538257 6.025200 0.473647 -0.030354 -0.009072 0.999498
-2.506445 6.237726 1.254135 0.660936 0.388885 -0.641820
-2.537544 6.927507 0.522292 -0.075183 -0.023666 -0.996889
-2.545577 7.074221 1.314801 0.747622 -0.314067 -0.585169
-2.531039 7.968221 0.298595 0.005825 0.118123 0.992982
-2.504539 7.968499 0.353586 -0.022827 0.026044 0.999400
-2.485425 0.257699 1.045830 0.383769 0.911602 -0.147317
-2.492525 0.614209 1.335724 0.431354 0.232673 -0.871663
-2.498271 0.947411 1.530023 -0.488943 -0.034768 0.871623
-2.461817 1.046054 0.801992 -0.371272 0.759407 -0.534283
-2.473725 1.035727 1.039413 0.449421 -0.632541 -0.630803
-2.481338 1.042723 1.201994 -0.187928 0.731227 0.655736
-2.478599 1.176462 0.138336 -0.082206 -0.597103 0.797941
-2.458480 1.514016 1.721294 -0.826288 0.265966 0.496498
-2.478233 1.642053 0.910085 -0.493434 0.440048 0.750254
-2.496978 1.674278 0.702221 -0.106697 0.406490 0.907404
-2.450630 1.806536 1.152192 0.804225 -0.454678 -0.382739
-2.450193 4.482221 0.711334 0.845667 -0.332941 0.417130
-2.497113 4.734676 1.370631 0.730091 0.394470 -0.557997
-2.499961 5.198526 0.252746 0.171632 0.084127 0.981563
-2.489386 5.348875 0.947970 0.907386 -0.172105 -0.383446
-2.457903 5.650095 1.376596 -0.570440 0.745559 -0.344587
-2.457977 5.888763 1.838805 0.249240 -0.527691 0.812048
-2.478617 5.927678 1.933976 0.059006 -0.424120 0.903682
-2.482567 6.034203 0.942036 0.460041 -0.855732 -0.236824
-2.469351 6.303754 0.471741 0.022163 0.174271 0.984448
-2.469976 6.374127 0.460881 0.120816 0.357095 0.926222
-2.485651 6.554575 0.435775 0.059361 0.031359 0.997744
-2.460464 6.635995 0.201217 0.073900 0.046922 0.996161
-2.480977 6.903698 0.238554 0.044660 -0.055943 0.997435
-2.475964 6.999400 0.442266 0.075868 0.086390 0.993368
-2.486340 7.348460 1.245781 -0.638896 0.426510 0.640235
-2.461809 7.367438 1.080443 -0.785246 0.332999 0.522016
-2.491078 7.445213 0.381212 -0.000272 0.098869 0.995100
-2.414337 0.375301 -0.034935 0.036028 -0.144845 0.988798
-2.414993 0.455189 0.087607 -0.070884 -0.204702 0.976254
-2.427550 0.670236 1.528015 0.347805 0.184887 -0.919156
-2.439101 0.724184 0.032671 -0.118684 -0.182111 0.976089
-2.408106 1.928006 0.188976 0.132179 0.071461 -0.988647
-2.433060 1.966343 0.547201 0.296279 0.198977 -0.934145
-2.444678 2.597357 0.946423 0.579527 0.264426 -0.770861
-2.405454 2.696148 0.992715 -0.549084 -0.339014 0.763922
-2.403054 2.738330 0.939535 0.456507 0.352161 -0.817058
-2.432599 3.181681 0.640272 0.542913 -0.100380 -0.833768
-2.409687 3.743215 0.569984 0.676531 -0.335658 -0.655469
-2.426231 3.807510 1.066692 0.773797 -0.280397 -0.567992
-2.407918 3.974413 0.776199 0.798054 0.099070 -0.594386
-2.412686 4.102547 0.779003 0.745922 0.045285 -0.664492
-2.432396 4.483756 0.938748 -0.327192 -0.341796 0.880977
-2.427867 5.593569 1.101822 -0.491154 0.206351 0.846279
-2.423846 5.879010 0.463584 -0.073496 0.115762 -0.990554
-2.408440 6.133813 1.432433 0.963720 -0.001380 -0.266912
-2.427407 6.335007 0.414103 0.133864 0.148918 0.979747
-2.406314 6.680080 0.295812 0.092812 -0.021186 0.995458
-2.435831 6.794394 0.762546 -0.343928 0.762456 0.548064
-2.437528 7.258396 0.374248 0.034198 0.037124 0.998725
-2.407390 7.759865 0.369073 -0.067318 0.102545 0.992448
-2.399496 0.233002 -0.045873 0.038664 -0.030186 0.998796
-2.376848 0.290570 1.298708 0.280530 0.641490 -0.713998
-2.356628 0.368478 -0.035028 0.023093 -0.143057 0.989445
-2.377231 0.447862 0.627623 -0.043811 -0.999030 -0.004368
-2.377807 1.188631 1.145127 -0.262865 0.778775 0.569571
-2.367162 1.486396 0.393345 -0.347571 -0.413794 0.841409
-2.397889 1.782899 0.793846 -0.304097 0.621669 0.721840
-2.382972 1.757130 1.762379 0.906741 -0.393948 -0.150422
-2.394893 2.305240 0.450079 0.094885 -0.413134 0.905713
-2.363124 3.304813 1.192361 0.579742 0.238133 -0.779225
-2.359646 6.094549 0.484076 -0.198382 0.022608 -0.979864
-2.392732 7.292783 0.397536 -0.067723 -0.076604 -0.994759
-2.355343 7.319832 0.416206 -0.017355 -0.011160 0.999787
-2.382542 7.649293 0.553972 0.236319 -0.017532 -0.971517
-2.372633 7.837279 1.060184 -0.144265 0.941397 0.304893
-2.334900 1.352499 0.747580 0.291516 0.758305 0.583088
-2.340767 2.198158 0.525407 -0.044508 -0.244482 0.968632
-2.324144 2.792252 0.507388 -0.315436 -0.231060 0.920387
-2.348674 2.778112 0.840016 0.379997 0.285045 -0.879973
-2.336178 4.002726 1.346820 0.740343 0.350555 -0.573588
-2.308331 4.544692 1.642644 0.487421 -0.151587 -0.859908
-2.323169 4.589881 1.018532 -0.454828 -0.756394 0.470106
-2.302801 4.893662 1.099819 0.565481 0.681835 -0.464039
-2.328702 5.697058 0.355976 -0.104610 0.214564 -0.971092
-2.315187 5.772511 0.442035 -0.118968 0.120090 -0.985609
-2.311545 5.777880 1.574292 0.418332 -0.690237 0.590399
-2.315964 6.116615 0.693957 -0.496853 -0.454415 -0.739354
-2.303025 6.243602 1.482401 0.993066 -0.037844 -0.111297
-2.339054 7.450252 1.297510 -0.405020 0.416124 0.814125
-2.337562 7.634125 0.416451 -0.162329 0.124741 0.978820
-2.303157 7.861229 0.910753 0.241353 -0.928408 -0.282501
-2.341633 7.931447 0.266373 0.000200 0.044487 0.999010
-2.294855 0.207158 -0.048028 0.034140 -0.010494 0.999362
-2.292595 0.264006 0.020053 0.032770 0.085576 -0.995793
-2.298752 0.497970 0.828320 0.367890 0.406901 0.836115
-2.294872 0.814900 0.037786 -0.179234 -0.248395 0.951932
-2.274749 1.249996 1.255118 0.938449 0.011250 -0.345235
-2.271247 1.563737 1.392853 0.936927 -0.342344 -0.070492
-2.281157 1.992949 1.219025 0.879011 -0.444487 -0.172543
-2.288555 2.204128 0.719793 0.293065 0.187250 -0.937577
-2.277828 3.064748 1.299702 -0.699124 0.049369 0.713294
-2.259855 4.365046 0.744379 0.957888 -0.192600 -0.212967
-2.262075 4.661833 1.335394 0.567739 -0.317877 -0.759360
-2.295453 5.687123 0.311147 0.074136 -0.084995 0.993620
-2.287909 6.032340 0.442540 0.176875 -0.033409 0.983666
-2.263766 6.223136 0.472186 0.198740 -0.010517 0.979996
-2.280991 6.287610 1.373597 0.932332 0.301268 -0.199986
-2.250859 6.408114 0.415089 0.134815 0.097923 0.986020
-2.267643 6.829954 0.431502 0.042249 -0.000032 0.999107
-2.289791 7.059843 0.470575 0.034132 0.081772 0.996066
-2.268435 7.138283 0.433567 -0.008275 -0.064828 0.997862
-2.293963 7.914793 0.375312 -0.078633 0.145143 0.986281
-2.246906 0.661237 0.073426 0.141192 0.204984 -0.968528
-2.247474 0.711608 0.083467 0.214640 0.191971 -0.957641
-2.213835 1.061632 1.390632 -0.615350 -0.183239 -0.766660
-2.233016 1.601795 0.371857 -0.503837 -0.314730 0.804421
-2.200379 1.948862 1.713289 -0.717816 0.147097 0.680517
-2.244239 2.757470 1.037906 0.794659 0.231102 -0.561346
-2.239741 3.355481 0.502930 0.099710 0.080511 -0.991754
-2.222031 3.612109 1.145409 0.723780 0.015399 -0.689859
-2.245896 4.191641 1.634278 0.564264 0.182181 -0.805243
-2.219471 4.766697 0.385406 0.019967 0.180635 0.983348
-2.233935 5.766757 0.459003 0.102649 -0.029932 0.994267
-2.225722 5.754539 1.191686 -0.361628 0.069730 0.929711
-2.208865 6.162813 1.297731 0.929597 0.031672 -0.367215
-2.247215 6.251907 0.390736 0.205079 0.038961 0.977970
-2.223314 6.252797 0.469977 0.173182 0.089915 0.980777
-2.202881 6.351533 0.402978 0.238474 0.068695 0.968716
-2.223510 6.434572 0.423298 0.055540 0.065713 0.996292
-2.230180 6.791198 1.090972 0.281518 0.153709 -0.947165
-2.208088 6.813368 1.590311 -0.084950 0.178852 0.980202
-2.226883 6.870585 0.420495 -0.008854 -0.026428 0.999611
-2.232328 7.117883 0.438674 -0.023564 -0.060309 0.997902
-2.218703 7.174690 0.375809 -0.034322 0.017187 0.999263
-2.248874 7.220196 0.375780 -0.059146 -0.047484 0.997119
-2.233198 7.419321 0.790380 -0.392038 0.835436 -0.385165
-2.160691 0.124367 0.001936 -0.026147 0.048569 0.998478
-2.158146 0.152885 -0.000990 -0.051365 -0.009412 0.998636
-2.174176 0.154614 0.039327 -0.051365 -0.009412 0.998636
-2.160984 0.248027 1.311825 0.008484 -0.850388 0.526088
-2.167102 0.318821 0.025807 -0.046577 -0.175824 0.983319
-2.162242 1.102470 0.101790 -0.127990 -0.324708 0.937114
-2.170705 1.250332 1.188260 0.631987 -0.773662 0.045163
-2.186883 1.337373 1.744928 -0.051254 -0.231903 0.971388
-2.166464 1.658177 1.532497 0.905428 -0.356368 0.230654
-2.164121 2.005422 1.012660 0.921435 -0.175979 -0.346395
-2.199697 2.235907 1.816896 -0.439335 0.001972 0.898321
-2.151294 2.659572 1.689620 0.818081 -0.228017 -0.527969
-2.198282 3.666113 1.048371 0.877233 0.411535 -0.247186
-2.189877 4.355906 1.729643 -0.451777 -0.025438 0.891768
-2.191498 4.680099 0.200996 -0.125900 0.194014 0.972886
-2.153272 4.980048 0.729617 -0.341163 0.847914 0.405771
-2.167633 5.778346 0.421118 -0.111319 -0.214352 0.970392
-2.197913 6.213286 1.580686 -0.101226 0.176910 0.979008
-2.168817 6.317483 1.342365 0.924838 -0.023244 -0.379650
-2.186762 6.600373 0.381856 0.033239 -0.016765 0.999307
-2.160948 6.621100 1.720872 -0.350335 0.106840 0.930511
-2.178613 6.742740 1.243675 -0.173176 0.024424 0.984588
-2.158654 6.807039 0.462403 -0.030800 -0.031741 0.999021
-2.156718 7.635409 0.479765 -0.016061 0.195150 0.980642
-2.188709 7.677669 0.383494 -0.031198 0.143197 0.989202
-2.109519 0.518851 0.050613 -0.094847 -0.240845 0.965918
-2.122656 0.960469 0.390374 0.390667 0.603675 -0.694950
-2.148165 1.176908 0.798434 -0.148563 0.970461 0.190091
-2.104183 2.122614 0.643695 0.651352 -0.327338 -0.684537
-2.118535 2.696598 1.679493 0.794027 -0.271912 -0.543677
-2.122483 3.522790 1.397909 0.659348 0.145000 -0.737723
-2.148601 4.065749 1.016579 0.921611 -0.081207 -0.379525
-2.100916 4.170481 0.898091 0.819620 -0.457447 -0.344913
-2.134617 4.361755 1.247862 0.833260 0.327901 -0.445149
-2.137771 4.715072 1.645867 -0.256353 0.420351 0.870395
-2.106244 4.878435 1.452440 -0.195500 0.506937 0.839520
-2.129082 5.093883 1.221902 0.093709 -0.222547 -0.970408
-2.122131 6.131615 0.269072 0.116131 -0.055264 0.991695
-2.137917 6.265377 1.709380 0.144110 0.262953 0.953985
-2.129940 6.312389 1.776732 0.133792 0.338056 0.931568
-2.134807 6.627487 0.951346 -0.133537 0.936676 0.323738
-2.109308 6.732258 0.874755 0.111562 0.940986 0.319531
-2.147646 6.920380 0.369153 -0.049973 -0.112255 0.992422
-2.137722 6.998427 1.582804 -0.031988 0.142846 0.989228
-2.112843 7.157525 1.552627 -0.161200 0.096014 0.982240
-2.111785 7.329245 0.413040 0.015622 -0.046575 0.998793
-2.145164 7.438600 0.416149 -0.004678 0.013862 0.999893
-2.100579 7.779629 0.373158 0.052463 0.209107 0.976485
-2.106109 7.937740 0.437502 0.056313 0.267559 0.961894
-2.096589 0.313027 1.163155 0.006177 -0.892214 0.451571
-2.070763 0.404681 0.043293 0.089681 0.330709 -0.939462
-2.068159 0.433285 0.477589 -0.458906 -0.790056 0.406468
-2.059440 0.659281 1.326368 0.358825 0.214815 0.908350
-2.065414 0.783665 1.275061 0.513311 0.273607 0.813419
-2.066808 0.872030 1.542962 0.300244 -0.221945 -0.927682
-2.067668 1.081410 1.009899 0.092876 0.814732 0.572351
-2.088423 1.242394 1.069666 -0.672261 -0.034430 -0.739513
-2.087336 1.325163 1.602783 -0.122171 -0.418114 0.900142
-2.054441 1.520134 0.713286 0.925876 0.164119 -0.340322
-2.078812 1.859800 1.229303 0.965368 -0.205877 -0.160250
-2.056551 2.070468 1.547110 0.790432 -0.010883 -0.612453
-2.058765 2.346725 1.956544 -0.420256 0.020742 0.907168
-2.092694 2.467596 0.871158 0.703324 0.322590 -0.633460
-2.081274 2.617795 0.720536 0.148493 -0.515262 0.844071
-2.090660 2.803010 1.053616 0.797030 -0.031929 -0.603095
-2.075509 2.938316 0.982573 0.728810 0.022418 -0.684349
-2.074455 3.945621 0.757435 0.246915 -0.065937 0.966791
-2.065871 4.250665 1.530361 0.701814 0.121022 -0.702005
-2.057843 4.302109 1.334717 0.787613 0.057271 -0.613503
-2.068213 4.641583 0.657129 0.062545 -0.126643 0.989975
-2.081491 5.667593 0.287986 -0.043963 -0.019489 0.998843
-2.075658 5.765546 0.429746 -0.039238 -0.152001 0.987601
-2.062487 5.823892 0.436112 -0.029586 -0.148745 0.988433
-2.085494 5.871712 1.048816 0.333504 0.935446 -0.117113
-2.060526 6.095899 0.930766 0.485843 0.836702 -0.252757
-2.065829 6.189633 0.226546 0.074378 -0.021223 0.997004
-2.097173 6.424730 0.425015 0.069935 0.006967 0.997527
-2.086360 7.011321 0.464779 0.027236 0.008947 0.999589
-2.092974 7.243731 0.433579 0.058722 -0.069902 0.995824
-2.053858 7.487060 0.362477 0.040600 0.059289 0.997415
-2.057123 7.556691 1.562127 -0.205450 0.380372 0.901725
-2.083965 7.781387 1.311889 0.203343 -0.805605 -0.556464
-2.006475 0.043021 -0.007675 -0.086547 0.995843 0.028408
-2.041645 1.232562 0.608832 0.534114 0.842300 -0.072477
-2.012416 1.354571 1.031268 0.785307 -0.434674 0.440853
-2.028844 2.507445 1.773435 0.714698 -0.128126 -0.687598
-2.045127 3.607009 0.535256 0.176877 0.310039 0.934126
-2.003581 4.278681 0.310524 -0.208813 0.168984 0.963245
-2.004790 4.519807 0.585324 0.014534 0.145702 0.989222
-2.019360 4.704005 1.387567 -0.334752 0.681050 0.651239
-2.043375 4.882810 0.910998 -0.482745 0.854252 -0.192902
-2.006715 5.731074 1.165039 0.090260 -0.134903 0.986739
-2.012648 5.796508 1.891532 0.269793 -0.049747 0.961632
-2.000739 7.285282 1.362190 -0.038620 0.133504 0.990296
-2.027970 7.505260 1.334419 -0.148525 0.489666 0.859167
-2.030948 7.716809 0.926897 -0.083747 0.995344 0.047717
-1.998208 0.032135 1.246962 0.135641 -0.883035 0.449279
-1.954428 0.346031 0.688885 -0.806540 0.578734 -0.120665
-1.950071 0.519923 1.664580 -0.135881 -0.478266 0.867639
-1.997363 0.580492 1.523914 -0.146492 -0.261542 0.954010
-1.956557 0.720042 0.316719 0.787570 -0.287083 -0.545267
-1.974093 1.102647 0.436515 0.513911 0.725931 -0.457077
-1.971159 1.402356 0.543583 0.903620 0.427325 0.029406
-1.978886 2.058905 0.525697 -0.335953 -0.066016 0.939563
-1.971480 2.283328 0.572337 -0.049485 -0.020872 0.998557
-1.955104 2.499903 1.257523 0.858673 0.002967 -0.512515
-1.956944 2.654385 0.892707 0.040521 -0.578302 0.814816
-1.984052 3.249526 1.046532 -0.530365 0.419884 0.736485
-1.970451 3.980048 1.116324 0.837704 0.445572 -0.315782
-1.982534 4.020481 0.928838 0.982880 0.042908 0.179181
-1.982197 4.023733 1.242358 0.871522 0.128921 -0.473106
-1.974359 5.956009 0.289306 -0.054229 -0.012212 0.998454
-1.975146 6.026082 0.223089 -0.010708 -0.035393 0.999316
-1.999225 6.353767 1.258198 0.952652 0.233973 0.194194
-1.985004 6.628848 1.096606 0.791156 -0.502364 0.348858
-1.962634 6.942701 0.458042 0.125559 0.150166 0.980655
-1.952127 7.844281 0.337705 0.002587 0.183108 0.983089
-1.927342 0.010630 0.427243 -0.005235 -0.995589 0.093673
-1.926536 0.024050 1.014717 -0.231739 0.906877 -0.351953
-1.902559 0.101434 -0.037968 0.130381 -0.862151 -0.489588
-1.906109 0.260067 0.047657 -0.067075 -0.427653 0.901451
-1.925345 0.322061 0.061786 0.047987 0.280646 -0.958611
-1.927091 0.331995 0.728058 -0.617885 -0.426087 -0.660808
-1.903767 0.985692 0.822120 0.844075 0.536210 -0.004009
-1.919996 1.090545 0.376850 0.697293 0.552482 -0.456668
-1.937923 1.093990 1.085788 0.174179 0.865693 0.469295
-1.930851 1.719889 0.771357 0.208972 -0.086150 0.974119
-1.942044 1.936384 0.646091 0.373170 -0.239130 -0.896416
-1.945532 2.314880 0.211883 -0.108292 -0.004021 0.994111
-1.908562 2.691731 1.377139 0.936172 0.070171 -0.344469
-1.932083 2.674064 1.499019 0.905040 -0.273384 -0.325829
-1.920058 3.547502 1.379725 -0.477778 -0.036147 0.877737
-1.942237 4.859193 1.376626 0.384044 -0.636371 -0.668986
-1.917091 5.703151 1.601875 -0.110172 -0.563780 0.818544
-1.912192 6.076785 0.427882 -0.054301 -0.005257 0.998511
-1.920779 7.562365 0.572737 -0.322430 0.059974 -0.944691
-1.902375 7.678079 1.198931 -0.323327 -0.896027 -0.304296
-1.905231 7.894105 0.317356 -0.044901 0.119488 0.991820
-1.941384 7.932973 0.363617 -0.047713 0.136164 0.989537
-1.921075 7.905860 1.179515 -0.041476 0.967263 0.250362
-1.884002 0.315520 0.569654 0.437881 0.898994 0.008358
-1.868315 0.510270 1.435986 -0.130737 -0.540101 0.831384
-1.885361 0.899887 0.071163 -0.054024 -0.315100 0.947520
-1.871028 1.230539 1.215197 0.960979 0.169116 0.218904
-1.890291 1.415315 0.678196 0.862503 0.353182 0.362425
-1.893098 1.786391 0.956275 0.906508 0.115165 0.406177
-1.875651 1.975803 1.079995 0.947752 -0.059614 -0.313389
-1.884062 2.776659 1.574163 0.727079 -0.355475 -0.587361
-1.854542 2.905362 1.487928 0.738514 -0.512538 -0.438067
-1.895953 4.232072 1.362292 0.636189 0.267564 -0.723652
-1.880075 5.627707 1.309108 0.735462 0.671468 0.090698
-1.893537 5.752380 0.425719 -0.044108 0.032347 0.998503
-1.868127 5.801391 1.282417 0.721832 0.660541 0.206504
-1.890305 6.036568 0.731795 0.367754 0.924749 -0.097958
-1.888409 6.229283 1.773382 -0.534021 -0.262636 -0.803644
-1.859163 6.335870 1.218958 0.953499 0.098329 0.284904
-1.887841 6.753097 0.259521 0.035360 0.063665 0.997345
-1.857162 7.282537 1.244432 0.348728 0.082511 0.933585
-1.868268 7.757381 0.393702 0.014809 0.053528 0.998457
-1.820237 0.319809 0.026462 -0.006638 -0.446074 0.894972
-1.848774 0.322352 0.965477 0.760013 -0.442571 0.475931
-1.814961 0.882284 0.752285 0.884460 0.439056 -0.157992
-1.840770 2.120042 1.519635 0.735144 0.445476 -0.510994
-1.820546 2.156770 1.995538 0.126334 0.134148 -0.982875
-1.847015 2.785993 0.227261 0.056942 -0.131881 0.989629
-1.829542 3.167597 1.096551 -0.375091 -0.111811 -0.920220
-1.842472 3.370820 1.698790 -0.550248 0.399844 0.733043
-1.805459 4.330314 1.628156 -0.227939 -0.196995 0.953539
-1.813995 4.633294 1.352299 -0.122993 0.737569 0.663977
-1.828077 4.731445 0.695571 0.210149 -0.394215 0.894668
-1.849357 4.986787 1.146577 -0.639836 0.768434 -0.010910
-1.841378 5.747236 0.428703 0.175162 0.054889 -0.983008
-1.843465 5.762199 1.554788 -0.067202 -0.224462 0.972163
-1.824793 6.008074 1.846641 0.244807 0.075033 0.966664
-1.820232 6.682897 0.479016 0.025974 0.073278 0.996973
-1.841624 7.527188 0.399343 0.014891 0.118063 0.992894
-1.847452 7.527360 1.141886 -0.569536 -0.786487 -0.238886
-1.826241 7.752935 0.335823 -0.108616 -0.108288 -0.988168
-1.829170 7.758054 1.407657 0.443506 0.754027 0.484505
-1.787603 0.138560 1.057138 -0.410828 0.774866 -0.480419
-1.772176 0.697882 0.342255 0.961373 -0.262916 0.081472
-1.775379 0.731766 1.135793 0.879035 -0.237327 0.413489
-1.756004 2.060775 1.040305 0.500572 0.594682 -0.629112
-1.780138 2.780042 1.897285 -0.277875 0.166005 0.946165
-1.784249 2.893520 1.875802 0.504922 -0.342882 -0.792140
-1.758314 3.124827 1.786327 -0.488996 0.325600 0.809239
-1.785289 5.318807 0.658645 -0.296546 0.409039 0.862988
-1.755370 5.919312 0.682476 0.536083 -0.823308 -0.186489
-1.779205 6.656298 0.382943 0.034379 0.109368 0.993407
-1.796931 6.669467 0.409205 0.051430 0.095259 0.994123
-1.762450 6.695452 1.527204 0.081756 0.250520 0.964653
-1.781073 6.953006 0.461863 0.024987 -0.110699 0.993540
-1.797500 7.170007 0.456281 -0.021046 -0.051816 0.998435
-1.764850 7.461354 0.260773 0.059016 -0.014421 0.998153
-1.767641 7.490258 0.564346 0.005227 0.273205 0.961942
-1.762364 7.706419 0.960441 0.717295 0.668801 0.195431
-1.795837 7.787581 0.360966 0.078138 0.110737 0.990773
-1.734349 0.040255 -0.016923 0.016373 0.726771 0.686685
-1.725860 0.008175 0.728881 -0.040667 0.997264 -0.061730
-1.734956 0.490287 0.796160 -0.214066 0.288150 0.933352
-1.731403 1.499455 0.602311 0.650761 0.331424 0.683131
-1.735818 1.719358 1.671883 0.254774 0.266720 -0.929490
-1.747778 1.737145 1.714859 -0.138847 -0.292960 0.945989
-1.718743 2.212308 1.913044 0.008641 -0.051993 0.998610
-1.718180 2.306187 1.508583 0.840330 0.238927 0.486579
-1.732340 3.235772 0.990850 0.076532 0.048947 0.995865
-1.709677 3.336226 1.127239 0.069627 0.858625 -0.507854
-1.723220 4.496993 1.818529 -0.233990 0.159107 0.959132
-1.747765 5.331102 0.407169 -0.291249 0.319322 0.901780
-1.741343 5.487099 0.305769 -0.112636 0.520183 0.846595
-1.727178 5.783845 0.433342 0.218773 -0.083956 -0.972157
-1.718006 5.867955 0.391668 -0.009267 -0.135897 0.990680
-1.721332 6.061214 0.928241 0.920049 -0.333367 0.205853
-1.744099 7.033002 0.267283 0.017167 -0.017666 0.999697
-1.714733 7.180917 0.387220 0.116274 0.043641 0.992258
-1.726298 7.394370 0.441034 0.069468 0.045081 0.996565
-1.738388 7.442525 0.419223 -0.044263 -0.082974 -0.995568
-1.704587 7.590614 0.342808 -0.003877 0.143720 0.989611
-1.720712 7.627308 0.375777 0.003367 0.139948 0.990153
-1.742275 7.623223 0.415646 0.003367 0.139948 0.990153
-1.746447 7.879765 0.810630 -0.209262 -0.967261 -0.143582
-1.658393 0.329440 0.065101 -0.089624 0.639032 -0.763941
-1.678321 0.560367 0.523693 0.935329 -0.345417 0.076463
-1.652948 0.622610 0.647397 -0.281186 0.177570 0.943082
-1.697488 0.676945 0.506615 0.945863 0.179589 0.270352
-1.653827 2.465611 1.827443 -0.120025 0.109921 0.986667
-1.678226 2.915358 0.917941 0.090483 0.291828 0.952181
-1.678309 3.487914 0.680158 0.107331 0.343834 0.932876
-1.679519 3.670517 1.681255 -0.490186 -0.097598 0.866137
-1.691448 4.425932 1.802733 -0.205583 -0.024566 0.978331
-1.693614 5.993435 0.448146 -0.045653 -0.072811 0.996300
-1.687616 6.247645 0.447541 -0.251282 0.165206 0.953711
-1.695573 6.484852 0.459784 -0.027519 0.054627 0.998128
-1.662319 6.577152 0.453709 0.024414 0.055027 0.998186
-1.666762 6.949713 0.342671 0.028386 0.011441 0.999532
-1.669499 6.967527 0.313528 0.038458 -0.005425 0.999245
-1.680030 7.068647 1.258547 0.287288 -0.108209 0.951712
-1.688511 7.725203 0.387921 0.027950 0.161962 0.986401
-1.650145 7.950160 0.372713 -0.054223 -0.047441 -0.997401
-1.607851 0.316729 -0.015895 0.017356 -0.251210 0.967777
-1.641300 0.406343 0.713116 0.029584 0.096221 0.994920
-1.635584 0.909497 0.447641 0.790212 0.547042 0.276242
-1.624049 0.995152 0.080120 -0.145693 0.170783 -0.974478
-1.634566 1.104971 0.121757 -0.534021 0.157331 -0.830704
-1.617322 1.371944 0.125871 0.352194 -0.336441 0.873365
-1.643405 1.369445 1.027667 -0.529759 0.234228 0.815165
-1.636826 2.351980 1.886698 -0.020600 0.058517 0.998074
-1.629711 2.888019 1.296636 -0.551155 0.679725 -0.483945
-1.631800 3.391300 0.214155 -0.013830 0.082792 0.996471
-1.606924 3.530735 0.626586 0.242358 0.324959 0.914147
-1.626934 4.722339 1.566687 -0.082184 0.398169 0.913623
-1.603528 4.909273 0.990910 -0.605902 -0.523613 -0.598926
-1.640688 5.387223 0.972410 0.497359 -0.260768 0.827426
-1.624769 5.405900 0.298631 0.200976 0.639656 0.741922
-1.646704 6.073415 1.604468 -0.222166 -0.339758 0.913897
-1.649094 6.352056 1.111852 0.873357 -0.480380 0.080513
-1.601611 6.444051 0.461691 0.000720 0.064970 0.997887
-1.632554 6.647308 1.097274 -0.417655 0.908396 -0.019515
-1.616298 6.911589 0.406556 0.036985 -0.011045 -0.999255
-1.642779 6.907980 0.514011 -0.230104 -0.175239 0.957258
-1.635095 7.049249 0.460915 -0.080477 -0.063279 0.994746
-1.621880 7.165929 0.821898 0.903712 0.425731 0.045365
-1.643498 7.407133 1.444025 0.259615 0.420483 0.869364
-1.626313 7.735402 0.284969 -0.004099 0.113677 0.993509
-1.618151 7.707089 0.434910 0.065071 0.168686 0.983520
-1.614451 7.933196 0.392364 0.047530 -0.010019 0.998820
-1.639554 7.975650 0.282783 0.010293 -0.039569 0.999164
-1.581838 0.407887 -0.086010 0.049697 -0.140191 0.988876
-1.558152 0.425985 0.052571 0.120646 -0.154245 0.980639
-1.599005 0.690593 0.007139 -0.085271 0.402031 -0.911647
-1.578950 0.894964 1.775873 -0.182440 -0.147086 0.972153
-1.566595 1.004000 0.090294 0.403180 -0.152086 0.902395
-1.562641 3.460796 1.660880 0.345779 -0.785287 -0.513577
-1.590030 3.928532 0.710701 0.081628 -0.189751 0.978433
-1.574866 4.346684 0.632764 -0.070723 0.208240 0.975518
-1.593402 5.160079 0.820379 -0.243207 0.494583 0.834409
-1.574435 5.166348 1.433215 -0.217021 0.346545 0.912583
-1.554313 5.219111 0.754388 0.382129 -0.269977 -0.883793
-1.583594 5.852953 1.177855 0.014769 -0.236496 0.971520
-1.579116 6.161580 1.602537 0.134908 0.402858 0.905265
-1.569047 7.070425 0.333059 -0.027862 0.045921 0.998556
-1.557557 7.431498 0.389718 0.033507 0.051829 0.998094
-1.554553 7.734603 0.490409 0.121779 0.015562 0.992435
-1.536945 0.034183 0.014781 -0.025061 0.734941 0.677668
-1.532097 0.119070 0.515428 -0.141556 -0.971702 0.189094
-1.533884 0.873451 0.587696 -0.339016 -0.906378 -0.252085
-1.513422 0.925936 0.097119 -0.288837 -0.069826 -0.954829
-1.538095 1.159396 1.763251 -0.147421 0.080464 0.985795
-1.511643 1.605739 1.571569 -0.135892 -0.255910 0.957102
-1.545702 2.087329 1.564009 -0.203562 -0.519966 -0.829577
-1.514333 2.057483 1.844660 0.111560 -0.034999 0.993141
-1.529981 2.400256 0.429600 0.206993 0.195274 -0.958656
-1.527639 2.470796 1.007355 0.335124 0.647841 0.684100
-1.507218 3.008304 0.688485 -0.224366 -0.211232 -0.951336
-1.543185 3.158215 1.759100 -0.384582 0.347218 0.855299
-1.512176 3.608565 1.290429 -0.404825 -0.865579 -0.294772
-1.501982 4.695038 0.698109 -0.126990 0.002025 0.991902
-1.537550 4.712224 0.893846 -0.384509 -0.319978 0.865891
-1.529890 5.191085 0.817421 -0.564672 0.296432 0.770242
-1.516014 5.274120 1.154334 -0.261726 0.495829 -0.828042
-1.513192 5.285233 1.552340 0.347202 -0.088018 -0.933651
-1.517679 5.541637 1.445112 0.339879 0.635211 -0.693534
-1.520740 5.712782 0.425616 -0.371072 0.214469 0.903498
-1.507776 6.155751 0.338532 0.100700 -0.064037 0.992854
-1.544241 6.279476 0.438192 0.033525 0.071459 0.996880
-1.511836 6.619173 0.451066 -0.044541 0.007115 0.998982
-1.525525 6.879579 1.341045 0.162171 -0.051068 0.985440
-1.505354 7.341749 0.425869 0.147269 0.059087 0.987330
-1.513414 7.361170 0.428187 0.093148 0.023443 0.995376
-1.458041 0.592081 0.658306 -0.042110 -0.277155 0.959902
-1.492139 0.845838 1.608540 -0.325071 0.738324 0.590938
-1.493281 1.055786 0.782355 0.508474 0.633808 -0.582874
-1.495801 1.306216 1.408127 0.039794 0.787970 0.614426
-1.478296 1.841284 0.483415 0.120924 -0.489008 0.863857
-1.457813 2.087438 1.628249 0.060779 -0.185294 0.980802
-1.468942 4.502116 0.625390 -0.209480 -0.135038 0.968444
-1.487224 4.613872 0.571613 -0.273975 -0.098532 0.956676
-1.450223 4.682775 1.534882 -0.196610 0.522426 0.829708
-1.472985 5.263624 0.844666 0.773215 -0.201695 -0.601214
-1.458327 6.794723 0.385333 -0.018047 0.047346 0.998716
-1.450576 7.118711 0.380146 0.025364 0.062977 0.997693
-1.462458 7.188844 0.820878 0.378905 0.867214 0.323066
-1.486965 7.491646 0.217250 0.061421 0.026923 0.997749
-1.442297 0.606105 -0.003486 0.183537 -0.200117 0.962428
-1.442883 0.631595 0.787339 0.048364 -0.115997 0.992071
-1.446864 0.707350 1.085832 -0.261100 0.882460 -0.391267
-1.423553 0.971449 1.516744 -0.487736 0.743028 0.458283
-1.419113 3.057305 1.703574 0.283803 -0.161748 -0.945142
-1.438101 5.484065 0.846320 0.723966 0.251947 -0.642180
-1.447809 6.452086 0.397310 -0.005099 0.028492 0.999581
-1.415588 6.539707 0.329845 -0.005099 0.028492 0.999581
-1.423873 6.894323 0.285358 -0.037149 0.049994 0.998058
-1.407021 6.902681 0.754950 0.917302 0.343963 -0.200614
-1.447847 7.002582 0.390432 0.029737 0.103514 0.994183
-1.418637 7.061463 0.461161 -0.008982 0.111488 0.993725
-1.431541 7.209642 0.434943 0.060788 0.004621 0.998140
-1.436579 7.498655 0.499728 0.066702 0.044286 0.996790
-1.358122 0.005410 0.525449 -0.168582 -0.971797 0.164893
-1.397757 0.825095 1.865793 0.048190 -0.333581 0.941489
-1.365438 0.863491 0.060644 0.199889 -0.081150 0.976452
-1.397888 1.525318 0.148950 -0.296434 0.526304 -0.796951
-1.367440 2.521379 1.279462 0.409663 0.713073 0.568950
-1.365689 3.138608 1.658144 -0.043181 0.396230 0.917135
-1.353723 3.239584 0.964664 0.534498 0.308055 0.787028
-1.379359 3.585112 1.612225 -0.124098 0.983492 0.131692
-1.361099 4.589336 1.755459 0.165711 -0.387704 0.906766
-1.399229 6.289614 0.467819 0.046472 -0.064586 0.996829
-1.391450 6.501954 0.466803 -0.021410 0.010757 0.999713
-1.364983 6.820428 1.122165 -0.246286 0.897813 0.365068
-1.390484 7.032508 0.433807 0.009188 0.112123 0.993652
-1.357303 7.386299 0.357162 0.025273 0.037309 0.998984
-1.395084 7.552371 0.380768 0.096736 0.015120 0.995195
-1.365602 7.726474 0.439014 0.069978 0.074233 0.994783
-1.349244 0.230983 0.703816 -0.121494 0.030425 -0.992126
-1.308047 1.855672 1.446703 0.174312 0.864829 -0.470836
-1.324581 2.349153 0.449168 -0.206047 -0.307643 0.928924
-1.305609 2.656400 0.887010 -0.510644 -0.353384 -0.783812
-1.311554 2.745049 0.903353 -0.386427 0.300397 -0.872030
-1.338343 2.823781 1.874565 -0.093447 0.008911 -0.995584
-1.319228 2.994227 0.863822 0.400577 0.221108 0.889185
-1.311879 3.091925 1.339295 0.932445 0.333713 -0.138503
-1.337387 3.579413 0.508293 0.195773 -0.031103 0.980156
-1.334278 3.582581 1.391907 -0.262871 0.901725 0.343205
-1.300488 5.424141 0.791975 0.191853 0.897699 -0.396647
-1.307841 5.803904 1.323443 0.035911 0.715373 -0.697819
-1.323490 6.440170 0.495872 0.012272 0.014164 0.999824
-1.340073 6.516015 0.447006 -0.029367 0.044656 0.998571
-1.309545 6.627397 0.364685 -0.003260 0.056721 0.998385
-1.337029 7.638944 0.396823 0.033789 0.061806 0.997516
-1.271019 0.828486 1.832271 -0.435035 0.584291 -0.685090
-1.278362 0.988983 1.350310 -0.563794 0.820163 0.097305
-1.259584 1.257720 1.001870 -0.035642 -0.551013 0.833735
-1.292231 1.627975 0.157832 -0.166735 0.380309 -0.909706
-1.286827 2.443343 1.030670 0.378146 0.650049 0.659122
-1.266162 4.313836 1.209456 -0.204041 -0.956166 0.210033
-1.292233 5.033139 0.800448 0.272048 -0.251501 0.928836
-1.273302 5.537193 1.115437 0.122053 -0.645845 0.753649
-1.262585 5.834439 0.229966 -0.009323 0.007169 0.999931
-1.284124 6.529400 0.419011 0.007791 0.010191 0.999918
-1.288324 6.710288 0.402945 0.028929 0.011396 0.999517
-1.265492 6.837417 0.486513 0.046657 0.042298 0.998015
-1.256733 6.888010 0.804075 0.878281 0.474272 0.060736
-1.265904 7.111525 0.285460 -0.051575 0.025532 0.998343
-1.260722 7.609024 0.318882 -0.044450 -0.082469 -0.995602
-1.286506 7.966927 0.349802 -0.003464 0.044499 0.999003
-1.203120 0.261293 -0.010872 -0.347802 0.296027 0.889608
-1.238809 1.017963 1.892444 -0.491575 0.381381 -0.782881
-1.205685 3.171404 1.938644 -0.277634 -0.297875 -0.913340
-1.204176 3.736099 1.487941 -0.033087 0.596780 0.801722
-1.245125 4.320005 0.996637 -0.366782 -0.641595 0.673667
-1.242492 4.723396 0.588905 0.089657 0.247331 0.964774
-1.239846 5.036055 1.553710 -0.475384 0.276108 0.835329
-1.205679 5.053793 1.707262 -0.258227 0.191715 0.946871
-1.219266 6.426022 1.104933 0.884351 0.044561 -0.464691
-1.226397 6.804613 1.644289 0.293762 -0.524905 -0.798861
-1.224829 7.240084 0.432921 -0.017991 -0.090474 -0.995736
-1.228254 7.685556 0.381090 0.033804 0.073277 0.996739
-1.205428 7.817815 0.402681 -0.028016 0.082940 0.996161
-1.213684 7.985955 0.280529 -0.022067 0.031316 0.999266
-1.245154 7.988162 0.381954 -0.012462 0.029084 0.999499
-1.160459 0.367340 0.813118 0.250402 -0.144694 -0.957268
-1.160025 1.484860 1.189367 0.960758 -0.102504 -0.257753
-1.192330 1.454744 1.634384 -0.329833 0.052047 -0.942603
-1.197207 1.826754 0.888586 0.327788 0.130927 0.935635
-1.179064 2.578456 1.130336 0.680178 0.295185 -0.670987
-1.183433 2.696098 0.800873 0.720549 0.186100 0.667964
-1.163166 3.209508 1.356327 0.900551 0.427675 0.078113
-1.151666 3.257794 1.942792 0.284091 0.295934 0.911984
-1.179530 3.332442 0.545365 -0.088570 -0.173032 -0.980926
-1.166005 4.644096 1.343048 0.506371 0.785445 -0.355900
-1.161556 4.893330 1.123099 0.914210 0.224430 -0.337420
-1.166251 4.903264 0.729770 0.297295 0.089597 0.950572
-1.183360 5.662893 1.481387 -0.347537 -0.259681 0.900991
-1.168616 5.733362 0.748734 -0.280559 0.764529 0.580329
-1.171467 6.366207 0.398408 0.007604 -0.019364 0.999784
-1.192054 6.644325 1.214284 0.931475 0.355352 -0.077970
-1.156877 7.270461 0.253228 0.025549 0.088202 0.995775
-1.123550 0.078687 0.035296 0.100874 0.938590 0.329960
-1.141403 0.159325 0.563248 0.164893 0.934427 -0.315685
-1.104934 0.211616 -0.018759 0.004794 0.270942 0.962584
-1.126451 0.695819 0.566089 -0.166309 0.832218 0.528919
-1.105746 1.645941 1.895378 0.031029 -0.049298 0.998302
-1.112190 1.699210 0.898618 0.868166 0.212890 0.448292
-1.145145 1.671512 1.217514 0.757145 0.244353 -0.605824
-1.146403 2.033043 0.917683 0.913572 0.018129 0.406273
-1.105276 2.424091 0.928001 0.924185 0.275886 -0.264137
-1.115884 2.509046 0.990343 0.467832 -0.712768 0.522585
-1.100914 2.631685 1.599183 -0.670457 -0.068062 -0.738820
-1.107964 2.884181 0.240823 -0.053761 0.040115 0.997748
-1.113790 3.236556 1.889675 -0.293884 -0.310563 -0.903982
-1.144280 3.319823 1.055587 -0.288260 -0.919231 0.268179
-1.119769 4.288514 1.024192 0.649608 0.511880 -0.562129
-1.134339 6.220744 0.469456 -0.005162 0.052279 0.998619
-1.101647 6.385658 0.400876 0.003688 -0.035965 0.999346
-1.107138 6.366274 1.847280 -0.494521 0.252709 0.831617
-1.149795 6.428196 1.072176 0.889169 0.331731 -0.315173
-1.148565 6.834294 0.508783 -0.087869 -0.032649 -0.995597
-1.103821 6.916622 1.035863 -0.012611 -0.992529 -0.121354
-1.116784 6.980853 1.397140 -0.232583 0.685688 0.689737
-1.144589 7.650189 0.292946 0.021583 0.038972 0.999007
-1.077259 0.067827 0.047011 0.063601 0.971083 0.230115
-1.084295 0.183589 -0.055030 0.064401 0.515108 0.854703
-1.078983 0.175604 0.023747 0.136599 0.790463 0.597083
-1.050714 0.284244 0.003565 0.050055 0.162787 0.985391
-1.059695 0.921798 1.541202 0.724443 -0.292047 0.624413
-1.067505 1.800693 1.015986 0.975295 0.012081 -0.220574
-1.062215 2.624926 1.774621 0.448674 -0.121706 0.885369
-1.098708 2.846262 1.918424 0.424750 0.118108 0.897574
-1.057780 3.438349 0.910173 -0.701178 0.193052 -0.686353
-1.097490 3.701090 1.476881 -0.128571 0.743672 0.656065
-1.058140 4.357306 0.962003 0.417631 0.645135 -0.639832
-1.085967 4.618146 0.759453 -0.167080 -0.101773 0.980677
-1.060846 5.994090 1.124058 0.551164 0.104655 -0.827808
-1.071081 6.847662 0.356074 0.029997 -0.036693 -0.998876
-1.086257 7.433338 0.320751 0.013420 -0.016382 0.999776
-1.072357 7.982484 0.236899 -0.000715 0.043311 0.999061
-1.035115 0.668069 0.618371 0.131246 -0.026921 0.990984
-1.018858 0.794078 0.663846 0.001349 -0.176684 0.984267
-1.045205 0.819600 0.084499 -0.423834 -0.276201 0.862599
-1.004406 0.969533 1.365444 0.713760 -0.496208 0.494292
-1.022055 1.094326 0.994556 -0.576390 0.593954 -0.561242
-1.030540 1.747910 0.461764 0.914012 -0.137531 -0.381664
-1.021748 1.747522 1.748216 0.006245 -0.210239 0.977630
-1.045672 1.906197 0.484536 0.224335 -0.359249 0.905877
-1.038264 2.101243 1.422378 0.963899 -0.110606 -0.242210
-1.019640 2.913042 1.960963 0.325185 0.068617 0.943158
-1.039159 3.262274 1.285770 -0.365736 -0.929489 0.047821
-1.044315 3.750058 0.706496 -0.244838 0.162740 -0.955809
-1.003186 3.915921 0.550991 -0.277248 0.245495 -0.928906
-1.019765 4.134355 0.778414 0.126585 -0.120261 0.984639
-1.028136 4.344079 0.959353 0.417631 0.645135 -0.639832
-1.027689 4.703043 1.274117 0.955510 -0.290370 -0.051827
-1.030552 5.776922 1.153759 0.889014 -0.242794 -0.388209
-1.037709 5.906715 1.734757 0.555643 0.273925 -0.785001
-1.027930 6.590890 0.439726 0.005453 0.009834 0.999937
-1.014096 6.741320 0.502614 0.088217 -0.076923 0.993127
-1.039521 6.916798 1.693549 -0.115748 0.632833 0.765588
-1.035319 7.152052 0.371905 0.074763 0.088540 0.993263
-1.008025 7.261346 0.476156 0.023643 0.049794 0.998480
-1.026440 7.363864 0.477024 -0.002013 0.046978 0.998894
-1.048595 7.440862 0.382882 -0.013411 -0.011284 0.999846
-1.012265 7.470471 0.348081 0.030009 0.044272 0.998569
-1.043697 7.921587 0.385025 0.049637 0.082929 0.995319
-0.981187 0.947781 0.100835 0.460628 -0.067330 -0.885036
-0.964129 1.306299 1.177647 0.852523 -0.126261 0.507211
-0.992619 1.813256 0.164083 0.130929 0.277911 -0.951642
-0.958793 2.157520 1.740443 0.181370 0.108093 0.977456
-0.983838 2.363522 1.475732 0.722804 -0.290947 -0.626820
-0.977282 4.315497 0.876752 -0.302475 -0.561158 0.770461
-0.958697 4.471868 1.774167 -0.320641 0.288958 -0.902049
-0.999296 4.632230 1.871397 -0.178816 0.063361 -0.981840
-0.967021 5.141210 0.989800 0.567254 0.211088 -0.796031
-0.978482 5.296052 1.036843 0.215616 -0.949324 -0.228677
-0.997733 5.320241 0.293387 0.180577 -0.372423 -0.910326
-0.986040 5.358257 1.037136 0.039244 -0.934820 0.352948
-0.956292 5.967072 1.244763 0.898198 -0.367537 -0.241158
-0.994058 6.480924 0.403528 -0.002370 0.009629 0.999951
-0.973725 6.622958 0.431410 0.008711 -0.007760 0.999932
-0.973762 6.744380 0.413754 0.033663 0.028475 0.999028
-0.955049 6.826565 1.519734 0.364834 -0.591008 -0.719448
-0.995616 7.120811 0.392992 0.067352 0.099440 0.992761
-0.984967 7.335881 0.468946 -0.019062 0.056824 0.998202
-0.910683 0.036904 0.248576 -0.159836 0.963958 -0.212689
-0.928548 0.353501 0.663571 -0.059389 -0.805256 0.589946
-0.926447 1.285495 1.542639 -0.519046 0.678490 -0.519849
-0.927308 1.377435 0.115835 0.447179 0.056184 -0.892678
-0.938074 1.450618 1.485802 -0.287469 -0.482291 0.827501
-0.947672 1.735437 1.310442 0.804656 -0.209688 -0.555482
-0.940778 2.496778 1.815345 -0.361494 0.121131 -0.924472
-0.910399 2.948439 0.713243 -0.472897 0.014616 -0.880996
-0.929351 3.496418 0.975167 0.828768 -0.310208 0.465741
-0.940897 4.685619 1.747989 -0.310984 0.423293 -0.850948
-0.933240 4.711871 1.465093 -0.457458 0.552897 -0.696446
-0.931754 5.048854 1.766542 -0.014384 -0.124758 0.992083
-0.941134 5.108099 0.787923 -0.034622 0.265765 0.963416
-0.949359 5.247120 0.332819 -0.063101 0.223478 0.972664
-0.911205 5.233957 1.476095 0.367827 0.318367 -0.873696
-0.912645 5.623688 1.764975 -0.354610 -0.241599 0.903262
-0.945359 6.076514 1.750365 -0.275384 -0.197743 0.940777
-0.929994 6.104297 0.994267 0.973934 -0.191422 -0.121700
-0.920630 6.340146 1.992758 -0.194976 0.259225 0.945932
-0.913861 6.611491 1.236167 -0.289873 -0.068751 0.954593
-0.927470 6.858597 0.402581 -0.025966 0.098161 0.994832
-0.936054 7.151738 0.893391 -0.539245 0.841881 0.021240
-0.909282 7.317267 1.140634 -0.618061 0.628381 0.472375
-0.884042 0.038808 0.778582 -0.074408 -0.921945 0.380105
-0.867880 0.929498 0.021695 -0.416346 -0.229322 0.879811
-0.860993 1.443936 1.177994 0.971043 0.235603 0.039571
-0.883281 1.462893 1.651092 -0.154429 -0.091496 0.983758
-0.876222 4.466024 0.561093 0.169698 0.001057 0.985496
-0.876573 5.723209 0.655870 -0.711004 0.547512 0.441252
-0.899160 6.368184 0.344245 -0.003005 0.038417 0.999257
-0.858191 6.792018 0.374040 -0.048636 0.035043 0.998202
-0.875480 6.750202 1.862054 -0.047740 0.529194 0.847157
-0.875269 7.183676 0.390135 -0.000751 0.070264 0.997528
-0.890780 7.195619 0.454701 -0.029939 0.072503 0.996919
-0.819320 0.215815 1.161809 0.386061 0.498094 -0.776440
-0.818029 0.678587 0.644823 -0.704396 0.098621 0.702923
-0.828109 0.741769 0.802192 -0.134167 0.288281 0.948100
-0.845606 0.864052 0.693053 0.028630 -0.341240 0.939540
-0.849454 1.189930 0.424451 0.749051 -0.252547 -0.612489
-0.845456 1.637473 0.547828 0.588735 0.672757 0.448094
-0.805493 2.101875 1.610606 0.231628 0.003605 -0.972798
-0.835688 2.117183 1.713583 0.069778 0.083295 0.994079
-0.845371 2.368899 0.747221 0.409004 -0.186789 0.893211
-0.845654 2.367466 1.318554 0.996140 0.050638 -0.071697
-0.826826 3.018368 0.455772 0.224165 -0.039605 0.973746
-0.813851 3.104375 0.575344 -0.253336 0.136187 -0.957744
-0.801552 3.784019 0.606952 0.139416 -0.013074 0.990148
-0.847020 5.226250 1.544820 0.109941 -0.544904 0.831259
-0.847154 5.411890 1.631282 0.385551 0.433440 -0.814543
-0.813149 5.535242 1.454724 0.638660 0.521911 -0.565439
-0.808405 6.160331 0.425889 -0.069211 0.270929 0.960108
-0.831268 6.640289 0.417372 -0.044435 -0.058743 0.997284
-0.804131 7.143730 0.255400 -0.039733 0.102161 0.993974
-0.830089 7.292963 0.301483 0.040142 0.041739 0.998322
-0.835835 7.494771 1.275948 0.439858 -0.718455 -0.538839
-0.804241 7.659663 0.432018 0.037125 0.028501 0.998904
-0.781039 0.770740 0.879167 -0.193636 -0.143212 -0.970564
-0.785126 0.810174 0.496198 0.912725 -0.227441 -0.339416
-0.784795 1.926859 1.549997 0.366573 0.060140 -0.928444
-0.783719 2.275979 1.718725 -0.233530 -0.020068 -0.972142
-0.789291 2.426281 0.938900 -0.465672 -0.847576 -0.254489
-0.777574 2.744157 1.493551 -0.307546 0.184369 0.933501
-0.785811 2.952155 1.405057 -0.093121 0.210890 0.973064
-0.772793 3.037265 0.872233 0.245544 0.276434 0.929135
-0.771411 3.599744 1.345731 -0.038549 0.990892 0.129024
-0.775910 3.871742 0.601939 0.232734 -0.051129 0.971195
-0.764113 4.645018 1.243174 0.178934 -0.487617 0.854524
-0.772073 5.393690 0.649885 -0.070998 0.381149 0.921784
-0.766992 5.895235 1.983345 0.014008 -0.256946 0.966324
-0.778996 6.012196 1.807505 0.309839 -0.226630 0.923384
-0.775734 6.455238 0.461258 -0.031980 0.009320 0.999445
-0.752701 6.689060 1.388567 -0.209164 -0.918791 -0.334772
-0.767794 6.827547 1.336948 0.044603 0.471773 0.880591
-0.780564 7.022387 0.462881 0.001674 0.069675 0.997568
-0.781645 7.011861 1.092423 0.668902 -0.729979 -0.140360
-0.792351 7.315798 0.469077 0.012089 0.110962 0.993751
-0.765787 7.470539 0.312418 0.139658 -0.021118 0.989975
-0.753093 7.850854 0.464514 -0.068147 0.065760 0.995506
-0.749416 0.051731 0.824239 -0.290400 0.529412 0.797114
-0.712675 0.155908 1.005271 0.203386 0.976074 0.076902
-0.748543 1.213405 0.710222 0.843368 -0.139170 0.519002
-0.727506 1.207457 0.825984 0.709241 -0.173216 0.683354
-0.747563 1.374463 0.074202 -0.229184 -0.020034 0.973177
-0.701969 1.410582 1.736839 -0.194828 0.388473 -0.900628
-0.706502 2.083819 0.628328 0.462134 -0.343906 0.817411
-0.713521 2.517605 1.375620 0.461995 -0.874035 -0.150408
-0.734453 2.841547 1.501326 0.168055 0.046594 0.984676
-0.733990 3.531324 1.623951 -0.260056 0.477816 0.839084
-0.749882 5.310822 0.284785 -0.084683 0.226770 0.970260
-0.709848 5.464625 1.431839 0.484235 0.631905 -0.605155
-0.721365 5.640726 1.883704 0.070746 -0.285911 0.955641
-0.721818 5.966757 0.446779 -0.057250 0.392079 0.918148
-0.748953 6.028407 0.402864 -0.055376 0.380801 0.922997
-0.740098 6.678191 0.444248 -0.096412 -0.128496 0.987012
-0.706446 7.269553 0.378072 0.008045 0.213397 0.976932
-0.706802 7.322605 0.384993 0.060625 0.114341 0.991590
-0.703306 7.457289 0.339908 0.076178 -0.002707 0.997091
-0.697046 0.193976 0.258930 -0.191455 0.923211 -0.333205
-0.669583 0.484129 1.198930 0.584046 0.318555 -0.746601
-0.655115 0.660889 0.645547 0.070807 0.039142 0.996722
-0.673189 1.472639 1.329808 0.294556 0.736448 -0.609000
-0.673262 1.845803 1.587288 -0.440876 -0.004623 0.897556
-0.695349 2.524979 0.416269 0.187836 -0.003579 0.982194
-0.687196 2.540064 0.613248 0.327800 0.093757 0.940083
-0.651704 2.696241 1.354408 0.870995 -0.438286 -0.221973
-0.690367 3.541267 0.539671 0.083696 0.185539 0.979066
-0.692487 4.084378 0.302266 0.298423 0.002493 0.954430
-0.686558 5.942868 1.682580 -0.375336 0.083938 -0.923080
-0.677422 6.277005 1.174575 -0.203795 -0.064468 0.976889
-0.660053 6.496674 1.970265 -0.165402 -0.445984 -0.879625
-0.669470 6.809752 0.430073 -0.076688 0.132641 0.988193
-0.672919 7.211380 0.312743 -0.041349 0.185274 0.981817
-0.664008 7.257914 0.288645 -0.043513 0.231350 0.971897
-0.680994 7.362371 0.358082 0.052809 0.125042 0.990745
-0.690084 7.638315 0.954648 0.608251 -0.762737 -0.219689
-0.643353 0.292695 0.742524 0.258134 0.917635 0.302180
-0.637738 1.105833 1.065727 -0.066021 -0.744040 0.664866
-0.614492 1.676162 0.447785 0.101189 -0.142696 0.984580
-0.602766 2.205161 0.642779 -0.366335 0.455896 -0.811146
-0.602582 3.570200 1.407491 0.234128 -0.840591 0.488458
-0.601700 3.784339 0.720869 0.134698 0.269153 0.953632
-0.626580 5.248600 1.205564 -0.806990 0.239730 0.539719
-0.604176 5.718795 1.999488 0.089544 -0.304736 0.948218
-0.607260 6.053443 1.995598 -0.336683 0.034038 -0.941003
-0.625047 6.436256 1.685560 0.475093 0.503229 0.721836
-0.608511 6.623928 1.793725 -0.354326 -0.449008 -0.820271
-0.610319 6.657321 0.397543 -0.033165 -0.023166 0.999181
-0.635329 7.368686 1.367841 0.472013 -0.350611 -0.808873
-0.643956 7.420371 0.336771 0.010086 0.010080 0.999898
-0.618032 7.557418 0.330760 -0.069146 -0.013242 0.997519
-0.618307 7.788355 0.259908 0.024771 0.015497 0.999573
-0.631228 7.842159 0.451094 -0.101699 0.087660 0.990945
-0.603748 7.986778 0.338205 -0.035318 0.068099 0.997053
-0.597468 0.352065 1.136286 0.448166 -0.232250 -0.863254
-0.588190 1.105098 0.762835 0.197054 -0.193007 0.961207
-0.556595 2.203793 1.459149 0.675562 0.066403 0.734307
-0.556567 2.276920 0.471087 0.013636 -0.217576 0.975948
-0.574816 2.769497 1.414893 -0.605648 0.669435 0.430172
-0.595249 3.071648 0.705807 0.215984 -0.264964 0.939758
-0.590547 3.130367 0.795447 -0.511908 0.032605 -0.858421
-0.551870 3.223666 0.786319 -0.274178 0.123943 -0.953658
-0.579275 3.924760 0.847607 -0.009190 -0.543737 0.839205
-0.554128 4.405166 0.750374 0.220260 -0.492603 0.841919
-0.567209 4.437232 1.085018 0.125363 0.717860 -0.684807
-0.569218 4.867157 1.392157 0.163080 -0.411469 0.896715
-0.582603 5.125136 1.073000 0.083729 -0.441173 0.893508
-0.596552 5.372349 1.825858 0.076089 -0.370003 0.925909
-0.557868 5.532806 0.833014 0.086194 0.445543 0.891101
-0.561627 5.769548 0.842823 0.242148 0.466713 0.850613
-0.595211 6.868934 0.427147 -0.029244 0.150877 0.988120
-0.559458 7.155977 1.053927 0.913598 0.137167 -0.382785
-0.577741 7.203005 0.426607 -0.011499 0.132567 0.991107
-0.597664 7.429800 0.400671 -0.069459 0.065443 0.995436
-0.579494 7.454728 0.469118 0.069798 -0.003029 -0.997557
-0.598551 7.628317 0.351164 -0.038338 0.010362 0.999211
-0.598034 7.717340 0.537543 -0.870169 0.411449 -0.271138
-0.589375 7.773115 1.239204 0.492523 -0.813374 -0.309587
-0.591927 7.917938 0.263481 -0.034441 0.061307 0.997525
-0.515037 0.459503 0.274404 0.112681 -0.877914 0.465370
-0.502774 1.277332 0.617129 0.246824 0.413327 0.876492
-0.518513 1.647297 1.765302 -0.052284 -0.385434 0.921253
-0.528320 1.795192 1.708736 0.015392 -0.014335 0.999779
-0.502654 2.270391 0.876983 -0.465855 0.676194 -0.570737
-0.519476 2.866732 0.952714 0.841923 -0.539529 -0.008654
-0.530968 3.351234 0.475630 -0.226723 -0.044407 -0.972946
-0.535644 3.674155 0.804239 0.081341 0.479240 0.873907
-0.513195 3.738948 0.557637 0.130461 0.212399 0.968435
-0.521342 4.103023 0.602707 0.158493 -0.090847 0.983172
-0.523552 5.026629 1.356967 -0.005685 -0.413312 0.910572
-0.523478 6.113806 0.941548 0.976444 -0.186620 -0.108306
-0.536822 7.008597 0.489039 -0.024567 0.186067 0.982230
-0.500461 7.090251 0.503606 -0.019555 0.101896 0.994603
-0.501180 7.493573 0.316104 -0.033682 -0.016371 0.999298
-0.537119 7.630712 0.280390 0.025151 0.022176 0.999438
-0.535725 7.665745 0.878562 -0.173833 0.972987 0.151918
-0.451645 1.907182 1.601903 0.091225 -0.035123 0.995211
-0.494022 3.284205 1.556316 0.068527 0.014945 0.997537
-0.497912 4.460873 0.548814 -0.282878 0.624623 -0.727892
-0.497006 4.928974 0.595284 -0.056714 0.030019 0.997939
-0.492975 5.135310 1.052197 0.618591 0.769480 0.158889
-0.481495 6.254058 0.460991 -0.033719 0.180454 0.983005
-0.489177 6.341468 0.393309 -0.043928 0.000411 0.999035
-0.472499 6.320433 0.439144 -0.019835 0.049899 0.998557
-0.499469 6.451662 0.474618 -0.048254 -0.054103 0.997369
-0.492913 6.764117 0.823614 0.458614 0.813472 -0.357682
-0.481628 6.828811 1.297794 0.010335 0.447824 0.894062
-0.465449 7.265792 0.448498 -0.014393 0.143202 0.989589
-0.498451 7.377328 1.096946 0.951565 -0.010054 -0.307284
-0.480603 7.452176 0.317092 -0.043618 0.014424 0.998944
-0.468600 7.829705 1.686414 -0.317936 0.652095 0.688250
-0.417857 0.065892 -0.021999 0.135692 -0.747303 0.650482
-0.443937 0.181705 -0.099824 0.047729 -0.203892 0.977829
-0.404725 0.170527 0.029914 -0.170048 0.940136 -0.295345
-0.410392 0.221036 1.267872 -0.516772 0.656300 0.549742
-0.413702 0.292255 -0.038785 -0.170048 0.940136 -0.295345
-0.446269 1.401198 0.976957 0.308565 0.949901 -0.049750
-0.449324 1.541952 0.462983 0.079581 0.122870 0.989227
-0.442312 2.405330 0.413126 0.112146 -0.012340 0.993615
-0.441011 2.651522 0.531724 -0.191328 0.015315 -0.981407
-0.413506 3.295011 1.196494 0.961729 0.264359 0.072048
-0.418111 3.859326 1.473980 0.552751 -0.308524 -0.774132
-0.414528 3.917325 0.308141 0.258471 0.118825 0.958683
-0.421862 4.023130 0.527929 0.088530 0.030274 0.995613
-0.424258 4.989180 1.417223 -0.255951 0.428695 -0.866435
-0.428721 5.581008 1.150320 0.584604 -0.421880 -0.693005
-0.421503 5.586538 1.666304 0.084614 -0.462745 0.882444
-0.415735 6.054174 0.934891 0.904467 0.424463 0.042068
-0.411258 6.215112 0.463283 0.138890 0.021183 0.990081
-0.425028 6.343928 1.421803 0.800738 0.580135 -0.149205
-0.403429 6.400051 0.465536 -0.046582 -0.003426 0.998909
-0.419328 7.509298 0.969150 -0.869189 -0.350742 -0.348556
-0.386330 1.200397 0.578534 0.247988 0.408725 0.878320
-0.393963 1.262058 0.364943 0.045505 0.033275 0.998410
-0.385134 1.490145 1.516257 0.008288 -0.481415 0.876453
-0.354393 3.296365 1.612123 0.022008 -0.089257 0.995765
-0.399114 4.028286 1.711723 0.372641 -0.141082 -0.917188
-0.390814 4.286247 0.632939 0.760710 -0.435484 0.481326
-0.388889 4.344570 1.196766 0.499521 0.040949 -0.865334
-0.367176 4.527293 0.343469 -0.442000 0.262200 -0.857839
-0.380578 4.691589 1.038516 0.093918 -0.362810 0.927118
-0.372525 5.546005 0.855740 0.163333 0.424857 0.890404
-0.374988 6.205917 1.351537 0.826070 0.315861 -0.466734
-0.371249 6.337776 0.462570 0.041426 -0.014611 0.999035
-0.378127 6.426235 0.405572 0.054696 -0.000082 0.998503
-0.354943 6.594789 1.874999 -0.223259 -0.580744 -0.782874
-0.376033 6.835348 0.479488 0.080230 0.029022 0.996354
-0.387315 6.897622 1.305554 -0.164906 -0.516154 -0.840471
-0.367884 7.311817 0.385653 -0.066076 0.073324 0.995117
-0.376571 7.479737 0.418896 0.117172 0.110707 -0.986922
-0.380111 7.662970 0.382030 -0.035789 0.077128 0.996379
-0.394649 7.920637 0.302006 0.050867 0.021939 0.998464
-0.344825 0.103987 0.023869 -0.144582 0.827268 -0.542885
-0.308457 0.262829 0.351465 0.237878 -0.962432 0.130915
-0.329641 0.450638 0.055063 0.296693 -0.549913 0.780749
-0.327613 0.603407 0.811148 0.417243 0.839726 -0.347519
-0.331511 0.697386 0.843283 0.609735 0.506272 -0.609846
-0.302739 1.484179 1.561389 0.010396 -0.390158 0.920689
-0.303748 2.439981 0.470844 0.143895 0.035774 0.988946
-0.326725 2.729021 1.703012 0.012043 0.246319 0.969114
-0.329765 3.268719 0.879542 0.694484 -0.702828 -0.154028
-0.329005 3.339836 1.535807 0.116240 0.016627 0.993082
-0.319526 3.594751 1.346473 0.771889 0.493775 -0.400468
-0.302664 3.618472 0.530643 0.318444 0.078286 0.944703
-0.344255 3.872818 0.985722 0.957475 0.245455 -0.151636
-0.320203 4.059978 0.559492 0.003930 -0.066108 0.997805
-0.311414 4.485147 1.081630 -0.112430 0.454480 -0.883633
-0.331675 4.641913 1.116036 0.568489 0.505577 -0.649009
-0.321918 4.764526 0.601713 0.685327 -0.457689 0.566434
-0.348754 5.662008 1.483254 0.196035 0.224051 0.954658
-0.308244 5.816724 0.432113 -0.317358 -0.328096 -0.889740
-0.308314 6.174059 1.035422 0.984582 0.154429 -0.082160
-0.302934 6.370871 1.382835 0.705717 0.204422 -0.678362
-0.302995 6.390648 1.749297 -0.270704 -0.587273 -0.762777
-0.323596 6.476653 0.410326 -0.069673 0.000520 -0.997570
-0.339254 6.534975 1.134105 0.393441 0.422825 0.816348
-0.311532 6.556498 0.473986 -0.034114 -0.009562 0.999372
-0.321161 6.929269 0.417145 0.039351 0.074855 0.996418
-0.308004 6.988118 0.313548 0.058993 0.078811 0.995143
-0.329845 7.966735 0.339637 -0.025190 0.014997 0.999570
-0.253323 0.366821 0.037755 -0.174252 0.253126 -0.951611
-0.272582 2.173244 0.681569 0.033616 -0.192242 0.980772
-0.298533 2.334907 0.939135 -0.154547 0.976960 -0.147186
-0.287803 2.953184 1.669489 0.096835 -0.235348 -0.967075
-0.279663 3.626224 0.531819 0.252396 0.111760 0.961148
-0.298050 4.024853 0.541182 0.136460 -0.041948 0.989757
-0.292637 4.454657 1.367888 -0.159340 0.298302 0.941078
-0.276731 6.056290 1.729978 0.368058 -0.172285 0.913702
-0.261937 6.646383 0.453150 -0.028817 0.055707 0.998031
-0.254865 6.876390 0.411952 0.100927 0.023172 0.994624
-0.255538 7.248728 0.351847 0.062175 0.136015 0.988754
-0.239251 0.071245 0.899951 -0.104914 0.984899 0.137718
-0.240049 0.255262 0.047668 -0.142407 0.874266 -0.464090
-0.216476 1.286741 1.314817 -0.386590 -0.822017 0.418135
-0.245516 3.099569 0.450530 -0.174068 -0.018609 -0.984558
-0.247330 3.301940 1.021947 0.897518 0.400777 0.183958
-0.224207 3.788709 0.783105 -0.478511 -0.555131 -0.680336
-0.246839 3.803958 0.508157 0.251602 0.058563 0.966057
-0.229296 3.940027 1.755953 0.524427 -0.183165 -0.831521
-0.248852 5.208260 1.846926 -0.114204 -0.233532 0.965619
-0.239094 5.848411 0.947051 0.909088 0.416261 0.016897
-0.219045 6.397052 1.982939 -0.208454 -0.337040 -0.918124
-0.246428 6.606116 0.441900 0.032127 0.045994 0.998425
-0.204891 7.191489 0.361625 0.045339 0.086874 0.995187
-0.205824 7.179482 0.477781 -0.094008 -0.086846 -0.991776
-0.201661 7.151048 1.539229 0.096257 -0.087481 0.991505
-0.244069 7.292386 0.365078 0.041095 0.083767 0.995638
-0.200881 7.415632 0.320496 0.023682 0.136361 0.990376
-0.205290 7.467205 1.291283 0.147874 0.164346 -0.975256
-0.248270 7.651823 0.442501 0.048612 0.023963 0.998530
-0.232595 7.837048 0.536535 -0.018066 0.137210 0.990377
-0.240965 7.909373 0.333434 -0.049687 0.036411 0.998101
-0.157685 0.584277 0.001099 0.188473 -0.240096 0.952277
-0.155656 0.723368 1.231711 0.159748 0.249403 -0.955133
-0.190031 1.767430 0.501262 0.062515 -0.117514 0.991102
-0.190661 2.300509 0.402869 0.039981 0.022834 0.998940
-0.189087 2.544427 0.442471 0.132672 -0.027180 0.990787
-0.164852 3.003014 0.460134 -0.324565 0.028713 -0.945428
-0.178517 3.401675 0.802624 0.807065 -0.293542 0.512328
-0.195311 3.452805 0.476839 -0.192698 0.056825 -0.979611
-0.199645 4.303914 1.114072 0.768192 -0.357334 -0.531218
-0.164592 5.034983 0.766290 0.611002 -0.309942 0.728431
-0.183896 5.480033 1.436163 -0.469220 0.431639 0.770403
-0.199910 5.540698 1.626424 0.287537 -0.074171 0.954893
-0.157984 5.519593 1.655415 0.341962 0.114658 0.932692
-0.198695 5.859202 0.407275 0.354172 0.305403 0.883907
-0.176071 6.012179 1.532411 -0.343477 0.335911 -0.877033
-0.184861 6.194675 1.548487 0.024795 -0.218273 0.975573
-0.182862 6.702252 1.167367 0.313547 0.285381 0.905675
-0.177629 6.725654 1.484797 0.243192 0.616207 0.749097
-0.180323 6.802730 0.401417 0.121321 0.041023 0.991765
-0.151493 7.082331 0.431467 0.068685 0.105157 0.992081
-0.153553 7.336269 0.992857 0.455142 0.886674 -0.081572
-0.165029 7.611058 1.696803 -0.128855 0.123204 0.983980
-0.171731 7.896708 0.352173 -0.050862 0.084452 0.995129
-0.181420 7.962897 0.361645 -0.069867 0.089632 0.993521
-0.105561 0.360274 0.567412 -0.086568 -0.991748 0.094567
-0.126573 0.360546 0.816820 0.045125 -0.992107 0.116995
-0.136587 0.509514 1.709831 0.459471 -0.024314 -0.887860
-0.120550 1.386667 0.665547 0.199096 0.721211 0.663488
-0.109025 2.714330 1.576350 -0.089203 -0.155499 0.983800
-0.103463 3.439267 1.144363 0.716535 0.688901 0.109512
-0.128550 3.723522 1.049015 0.963052 0.089900 0.253866
-0.133671 3.781108 1.721695 -0.098024 -0.287841 0.952648
-0.100239 3.929868 1.304587 0.708571 -0.377010 -0.596483
-0.111005 4.038671 1.609142 -0.768475 0.108011 0.630698
-0.124598 4.233238 1.403461 -0.535310 0.540833 0.648801
-0.132242 4.863120 1.662598 0.627723 0.082326 -0.774071
-0.134149 6.622828 0.442704 0.135204 0.052984 0.989400
-0.105569 7.018798 0.473645 0.147989 0.034593 0.988384
-0.132174 7.390889 0.396139 0.004192 0.060802 0.998141
-0.139891 7.366321 1.794266 0.019979 0.126293 0.991792
-0.132541 7.404884 0.426078 0.053989 0.107137 0.992777
-0.130273 7.857650 0.244472 0.092816 -0.043486 -0.994733
-0.057823 0.141456 1.339725 0.049831 0.998589 -0.018379
-0.063978 0.491746 0.010149 0.121528 -0.129071 0.984160
-0.059676 1.319478 0.083081 0.006817 -0.470595 0.882323
-0.070860 3.156829 0.844561 -0.023875 0.961750 0.272886
-0.065920 3.224053 1.226464 -0.511310 -0.857529 0.056633
-0.066409 3.320058 0.496133 0.109671 0.012970 0.993883
-0.056499 3.429019 0.516549 0.168425 -0.019197 0.985527
-0.094766 3.646490 0.510854 0.164742 0.057453 0.984662
-0.080034 3.897829 0.535868 0.080992 -0.067890 0.994400
-0.088871 4.661608 0.325163 0.244452 -0.010438 0.969605
-0.062576 4.933793 1.195618 0.256075 -0.172173 0.951200
-0.078153 5.560922 1.547774 0.100270 0.087395 0.991115
-0.086775 6.031540 0.425648 -0.261861 -0.299346 -0.917508
-0.050494 6.779045 0.477300 0.001366 0.063579 0.997976
-0.067642 6.935038 1.007846 0.433495 0.885576 0.166845
-0.060878 6.980573 1.022127 -0.474173 -0.877712 -0.069152
-0.072018 7.083694 0.385317 0.054455 0.078239 0.995446
-0.052653 7.180495 0.354893 0.062713 0.051529 0.996700
-0.091710 7.213632 1.491731 0.127901 -0.117464 0.984806
-0.023339 0.531259 0.055461 0.119386 -0.152922 0.981000
-0.031077 0.679061 1.133999 -0.434887 0.640481 -0.632974
-0.038403 0.808134 0.883913 0.911564 0.391372 -0.126011
-0.009017 0.961177 0.084655 -0.172260 0.373149 -0.911639
-0.046190 2.977754 0.441683 -0.114945 0.061253 -0.991482
-0.019190 3.030909 1.242702 0.359786 0.860174 0.361461
-0.013399 3.256015 0.480089 -0.095951 -0.100706 -0.990279
-0.002373 4.074295 1.764152 -0.535213 0.100677 0.838696
-0.010254 5.095950 1.074514 0.141774 0.099877 0.984848
-0.043826 5.766481 1.093749 0.708040 0.629394 -0.320224
-0.042662 5.887617 0.231276 0.126887 0.096392 0.987223
-0.012769 6.020763 1.796926 0.261101 -0.147206 0.954021
-0.037707 6.305061 0.465005 0.090435 -0.134436 0.986787
-0.016196 6.490813 0.412986 0.086556 0.040542 0.995422
-0.026951 6.837036 0.412023 0.028597 0.053070 0.998181
-0.010340 6.857461 0.435702 0.022868 0.049551 0.998510
-0.045281 7.191501 0.509526 0.012990 0.120697 0.992604
-0.032011 7.713951 1.465635 0.229643 0.870890 0.434527
-0.032836 7.887809 0.376218 -0.093743 0.043273 0.994656
0.005794 0.398432 0.499839 0.186102 0.981681 -0.040856
0.006564 0.647300 0.016534 0.218436 -0.266991 0.938617
0.035937 1.068126 0.425327 0.833644 0.171172 0.525107
0.048837 1.141258 1.394921 0.407435 0.158009 -0.899461
0.028975 1.296217 1.497127 -0.029298 -0.420497 0.906821
0.033609 1.550932 0.354506 0.034032 -0.291632 0.955925
0.022033 3.488595 0.515946 -0.194539 -0.035548 -0.980250
0.040249 3.749121 1.347770 0.701303 0.257220 -0.664840
0.014289 4.427206 0.705546 0.141499 0.884008 -0.445543
0.024544 5.155147 1.349442 0.318733 -0.947709 0.016002
0.024463 5.601123 0.694891 0.803411 0.446173 0.394284
0.027268 5.878907 0.755291 0.390068 0.696562 0.602203
0.047660 5.926229 0.339896 0.175372 0.171881 0.969382
0.034257 6.001585 0.263864 0.093129 0.010952 0.995594
0.034777 6.274530 1.659034 -0.228445 -0.814170 0.533797
0.032924 6.463347 0.480410 -0.052993 -0.009699 0.998548
0.031417 6.585521 0.732745 -0.075284 -0.958071 0.276465
0.029561 6.788073 0.441726 0.104187 0.038764 0.993802
0.006444 7.099890 0.394801 -0.100008 -0.024519 -0.994685
0.041446 7.127435 0.484805 0.060981 0.081774 0.994784
0.015569 7.182945 0.337607 0.040942 0.052780 0.997767
0.014176 7.328570 0.353781 -0.001399 0.008110 0.999966
0.010440 7.821925 0.296773 -0.075074 0.010912 0.997118
0.064633 0.258681 1.872914 0.272535 0.441110 -0.855071
0.081698 0.358653 0.000208 0.079202 -0.133349 0.987899
0.072312 0.414575 0.830163 0.067691 0.936443 -0.344227
0.056055 0.457812 0.312259 -0.828269 0.017017 -0.560073
0.088181 0.470788 1.435493 0.129506 0.914782 0.382626
0.098612 0.733312 1.288744 0.972290 0.017612 -0.233115
0.065982 0.778317 1.281609 0.962107 -0.269326 0.042586
0.085160 1.218674 0.624332 0.666993 0.523074 0.530579
0.066721 1.703931 1.589971 0.136433 -0.013952 0.990551
0.092958 2.323017 0.580096 -0.066759 0.214014 0.974547
0.065080 2.390833 0.875275 0.333808 0.444156 -0.831443
0.081783 2.979754 1.352501 0.296128 0.912637 0.281785
0.080722 3.814527 0.532889 0.059374 -0.125126 0.990363
0.093192 4.377644 1.892876 -0.274262 -0.140072 0.951399
0.058736 4.444907 1.106740 0.398733 0.648032 0.648897
0.088923 5.013004 0.989708 0.686112 -0.488848 0.538774
0.069883 5.300285 1.738873 -0.049424 0.333940 0.941298
0.062003 6.058327 1.380189 -0.006068 -0.265123 0.964196
0.063186 6.370797 1.821152 0.331994 0.149981 0.931282
0.077629 6.446798 0.231645 0.131641 -0.030252 0.990836
0.095167 6.741543 0.292137 0.084005 0.039416 0.995685
0.059234 7.413986 0.352999 0.012549 0.028890 0.999504
0.084529 7.568200 1.559565 0.102327 -0.008425 0.994715
0.066196 7.806228 0.355397 -0.079916 0.024890 0.996491
0.050555 7.940122 0.363268 -0.108941 0.008373 0.994013
0.140110 0.091942 1.494179 0.100848 0.991393 -0.083485
0.113556 0.176108 0.035912 -0.026407 -0.398555 0.916764
0.138701 0.526687 0.550822 0.626790 0.761445 -0.165338
0.121844 0.893870 0.085463 0.233366 -0.368745 0.899759
0.118354 1.041956 1.232495 0.660517 0.476379 -0.580328
0.142663 1.053091 0.448068 0.658120 -0.177928 0.731588
0.125605 2.691280 1.616608 -0.051530 -0.379880 0.923599
0.125708 2.936853 1.306946 -0.303466 -0.867538 -0.394064
0.134942 3.468047 0.476085 0.097470 0.107791 0.989384
0.122155 3.628915 1.621847 -0.233732 -0.262211 0.936277
0.100037 3.709678 0.248392 -0.047846 0.143045 0.988559
0.118824 4.861985 1.866704 0.526533 -0.016599 -0.849992
0.127944 5.007147 0.371863 -0.140260 0.288008 -0.947300
0.136795 5.117306 0.308563 0.096949 0.023550 0.995011
0.146153 5.302968 0.859388 0.749909 0.585123 0.308653
0.108689 5.317740 1.350854 0.905536 0.421679 0.046810
0.137915 5.396716 0.211910 0.043767 0.174766 0.983637
0.118359 5.529092 1.630529 0.330228 0.251654 0.909736
0.136076 5.746496 1.470920 -0.303326 -0.076521 -0.949809
0.107221 6.443506 0.318958 0.017010 -0.041986 0.998973
0.149761 6.890490 0.935701 -0.851100 -0.179654 0.493308
0.101623 6.967089 0.363850 -0.006631 0.077416 0.996977
0.134800 7.821967 0.528314 -0.084398 -0.035715 0.995792
0.182709 0.287921 0.017446 0.041637 -0.069899 0.996685
0.173484 0.303945 0.039656 0.041637 -0.069899 0.996685
0.179665 0.478329 0.015325 -0.106738 0.076602 -0.991332
0.182372 0.677626 1.650748 -0.539247 -0.000282 0.842147
0.164659 1.384034 0.329520 0.241057 -0.436061 0.867031
0.197429 3.197024 1.483469 0.176193 0.276253 0.944797
0.155737 3.217450 0.457643 0.110191 0.012170 0.993836
0.185766 3.318142 1.592306 -0.039257 0.068091 0.996906
0.152815 3.664730 0.519667 0.011533 -0.026077 0.999593
0.154611 3.704194 0.745503 -0.230843 0.955038 0.186048
0.169890 4.264426 0.209285 -0.064105 -0.008389 0.997908
0.180722 4.333597 0.539653 -0.206792 0.600990 -0.772041
0.158428 4.346743 0.722188 -0.296091 0.898779 -0.323306
0.161384 4.547646 1.904357 -0.088069 -0.160669 0.983071
0.174912 4.569411 0.972870 0.510252 -0.090102 0.855292
0.156260 4.591339 1.875601 -0.088069 -0.160669 0.983071
0.159589 4.620750 0.569006 -0.634311 -0.535041 0.558015
0.190559 6.023407 0.991554 0.851905 -0.463646 -0.243498
0.183540 6.488993 0.400446 -0.120713 -0.055343 0.991144
0.188231 6.854848 0.291878 0.033533 -0.050330 0.998170
0.194803 7.163782 0.367313 0.013822 0.007354 0.999877
0.170820 7.331577 0.360925 -0.028083 0.054769 0.998104
0.183261 7.959256 0.370845 -0.115709 -0.176171 0.977535
0.247566 0.311759 1.110399 -0.433000 -0.900153 0.047290
0.241802 1.067244 0.924513 0.858243 0.253421 0.446314
0.244494 2.690300 0.461465 -0.044340 -0.043852 0.998054
0.228434 2.763682 1.729026 0.098473 -0.122727 0.987543
0.227597 2.905760 0.822571 0.933096 0.353616 0.065482
0.220131 3.537097 0.528901 -0.074278 0.040917 0.996398
0.216449 3.672139 0.519013 -0.065837 0.058107 0.996137
0.222777 3.716024 1.644299 -0.267354 -0.279283 0.922238
0.206895 3.966235 0.204522 -0.170300 0.173760 0.969951
0.228985 4.279469 1.066997 0.294796 0.919608 0.259647
0.213947 4.480892 1.849739 0.026043 -0.175188 0.984190
0.221835 4.981911 1.598145 0.966032 0.199808 -0.163885
0.236311 5.144562 1.596769 0.985044 0.147065 -0.089777
0.237426 5.133284 1.901384 -0.165303 0.352849 0.920963
0.248804 5.364192 0.793835 0.695914 0.441180 0.566625
0.246572 5.430226 1.324733 0.937650 0.345592 -0.037123
0.212570 5.503228 1.692524 0.035398 0.386702 0.921525
0.218930 6.078547 0.441003 -0.159636 0.059618 0.985374
0.207316 6.666338 1.534387 0.247984 0.590336 0.768119
0.205162 6.702654 1.158172 -0.340960 -0.426642 -0.837689
0.212555 6.758129 0.348569 0.017470 0.090377 0.995754
0.206845 6.818724 0.721386 0.945616 0.230068 -0.229953
0.247015 7.240580 0.350156 0.016249 -0.045104 0.998850
0.208281 7.461403 0.340388 0.002456 0.009914 0.999948
0.214194 7.504135 0.409152 0.023846 -0.016082 0.999586
0.207388 7.778581 0.447558 -0.078824 -0.140171 0.986985
0.275537 0.083753 -0.003026 0.037654 -0.088322 0.995380
0.291974 0.117134 0.798555 0.076265 0.993089 0.089205
0.293504 0.728015 0.004104 0.103813 -0.303048 0.947304
0.284009 1.117876 0.572659 0.755686 0.636414 0.154646
0.271734 1.891793 1.474866 0.104113 0.158174 0.981907
0.287575 2.225242 1.227698 -0.470227 -0.676057 0.567304
0.264106 2.494463 0.615929 -0.081012 0.224109 0.971191
0.273562 3.169521 0.593687 0.250301 -0.036617 -0.967475
0.253686 3.692732 0.567549 -0.204063 0.140513 0.968821
0.255621 3.766484 0.521168 0.016580 -0.086453 0.996118
0.283985 3.987375 1.425151 -0.347034 0.677380 0.648632
0.269918 3.965413 1.580817 0.111691 0.096094 -0.989086
0.270074 4.241647 0.618952 0.946271 -0.246685 0.209088
0.261453 4.542153 1.089633 0.477319 0.532198 0.699237
0.269716 6.307213 1.576897 0.047201 0.501250 0.864014
0.265577 6.388774 1.892250 -0.006463 -0.362220 0.932070
0.250604 6.645817 1.023563 0.925504 0.378738 -0.000110
0.293812 7.776742 0.402214 -0.107574 -0.152307 0.982461
0.270759 7.848023 0.859697 -0.320954 -0.883503 -0.341189
0.335524 0.198642 0.015013 0.042281 -0.089738 0.995068
0.302980 0.207673 -0.047065 0.037552 -0.090989 0.995144
0.335090 0.818102 0.053622 -0.227317 0.372309 -0.899841
0.308150 0.859377 0.955864 -0.499758 0.755160 0.424236
0.324405 2.027243 0.422897 -0.184083 -0.032638 0.982369
0.337181 2.549913 0.447040 -0.107130 0.069160 0.991837
0.326627 2.542078 0.481339 -0.174375 0.094530 0.980131
0.317203 2.689016 1.687299 0.130995 -0.242713 0.961213
0.345727 2.961347 0.444758 -0.120879 0.015744 0.992542
0.301999 3.089318 0.516130 0.304709 0.028874 -0.952008
0.335849 3.772409 0.285540 -0.052894 0.045131 0.997580
0.335901 4.238271 0.529224 0.354920 -0.322751 0.877419
0.341262 4.240864 0.733545 0.985681 -0.105468 0.131563
0.344981 4.625973 1.026637 0.883533 0.450019 0.129820
0.319999 5.204872 0.284213 -0.085900 0.103364 0.990927
0.318480 5.577363 1.297261 0.891838 -0.383606 0.239733
0.325988 5.785520 1.446734 0.241241 0.020001 0.970259
0.307865 6.531563 0.996439 0.935560 0.349087 0.053522
0.349922 6.613523 0.714682 0.190771 0.967115 -0.168214
0.316111 6.812521 0.412761 -0.047681 0.014925 0.998751
0.313805 7.505736 0.460262 0.003947 -0.055191 0.998468
0.332460 7.789605 0.320069 -0.050424 -0.087966 0.994846
0.355504 0.344881 0.014929 0.029540 -0.063890 0.997520
0.360718 0.398758 0.017998 0.008914 -0.055432 0.998423
0.357125 0.385848 0.964226 -0.181535 -0.975776 -0.122088
0.352461 3.022045 1.287058 0.275503 0.751328 0.599670
0.369707 4.015239 0.578190 -0.172834 -0.098842 0.979979
0.390234 4.076056 1.366805 0.108406 -0.755550 -0.646059
0.390539 4.102840 1.887770 -0.123380 0.408850 -0.904223
0.358346 4.211527 1.938323 0.174963 -0.192747 0.965524
0.379790 4.433119 0.248052 -0.113566 0.080072 0.990299
0.379628 4.419190 1.252448 0.991833 0.123955 0.030052
0.376147 4.720441 1.943332 0.015890 -0.051011 0.998572
0.390402 5.995033 1.341698 -0.565838 0.251148 -0.785336
0.391170 6.180214 1.389929 -0.548245 0.488521 -0.678803
0.360965 6.853370 1.144372 0.141827 -0.032106 0.989371
0.384529 6.909099 0.824512 -0.372624 0.927297 -0.035664
0.364542 7.854777 0.477684 -0.050424 -0.087966 0.994846
0.440403 0.055164 -0.033093 0.065435 -0.095591 0.993268
0.416988 0.393859 1.347710 -0.500806 -0.822515 -0.269559
0.415427 0.408628 0.006872 0.034200 -0.055609 0.997867
0.418731 0.469292 1.012644 0.399116 0.910199 0.110657
0.422701 0.599336 0.920581 -0.030821 -0.679011 0.733481
0.449429 0.656837 0.055459 0.040272 -0.144201 0.988729
0.412368 0.971586 0.393594 0.851773 0.510115 -0.119439
0.407966 1.941812 0.801122 -0.566299 -0.045611 0.822937
0.438659 3.347296 1.726600 -0.158039 -0.063199 0.985408
0.428407 3.403925 0.920262 -0.346594 0.629907 0.695047
0.412216 3.963819 0.511752 -0.172834 -0.098842 0.979979
0.447933 5.108643 0.957196 0.919060 -0.111541 0.378003
0.406436 6.325095 0.438666 0.165963 0.005417 -0.986117
0.413453 7.340875 1.162681 0.708324 -0.002374 0.705883
0.400486 7.510036 1.224326 0.767956 0.435391 0.469765
0.496143 0.130298 0.855001 -0.095366 0.984841 0.144890
0.477083 0.557355 0.881730 -0.063810 -0.696978 0.714248
0.490131 0.765383 0.065634 0.004855 -0.138757 0.990315
0.476981 1.619205 0.551148 -0.340189 0.055578 0.938713
0.485275 2.781716 0.957763 0.820589 0.561419 -0.106969
0.482586 2.888135 1.651533 -0.097886 -0.263451 0.959694
0.488942 3.003082 0.928228 0.802459 0.543784 0.245679
0.490583 3.289287 0.467453 -0.069817 0.248525 0.966106
0.462975 3.375052 0.530540 0.000617 -0.079083 0.996868
0.451989 3.790365 1.192525 0.898607 0.319670 -0.300527
0.458410 4.274860 1.479626 0.424243 0.887366 0.180553
0.454001 4.538234 0.302723 0.132217 0.168823 0.976738
0.498228 4.914446 1.693912 0.234126 0.076549 -0.969188
0.493213 4.954664 1.885241 0.152605 -0.304339 -0.940260
0.481612 5.070564 1.785781 0.114044 -0.380639 -0.917665
0.460265 6.174002 1.377688 -0.510559 0.109820 -0.852801
0.462506 7.025546 1.316752 0.226879 0.477026 0.849101
0.484633 7.134197 0.447635 -0.005001 0.088996 0.996019
0.496089 7.405473 0.312672 -0.057374 0.018683 0.998178
0.480180 7.429143 0.405230 -0.048701 -0.000908 0.998813
0.469773 7.599228 0.435903 -0.046638 -0.026275 0.998566
0.456529 7.603262 0.449124 -0.046638 -0.026275 0.998566
0.545841 0.493091 0.697827 -0.109314 0.956943 0.268907
0.504219 0.769700 0.053559 -0.037738 -0.148967 0.988122
0.515652 1.334307 0.114342 -0.097741 -0.536204 0.838410
0.535112 1.778680 1.157419 0.802144 0.215313 0.556961
0.549268 2.553763 0.556661 -0.390574 0.134523 0.910690
0.515033 3.780139 0.693075 0.157746 -0.081386 -0.984120
0.515480 4.110751 1.709486 0.267082 -0.404411 0.874711
0.518827 4.227211 0.530052 -0.155387 -0.127320 0.979614
0.529304 4.299051 1.023126 0.902751 0.426805 -0.053648
0.516148 4.441192 0.551020 -0.540659 0.647463 -0.537102
0.532033 4.937709 0.996879 0.866507 -0.014774 0.498945
0.524518 5.440505 1.670618 -0.174042 0.449711 0.876053
0.502920 5.750499 0.319715 -0.221677 0.027028 0.974746
0.517388 6.883604 0.400006 0.026806 0.156387 0.987332
0.516404 7.015296 0.947017 0.693134 -0.664428 0.279464
0.512891 7.143149 1.429118 0.453705 0.397533 0.797571
0.515107 7.258570 0.483241 -0.063587 -0.029107 0.997552
0.540082 7.277165 0.911118 0.975304 0.150795 0.161381
0.526123 7.758830 0.385752 0.017436 0.030121 0.999394
0.573740 0.241837 0.314605 0.097667 -0.976419 0.192526
0.583729 0.236767 1.556617 -0.158821 0.921724 -0.353837
0.586934 0.237992 1.639565 0.146733 -0.904788 0.399785
0.556246 1.224011 1.433181 0.141584 -0.452529 0.880438
0.564812 1.238710 1.599427 -0.023643 -0.287731 0.957420
0.595265 2.126554 0.704805 0.523297 0.097834 -0.846516
0.575407 2.891322 0.436450 -0.000359 0.117698 0.993049
0.560434 2.982393 1.542642 -0.120702 0.104544 0.987168
0.576513 3.085038 0.955958 0.974428 -0.155264 -0.162432
0.580410 3.421026 1.521587 -0.181922 -0.259457 0.948465
0.570282 3.572329 0.631296 -0.191430 0.101129 0.976282
0.593361 3.569732 1.587029 -0.047925 -0.155803 0.986625
0.574992 4.108258 0.529729 -0.310955 -0.064045 0.948264
0.556638 4.334176 0.804954 0.726033 0.687465 0.016354
0.555530 4.452426 1.210889 0.799926 -0.333926 -0.498610
0.563950 5.271356 0.694608 -0.388057 0.845931 -0.365804
0.563756 6.407045 0.741436 -0.021791 0.330501 0.943554
0.593256 6.999476 0.371751 0.087874 0.021711 -0.995895
0.556619 7.018091 0.396220 -0.032074 0.050387 0.998215
0.558393 7.137621 1.075521 -0.207596 0.966513 0.150854
0.578894 7.280873 0.363877 -0.044702 -0.007137 0.998975
0.567562 7.809473 0.348653 0.014346 -0.004724 0.999886
0.635520 0.133874 -0.010941 0.075420 0.045664 -0.996106
0.612382 1.382114 1.535129 -0.041430 -0.179714 0.982846
0.601958 1.405096 1.559043 -0.040456 -0.174933 0.983749
0.631661 2.867302 1.407819 0.322461 0.653594 -0.684714
0.640720 3.120083 0.441667 -0.211423 -0.045810 -0.976321
0.625554 3.298039 0.497457 -0.113945 -0.085796 -0.989776
0.610012 4.010240 1.899743 0.075632 -0.319502 0.944562
0.643569 4.620169 0.549416 0.503496 -0.105555 0.857525
0.608481 4.756846 0.714588 0.709106 -0.307930 0.634308
0.616320 6.266733 0.810769 0.168657 0.926386 0.336696
0.606386 6.301805 1.517993 -0.146714 0.758215 0.635283
0.637510 7.273026 0.396472 -0.047765 -0.014520 0.998753
0.602686 7.545671 0.289721 -0.004518 0.029318 0.999560
0.601125 7.639264 0.372524 0.056003 0.050318 0.997162
0.685740 0.201032 0.024914 0.075518 0.054269 -0.995667
0.680364 0.281656 -0.007699 0.083240 0.050931 -0.995227
0.698919 0.271861 1.578211 -0.329945 0.811370 -0.482508
0.667776 0.360718 0.007186 -0.037475 -0.080638 0.996039
0.699501 1.766931 0.682525 -0.444944 -0.210668 0.870427
0.680477 2.040245 0.697137 0.402422 0.351405 -0.845323
0.655712 2.335352 1.237252 0.258606 0.340706 -0.903904
0.681699 2.401048 1.052329 0.640844 0.125832 -0.757288
0.692472 2.512095 1.161661 0.725532 0.572442 -0.381987
0.660101 2.606208 0.427109 -0.001260 0.121608 0.992577
0.689715 2.848398 1.040757 0.856407 0.515991 0.017911
0.696146 3.226093 0.915567 -0.692976 0.561623 0.452067
0.658074 3.640590 0.518775 0.041148 -0.114211 0.992604
0.696780 6.269533 0.426698 -0.079418 -0.148104 -0.985778
0.666336 6.328219 0.383398 0.112780 0.301820 0.946671
0.675493 6.782005 0.413827 0.014199 0.026845 0.999539
0.694950 6.848117 0.383279 -0.019575 -0.001584 0.999807
0.655858 6.910185 0.363886 0.058846 0.041106 -0.997420
0.680786 7.080854 0.383477 -0.110756 0.045395 0.992810
0.690287 7.323768 1.317298 -0.657778 -0.516196 -0.548515
0.670444 7.735320 0.431022 0.025022 0.036496 0.999020
0.727404 0.212999 1.339702 -0.146646 0.980675 -0.129501
0.734898 0.585909 0.054880 0.188067 0.166694 -0.967907
0.709225 1.138349 0.091745 -0.321463 -0.576850 0.750937
0.704332 1.566482 1.377179 -0.281102 -0.273774 -0.919798
0.743273 2.197268 1.475702 0.136198 -0.034641 0.990076
0.701174 2.668833 0.599452 -0.020091 0.610866 0.791479
0.749660 3.228381 0.472224 -0.281128 -0.073257 -0.956870
0.704829 3.535969 0.244188 -0.030045 -0.154674 0.987509
0.702368 3.886547 1.837278 -0.038520 -0.182294 0.982489
0.731303 4.139161 0.567104 -0.001956 0.045777 0.998950
0.705886 4.352079 1.402229 -0.511096 0.621626 0.593601
0.746865 5.126142 0.372547 0.284849 0.182943 -0.940953
0.700993 5.581356 0.282161 0.262258 -0.083308 -0.961395
0.720654 6.482703 1.705487 -0.027451 0.419657 0.907268
0.712408 6.722964 1.080911 0.871607 0.111967 -0.477248
0.748223 6.797979 0.484021 -0.048252 -0.060396 0.997008
0.734707 7.253951 0.502674 -0.172999 -0.026824 0.984557
0.760491 0.211928 0.795835 -0.047189 -0.971387 0.232765
0.796107 0.229559 0.881327 -0.013851 -0.997100 0.074833
0.764595 1.474060 1.633310 0.104252 -0.187368 0.976742
0.764481 2.250035 0.504594 -0.199723 0.104158 0.974301
0.795076 2.494139 1.059841 -0.495063 -0.868547 -0.023192
0.788603 2.723841 0.420531 -0.048802 -0.077223 -0.995819
0.776412 3.455312 1.105775 0.933750 -0.353154 -0.058253
0.786622 3.958590 0.519984 -0.019875 -0.183069 0.982899
0.787513 6.189923 0.841574 0.742082 0.452763 0.494287
0.773615 6.413194 0.459694 -0.319312 -0.317898 -0.892738
0.783445 6.584438 0.431080 0.151883 0.075981 0.985474
0.773464 7.100214 0.479686 -0.069799 -0.146694 0.986716
0.846533 0.104146 -0.085661 -0.035645 -0.054175 0.997895
0.845436 0.257412 0.019979 0.112364 0.119102 -0.986503
0.814054 0.388328 -0.022517 0.189257 0.191831 -0.963007
0.843012 0.467313 0.570671 0.902719 0.385651 0.190714
0.823386 0.794266 0.052475 0.397670 0.283003 -0.872793
0.809967 1.104635 1.579909 -0.121087 0.451760 -0.883884
0.819354 2.567527 1.357714 -0.212729 -0.665432 0.715505
0.829399 3.285265 1.255264 -0.123716 0.764290 0.632894
0.815447 3.410973 0.202447 -0.010691 -0.055229 0.998416
0.809287 3.559215 0.890479 -0.241933 0.690077 0.682101
0.821966 3.748392 0.542490 -0.098991 -0.130036 0.986555
0.821120 5.280805 0.699200 -0.192258 -0.424386 0.884835
0.821281 5.798669 1.421882 -0.043565 0.882403 -0.468473
0.836505 6.498080 1.589050 0.060402 0.468659 0.881312
0.844098 6.962288 0.405403 -0.062411 -0.064204 0.995983
0.810591 7.425942 0.353433 0.012774 0.040343 0.999104
0.825084 7.794129 0.427878 0.043828 0.001658 0.999038
0.811846 7.961894 0.297239 0.052082 0.049384 0.997421
0.869238 0.147392 -0.014401 -0.060843 -0.191779 0.979550
0.884344 0.521448 1.209551 0.593132 -0.802962 0.058714
0.864403 0.785738 0.892623 -0.064253 0.070859 0.995415
0.887674 0.843139 0.384509 0.755890 0.323170 -0.569378
0.870961 1.229589 0.842520 0.037686 -0.767312 0.640165
0.850198 1.752941 1.393292 0.177805 0.317405 0.931472
0.877778 2.440833 1.767447 -0.380949 -0.565363 0.731602
0.872854 2.838376 0.570500 0.310992 0.058475 0.948612
0.861504 3.824751 0.547906 0.168449 0.141757 -0.975464
0.854025 4.138887 1.682827 -0.414592 0.353429 0.838571
0.872678 4.563399 0.312464 -0.087596 0.181139 0.979549
0.861403 4.905933 0.348324 -0.163748 -0.083580 0.982955
0.877541 5.163478 0.988665 -0.044811 -0.221388 0.974156
0.868815 5.250162 1.867057 0.051414 0.176889 0.982887
0.891588 5.735093 1.176626 -0.013646 -0.828331 0.560073
0.892940 6.067506 0.814528 0.323789 0.706885 0.628868
0.884066 6.228623 0.225792 -0.228931 -0.068586 -0.971024
0.875146 6.353887 1.670727 -0.043997 0.040697 0.998202
0.855994 6.479431 1.406771 -0.247171 0.646273 0.721968
0.866472 7.287405 0.814429 0.649369 0.624343 0.434185
0.914444 0.130321 0.837792 -0.015394 -0.926473 0.376047
0.920894 0.464708 0.676801 -0.032510 -0.997480 0.063066
0.906676 0.504069 -0.006036 0.091940 0.219324 -0.971310
0.915172 0.500647 0.010405 0.166964 0.385762 -0.907365
0.908664 3.414109 0.705409 -0.011011 -0.999740 -0.019951
0.908340 3.859632 0.638416 -0.079674 -0.138166 0.987199
0.933817 4.937791 1.985999 0.048355 -0.158595 0.986159
0.945197 5.574121 0.836887 0.768051 0.097220 -0.632966
0.907502 5.632422 0.707731 0.640036 0.064028 -0.765672
0.934615 6.344456 1.845478 0.019639 -0.065295 0.997673
0.909778 7.027981 0.368878 -0.062561 0.004773 0.998030
0.901141 7.094709 0.428912 -0.041595 -0.013221 0.999047
0.942395 7.736165 0.490219 0.045092 0.064341 0.996909
0.982956 0.362204 -0.029292 -0.064524 -0.265666 0.961904
0.968461 0.480916 1.234100 -0.623698 0.765129 -0.159933
0.969310 0.681004 0.616420 0.705752 -0.704212 0.077461
0.951674 2.892908 1.377953 0.669034 0.009963 -0.743165
0.958740 3.860234 1.541639 0.098368 0.559102 -0.823242
0.951150 4.022455 1.378509 0.309427 -0.580173 0.753429
0.982655 4.806032 1.596170 -0.008976 -0.492517 0.870257
0.975965 5.025005 1.840363 0.178125 0.047695 0.982851
0.956463 6.044398 0.816874 -0.015384 0.758994 0.650916
0.955310 6.096082 0.375293 0.144790 0.009580 0.989416
0.989235 6.614966 0.436030 -0.008088 -0.057877 0.998291
0.995131 6.709202 0.473144 0.040871 0.049985 0.997913
0.992744 6.736129 0.942785 0.674240 0.717148 0.176350
0.954325 6.779894 1.016157 -0.453919 -0.853720 -0.255186
0.967781 6.819104 0.337347 -0.017515 0.038291 0.999113
0.970076 6.943432 0.417121 -0.030096 -0.080971 0.996262
0.997987 7.109409 0.735074 0.714250 0.686320 0.137157
0.982676 7.269659 0.397271 0.075491 0.025126 0.996830
0.967313 7.279177 0.448319 0.064663 0.073124 0.995224
1.011419 0.413404 0.327681 0.483976 0.835323 -0.260775
1.037067 0.737486 0.039618 0.303039 0.445139 -0.842626
1.037934 0.797397 0.786359 0.366043 -0.339470 0.866471
1.016854 2.094338 1.412090 -0.236516 0.209325 0.948811
1.019116 2.318921 1.171055 0.786732 0.583266 0.202124
1.048212 2.764730 0.596102 0.122440 0.524301 0.842684
1.009370 3.004380 1.602818 -0.318904 0.015542 0.947660
1.033805 3.075498 1.764715 -0.217330 0.087855 0.972136
1.003247 3.419579 0.246851 -0.016707 -0.068652 0.997501
1.011785 4.102829 0.536304 -0.076166 0.058879 0.995355
1.045552 4.292715 1.663357 0.262962 -0.435016 0.861169
1.009756 5.055090 1.932157 0.149988 0.006360 0.988667
1.019135 5.403446 1.920238 0.105620 0.244142 0.963970
1.008254 5.569418 0.909346 0.568158 0.199889 -0.798274
1.031113 6.127383 1.107466 0.557523 0.586021 -0.588003
1.009808 6.659457 1.437297 0.390090 0.695499 0.603416
1.022997 7.101877 0.456190 0.036599 -0.118541 0.992274
1.033782 7.637018 0.361825 -0.029291 -0.087423 -0.995741
1.023331 7.958496 0.338091 0.028004 0.051782 0.998266
1.092243 0.026706 0.290360 0.132187 0.991197 -0.007489
1.078627 0.040435 0.712178 -0.008498 -0.969597 0.244561
1.064271 1.075636 0.962649 0.972350 -0.233296 0.010389
1.095868 1.403369 0.790685 0.821088 -0.278342 0.498338
1.079120 1.572167 1.441277 0.361983 0.015314 0.932059
1.087222 1.952669 0.688747 0.035886 -0.506245 0.861643
1.065133 2.383511 1.028501 -0.461387 -0.803801 0.375533
1.093970 2.452092 1.035526 0.836429 0.510782 0.198718
1.062715 5.840368 1.688920 0.317658 0.107606 0.942080
1.059467 6.670129 0.464239 -0.003286 -0.019162 0.999811
1.055063 6.784472 0.942992 0.604238 0.772249 0.196286
1.055752 6.823443 1.384866 0.296477 0.793867 0.530920
1.094391 7.580274 0.311714 0.081920 0.085152 0.992995
1.095667 7.941279 0.383910 -0.042749 -0.064769 -0.996984
1.107597 0.430741 0.723970 0.320604 -0.377769 0.868622
1.133612 1.133927 0.880149 0.997728 -0.004806 -0.067204
1.126297 1.673502 0.807271 0.923944 0.070960 0.375888
1.116958 1.773833 0.615950 -0.092328 0.228592 0.969134
1.129284 2.695587 1.614277 -0.175471 -0.325745 0.929032
1.113739 2.828658 0.576623 0.096648 -0.338704 -0.935916
1.108053 2.925108 0.458163 -0.037758 -0.009794 0.999239
1.130167 2.920565 1.435340 -0.600970 0.386505 -0.699606
1.110972 3.272691 0.497302 -0.104665 -0.085928 0.990788
1.117994 3.917322 0.524269 -0.009154 -0.023876 0.999673
1.138096 4.272260 1.564434 0.001072 -0.049488 0.998774
1.137379 4.453909 1.848678 0.219837 -0.222830 0.949747
1.129274 5.146515 1.849446 0.286015 0.144746 0.947230
1.123479 5.273477 0.671163 -0.174029 -0.391831 0.903428
1.148759 5.492277 1.178982 -0.491687 -0.544032 0.679907
1.146183 5.624652 0.831885 -0.680082 -0.053426 0.731186
1.110132 5.630596 1.695430 0.896578 -0.015748 0.442607
1.140540 6.347362 0.413849 -0.021199 0.219193 0.975451
1.141942 6.460922 1.865363 0.209875 -0.024665 0.977417
1.115588 6.861268 0.300685 -0.012146 0.022411 0.999675
1.102832 7.113687 0.384651 -0.011107 -0.001732 0.999937
1.100030 7.376076 0.367893 0.044635 0.124406 0.991227
1.123223 7.585571 0.468103 0.075069 0.059167 0.995421
1.133553 7.921677 0.271873 -0.049636 -0.068679 -0.996403
1.104756 7.934661 0.462961 -0.042749 -0.064769 -0.996984
1.160202 0.097393 -0.024734 0.046788 0.881545 0.469775
1.189349 0.772977 1.211425 -0.637236 -0.098162 0.764392
1.178102 1.348435 1.641862 0.404073 -0.250151 0.879858
1.174211 1.411974 1.486049 -0.440828 0.290031 -0.849443
1.162356 2.300936 1.205858 0.267924 0.959532 -0.086686
1.174964 2.560732 1.512077 0.501248 0.567003 -0.653650
1.181937 3.572527 0.919487 0.219724 0.642744 0.733894
1.196805 4.534108 0.541540 -0.063098 -0.155396 0.985835
1.196375 4.799040 1.653479 0.336540 -0.216461 0.916453
1.193849 5.813555 0.350604 0.011657 0.345769 0.938247
1.185967 6.280146 0.274811 -0.068135 -0.047343 0.996552
1.178403 6.283591 0.382429 0.069434 0.129662 0.989124
1.163508 6.983855 0.445413 -0.009923 -0.044243 0.998972
1.167063 6.964302 0.473944 0.083895 0.046741 -0.995378
1.162970 7.021139 0.409217 -0.025178 -0.020635 0.999470
1.171322 7.752166 0.342787 0.035300 0.063022 0.997388
1.183171 7.884364 0.429027 0.042262 0.079347 0.995951
1.181574 7.997298 0.325085 0.059359 0.113084 0.991811
1.233107 1.200738 0.892677 0.971212 -0.236860 0.025382
1.228379 1.510231 1.657725 -0.367475 0.163720 -0.915510
1.237962 2.030227 0.985582 0.965847 0.152497 0.209485
1.210677 2.022103 1.492506 0.833363 0.231869 0.501740
1.211450 2.032264 1.805637 0.089529 -0.087633 0.992121
1.235680 2.223358 0.941720 -0.083353 0.976135 -0.200529
1.201742 2.274935 1.149818 0.197578 0.976076 0.090763
1.229676 2.275066 1.737976 0.196860 0.250706 -0.947836
1.213466 2.898316 1.577005 -0.046295 -0.082375 0.995526
1.226874 3.027179 0.574374 -0.057652 -0.072432 0.995706
1.241394 3.560686 0.465409 0.240095 0.137461 -0.960968
1.236512 3.769996 1.004446 -0.319714 -0.879832 -0.351681
1.238154 4.472109 0.970756 0.709708 -0.683373 0.171219
1.233847 4.569455 1.681501 0.258597 -0.325910 0.909346
1.227817 4.677871 1.604772 -0.381332 0.280513 -0.880851
1.242553 5.020608 1.687814 0.402044 0.156539 0.902140
1.223889 5.198065 0.267959 -0.190946 -0.216259 0.957482
1.212230 5.770999 1.476458 -0.424586 0.633392 -0.646947
1.233549 5.922935 1.813234 0.460224 0.045781 0.886621
1.224318 6.190496 0.379714 0.069434 0.129662 0.989124
1.206633 6.456510 1.578490 -0.437062 -0.511499 -0.739828
1.221778 6.639218 0.419923 -0.031389 -0.065827 0.997337
1.230933 7.790357 0.323008 -0.062231 -0.047617 -0.996925
1.237825 7.867352 0.370749 0.042262 0.079347 0.995951
1.250184 1.265010 0.834183 0.856239 -0.252305 0.450773
1.298791 1.485105 0.959492 0.943493 -0.325013 -0.064712
1.267689 1.559092 1.257346 -0.478509 0.309362 -0.821781
1.273530 1.961781 0.415203 0.279964 0.050438 0.958684
1.286219 2.143433 0.441720 0.563620 0.069107 0.823138
1.280376 2.340127 0.716314 0.849845 -0.015534 0.526803
1.297605 2.429010 0.751617 0.864849 0.167241 0.473357
1.284864 2.760251 0.411659 -0.022936 0.057958 0.998055
1.287718 2.876161 1.812501 0.005424 -0.208389 0.978031
1.293093 3.371237 0.468382 -0.092682 -0.120169 0.988418
1.285876 4.147960 0.685083 -0.029618 -0.097556 0.994789
1.268639 4.419426 1.650665 -0.229326 0.252513 -0.940025
1.280554 4.784969 1.805074 0.340078 -0.096413 0.935442
1.275029 4.988144 0.874311 -0.461712 -0.380466 0.801291
1.252959 5.337311 0.810797 0.186581 0.572856 -0.798138
1.273842 5.429800 0.983346 0.314930 0.476894 -0.820604
1.278596 5.561571 0.979622 0.406012 0.323958 -0.854520
1.288340 6.202157 0.415343 -0.096492 -0.097543 -0.990543
1.261664 6.508176 0.416584 -0.120589 -0.000033 0.992703
1.279440 6.587724 0.473153 -0.094552 -0.031822 0.995011
1.265325 6.945019 0.410095 -0.049858 0.012759 0.998675
1.269814 7.398500 0.366432 0.020339 0.140589 0.989859
1.285675 7.598871 0.340790 0.078933 0.071607 0.994305
1.265385 7.977702 0.282890 0.062096 0.109471 0.992048
1.318897 0.093182 0.646826 -0.479200 0.700162 -0.529283
1.325687 0.943672 1.492908 0.032232 -0.204428 0.978351
1.331286 2.164559 1.176610 -0.446203 0.120602 0.886768
1.325970 2.505965 0.926694 0.009914 0.845006 0.534665
1.304568 2.603808 1.830890 -0.094922 -0.248095 0.964074
1.319625 3.190522 0.808776 -0.491750 -0.296210 0.818805
1.333057 3.612544 0.504762 0.002544 -0.065341 0.997860
1.330910 3.835178 0.508959 -0.040871 -0.106432 0.993480
1.329489 4.071120 1.854964 0.059927 0.082286 0.994805
1.324281 4.463904 0.527311 -0.052770 -0.138797 0.988914
1.323331 5.923766 1.470875 0.159492 -0.518471 0.840089
1.318905 5.965009 1.542465 0.016381 -0.531075 0.847166
1.300767 6.573198 1.546099 -0.161846 -0.558355 -0.813662
1.348431 6.758610 0.379025 -0.056077 0.039843 0.997631
1.338926 6.896110 0.842350 -0.316674 0.906390 0.279597
1.318848 7.476204 0.380699 0.029772 0.111671 0.993299
1.351849 0.464516 1.156705 0.050938 -0.768198 0.638183
1.363679 0.813926 1.256799 -0.491876 -0.260895 0.830658
1.390067 1.050483 1.461798 -0.362329 0.019212 -0.931852
1.358103 1.139791 0.745569 -0.565839 0.583433 -0.582608
1.386874 1.294454 0.939882 0.936006 -0.282852 0.209491
1.375234 2.448240 0.991645 -0.176665 0.856775 0.484485
1.376389 2.972915 0.436030 -0.004575 -0.147045 0.989119
1.377862 3.212150 0.470851 -0.139821 -0.025673 0.989844
1.369176 4.066313 0.505433 0.082016 -0.032691 0.996095
1.374642 4.686808 0.609576 -0.381483 -0.115763 0.917099
1.374952 5.345752 0.941978 0.443404 0.695597 -0.565276
1.352722 6.014402 1.616760 0.121468 -0.398424 0.909123
1.377329 6.296366 1.735512 -0.381813 -0.152659 -0.911545
1.366906 6.413107 0.830972 0.945246 0.289375 0.150908
1.357098 6.596727 0.426824 0.087362 0.027571 -0.995795
1.389522 7.331327 0.470581 0.026582 0.122308 0.992136
1.427938 0.182211 0.016993 -0.132663 0.939562 0.315632
1.429066 0.831312 0.489485 0.445178 -0.325267 0.834277
1.438191 0.944830 1.312379 -0.089600 -0.267944 0.959259
1.407359 1.920927 1.231615 0.168225 0.239606 0.956185
1.416638 2.694089 0.445262 0.163537 0.057157 0.984880
1.426366 2.757460 0.524649 -0.054176 -0.205153 -0.977229
1.443823 3.007320 0.469693 -0.077869 -0.145003 0.986362
1.427499 3.251303 1.187726 -0.329662 0.924760 -0.190112
1.445089 3.275433 1.447096 -0.592096 0.778594 -0.207878
1.422184 3.640643 0.594334 0.100403 0.042896 0.994022
1.419093 4.606111 0.872075 0.945781 -0.083577 -0.313870
1.422508 4.928578 0.730591 0.440641 0.355561 -0.824265
1.420460 5.987871 1.343454 -0.172019 0.757946 0.629227
1.414328 6.052540 1.121075 0.717927 0.004542 -0.696104
1.403374 6.189848 0.782905 0.132586 -0.928170 -0.347736
1.436660 6.213157 0.410449 0.010045 -0.086297 0.996219
1.438107 6.707714 1.175955 -0.196640 0.966962 0.162228
1.439228 6.991219 0.414962 -0.012600 0.044150 0.998945
1.446082 6.984287 0.467427 -0.067226 0.460127 0.885305
1.436038 7.116609 0.435677 0.062907 0.093298 0.993649
1.434907 7.370512 0.793100 0.390258 0.184467 0.902037
1.438480 7.454038 0.373442 0.085539 0.156402 0.983982
1.421929 7.809294 0.281230 0.050055 0.016891 0.998604
1.467169 0.145678 0.006183 -0.132663 0.939562 0.315632
1.468577 0.144155 0.524321 0.427018 -0.718421 0.549115
1.497982 0.454444 0.037944 0.033689 -0.222036 0.974456
1.463693 0.647762 0.709589 -0.579742 0.099369 -0.808718
1.453804 1.555712 1.198273 0.834319 -0.326861 0.443929
1.488783 2.595522 0.397258 0.183976 0.093262 0.978496
1.472002 2.554470 0.448829 0.112533 0.068789 0.991264
1.459474 2.819796 0.412264 0.074662 0.043049 0.996279
1.495002 3.467926 0.473285 -0.097819 -0.068296 0.992858
1.464183 3.651929 1.857577 0.148263 0.004787 0.988936
1.463715 4.535967 0.555046 -0.042394 0.212689 -0.976200
1.489734 4.951041 0.938380 0.661414 0.330497 -0.673278
1.491342 5.049731 0.642943 -0.132596 -0.283166 0.949861
1.455416 5.337398 1.030916 -0.571374 -0.472284 0.671178
1.483836 5.394781 0.883143 0.011374 -0.091460 0.995744
1.489441 6.398486 1.001003 0.972430 0.180519 -0.147625
1.469337 6.806827 0.447732 -0.094475 0.162321 0.982205
1.470216 7.157043 0.473795 0.115920 0.042368 0.992355
1.497149 7.764834 0.325724 0.069064 0.005382 0.997598
1.492351 7.845616 0.445395 -0.054653 -0.191385 0.979992
1.502377 0.040242 0.521591 -0.438475 0.817129 -0.374220
1.522031 0.057902 0.004632 -0.082822 0.982839 0.164828
1.509576 0.196335 0.741090 0.225304 -0.936362 0.269191
1.512435 0.505610 0.547428 -0.635885 0.257379 -0.727603
1.528711 1.389057 0.405849 -0.542355 0.104943 -0.833569
1.521428 1.962611 0.437902 0.266750 0.147765 0.952371
1.516298 2.086079 1.391504 -0.136110 0.172524 0.975556
1.520665 2.257925 0.540943 0.421491 0.137166 0.896399
1.537914 3.171172 0.754529 0.632614 0.266920 -0.727017
1.535307 3.263727 1.041027 0.500546 0.818637 -0.281579
1.533638 3.612422 1.742417 -0.022036 -0.017425 0.999605
1.537970 3.772145 0.708386 0.336150 0.304609 0.891188
1.533202 4.376811 1.244996 0.648492 -0.758849 -0.060049
1.528540 5.717666 1.346471 -0.026410 -0.547830 0.836173
1.520415 5.999091 1.479169 -0.178130 0.313796 -0.932632
1.502263 6.866748 0.440294 -0.114025 0.268717 0.956446
1.540799 7.027052 0.425814 0.012106 0.608724 0.793290
1.508354 7.011370 0.480199 0.013397 0.774876 0.631971
1.530297 7.165041 0.332951 0.102570 0.191800 0.976059
1.535140 7.609757 0.362103 0.036769 0.037783 0.998609
1.515737 7.667803 1.048395 0.628323 -0.378870 -0.679462
1.517128 7.947846 0.291761 0.010563 -0.038218 0.999214
1.587247 0.805393 0.670384 0.728465 0.147870 0.668934
1.581536 1.784434 0.567854 -0.027827 0.496254 0.867731
1.576464 2.648971 1.167186 -0.418572 -0.283096 0.862933
1.564555 3.392742 1.845082 0.213960 -0.058841 0.975069
1.592204 4.771523 1.615669 -0.420624 -0.004097 -0.907226
1.568557 6.228042 1.310787 -0.452537 -0.455495 -0.766639
1.569037 6.321099 0.334246 0.098488 -0.010779 0.995080
1.593971 7.460691 0.206594 0.078748 0.071955 0.994294
1.597292 7.656310 0.397370 0.023214 0.025279 0.999411
1.558071 7.813875 0.393401 -0.012045 -0.008540 0.999891
1.573324 7.990815 0.387899 -0.099089 -0.303992 0.947507
1.647929 0.458127 0.503168 0.845168 -0.310419 0.435121
1.604974 1.689125 1.177668 -0.313936 0.647091 -0.694779
1.643837 3.111393 0.427980 -0.059860 -0.214315 0.974929
1.646968 3.180849 0.542797 -0.253214 -0.258402 0.932261
1.627053 3.233473 1.910280 0.371206 -0.113064 0.921641
1.631577 3.387565 0.511999 -0.236630 0.054844 0.970051
1.637626 3.356797 1.159683 0.759540 0.640215 -0.114993
1.638632 3.620950 1.663966 -0.494021 0.187111 -0.849078
1.640068 3.722371 0.586394 -0.281777 -0.117669 -0.952237
1.602213 4.790716 1.564241 -0.434062 -0.211100 -0.875801
1.643064 5.837049 1.129853 0.342207 -0.689180 0.638690
1.629901 6.380901 0.410244 0.043790 0.034008 0.998462
1.613667 6.447925 0.441656 0.124770 -0.220860 0.967292
1.611964 7.052198 0.450031 0.058707 0.453677 0.889230
1.634994 7.647367 0.351927 -0.019283 0.039088 0.999050
1.641598 7.888269 0.333527 -0.047978 -0.019304 0.998662
1.630201 7.873057 0.905072 -0.002092 0.949449 0.313914
1.693484 0.943121 0.327400 0.322043 -0.485006 0.813054
1.675530 1.029968 0.419336 -0.541639 0.301952 -0.784508
1.685337 1.391627 1.236886 -0.307345 0.818256 0.485794
1.669351 1.815110 1.418219 -0.235426 0.264370 -0.935245
1.697933 2.104161 1.103226 -0.007418 0.011247 0.999909
1.683425 3.633882 0.816845 -0.214717 -0.632622 -0.744101
1.687874 3.795630 1.543235 0.328266 0.224646 -0.917483
1.681754 4.016723 0.565750 0.043619 -0.023412 0.998774
1.650657 4.520907 0.571188 0.162402 -0.283731 0.945051
1.651094 4.899375 1.435015 0.208674 0.517322 0.829960
1.666302 4.927318 0.573791 -0.055216 -0.379305 0.923623
1.669653 5.644295 0.399922 0.015843 -0.375653 -0.926625
1.674961 5.971304 1.186829 -0.205329 -0.926905 -0.314145
1.652159 6.175393 0.263248 0.054426 -0.111748 -0.992245
1.681042 6.220474 0.412888 0.017233 0.230288 0.972970
1.675276 6.609922 1.533354 0.299426 -0.222205 0.927884
1.651739 6.837470 0.769724 0.281832 0.587994 0.758178
1.688025 6.873293 0.449633 0.191171 0.327519 0.925303
1.682961 7.000049 0.431275 0.101088 0.409871 0.906525
1.681294 7.203215 0.385855 0.082988 0.103054 0.991208
1.725909 0.543774 0.337406 0.842439 -0.285864 0.456705
1.714348 0.965945 0.286582 0.622346 -0.251777 0.741144
1.721769 1.532179 0.703397 -0.497757 0.835522 -0.232682
1.740388 2.222528 0.430135 -0.095341 0.067423 0.993159
1.730243 2.332366 1.435891 -0.052280 -0.405548 0.912578
1.738020 2.904035 0.951911 0.945629 -0.324651 -0.019692
1.718253 3.229984 0.853775 0.872467 0.317679 -0.371323
1.749727 3.467645 0.532994 -0.164529 0.075696 0.983463
1.716612 3.718038 0.477803 0.011418 0.048532 0.998756
1.726270 3.703689 1.426724 0.985864 0.079196 -0.147651
1.712209 4.265343 1.352406 0.458371 0.389321 0.798953
1.741431 4.455935 0.538666 0.082137 -0.134813 0.987461
1.710309 4.687377 1.207368 -0.646613 0.599599 0.471564
1.709923 6.873090 0.694926 0.270667 0.292183 0.917261
1.706490 6.960893 0.448002 0.191171 0.327519 0.925303
1.711613 6.991756 1.637923 -0.510659 0.797541 0.321180
1.704382 7.032336 0.210612 -0.118699 -0.148952 -0.981694
1.725071 7.575549 0.396974 -0.045562 0.042087 0.998075
1.745235 7.781269 0.290342 -0.028342 0.040738 0.998768
1.716520 7.809240 0.314016 -0.020602 0.017645 0.999632
1.779712 0.081676 0.685717 0.154302 -0.976656 0.149443
1.772918 0.288789 0.010339 -0.370765 0.328412 -0.868722
1.786530 0.600728 1.391526 0.138407 0.546985 -0.825621
1.767286 1.018169 0.560591 0.500371 -0.308423 0.809014
1.751851 1.507455 1.118697 -0.366812 0.648940 0.666578
1.764903 2.511225 1.447296 0.048933 -0.428501 0.902215
1.762005 3.169834 1.715422 0.636007 -0.200758 0.745111
1.799818 3.234948 0.717747 0.576976 0.811869 0.089261
1.762123 3.264138 0.454550 -0.060346 -0.161027 0.985103
1.755899 3.665595 1.734405 0.322404 -0.205992 0.923917
1.759587 3.733129 0.635663 0.008454 0.194541 0.980858
1.763041 4.373196 1.748302 0.319478 0.131321 0.938450
1.793565 4.427673 0.568957 0.074444 -0.106334 0.991540
1.759379 4.481615 1.747995 -0.283661 -0.202208 -0.937362
1.771473 4.896559 1.179001 0.275653 -0.945632 -0.172613
1.761551 6.893825 0.782390 0.228917 0.852409 0.470102
1.799446 7.134625 0.407318 -0.019630 0.250470 0.967925
1.752940 7.462463 0.297545 -0.002279 0.033189 0.999447
1.817738 0.335552 0.026514 -0.391094 0.199254 -0.898523
1.803693 0.580940 0.263752 0.445688 -0.498483 0.743557
1.841673 0.902626 0.061027 0.313831 -0.451157 0.835444
1.835295 2.042649 0.381149 -0.136236 0.100243 0.985592
1.821022 2.071973 1.766975 -0.012646 -0.454604 0.890604
1.802204 2.635250 0.725770 -0.007567 0.528528 0.848882
1.800754 2.700439 1.578647 0.378482 -0.041627 0.924672
1.826045 3.017911 0.672978 -0.056339 -0.563095 0.824470
1.824955 3.224133 0.504786 -0.103697 -0.165016 0.980825
1.809035 4.520787 0.546891 0.010114 -0.146900 0.989100
1.832421 4.664572 0.762838 -0.277168 -0.773886 0.569454
1.812534 4.860643 0.552429 -0.153208 0.311538 -0.937801
1.815309 4.950560 1.031663 -0.034977 0.898966 0.436620
1.838915 5.197937 1.332090 0.644348 -0.174733 -0.744503
1.805530 5.285554 1.543390 -0.372808 0.006646 0.927885
1.807981 5.361279 0.610458 0.145440 0.072330 0.986720
1.845298 6.061741 1.404321 0.086251 0.320996 0.943145
1.821907 6.655927 1.276209 -0.518052 -0.236350 0.822047
1.811857 6.937368 0.352641 0.108085 0.067027 0.991880
1.804271 7.042817 0.391970 0.065805 0.333004 0.940626
1.865008 0.290944 -0.035112 0.307625 -0.123125 0.943508
1.879780 0.442085 0.019991 -0.176449 0.272267 -0.945905
1.870163 0.501303 0.022716 -0.257181 0.308546 -0.915782
1.870607 0.533483 1.288467 0.215491 0.779120 -0.588673
1.880659 0.807702 1.267306 0.202335 0.394455 -0.896363
1.856712 1.550663 1.098081 -0.305499 0.579770 0.755339
1.896387 1.662460 0.370859 0.247455 0.147662 -0.957581
1.866205 2.407258 1.468028 -0.246153 0.307813 -0.919054
1.877613 2.484505 1.090059 -0.492170 0.495408 -0.715779
1.876165 2.714006 1.646216 0.391412 -0.012976 0.920124
1.898517 3.604739 0.527578 0.063458 0.225698 0.972128
1.892869 4.521777 1.402674 -0.138592 0.757658 0.637767
1.893138 4.806242 0.553285 0.158948 -0.212472 0.964153
1.855570 5.286919 0.941935 0.209060 -0.976413 -0.053965
1.873707 5.937633 0.421058 -0.116170 0.300037 0.946827
1.886927 6.188521 1.171290 -0.637629 0.056069 -0.768301
1.897231 6.689015 0.366833 0.044134 0.036233 0.998368
1.859222 7.412057 0.292479 -0.060166 0.023213 0.997918
1.895157 7.442726 1.314741 -0.688876 0.490131 0.534061
1.924608 0.035738 -0.019614 -0.402250 0.792208 -0.458914
1.944542 2.125431 1.233693 0.239942 -0.291082 0.926120
1.924539 2.263444 0.464793 -0.130133 0.132647 0.982583
1.925625 2.689119 0.441498 0.150693 0.000949 -0.988580
1.923333 2.782677 0.421620 0.168136 -0.023088 -0.985493
1.923627 3.262436 0.959558 -0.361108 -0.883066 -0.299659
1.944007 3.374834 1.204988 0.229751 -0.812815 0.535301
1.930771 3.472597 1.442951 -0.449072 0.805554 -0.386545
1.938691 3.973419 0.251874 0.065906 -0.066334 0.995619
1.934948 4.996072 1.265691 -0.425315 0.813552 0.396536
1.935068 5.743440 1.570354 0.088686 0.265059 0.960145
1.918443 5.837039 0.616518 0.426424 0.468972 0.773452
1.918769 5.836407 1.368855 0.228811 0.596181 0.769554
1.909083 6.439605 0.374123 -0.042257 0.022157 0.998861
1.920862 6.577496 0.386550 0.058633 -0.045954 0.997221
1.930576 6.865357 0.422694 0.155316 0.112420 0.981447
1.927669 7.012479 0.388598 0.066769 0.017696 0.997611
1.907284 7.508214 0.469876 -0.019107 0.077944 0.996775
1.935591 7.555042 0.340210 -0.014921 0.034725 0.999286
1.961559 0.694302 0.026232 0.218972 -0.470722 0.854677
1.958854 0.728405 0.676883 -0.216915 0.878496 0.425667
1.994276 1.603066 0.769743 0.469452 -0.882101 0.038895
1.962587 2.311906 0.714544 -0.380260 0.399639 0.834081
1.983024 2.881550 1.367355 0.641872 0.409420 0.648364
1.962926 2.901905 0.453332 -0.039444 -0.327053 0.944183
1.989700 3.518823 1.718663 0.564057 -0.065428 0.823140
1.975629 4.436907 1.599197 0.073618 0.236663 0.968799
1.952052 4.783998 1.127672 0.563852 -0.823755 -0.059151
1.993931 4.863214 1.712048 0.182415 0.179734 0.966654
1.969791 5.762579 0.726651 0.996842 0.046594 0.064305
1.986714 6.226152 0.749598 0.874296 0.023153 -0.484841
1.997513 6.427700 0.372478 -0.013144 0.018431 0.999744
1.983007 6.640855 0.314668 0.015146 0.038687 0.999137
1.960316 6.797786 1.553824 -0.154855 -0.108788 0.981929
1.970424 6.974616 0.402684 -0.001549 -0.000564 0.999999
1.989582 7.058217 1.380668 0.813663 -0.311776 -0.490661
1.950250 7.801630 0.361191 -0.008110 0.039227 0.999197
2.040428 0.477600 1.318444 0.132201 0.748409 -0.649928
2.002274 0.917181 0.061590 -0.257513 0.503231 -0.824891
2.015701 1.151095 0.308408 -0.257203 0.351592 -0.900128
2.008855 1.938939 0.552197 -0.108570 0.755399 0.646208
2.006936 1.965273 1.011022 0.903947 0.414126 0.106673
2.036321 2.399069 1.391889 -0.599465 0.202899 -0.774257
2.047748 2.558953 0.443785 -0.032298 0.060467 0.997648
2.008373 2.820510 1.597266 0.711092 0.185086 0.678300
2.029713 3.609542 0.464359 -0.070013 -0.079725 -0.994355
2.049647 3.698970 1.610914 -0.598374 0.151537 -0.786756
2.014018 3.837351 0.502313 0.061658 -0.058736 0.996368
2.021216 4.206212 0.538285 -0.038956 -0.085874 0.995544
2.013644 4.434754 0.535724 0.004032 -0.186588 0.982430
2.049100 5.464501 1.499243 -0.368049 -0.151611 0.917363
2.013962 5.938294 0.640429 -0.610534 0.423620 0.669174
2.009902 5.942677 1.543647 -0.036749 0.246847 0.968358
2.008905 6.107302 0.292773 -0.055624 0.280523 0.958234
2.046256 6.571647 0.442025 0.001103 0.118726 0.992926
2.042580 6.562740 1.152692 0.699527 -0.438940 -0.563910
2.020302 7.057009 0.335365 -0.027991 0.035733 0.998969
2.003646 7.837925 0.378093 0.006922 0.023213 0.999707
2.076222 0.437548 0.397623 -0.045965 0.997667 0.050473
2.081888 1.835242 0.346853 0.194191 0.093089 -0.976537
2.088104 2.901230 0.414583 0.038911 -0.018607 0.999069
2.079569 3.166955 0.765698 0.607626 0.759697 -0.231629
2.051637 3.188069 0.939189 -0.297644 -0.948300 0.110162
2.072701 4.181394 0.531783 -0.015930 -0.139908 0.990036
2.078249 4.493498 0.562512 0.032617 0.020822 0.999251
2.058008 4.595110 1.125691 -0.593443 0.773496 -0.222550
2.053079 5.841951 0.694014 0.954135 -0.034703 0.297360
2.065458 6.029071 0.419135 -0.124954 0.334938 0.933918
2.087702 6.691472 0.468948 -0.023341 -0.015287 0.999611
2.078680 7.209020 1.207972 0.894094 -0.436884 -0.098633
2.060796 7.400488 0.430276 -0.016958 0.057815 0.998183
2.074819 7.639840 0.433855 -0.039003 0.058346 0.997534
2.057484 7.786216 0.876749 -0.088357 -0.942920 -0.321082
2.072079 7.986435 0.428760 -0.011598 0.133627 0.990964
2.122396 0.390525 1.006455 0.214027 -0.976570 0.022441
2.136449 0.558016 1.536010 0.057483 -0.403862 0.913012
2.104301 0.669139 0.013535 0.101181 -0.405744 0.908369
2.131707 1.805237 0.723546 -0.363041 0.785261 0.501564
2.103647 1.829861 1.024863 0.867222 0.481704 -0.126041
2.118247 1.988581 1.007187 -0.530961 -0.236722 -0.813661
2.130721 2.669623 0.556490 0.209987 0.041543 0.976821
2.123100 3.272009 1.183139 -0.231979 -0.768209 0.596691
2.121389 4.198420 1.671217 -0.386877 0.001350 -0.922130
2.127442 4.346343 0.704652 -0.017918 -0.199860 0.979661
2.126423 4.746103 0.319780 0.027274 -0.114223 0.993081
2.136819 5.132787 1.436256 -0.467972 0.321253 -0.823285
2.117744 5.310634 0.790508 -0.244575 0.331225 0.911303
2.117891 5.729195 1.544445 0.106710 0.174081 0.978933
2.133139 6.196775 0.961180 0.938186 -0.338242 0.073486
2.140952 6.222685 0.428243 -0.040824 0.315473 0.948056
2.116973 6.609993 0.429284 -0.040545 0.016922 0.999034
2.139517 6.613482 1.685641 -0.189087 -0.109383 0.975849
2.123416 7.036471 1.738271 0.031480 0.315486 0.948408
2.143600 7.154401 0.491183 -0.025981 0.021379 0.999434
2.143243 7.228763 0.414118 -0.012917 0.031468 0.999421
2.140004 7.256271 0.327937 0.008106 0.051740 0.998628
2.105162 7.253920 1.371810 0.958452 -0.260194 -0.116912
2.123813 7.449271 0.383497 -0.043781 0.058338 0.997336
2.137334 7.539393 1.041426 0.316612 0.948267 0.023385
2.142734 7.968865 0.326065 0.007665 0.102642 0.994689
2.190245 0.666324 0.036402 0.138936 -0.394006 0.908546
2.161301 0.723832 1.704029 0.012204 -0.205115 0.978662
2.177090 0.877776 1.125334 0.957465 -0.048032 -0.284522
2.186160 1.255361 1.442005 -0.107148 0.203286 0.973239
2.193815 1.351838 0.702889 0.648167 0.263025 -0.714631
2.198999 1.406671 1.291953 -0.092509 0.196295 0.976171
2.162791 1.558991 1.555655 0.127474 0.209959 0.969364
2.199668 1.893290 1.099154 -0.467252 0.164689 0.868650
2.181255 1.955091 1.525605 0.196523 0.559965 -0.804872
2.189819 2.239429 0.881173 0.965688 -0.049939 0.254858
2.174745 3.752984 1.141266 0.858456 -0.289546 0.423339
2.178328 4.421940 0.645702 -0.102966 -0.290930 0.951188
2.178772 5.301346 0.601215 -0.521228 -0.123786 0.844392
2.190210 5.437837 0.843909 0.967656 0.134302 0.213551
2.185083 5.513357 0.594622 0.789019 0.346290 0.507476
2.154281 5.693517 1.271000 0.987253 0.156269 0.030203
2.180010 6.432800 0.442228 0.064497 0.012915 0.997834
2.184710 6.436357 0.978454 0.336814 0.932494 0.130428
2.178307 6.696571 0.340405 -0.055264 0.001915 0.998470
2.151679 6.709328 1.038112 0.984558 0.103756 -0.140998
2.191261 7.999997 0.253932 0.000800 0.093527 0.995616
2.171326 7.958682 0.306272 0.028840 0.090841 0.995448
2.236577 0.025324 -0.038494 -0.003176 -0.116083 0.993234
2.201407 0.196898 1.058351 0.146811 -0.926330 0.346927
2.209990 0.682111 0.023289 0.103815 -0.409759 0.906267
2.207949 1.632873 1.123441 -0.106277 0.301876 0.947405
2.216225 1.651682 1.521595 0.091905 0.213337 0.972646
2.210248 1.728385 1.383068 0.181158 0.256176 0.949503
2.230366 1.888675 1.355052 -0.293350 -0.013127 -0.955915
2.209081 1.913525 1.146942 0.068526 -0.160368 0.984676
2.219690 4.994693 0.874101 0.990907 -0.032614 0.130538
2.245216 5.592040 1.400745 0.948136 0.160374 0.274441
2.204904 5.685168 1.646665 0.212471 0.158414 0.964241
2.226897 6.532314 1.380779 0.324334 -0.277646 0.904279
2.209201 6.891401 0.365204 -0.083769 0.021626 0.996251
2.237253 6.862971 0.472359 -0.078712 0.019967 0.996697
2.206676 6.914323 0.342232 0.090311 -0.030023 -0.995461
2.234840 6.934814 0.476562 -0.078712 0.019967 0.996697
2.218929 7.278007 1.194638 0.859372 -0.450677 0.241597
2.206196 7.344527 1.751326 0.066042 0.435833 0.897601
2.202123 7.645947 1.133156 0.311832 0.899297 0.306637
2.249625 7.612901 1.507243 -0.379526 -0.589296 -0.713226
2.244068 7.825926 0.345020 -0.010583 0.090263 0.995862
2.288944 0.349910 0.004121 0.058063 0.074427 0.995535
2.267865 0.462187 0.017474 -0.054033 -0.452730 0.890009
2.297926 1.244541 1.336212 0.001150 0.297909 0.954594
2.260617 2.262415 1.289611 0.919692 -0.099997 -0.379693
2.262836 2.830988 0.413611 0.133362 0.036800 0.990384
2.269379 2.819351 1.076337 0.812997 0.158478 0.560286
2.285681 3.104825 0.585353 0.153835 -0.125335 0.980115
2.251234 3.193528 0.428106 0.099238 -0.015838 0.994938
2.267423 3.405281 0.470869 0.067490 -0.124195 0.989960
2.289599 4.208519 0.510985 -0.085443 -0.184469 0.979117
2.257454 4.347269 1.266551 0.648981 -0.407127 0.642707
2.281385 4.417894 0.553120 -0.060009 -0.067660 0.995902
2.273553 4.700276 1.558904 0.290087 0.379264 0.878640
2.279419 5.019938 1.466655 0.256136 -0.103443 0.961090
2.253794 5.184666 0.683918 -0.309867 0.256972 -0.915395
2.260810 5.376142 1.521604 0.878615 -0.246770 0.408829
2.265647 5.792212 0.840546 0.965835 -0.239988 -0.097817
2.291539 5.815874 1.666070 0.143689 0.012848 0.989539
2.279902 5.868753 0.759396 0.920688 -0.374724 -0.109161
2.293582 6.145493 1.432952 0.303331 0.043195 0.951906
2.261654 6.162314 1.107961 -0.730499 0.601071 -0.324168
2.287098 6.683273 0.454964 -0.032490 -0.026804 0.999113
2.281267 6.851178 0.353638 -0.046700 -0.026566 0.998556
2.256729 6.967449 0.307985 -0.083374 0.016522 0.996381
2.275510 7.519907 0.337126 -0.020346 0.094588 0.995309
2.268956 7.618399 0.272796 -0.012371 0.089549 0.995906
2.267885 7.624836 0.328321 -0.012371 0.089549 0.995906
2.327739 0.447613 0.009765 -0.050967 -0.197688 0.978939
2.346063 0.622706 0.042245 0.092740 0.428336 -0.898848
2.329197 0.888050 0.507945 -0.410107 -0.857447 0.310799
2.326598 2.660526 0.818659 -0.320353 -0.294135 -0.900477
2.331973 2.776552 0.829271 0.006576 0.429594 0.902998
2.313033 3.691346 0.463518 0.000034 0.074138 0.997248
2.315324 4.217472 0.533435 0.084929 0.257698 -0.962486
2.322205 4.547633 0.563717 0.085811 0.135632 -0.987036
2.327162 4.553138 0.552546 0.085811 0.135632 -0.987036
2.306481 5.340695 0.778902 0.804618 0.353041 0.477443
2.330419 6.816717 0.366314 0.043339 0.002252 -0.999058
2.309267 6.915125 0.432527 -0.045954 0.005972 0.998926
2.321368 7.157045 0.419704 -0.086118 0.014742 0.996176
2.348301 7.375607 0.378498 0.004381 0.049504 0.998764
2.310084 7.597538 1.101319 0.096756 0.977914 0.185266
2.312115 7.938408 0.453334 0.054264 0.076267 0.995610
2.362684 0.253504 0.582770 -0.051917 -0.996597 0.064027
2.370423 0.336442 0.934184 0.248257 -0.956046 0.156026
2.380429 0.736896 1.162052 0.939696 -0.317274 0.127705
2.391193 1.973099 0.992722 0.598209 0.801323 -0.005357
2.392375 2.655997 1.107671 0.787574 -0.202786 0.581898
2.369490 3.154135 0.454016 0.030999 -0.037811 0.998804
2.365323 3.763178 0.959941 0.360463 0.377224 0.853094
2.380644 4.908898 0.229578 0.132298 -0.047658 0.990064
2.398171 4.920178 0.876539 -0.138144 -0.561736 0.815702
2.383753 5.071370 1.179706 0.874636 0.330688 0.354481
2.388231 6.902596 0.464126 -0.011092 -0.019105 0.999756
2.364624 6.983041 0.408045 -0.030407 0.005269 0.999524
2.376141 7.162167 1.131154 0.957722 -0.057381 0.281913
2.360329 7.862740 0.362706 -0.021253 0.055306 0.998243
2.426074 0.327063 -0.005184 0.081583 0.619021 -0.781126
2.439100 0.321837 1.510862 0.638417 -0.637194 0.431749
2.423357 0.807099 1.693713 0.047284 -0.068404 0.996537
2.446881 1.068585 1.150156 0.939584 -0.072227 0.334611
2.438668 1.144030 0.283909 0.094506 0.365474 -0.926011
2.405842 1.809199 0.387216 -0.062789 0.324381 0.943840
2.435479 2.391749 1.417562 0.887429 0.447437 0.110773
2.408358 2.916172 0.850506 0.142529 0.831084 -0.537573
2.417727 3.904698 0.484654 -0.036704 -0.096404 0.994665
2.419345 4.696082 0.577773 0.182766 0.083666 -0.979590
2.430403 4.956759 0.898677 0.341167 -0.166729 0.925098
2.403825 6.117970 0.331812 -0.090064 -0.284985 -0.954292
2.416597 6.328493 0.353540 -0.078514 -0.051663 0.995573
2.446429 7.078716 1.848357 0.207048 0.234590 0.949789
2.447904 7.361629 0.930407 0.776272 0.585062 0.234745
2.430049 7.532281 0.448141 0.025268 0.037142 0.998990
2.434936 7.870482 0.288509 -0.003711 0.074400 0.997222
2.465731 0.255178 -0.031538 -0.034816 -0.148124 0.988356
2.496785 0.524280 0.024677 -0.145054 -0.478652 0.865940
2.491854 1.629948 1.031677 0.277357 0.576700 0.768433
2.467041 2.288704 0.371490 -0.123056 -0.096740 -0.987673
2.458261 2.289040 1.759144 0.461210 0.134902 0.876976
2.488723 3.259723 0.831774 -0.085170 -0.973908 0.210356
2.493918 3.412406 1.367474 0.641686 0.008343 0.766922
2.486601 3.573488 0.517518 0.045481 0.037137 0.998275
2.487208 4.607810 1.579141 0.596302 0.264303 0.758002
2.496516 6.222897 0.407149 -0.061314 0.129174 0.989725
2.473585 6.751242 0.968639 0.999196 -0.038448 0.011399
2.473585 7.047922 0.399553 0.057513 0.067643 0.996051
2.462834 7.354355 0.360066 0.020871 0.062855 0.997804
2.477236 7.490669 0.381550 -0.021088 0.081407 0.996458
2.477773 7.649282 1.034333 -0.602210 -0.733049 -0.316199
2.461940 7.803502 0.392512 -0.027060 0.064070 0.997578
2.468208 7.882976 0.390343 -0.012766 0.064633 0.997827
2.516005 0.477924 0.693097 0.986887 -0.013652 0.160832
2.544041 0.476297 1.130563 0.733115 -0.546091 0.405373
2.541057 1.246477 1.475806 -0.465229 -0.150076 -0.872375
2.546876 1.657270 1.085578 0.506376 0.598865 0.620439
2.507229 2.145006 0.363330 0.121997 0.039085 0.991761
2.528173 2.134992 0.617855 0.215244 0.362817 0.906661
2.526731 2.549070 0.519121 0.387969 0.222181 0.894492
2.537221 2.658872 0.484542 0.124567 -0.027016 0.991843
2.504977 2.930172 0.200396 0.032327 -0.078076 0.996423
2.544485 2.962502 0.416090 -0.128024 0.050438 -0.990488
2.533723 3.500205 1.015369 0.211105 0.675327 0.706660
2.515595 4.200837 0.523014 -0.116650 -0.251470 0.960810
2.536054 4.251867 0.851928 -0.365629 -0.256487 0.894724
2.513969 4.406677 0.530066 -0.165617 -0.063832 0.984122
2.529326 4.518253 1.681001 -0.642286 -0.046819 -0.765034
2.508722 5.270601 1.179105 0.889585 -0.116319 0.441710
2.515478 5.330194 0.342858 0.248004 0.001277 0.968758
2.535870 6.170563 0.363649 -0.121898 0.201717 0.971829
2.531347 6.385643 0.900274 -0.548613 0.825065 -0.135248
2.537541 6.522602 1.458752 0.545993 -0.411389 0.729829
2.535929 6.591969 1.785900 -0.581280 0.136021 -0.802254
2.527673 6.857048 1.484027 0.785086 -0.033735 0.618468
2.503292 7.344660 0.429466 -0.030521 0.161206 0.986449
2.512668 7.375125 0.346888 0.028654 -0.055524 -0.998046
2.539671 7.441679 0.483587 -0.003927 0.135126 0.990821
2.537311 7.552037 1.613168 0.525908 0.512831 0.678546
2.596343 0.808252 1.317191 0.889152 -0.318248 0.328827
2.588489 1.290938 1.443551 0.586390 0.237511 0.774426
2.561343 1.565210 0.869110 -0.513713 -0.608563 -0.604772
2.566308 2.193955 1.841640 0.139170 -0.285904 0.948099
2.576069 2.375179 0.680464 0.498285 0.171488 0.849884
2.579318 2.889779 0.445638 0.181849 0.011938 0.983254
2.585866 3.985971 0.571855 -0.044242 -0.162574 0.985704
2.594457 4.683809 0.596037 0.325473 0.102586 -0.939970
2.556585 5.638020 1.445830 0.873072 -0.204110 0.442815
2.589419 5.995759 0.807203 -0.514108 0.528299 -0.675717
2.558669 6.573131 0.389985 -0.053754 -0.038676 0.997805
2.557538 6.668312 0.391563 -0.076806 0.042791 0.996127
2.595285 6.878656 0.462629 0.002642 0.012424 0.999919
2.574238 7.287541 0.837412 0.968981 0.125917 0.212652
2.556999 7.472986 0.402684 -0.003182 0.028782 0.999581
2.601041 0.914343 0.595478 0.927940 -0.366555 -0.067559
2.639613 2.191666 0.965627 0.786202 0.313408 0.532599
2.647724 3.027449 0.468967 -0.073686 -0.133159 0.988352
2.614413 3.727286 0.473662 0.084290 0.123575 0.988749
2.632473 4.404318 0.513716 -0.100630 -0.333177 0.937479
2.632922 6.144320 1.022887 0.840510 -0.492058 0.226763
2.630657 6.453584 0.395926 -0.074408 0.072729 0.994572
2.601670 6.820369 0.452539 -0.045836 0.124490 0.991162
2.622007 7.022391 0.436932 -0.000291 0.077684 0.996978
2.608868 7.191438 0.441201 0.043697 0.057059 0.997414
2.638831 7.559395 0.404801 0.021283 0.021232 0.999548
2.669898 1.559590 1.177932 0.708149 0.411748 0.573575
2.656961 2.001024 0.395296 0.119921 0.341493 0.932203
2.695416 2.315695 1.675610 0.539692 0.020771 0.841606
2.694986 2.414130 0.369019 0.141623 0.103388 0.984507
2.696415 3.507867 0.720085 -0.233525 -0.130038 -0.963616
2.689906 3.918424 0.245197 0.010637 -0.012815 0.999861
2.651454 4.160248 0.504752 -0.123798 -0.210414 0.969742
2.670098 4.577779 0.782627 -0.020444 -0.549441 0.835282
2.652978 5.124124 0.256799 -0.109379 -0.067956 -0.991674
2.654684 5.776224 0.284765 0.116740 0.175542 0.977526
2.685973 6.157209 1.159879 0.908523 -0.346264 0.233853
2.667204 6.646783 1.558132 0.751207 -0.096500 0.652974
2.669092 6.723851 0.398548 0.037749 -0.062851 -0.997309
2.655353 6.767296 1.619898 0.820181 0.025837 0.571521
2.694357 7.161020 0.441815 0.032479 0.071321 0.996924
2.696876 7.170230 1.028316 0.843242 0.393599 0.366090
2.677933 7.285520 0.419344 0.005572 -0.015067 0.999871
2.680905 7.313460 0.207410 0.041553 -0.022001 0.998894
2.658045 7.587978 0.353061 -0.000672 0.036335 0.999339
2.688858 7.594178 0.949800 0.556452 0.650885 0.516440
2.720315 0.152822 0.000340 0.054004 -0.333471 0.941212
2.719775 0.704266 1.504202 0.776077 -0.245643 0.580830
2.708149 1.248471 1.241870 0.872804 0.068679 0.483215
2.735583 2.310517 0.488320 0.413048 0.175793 0.893582
2.701027 3.235255 1.318311 0.586616 -0.220451 0.779284
2.736792 3.698235 0.479900 -0.022834 0.016603 0.999601
2.739165 4.526802 1.093043 -0.390457 -0.918261 0.065878
2.732678 4.638500 0.531111 -0.059445 0.384968 0.921014
2.710614 6.725729 0.967993 0.974876 0.080961 0.207513
2.739687 6.972891 0.255739 -0.001846 0.084293 0.996439
2.743761 7.126515 0.284516 0.034282 0.045969 0.998354
2.797985 0.141767 0.411511 -0.156076 -0.981082 0.114536
2.796520 0.315610 -0.005371 0.104886 -0.272730 0.956356
2.753552 1.801716 1.361418 0.872112 -0.049368 0.486810
2.762554 2.535948 0.427663 0.205096 -0.006778 0.978718
2.798157 2.853730 0.648319 0.514599 -0.389984 0.763610
2.786153 3.125855 1.033625 -0.663218 0.635660 -0.395067
2.790273 3.174868 0.459065 -0.044986 -0.063579 0.996962
2.776145 4.348788 0.536082 -0.161636 -0.309136 0.937181
2.779729 4.465446 0.760678 -0.126712 -0.376610 0.917665
2.765271 4.475855 1.156272 -0.390457 -0.918261 0.065878
2.782745 5.925007 0.398989 0.130718 0.139928 0.981495
2.780768 6.269357 0.841691 0.786953 -0.577792 0.216475
2.773988 6.499150 0.998267 0.887582 -0.301105 0.348616
2.752564 6.468854 1.322708 0.902697 -0.177233 0.392079
2.790483 6.639774 0.754110 0.300830 0.559781 0.772106
2.752867 7.257753 0.391690 -0.007823 0.037319 0.999273
2.790738 7.629058 0.349171 0.003472 0.033029 0.999448
2.834854 0.610920 0.028139 0.014884 -0.442673 0.896560
2.816565 1.504221 0.898547 0.875349 0.153180 0.458585
2.811561 1.773914 1.125374 0.684114 0.392201 0.614953
2.817955 2.316915 0.393572 0.142881 0.095415 0.985130
2.813733 3.044960 0.672974 -0.594019 0.493105 -0.635601
2.806455 3.631389 0.463048 -0.035510 0.035404 0.998742
2.818533 3.703742 0.459631 -0.010167 0.055767 0.998392
2.808502 3.867959 0.489254 -0.004308 0.050868 0.998696
2.801022 4.342228 0.924703 -0.110153 -0.563337 0.818851
2.848573 4.769808 0.760200 0.136283 0.292778 0.946418
2.821469 6.136129 0.415524 0.176575 -0.008807 0.984248
2.825592 6.923758 0.459651 -0.017456 0.209232 0.977710
2.848894 7.639946 0.395753 -0.039351 -0.001210 0.999225
2.820439 7.777557 0.378977 -0.017990 0.068798 0.997468
2.828233 7.887469 0.364702 -0.030164 -0.084830 -0.995939
2.873752 0.726132 0.357900 0.132859 -0.394064 0.909429
2.853357 1.422356 0.451812 0.697719 -0.092722 0.710345
2.861250 1.692746 0.807343 0.757687 0.181686 0.626818
2.890517 2.248759 0.671180 0.305779 0.326346 0.894426
2.885527 2.475740 0.382267 0.079908 0.000803 0.996802
2.875083 2.694403 0.425750 -0.050929 -0.086585 0.994942
2.877695 3.641607 0.474003 -0.010236 0.035818 0.999306
2.856997 3.882715 0.524042 0.013600 0.056874 0.998289
2.892333 4.670058 0.820636 0.260668 0.051365 0.964061
2.861231 6.231547 0.381698 0.237012 -0.051127 0.970160
2.858578 6.717087 0.382685 -0.048231 0.085841 0.995141
2.888562 6.919394 0.432630 -0.004951 0.153598 0.988121
2.864931 7.818747 0.395241 -0.011780 0.085415 0.996276
2.929589 0.470171 -0.015368 0.040950 -0.422938 0.905233
2.916897 1.100459 0.321218 0.149138 -0.443379 0.883840
2.917921 1.974323 0.568393 0.279109 0.462961 0.841288
2.904332 3.075688 1.144361 -0.690828 0.487556 -0.533897
2.943540 3.125977 0.479906 -0.019582 -0.090900 0.995667
2.905885 3.202140 0.467589 0.003957 -0.017957 0.999831
2.907616 3.407560 0.477368 -0.048342 0.017507 -0.998677
2.911267 5.290367 0.698721 0.342154 0.295771 0.891880
2.913716 5.326777 0.578367 -0.220081 -0.107950 -0.969490
2.908213 6.965460 0.420755 -0.054724 0.170247 0.983881
2.914148 7.161641 0.933059 0.771234 0.049301 0.634640
2.948980 7.399501 0.367388 -0.033914 0.027757 0.999039
2.921285 7.445984 0.418274 -0.051155 0.041827 0.997814
2.918044 7.585895 0.266369 -0.067398 0.033887 0.997151
2.936506 7.729813 0.304187 -0.018636 0.033695 0.999258
2.962650 0.192200 -0.038041 0.089144 -0.210542 0.973512
2.977594 2.342881 0.376715 0.172737 0.063465 0.982921
2.992870 3.058666 0.924770 -0.509901 0.590807 -0.625258
2.999039 3.379355 0.522387 0.115122 0.042419 0.992445
2.979217 3.591918 0.731554 0.057040 -0.039530 0.997589
2.968969 3.671901 0.509250 -0.002188 0.110024 0.993927
2.963477 3.710526 0.561375 0.014444 0.119897 0.992681
2.955461 3.996238 0.580382 0.017070 -0.132727 0.991006
2.978550 4.427797 0.958868 0.193054 -0.293892 0.936140
2.985082 5.001732 0.302522 0.035033 0.070350 0.996907
2.965030 5.538251 0.584862 0.298780 0.098752 0.949199
2.978792 6.706627 0.779716 0.454936 0.342629 0.821972
2.993513 6.791497 0.406129 -0.031748 0.129269 0.991101
2.985013 7.082056 0.399978 0.075722 -0.046299 -0.996054
2.999845 7.138112 0.427995 -0.117826 0.026505 0.992681
2.955077 7.431103 0.374980 -0.045034 0.026358 0.998638
2.989318 7.513344 0.438055 0.052998 -0.030865 -0.998118
2.997134 7.584792 0.393527 -0.065239 0.038569 0.997124
2.961593 7.555573 0.430543 -0.042522 0.022383 0.998845
2.972239 7.970526 0.384013 -0.010708 0.087239 0.996130
3.027897 2.346551 0.421262 0.176988 -0.028038 0.983814
3.037547 3.035701 0.430032 0.006837 -0.107601 0.994171
3.048825 3.169675 0.441222 0.088761 -0.067327 0.993775
3.039477 4.404416 0.522058 0.094127 -0.194996 0.976277
3.035034 4.483127 0.519781 0.141920 -0.031065 0.989391
3.041822 6.712347 0.453018 0.031784 0.159568 0.986675
3.065133 3.790182 0.531564 -0.048411 0.060634 0.996985
3.093071 5.060167 0.546646 0.087814 0.134777 0.986977
3.060566 5.131070 0.571298 -0.121994 -0.227717 -0.966055
3.084667 6.716290 0.460935 0.031784 0.159568 0.986675
3.101883 0.026442 -0.038107 0.086473 -0.333016 0.938948
3.126629 0.277537 -0.001242 -0.121314 0.349434 -0.929074
3.117088 0.333743 0.013751 -0.121314 0.349434 -0.929074
3.148223 3.447831 0.524054 0.047244 -0.066671 0.996656
3.136385 4.435490 0.576717 0.129582 -0.168963 0.977067
3.139441 4.867875 0.562134 0.201564 0.159723 0.966364
3.118261 6.516166 0.332142 -0.000295 0.075025 0.997182
3.114548 6.556557 0.446671 -0.110670 -0.202745 -0.972958
3.146778 7.057762 0.376884 -0.092890 0.031356 0.995182
3.149746 7.422624 0.405446 -0.026886 0.064008 0.997587
3.186611 0.048122 -0.044689 0.024794 -0.151512 0.988144
3.177942 0.571865 0.005379 0.063668 -0.426776 0.902114
3.179545 3.869034 0.488354 0.022794 -0.012752 0.999659
3.180128 3.985500 0.504539 0.055763 -0.025681 0.998114
3.179998 6.908129 0.451992 -0.031042 0.133038 0.990625
3.191640 7.392799 0.463799 -0.037481 0.075243 0.996461
3.228915 3.157067 0.469907 0.122956 -0.019203 0.992226
3.242203 3.469569 0.494945 0.031839 -0.062453 0.997540
3.203891 3.634543 0.448223 0.050007 -0.030115 0.998295
3.242749 3.794119 0.458345 0.043909 -0.016393 0.998901
3.226782 3.853999 0.514177 0.022794 -0.012752 0.999659
3.220822 6.767536 0.423556 -0.012634 0.137362 0.990440
3.240437 6.917761 0.437639 -0.051053 0.080992 0.995406
3.229728 7.797951 0.454885 0.022291 0.089399 0.995746
3.282017 0.306337 -0.018360 0.022597 -0.224098 0.974305
3.289389 2.311436 0.376449 0.102869 -0.081053 0.991387
3.286617 4.062361 0.488297 0.037678 -0.038421 0.998551
3.271573 7.479708 0.416715 -0.007120 0.106857 0.994249
3.268626 7.650243 0.445460 -0.000820 0.109434 0.993994
3.316344 0.806397 0.031364 -0.078418 0.311180 -0.947110
3.326858 2.396014 0.361481 0.085656 -0.066693 0.994090
3.333084 3.532979 0.496277 0.069048 -0.053415 0.996182
3.307142 3.525749 0.562945 0.050736 -0.054888 0.997203
3.316220 3.775884 0.484023 0.048370 -0.011243 0.998766
3.317200 4.669138 0.540542 0.163638 0.022387 0.986266
3.349473 6.780010 0.450170 0.054797 0.051325 0.997177
3.307775 7.621102 0.354047 -0.018765 0.113613 0.993348
3.375077 3.784206 0.456570 -0.054183 0.001207 -0.998530
3.381197 4.152885 0.528103 0.011466 -0.063631 0.997908
3.381390 4.331894 0.516896 0.076262 -0.099959 0.992065
3.390176 5.075055 0.570947 0.072253 0.080919 0.994098
3.388761 5.824770 0.378345 0.041569 0.070603 0.996638
3.391636 7.328168 0.449929 0.030349 0.049530 0.998311
3.379724 7.397431 0.349579 -0.000522 0.068285 0.997666
3.399399 7.836551 0.332963 0.059910 0.130576 0.989627
3.370855 7.926043 0.260495 0.027734 0.099596 0.994641
3.381071 7.947841 0.368236 0.046929 0.130822 0.990295
3.438789 3.218870 0.415336 -0.012394 0.069490 -0.997506
3.451733 2.009288 0.329392 0.071396 0.073436 0.994741
3.464292 2.108558 0.393531 0.073475 0.109217 0.991299
3.470756 3.193416 0.494758 -0.091194 0.021211 -0.995607
3.470553 3.581037 0.474632 0.014810 -0.042793 0.998974
3.463202 3.721704 0.468214 0.004232 -0.039287 0.999219
3.451178 4.324223 0.501788 0.005193 -0.058586 0.998269
3.453495 5.011053 0.547886 0.053311 0.008500 0.998542
3.542666 0.711126 0.030624 0.061471 -0.241193 0.968528
3.505364 2.205374 0.386111 -0.058897 0.056195 -0.996681
3.505860 2.475679 0.370417 0.047996 -0.069835 0.996403
3.500791 3.018212 0.483587 0.093679 -0.069564 0.993169
3.526341 4.135574 0.508312 -0.010347 -0.049770 0.998707
3.512477 4.160767 0.532717 -0.004043 -0.055124 0.998471
3.542735 4.308625 0.506146 -0.012967 -0.062460 0.997963
3.511019 6.166588 0.395678 -0.081538 -0.034959 -0.996057
3.515083 7.309116 0.464024 0.052397 0.069121 0.996231
3.528136 7.852416 0.360316 0.030721 0.147214 0.988627
3.568844 2.636728 0.431817 0.008871 -0.087321 0.996141
3.598145 3.119597 0.427635 0.023821 -0.087139 0.995911
3.585002 3.456095 0.462192 0.019053 -0.057689 0.998153
3.583558 7.427467 0.383220 0.060731 0.105834 0.992527
3.570086 7.542705 0.365856 0.100272 0.123211 0.987302
3.555486 7.940212 0.382758 -0.051642 -0.130114 -0.990153
3.605691 2.057564 0.337863 -0.090463 0.160389 -0.982900
3.622950 3.834646 0.522211 -0.026591 -0.040470 0.998827
3.645766 7.253231 0.412624 -0.026636 -0.071251 -0.997103
3.689795 0.151677 -0.052646 0.041172 -0.169019 0.984752
3.697812 0.383844 -0.001863 -0.055073 0.199843 -0.978279
3.653817 7.675430 0.306464 -0.037314 -0.121707 -0.991864
3.684612 7.870031 0.397297 0.012847 0.118247 0.992901
3.650243 7.966776 0.272719 0.017621 0.118392 0.992811
3.746395 2.662281 0.385094 0.025647 -0.092480 0.995384
3.707104 3.577779 0.532517 0.002772 -0.060062 0.998191
3.748154 3.864976 0.522462 -0.028877 -0.038594 0.998838
3.742773 4.557770 0.509647 0.003792 -0.040693 0.999165
3.745821 6.911414 0.411725 0.009998 0.059035 0.998206
3.735366 7.012446 0.381812 0.005661 0.076914 0.997022
3.748715 7.116291 0.446321 0.006717 0.120264 0.992719
3.734526 7.721114 0.421262 0.020164 0.120529 0.992505
3.761028 0.159211 -0.048318 -0.054780 0.208083 -0.976576
3.770426 3.334635 0.468964 0.010742 -0.083974 0.996410
3.762463 3.835155 0.474340 -0.035486 -0.040633 0.998544
3.758509 7.301990 0.327056 0.001231 0.090692 0.995878
3.756191 7.547272 0.402858 0.002231 0.098899 0.995095
3.776937 7.830144 0.282726 -0.022403 0.092725 0.995440
3.785724 7.811271 0.311708 -0.022403 0.092725 0.995440
3.842558 1.972035 0.340307 -0.043304 0.145234 -0.988449
3.829842 2.617425 0.462509 0.024414 -0.091620 0.995495
3.844527 6.524797 0.412367 0.009434 -0.021753 0.999719
3.843321 6.936804 0.417137 0.019507 0.069299 0.997405
3.868872 3.576507 0.520856 0.007971 -0.079277 0.996821
3.899438 4.317661 0.528631 0.009485 -0.034383 0.999364
3.889746 4.432305 0.527540 0.007429 -0.046758 0.998879
3.864131 4.471816 0.525644 0.001034 -0.040450 0.999181
3.852200 5.507129 0.584281 0.002342 0.071307 0.997452
3.874066 7.384841 0.431212 -0.028141 0.049130 0.998396
3.880006 7.586586 0.316045 0.017044 0.090689 0.995733
3.883507 7.718129 0.368838 -0.002630 0.086418 0.996256
3.938785 2.548176 0.391878 0.024203 -0.096397 0.995049
3.938491 3.658623 0.527871 0.014243 -0.080810 0.996628
3.912040 4.579730 0.520905 0.010336 -0.037688 0.999236
3.913864 6.317104 0.420237 0.007774 0.009386 0.999926
3.982408 2.114991 0.338373 0.006133 -0.154861 0.987917
3.984922 2.304252 0.349763 0.009886 -0.093066 0.995611
3.969403 2.710698 0.412137 0.023250 -0.088823 0.995776
3.973629 3.166458 0.422224 0.036418 -0.092666 0.995031
3.964960 4.167077 0.550556 0.011556 -0.023741 0.999651
3.960349 7.407038 0.380094 -0.028724 0.057749 0.997918
3.973825 7.481899 0.286184 -0.043680 0.114554 0.992456
3.999514 7.951536 0.279036 -0.032286 0.030173 0.999023
4.028934 0.635234 0.022262 0.052508 -0.215251 0.975146
4.012636 1.282324 0.070155 0.008958 -0.199145 0.979929
4.044256 4.338424 0.512626 -0.013709 0.040968 -0.999066
4.022874 4.338971 0.557315 0.016049 -0.041393 0.999014
4.044126 7.044248 0.418991 -0.009234 0.096892 0.995252
4.011448 7.287171 0.442893 -0.048075 0.098665 0.993959
4.028795 7.414403 0.349690 -0.000870 0.053548 0.998565
4.000732 7.658507 0.426964 -0.054709 0.081973 0.995132
4.021060 7.797185 0.452463 -0.083200 0.069622 0.994098
4.003518 7.880199 0.256817 0.052654 -0.004553 -0.998602
4.098761 0.247639 -0.014422 0.051111 -0.229658 0.971929
4.064002 3.516089 0.452365 0.027504 -0.094828 0.995114
4.084659 6.829316 0.428909 -0.008785 0.027973 0.999570
4.093166 7.039097 0.414922 -0.009234 0.096892 0.995252
4.087070 7.739972 0.411582 -0.039414 0.052777 0.997828
4.112741 2.207897 0.390624 0.002041 -0.081062 0.996707
4.149868 3.325433 0.424337 0.034755 -0.091916 0.995160
4.136168 4.593789 0.562758 0.010684 -0.044564 0.998949
4.132867 5.079542 0.579014 0.004878 0.003337 0.999983
4.173103 0.000866 -0.052992 0.051111 -0.229658 0.971929
4.161154 0.107466 -0.038942 0.051111 -0.229658 0.971929
4.186898 0.924285 0.275551 0.033502 -0.205464 0.978091
4.156656 2.586727 0.389118 0.017931 -0.072829 0.997183
4.197692 6.343406 0.410028 0.003870 0.046501 0.998911
4.190850 6.873296 0.437294 0.001403 0.025807 0.999666
4.185394 7.267209 0.446177 0.029029 0.094478 0.995104
4.150113 7.478794 0.386174 0.034391 0.058995 0.997666
4.180753 7.524567 0.398237 0.041813 0.064973 0.997011
4.198867 7.633469 0.306415 -0.036113 0.040146 0.998541
4.179871 7.609501 0.397070 -0.017690 0.039897 0.999047
4.217534 3.671555 0.532439 0.029367 -0.085281 0.995924
4.215867 4.313422 0.497874 0.027065 -0.038256 0.998901
4.228297 4.777501 0.530239 0.005617 -0.054068 0.998521
4.207778 7.332736 0.352296 0.027382 0.099084 0.994702
4.242809 7.326152 0.416311 0.021175 0.106312 0.994107
4.225959 7.837318 0.347335 0.006150 0.059410 0.998215
4.242015 7.852804 0.437831 0.036457 0.097863 0.994532
4.205420 7.903479 0.324994 -0.006838 0.112332 0.993647
4.282358 3.425320 0.469641 -0.035797 0.102698 -0.994068
4.259799 5.956941 0.376207 -0.037633 0.068432 0.996946
4.283105 6.979878 0.448534 0.011635 0.020786 0.999716
4.287648 7.528933 0.487688 0.014050 0.027343 0.999527
4.265459 7.574455 0.307677 0.039502 0.022943 0.998956
4.268081 7.908410 0.325192 0.033729 0.124878 0.991599
4.266174 7.929382 0.445904 0.033729 0.124878 0.991599
4.333445 2.315540 0.341052 0.007636 -0.064491 0.997889
4.323886 2.638169 0.364159 0.022160 -0.073870 0.997022
4.326956 2.829542 0.433572 0.028995 -0.074906 0.996769
4.303170 2.897114 0.381046 0.027308 -0.075847 0.996745
4.326585 3.000237 0.439714 0.027904 -0.082811 0.996175
4.304731 4.146206 0.537928 0.027436 -0.012816 0.999541
4.313669 4.969455 0.538663 0.004514 -0.046075 0.998928
4.336846 7.227762 0.409180 0.024833 0.086059 0.995981
4.333105 7.315767 0.402146 -0.006456 0.113780 0.993485
4.314751 7.913111 0.387795 0.063409 0.110999 0.991796
4.375821 0.732189 0.021325 0.004825 -0.205582 0.978628
4.374863 2.277452 0.354564 0.004210 -0.060118 0.998182
4.377245 2.519019 0.366027 0.007730 -0.051011 0.998668
4.359319 3.844003 0.456185 0.024241 -0.064545 0.997620
4.398310 4.589389 0.496992 0.018496 -0.051960 0.998478
4.366126 6.546658 0.391411 0.005533 -0.015618 0.999863
4.388138 6.882431 0.439281 0.014195 0.030055 0.999447
4.392518 6.944665 0.420836 0.017259 0.033037 0.999305
4.358430 7.283883 0.384032 0.018941 0.102519 0.994551
4.399330 7.366197 0.459616 0.007713 0.106230 0.994312
4.434496 3.779517 0.498684 0.025661 -0.071008 0.997146
4.422892 3.887422 0.508982 0.042761 -0.054980 0.997571
4.412219 4.028158 0.491614 0.034842 -0.043377 0.998451
4.424578 4.471052 0.540690 0.025616 -0.050113 0.998415
4.415701 7.071965 0.382202 0.021757 0.034410 0.999171
4.437217 7.375198 0.307455 0.019150 0.119786 0.992615
4.435833 7.930452 0.421316 0.059629 0.110234 0.992115
4.468722 0.186077 -0.022787 0.051111 -0.229658 0.971929
4.490571 2.215630 0.333627 0.001327 -0.058427 0.998291
4.486222 3.292510 0.411282 0.021120 -0.122037 0.992301
4.481912 3.674645 0.469449 0.036203 -0.078293 0.996273
4.471191 4.048550 0.472930 0.040748 -0.041504 0.998307
4.467384 4.229377 0.494780 0.030276 -0.028408 0.999138
4.478425 7.563356 0.353258 0.033742 0.106878 0.993699
4.460237 7.616947 0.312738 0.058363 0.087165 0.994483
4.516913 0.182028 -0.046901 0.051111 -0.229658 0.971929
4.514147 4.009149 0.495238 0.043161 -0.041766 0.998195
4.545920 4.973864 0.533248 0.009839 -0.054900 0.998443
4.519717 6.129786 0.382649 -0.018397 0.072468 0.997201
4.510042 7.070582 0.391788 0.009308 0.050530 0.998679
4.520103 7.715747 0.332089 0.071555 0.094285 0.992970
4.506768 7.904533 0.301703 0.048917 0.113485 0.992335
4.568946 2.498478 0.381670 0.009767 -0.060444 0.998124
4.585651 2.826934 0.415611 -0.000213 -0.073712 0.997280
4.553362 3.293500 0.489469 0.020961 -0.109894 0.993722
4.555352 3.430955 0.428206 0.008102 -0.089241 0.995977
4.582103 7.451623 0.388557 -0.017065 0.150020 0.988536
4.606776 3.185731 0.408093 0.000259 -0.104403 0.994535
4.643666 4.063905 0.504687 0.033927 -0.046164 0.998358
4.621050 4.623356 0.513927 0.017492 -0.065384 0.997707
4.649317 6.790211 0.435025 0.013196 0.012697 0.999832
4.642958 7.266926 0.443235 0.012592 0.037110 0.999232
4.607817 7.789246 0.300749 0.004658 0.069806 0.997550
4.622174 7.922307 0.339333 0.004658 0.069806 0.997550
4.609334 7.969713 0.256749 0.004658 0.069806 0.997550
4.623918 7.976344 0.365202 0.004658 0.069806 0.997550
4.671750 3.078513 0.396836 -0.003000 -0.100080 0.994975
4.653178 3.140650 0.406952 0.006852 -0.109153 0.994001
4.670555 3.765562 0.643534 0.017365 -0.069123 0.997457
4.669884 3.966380 0.454847 0.014933 -0.049284 0.998673
4.663468 6.493407 0.418367 -0.015223 0.026966 0.999520
4.665868 7.451175 0.433967 -0.024823 0.135734 0.990434
4.654730 7.621322 0.401585 0.000776 0.128931 0.991653
4.682499 7.838118 0.287797 0.007036 0.044895 0.998967
4.748762 1.092381 0.255507 -0.034580 -0.183567 0.982399
4.725040 4.394513 0.511931 0.012029 -0.038916 0.999170
4.734952 6.084949 0.385935 -0.025169 0.071267 0.997140
4.775569 2.000440 0.391296 -0.006177 -0.110177 0.993893
4.791005 2.089739 0.360998 0.012350 -0.067320 0.997655
4.776853 2.531368 0.414121 -0.007569 -0.060212 0.998157
4.753196 3.446323 0.466759 0.020656 -0.089600 0.995764
4.768266 4.043199 0.487782 0.019938 -0.046184 0.998734
4.784889 4.534650 0.520111 0.007879 -0.046118 0.998905
4.771835 4.769747 0.548226 0.018774 -0.066414 0.997616
4.797094 6.724479 0.437243 0.012171 0.000002 0.999926
4.760076 7.245274 0.343850 -0.012764 0.079692 0.996738
4.792241 7.216536 0.421177 -0.008830 0.073690 0.997242
4.779708 7.777971 0.309094 -0.007445 0.067007 0.997725
4.807567 2.335798 0.372400 -0.007569 -0.060212 0.998157
4.845008 3.759934 0.461861 0.041401 -0.077355 0.996144
4.825044 5.288682 0.584958 0.001873 0.042133 0.999110
4.842893 5.724635 0.585109 -0.010658 0.064699 0.997848
4.818187 6.979443 0.357132 0.005062 0.023501 0.999711
4.840877 7.219595 0.456180 -0.007199 0.053334 0.998551
4.846712 7.627993 0.378866 -0.060195 0.107536 0.992377
4.804232 7.749264 0.321944 -0.028936 0.106327 0.993910
4.839743 7.840766 0.317123 0.030118 0.055048 0.998029
4.825637 7.864275 0.340739 0.044279 0.091604 0.994811
4.899229 2.888384 0.381962 -0.008386 -0.070667 0.997465
4.891821 3.296658 0.443286 0.026149 -0.087951 0.995782
4.859398 3.504878 0.441961 0.041715 -0.081508 0.995799
4.896283 5.078252 0.558135 0.005272 0.020728 0.999771
4.897548 6.856670 0.412592 0.011842 0.009991 0.999880
4.866424 7.195241 0.423824 -0.007199 0.053334 0.998551
4.872996 7.267621 0.400138 -0.023978 0.069651 0.997283
4.897565 7.482280 0.363237 -0.045501 0.095997 0.994341
4.902504 0.494056 -0.029391 -0.014798 -0.189916 0.981689
4.917349 2.792803 0.377074 -0.014060 -0.065354 0.997763
4.908045 2.839395 0.385040 -0.014060 -0.065354 0.997763
4.942203 4.231620 0.469141 0.010791 -0.055072 0.998424
4.928182 4.356822 0.510052 0.007863 -0.046910 0.998868
4.913245 5.379415 0.560594 0.005483 0.043910 0.999020
4.941340 7.168615 0.394888 -0.007199 0.053334 0.998551
4.909429 7.629261 0.438522 -0.060195 0.107536 0.992377
4.989227 2.318694 0.410282 -0.007569 -0.060212 0.998157
4.973775 4.513161 0.550361 -0.001247 -0.044484 0.999009
4.967955 7.670222 0.327145 -0.060195 0.107536 0.992377
4.963776 7.732221 0.425766 -0.060195 0.107536 0.992377
3 2927 2917 2953
3 2684 2665 2683
3 2726 2684 2683
3 2804 2859 2825
3 2951 2931 2941
3 126 115 136
3 21 38 9
3 80 21 93
3 182 154 146
3 2860 2891 2861
3 1591 1637 1487
3 1637 1591 1614
3 2684 2648 2665
3 2824 2876 2814
3 2876 2823 2884
3 2876 2824 2823
3 2597 2585 2596
3 2761 2814 2804
3 2076 2033 2009
3 2516 2565 2598
3 2516 2498 2541
3 2565 2516 2541
3 98 112 103
3 38 56 57
3 56 38 21
3 80 56 21
3 24 25 1
3 25 24 62
3 135 154 62
3 114 135 62
3 154 135 146
3 61 114 62
3 61 24 23
3 24 61 62
3 2597 2496 2585
3 2917 2916 2953
3 2849 2860 2861
3 1431 1463 1487
3 1068 1023 1067
3 1039 1023 1022
3 1023 1039 1067
3 1748 1749 1649
3 1352 1294 1318
3 1139 1219 1238
3 2921 2949 2954
3 2921 2922 2898
3 2922 2921 2954
3 2836 2794 2821
3 2666 2649 2684
3 2649 2648 2684
3 1467 1433 1576
3 2143 2189 2081
3 2287 2232 2326
3 1976 1977 1943
3 1977 1976 2044
3 2600 2633 2677
3 2765 2744 2751
3 2743 2765 2751
3 2765 2743 2781
3 2744 2702 2677
3 2565 2615 2598
3 2632 2633 2599
3 2633 2632 2676
3 2676 2631 2643
3 2631 2566 2643
3 2588 2631 2616
3 2909 2887 2915
3 2887 2827 2843
3 2828 2864 2865
3 2887 2864 2827
3 2864 2887 2909
3 2925 2888 2931
3 2888 2925 2900
3 2923 2899 2909
3 2888 2899 2931
3 2864 2899 2865
3 2899 2864 2909
3 2931 2899 2941
3 2899 2923 2941
3 2912 2926 2936
3 2926 2912 2901
3 2132 2057 1952
3 2010 1956 1994
3 1728 1818 1782
3 1954 1935 1992
3 2656 2597 2596
3 2773 2824 2814
3 2761 2773 2814
3 2824 2773 2823
3 2741 2715 2697
3 2710 2741 2697
3 2741 2710 2761
3 2741 2761 2804
3 2076 2077 2033
3 2641 2697 2628
3 2656 2641 2597
3 2641 2613 2597
3 2613 2641 2628
3 2381 2424 2382
3 2184 2265 2226
3 1759 1727 1738
3 1726 1759 1738
3 1759 1726 1835
3 630 575 648
3 183 126 136
3 360 426 427
3 39 38 57
3 56 81 57
3 81 56 80
3 82 98 103
3 82 81 98
3 81 82 57
3 1 11 12
3 25 11 1
3 112 145 103
3 50 42 41
3 71 50 41
3 2240 2260 2261
3 2240 2223 2260
3 2891 2850 2861
3 2892 2850 2891
3 2918 2891 2927
3 2918 2892 2891
3 2918 2927 2953
3 2905 2938 2906
3 2796 2757 2780
3 2757 2734 2780
3 2743 2716 2742
3 2716 2711 2742
3 2716 2743 2751
3 2711 2716 2676
3 1798 1776 1833
3 1613 1635 1563
3 1636 1588 1565
3 1636 1635 1660
3 1591 1590 1614
3 1566 1590 1591
3 1543 1591 1487
3 1543 1566 1591
3 1305 1431 1487
3 1069 1126 1070
3 419 389 444
3 1039 1054 1067
3 1054 1039 1022
3 937 1055 1070
3 1068 1055 1023
3 1055 1069 1070
3 1069 1055 1068
3 1023 953 1022
3 809 937 719
3 2043 1942 1975
3 1844 1890 1943
3 1139 1138 1219
3 1183 1142 1182
3 989 969 1046
3 1060 1045 1102
3 1061 1082 1046
3 2950 2929 2940
3 2929 2950 2930
3 2929 2886 2940
3 2886 2922 2940
3 2922 2886 2898
3 2836 2886 2855
3 2886 2822 2855
3 2822 2836 2855
3 2606 2574 2666
3 2812 2841 2813
3 2692 2721 2693
3 2092 2035 2116
3 2568 2588 2616
3 2568 2632 2599
3 2632 2568 2616
3 1687 1728 1782
3 1688 1689 1762
3 1689 1640 1670
3 1871 1804 1840
3 2679 2663 2699
3 2725 2739 2720
3 2768 2739 2747
3 2720 2739 2768
3 2636 2622 2592
3 2622 2546 2592
3 2665 2691 2683
3 2691 2622 2636
3 2691 2726 2683
3 2083 2126 2048
3 2557 2545 2487
3 2545 2557 2570
3 2635 2663 2570
3 2064 2143 2081
3 2342 2287 2326
3 2287 2342 2327
3 2023 1999 1920
3 2519 2568 2599
3 2765 2752 2744
3 2842 2879 2834
3 2647 2618 2569
3 2647 2659 2660
3 2646 2659 2647
3 2723 2738 2758
3 2657 2631 2676
3 2631 2657 2616
3 2632 2657 2676
3 2657 2632 2616
3 2827 2782 2795
3 2782 2748 2795
3 2866 2888 2873
3 2899 2866 2865
3 2866 2899 2888
3 2942 2931 2951
3 2942 2925 2931
3 2912 2902 2901
3 2904 2902 2936
3 2902 2912 2936
3 2935 2956 2936
3 2926 2935 2936
3 2956 2952 2955
3 2113 2057 2132
3 1863 1799 1721
3 1867 1759 1835
3 1886 1853 1956
3 1837 1853 1886
3 1801 1853 1837
3 1967 2076 2009
3 2710 2687 2696
3 2696 2687 2686
3 2687 2656 2686
3 2710 2760 2761
3 2760 2773 2761
3 2077 2034 2033
3 2035 2034 2116
3 2587 2540 2515
3 2265 2204 2226
3 2356 2338 2300
3 2338 2266 2300
3 2338 2319 2266
3 980 1024 1071
3 1024 955 1008
3 1209 1208 1229
3 870 911 893
3 1209 1127 1208
3 1174 1127 1071
3 1127 1174 1208
3 627 671 673
3 1836 1727 1759
3 1867 1836 1759
3 492 426 404
3 735 736 652
3 635 736 778
3 677 698 727
3 183 184 126
3 184 183 227
3 393 426 360
3 579 580 578
3 613 579 652
3 579 613 580
3 82 58 57
3 58 82 70
3 39 32 38
3 32 39 10
3 32 10 0
3 32 0 9
3 38 32 9
3 39 22 10
3 42 22 41
3 10 22 0
3 169 92 93
3 92 80 93
3 81 97 98
3 97 110 98
3 97 81 80
3 92 97 80
3 110 97 169
3 97 92 169
3 98 111 112
3 110 111 98
3 163 145 112
3 61 72 114
3 83 71 70
3 83 82 103
3 82 83 70
3 71 105 50
3 83 105 71
3 2879 2869 2834
3 2907 2869 2879
3 2877 2916 2917
3 2877 2917 2927
3 2891 2877 2927
3 2860 2877 2891
3 2757 2797 2742
3 2796 2797 2757
3 2735 2757 2742
3 2735 2734 2757
3 2711 2735 2742
3 2734 2735 2711
3 1583 1474 1451
3 1474 1583 1517
3 1845 1874 1792
3 1896 1922 1923
3 1701 1700 1793
3 2008 2056 2164
3 1590 1663 1614
3 1663 1682 1614
3 1720 1704 1776
3 1798 1720 1776
3 1880 1798 1833
3 1880 1720 1798
3 1463 1403 1462
3 1431 1403 1463
3 1403 1305 1330
3 1305 1403 1431
3 1776 1812 1833
3 1812 1811 1833
3 1635 1564 1563
3 1636 1564 1635
3 1564 1636 1565
3 1541 1564 1565
3 1543 1505 1566
3 1357 1283 1299
3 1283 1357 1322
3 1250 1305 1126
3 1305 1250 1330
3 1110 1068 1067
3 1054 1110 1067
3 1110 1054 1125
3 542 543 444
3 506 542 444
3 543 542 594
3 7 20 8
3 694 718 695
3 540 567 568
3 567 644 568
3 644 567 643
3 443 482 483
3 1004 991 951
3 1087 1066 1148
3 1021 1054 1022
3 1054 1021 1125
3 1021 1087 1125
3 1087 1021 1066
3 1066 1053 1148
3 1873 1825 1872
3 1379 1423 1394
3 1393 1377 1320
3 784 826 785
3 378 428 468
3 802 701 778
3 654 701 683
3 1015 966 943
3 966 1015 1059
3 1219 1293 1238
3 1119 1137 1181
3 1101 1137 1119
3 989 970 969
3 970 948 969
3 948 970 923
3 1121 1060 1102
3 1141 1121 1102
3 1279 1139 1238
3 987 967 968
3 968 967 922
3 1121 1080 1060
3 1081 1142 1183
3 138 155 173
3 155 223 173
3 2691 2740 2726
3 2740 2691 2720
3 2637 2607 2623
3 2530 2505 2490
3 2505 2491 2490
3 2414 2416 2413
3 2416 2415 2413
3 2147 2107 2071
3 2128 2147 2071
3 1862 1912 1900
3 2070 2128 2071
3 2161 2219 2179
3 2294 2258 2237
3 2295 2258 2294
3 2258 2216 2237
3 2313 2295 2294
3 2415 2313 2413
3 2669 2700 2694
3 2808 2771 2783
3 2771 2808 2809
3 2700 2708 2694
3 1434 1335 1433
3 2519 2543 2568
3 2232 2270 2326
3 2321 2268 2267
3 2061 1970 1996
3 2018 2062 1974
3 2079 2062 2018
3 1577 1576 1670
3 1641 1599 1598
3 1743 1803 1804
3 1372 1387 1413
3 817 853 833
3 1027 1076 1028
3 2712 2679 2699
3 2691 2680 2720
3 2680 2691 2636
3 2680 2636 2664
3 2679 2680 2664
3 2546 2572 2592
3 2663 2571 2570
3 2571 2545 2570
3 1982 2026 1960
3 1980 2047 2048
3 2047 2083 2048
3 2125 2083 2124
3 2083 2125 2126
3 2126 2049 2048
3 2049 1980 2048
3 2049 1981 1980
3 2145 2067 2026
3 2252 2288 2253
3 2288 2364 2253
3 2557 2590 2570
3 2590 2618 2619
3 2590 2557 2569
3 2618 2590 2569
3 2210 2173 2187
3 2618 2634 2619
3 2634 2647 2660
3 2634 2618 2647
3 2635 2682 2663
3 2682 2704 2705
3 2098 2064 2063
3 2098 2063 2120
3 2658 2600 2677
3 2702 2733 2703
3 2798 2765 2781
3 2766 2738 2737
3 2738 2766 2758
3 2793 2815 2834
3 2815 2842 2834
3 2799 2815 2774
3 2752 2799 2774
3 2863 2836 2821
3 2872 2863 2821
3 2863 2872 2898
3 2886 2863 2898
3 2863 2886 2836
3 2835 2872 2821
3 2914 2921 2898
3 2872 2914 2898
3 2921 2914 2949
3 2689 2702 2703
3 2659 2689 2660
3 2689 2704 2660
3 2704 2689 2703
3 2702 2678 2677
3 2678 2646 2645
3 2678 2659 2646
3 2689 2678 2702
3 2678 2689 2659
3 2678 2658 2677
3 2658 2678 2645
3 2816 2808 2783
3 2782 2816 2783
3 2816 2864 2828
3 2864 2816 2827
3 2816 2782 2827
3 2844 2866 2873
3 2844 2828 2865
3 2866 2844 2865
3 2858 2889 2875
3 2883 2889 2840
3 2889 2858 2840
3 2875 2903 2904
3 2903 2902 2904
3 2847 2841 2840
3 2858 2847 2840
3 2911 2926 2901
3 2889 2911 2901
3 2911 2889 2883
3 2952 2944 2955
3 2688 2710 2697
3 2688 2687 2710
3 2641 2688 2697
3 2688 2641 2656
3 2687 2688 2656
3 2497 2450 2449
3 2450 2423 2449
3 2423 2450 2379
3 2450 2403 2379
3 2642 2554 2628
3 2319 2358 2320
3 2358 2280 2320
3 895 851 893
3 1208 1272 1229
3 753 790 791
3 722 675 721
3 675 722 696
3 1574 1667 1619
3 1639 1667 1574
3 1597 1639 1574
3 1885 1967 1955
3 1967 1885 1954
3 1800 1853 1801
3 1526 1527 1465
3 1527 1526 1573
3 1526 1572 1573
3 1724 1737 1725
3 1737 1724 1758
3 1615 1593 1684
3 1568 1616 1617
3 253 207 243
3 207 221 243
3 221 207 197
3 278 253 243
3 375 423 446
3 492 530 426
3 797 815 871
3 729 815 797
3 815 729 773
3 736 836 778
3 677 631 698
3 631 599 649
3 208 184 227
3 184 208 126
3 320 334 301
3 196 221 197
3 221 196 195
3 196 163 195
3 145 196 197
3 163 196 145
3 242 221 195
3 49 39 57
3 58 49 57
3 59 42 50
3 105 59 50
3 42 59 23
3 72 59 114
3 59 105 114
3 125 135 114
3 105 125 114
3 125 105 145
3 135 125 146
3 125 145 197
3 104 83 103
3 104 105 83
3 2423 2422 2449
3 2241 2202 2262
3 2262 2202 2261
3 2202 2240 2261
3 2202 2135 2165
3 2135 2202 2115
3 2202 2154 2115
3 2905 2937 2938
3 2937 2947 2938
3 2937 2905 2892
3 2947 2937 2892
3 2946 2918 2953
3 2918 2946 2892
3 2946 2947 2892
3 2842 2894 2879
3 2894 2907 2879
3 2894 2919 2907
3 2939 2919 2938
3 2919 2939 2907
3 2854 2835 2800
3 2819 2877 2860
3 2849 2819 2860
3 2819 2797 2796
3 2826 2849 2861
3 2850 2826 2861
3 2826 2819 2849
3 2819 2826 2797
3 2630 2615 2565
3 1999 1921 1920
3 1944 1921 1999
3 1698 1699 1610
3 1609 1654 1610
3 1654 1698 1610
3 1808 1859 1826
3 1808 1826 1827
3 1826 1860 1827
3 2030 2070 1985
3 1561 1519 1560
3 1538 1559 1560
3 1633 1560 1611
3 1659 1702 1634
3 1587 1561 1560
3 1587 1659 1634
3 2056 2153 2164
3 2153 2180 2164
3 2163 2153 2131
3 1990 2008 1965
3 1990 1989 2008
3 1951 1990 1965
3 1990 1951 1913
3 2008 1951 1965
3 1880 1951 2008
3 1879 1880 1833
3 1951 1879 1913
3 1879 1951 1880
3 1811 1878 1833
3 1878 1879 1833
3 1879 1878 1913
3 1704 1757 1776
3 1662 1681 1663
3 1681 1682 1663
3 1681 1757 1704
3 1485 1589 1542
3 1588 1504 1565
3 1504 1502 1565
3 1486 1543 1487
3 1486 1505 1543
3 1463 1486 1487
3 1486 1463 1462
3 1505 1486 1462
3 1461 1505 1462
3 1402 1461 1462
3 1398 1441 1429
3 1441 1398 1482
3 1441 1430 1429
3 1430 1441 1501
3 1442 1359 1344
3 1430 1442 1344
3 1359 1442 1400
3 1250 1304 1330
3 1110 1153 1068
3 1069 1153 1126
3 1153 1069 1068
3 1153 1110 1228
3 1153 1250 1126
3 1250 1153 1228
3 459 506 444
3 389 459 444
3 6 36 54
3 76 16 29
3 76 86 88
3 95 78 54
3 7 47 20
3 47 96 20
3 416 439 477
3 344 385 370
3 663 662 747
3 748 713 786
3 663 591 565
3 591 566 565
3 592 591 643
3 712 711 785
3 862 884 786
3 827 862 786
3 644 593 568
3 417 442 443
3 417 443 483
3 457 417 483
3 481 480 525
3 480 481 442
3 481 482 443
3 442 481 443
3 906 862 905
3 862 906 884
3 1005 1004 1020
3 1004 1005 991
3 1053 1005 1020
3 1005 1053 991
3 1087 1150 1125
3 888 993 935
3 953 993 1022
3 935 993 953
3 1149 1087 1148
3 1149 1150 1087
3 1150 1151 1125
3 1110 1152 1228
3 1152 1110 1125
3 1151 1152 1125
3 1152 1151 1150
3 1345 1326 1361
3 1004 1003 1020
3 1003 1052 1020
3 1000 975 1017
3 1167 1168 1145
3 1341 1352 1318
3 1317 1341 1318
3 1239 1317 1183
3 1239 1392 1317
3 1715 1748 1649
3 1479 1439 1478
3 1263 1222 1262
3 1476 1474 1517
3 1475 1476 1517
3 1476 1475 1474
3 946 841 922
3 378 335 394
3 335 378 362
3 185 213 238
3 213 185 147
3 313 383 336
3 493 494 363
3 1293 1338 1339
3 1293 1314 1238
3 1372 1313 1412
3 1412 1313 1446
3 1033 1120 1059
3 1015 1033 1059
3 1221 1187 1220
3 1159 1141 1102
3 341 325 336
3 389 333 388
3 318 333 389
3 333 373 388
3 319 389 419
3 319 318 389
3 2575 2531 2559
3 2575 2607 2531
3 2548 2575 2559
3 2610 2608 2667
3 2107 2106 2071
3 2178 2201 2150
3 1862 1850 1831
3 1850 1862 1900
3 1862 1911 1912
3 1911 1930 1912
3 1877 1862 1831
3 1877 1911 1862
3 1911 1877 1929
3 1877 1928 1929
3 2128 2198 2147
3 2219 2220 2179
3 2006 1990 1913
3 1990 2006 1989
3 2151 2161 2179
3 2201 2239 2161
3 2239 2219 2161
3 2239 2296 2219
3 2201 2218 2238
3 2178 2218 2201
3 2259 2295 2238
3 2259 2258 2295
3 2218 2259 2238
3 2769 2782 2783
3 2771 2770 2783
3 2770 2769 2783
3 2769 2770 2721
3 2791 2812 2813
3 1214 1213 1232
3 1995 1958 1937
3 1936 1995 1937
3 2059 2038 2014
3 2248 2284 2229
3 2248 2247 2284
3 2454 2430 2503
3 2430 2454 2324
3 2303 2340 2247
3 2359 2282 2322
3 2227 2206 2267
3 2268 2227 2267
3 1820 1855 1821
3 1995 1959 1958
3 1691 1692 1642
3 1410 1468 1371
3 1468 1410 1467
3 1599 1492 1598
3 1411 1492 1435
3 1804 1824 1840
3 1824 1803 1840
3 1803 1824 1804
3 1136 1118 1117
3 1031 1013 998
3 1013 965 998
3 1310 1259 1277
3 1370 1309 1335
3 1370 1410 1371
3 1157 1214 1232
3 1214 1157 1135
3 1157 1158 1135
3 1097 1044 1096
3 874 960 917
3 1118 1098 1117
3 2690 2712 2725
3 2712 2690 2679
3 2690 2680 2679
3 2690 2725 2720
3 2680 2690 2720
3 2724 2739 2725
3 2712 2724 2725
3 2712 2706 2723
3 2706 2712 2699
3 2745 2723 2758
3 2745 2712 2723
3 2745 2724 2712
3 2767 2745 2758
3 2745 2767 2800
3 2745 2785 2747
3 2785 2745 2800
3 2473 2488 2546
3 2571 2524 2545
3 2545 2524 2487
3 2455 2431 2487
3 2524 2455 2487
3 1909 1908 1946
3 2458 2391 2436
3 2391 2392 2365
3 2146 2175 2194
3 2146 2145 2175
3 2620 2635 2570
3 2590 2620 2570
3 2635 2620 2619
3 2620 2590 2619
3 2663 2698 2699
3 2682 2698 2663
3 2698 2706 2699
3 2698 2682 2705
3 2706 2698 2705
3 2662 2635 2619
3 2662 2682 2635
3 2634 2662 2619
3 2063 2042 2120
3 2019 2042 2063
3 2042 2062 2080
3 2062 2042 1974
3 2042 1941 1974
3 2362 2328 2327
3 2066 2122 2099
3 2045 1999 2023
3 2733 2717 2703
3 2738 2717 2737
3 2736 2752 2774
3 2752 2736 2744
3 2736 2702 2744
3 2736 2733 2702
3 2767 2775 2800
3 2775 2767 2758
3 2766 2775 2758
3 2815 2784 2774
3 2784 2815 2793
3 2784 2766 2774
3 2775 2784 2793
3 2784 2775 2766
3 2878 2894 2842
3 2905 2853 2892
3 2835 2806 2800
3 2806 2835 2821
3 2914 2948 2949
3 2949 2948 2954
3 2908 2897 2885
3 2844 2817 2828
3 2817 2816 2828
3 2816 2817 2808
3 2829 2817 2844
3 2808 2817 2809
3 2817 2829 2809
3 2890 2889 2901
3 2889 2890 2875
3 2902 2890 2901
3 2890 2903 2875
3 2903 2890 2902
3 2812 2818 2841
3 2832 2818 2833
3 2911 2895 2910
3 2910 2895 2900
3 2895 2874 2900
3 2867 2888 2900
3 2874 2867 2900
3 2868 2867 2874
3 2867 2868 2857
3 2841 2803 2813
3 2911 2934 2926
3 2934 2952 2956
3 2935 2934 2956
3 2934 2935 2926
3 2925 2924 2900
3 2924 2910 2900
3 2933 2911 2910
3 2944 2933 2910
3 2933 2944 2952
3 2934 2933 2952
3 2933 2934 2911
3 1865 1864 1914
3 1935 1883 1916
3 2404 2384 2498
3 2384 2404 2385
3 2138 2059 2092
3 2386 2357 2356
3 2358 2388 2280
3 939 938 910
3 815 916 871
3 1272 1408 1307
3 1127 1091 1071
3 753 672 671
3 672 753 791
3 671 672 673
3 509 484 508
3 675 597 628
3 222 207 253
3 222 182 146
3 321 278 349
3 278 321 322
3 359 393 360
3 377 403 404
3 403 492 404
3 403 553 492
3 392 424 402
3 512 529 546
3 602 679 651
3 426 467 427
3 530 467 426
3 467 530 603
3 577 530 492
3 698 754 727
3 754 698 726
3 614 583 683
3 484 527 461
3 527 484 509
3 627 527 508
3 527 509 508
3 548 549 546
3 549 548 547
3 241 202 169
3 144 111 110
3 144 110 169
3 194 144 169
3 111 144 112
3 144 163 112
3 285 294 302
3 334 294 301
3 294 334 302
3 242 205 232
3 205 242 195
3 221 252 243
3 242 252 221
3 252 302 243
3 252 285 302
3 241 250 232
3 250 242 232
3 22 40 41
3 40 22 39
3 40 71 41
3 71 40 70
3 59 60 23
3 60 59 72
3 60 61 23
3 60 72 61
3 207 206 197
3 206 125 197
3 125 206 146
3 206 222 146
3 222 206 207
3 105 113 145
3 104 113 105
3 145 113 103
3 113 104 103
3 2869 2862 2834
3 2835 2881 2872
3 2854 2881 2835
3 2881 2914 2872
3 2881 2897 2914
3 2797 2792 2781
3 2826 2792 2797
3 2792 2798 2781
3 2792 2826 2798
3 2614 2630 2565
3 2630 2614 2629
3 1921 1907 1920
3 2024 1978 1944
3 2024 1944 1999
3 1654 1653 1698
3 1698 1653 1769
3 2146 2159 2102
3 2001 2002 2028
3 2050 2001 2028
3 2002 2001 1983
3 2276 2294 2237
3 1899 1898 1910
3 1924 1925 1861
3 1519 1500 1560
3 1500 1538 1560
3 1537 1559 1538
3 1751 1717 1716
3 1701 1680 1700
3 1659 1658 1702
3 1587 1658 1659
3 1828 1771 1701
3 1849 1877 1829
3 1828 1849 1829
3 1877 1849 1928
3 1635 1753 1660
3 1564 1562 1563
3 1562 1613 1563
3 1522 1483 1501
3 1483 1430 1501
3 1756 1812 1776
3 1757 1756 1776
3 1812 1756 1811
3 1504 1459 1502
3 543 626 719
3 626 646 719
3 459 458 506
3 458 459 457
3 399 389 388
3 399 459 389
3 46 36 31
3 36 4 31
3 76 51 16
3 118 117 150
3 161 171 167
3 36 53 54
3 53 95 54
3 102 95 123
3 102 78 95
3 19 7 8
3 19 47 7
3 6 19 8
3 19 37 47
3 307 288 306
3 306 256 287
3 288 256 306
3 256 266 287
3 256 214 238
3 266 256 238
3 337 344 370
3 315 337 370
3 332 347 317
3 213 271 238
3 271 313 336
3 313 271 286
3 863 748 786
3 884 863 786
3 864 886 887
3 888 889 890
3 889 888 935
3 867 808 829
3 934 935 953
3 383 396 336
3 642 662 663
3 642 663 565
3 693 712 786
3 713 693 786
3 690 663 747
3 690 591 663
3 667 645 644
3 645 593 644
3 645 668 669
3 668 645 667
3 607 669 670
3 608 624 594
3 624 694 695
3 694 624 670
3 540 524 477
3 524 540 568
3 416 479 440
3 479 416 477
3 526 481 525
3 481 526 482
3 1053 1006 991
3 1006 992 991
3 1006 1053 1066
3 1021 1006 1066
3 1007 1021 1022
3 993 1007 1022
3 1149 1194 1206
3 1172 1152 1150
3 1149 1172 1150
3 1002 1003 1004
3 976 1038 990
3 1038 1050 990
3 1146 1168 1169
3 1168 1146 1145
3 862 930 905
3 904 859 903
3 1036 1000 1017
3 1671 1692 1743
3 1603 1715 1649
3 1341 1376 1352
3 1858 1889 1906
3 1695 1676 1694
3 1676 1695 1647
3 1354 1353 1355
3 1188 1222 1263
3 1188 1221 1222
3 948 879 946
3 879 857 946
3 761 841 707
3 516 558 587
3 361 340 312
3 340 405 406
3 340 361 405
3 394 340 406
3 335 340 394
3 304 313 286
3 324 304 265
3 366 304 324
3 304 366 313
3 535 494 493
3 1436 1471 1513
3 1140 1159 1102
3 314 297 325
3 314 307 306
3 341 314 325
3 351 314 341
3 179 162 167
3 162 161 167
3 236 249 219
3 143 219 134
3 143 153 219
3 236 260 249
3 275 260 274
3 260 275 284
3 319 293 318
3 293 319 284
3 275 293 284
3 319 262 284
3 249 262 219
3 139 174 148
3 99 139 148
3 139 99 73
3 185 139 147
3 174 139 185
3 33 63 28
3 619 618 638
3 366 367 313
3 2728 2701 2694
3 2708 2728 2694
3 2728 2708 2749
3 2459 2444 2443
3 2444 2397 2443
3 2397 2444 2414
3 2149 2107 2147
3 2106 2149 2108
3 2149 2106 2107
3 2003 2005 1929
3 2005 1949 1929
3 1949 1911 1929
3 1911 1949 1930
3 1850 1810 1831
3 1877 1830 1829
3 1830 1877 1831
3 1794 1830 1831
3 1830 1794 1771
3 1830 1828 1829
3 1828 1830 1771
3 2198 2215 2199
3 2216 2215 2237
3 2199 2215 2216
3 2220 2221 2179
3 2162 2151 2179
3 2221 2162 2179
3 2162 2221 2163
3 2151 2110 2161
3 2110 2151 2055
3 2072 2110 2055
3 2315 2221 2220
3 2352 2315 2336
3 2315 2352 2180
3 2221 2315 2180
3 2200 2218 2178
3 2200 2199 2216
3 2277 2201 2238
3 2277 2239 2201
3 2507 2551 2562
3 2507 2562 2563
3 2475 2507 2476
3 2420 2419 2377
3 2512 2626 2627
3 2626 2512 2511
3 2685 2707 2700
3 2708 2707 2721
3 2707 2708 2700
3 2721 2707 2693
3 2707 2685 2693
3 2759 2754 2749
3 2770 2759 2749
3 2759 2770 2771
3 2779 2791 2813
3 2655 2626 2625
3 2655 2709 2675
3 1211 1254 1253
3 1072 1155 1177
3 1131 1155 1042
3 2617 2556 2600
3 2556 2544 2600
3 2470 2501 2430
3 2247 2341 2284
3 2340 2341 2247
3 2360 2341 2340
3 2360 2285 2284
3 2341 2360 2284
3 2340 2339 2428
3 2303 2339 2340
3 1855 1869 1821
3 2039 1959 1995
3 2039 2038 2078
3 2060 2039 2078
3 2040 2093 2094
3 1469 1509 1446
3 1218 1312 1313
3 1312 1311 1446
3 1313 1312 1446
3 1312 1236 1311
3 1236 1312 1218
3 1259 1234 1277
3 1234 1117 1179
3 1370 1275 1309
3 1157 1216 1158
3 1216 1157 1232
3 798 816 817
3 960 961 985
3 875 874 917
3 896 875 917
3 699 774 775
3 1027 963 1012
3 963 1027 1028
3 1075 1076 1027
3 1075 1044 1097
3 1075 1027 1012
3 1044 1075 1012
3 2719 2706 2705
3 2706 2719 2723
3 2704 2719 2705
3 2717 2719 2704
3 2723 2719 2738
3 2719 2717 2738
3 2724 2746 2739
3 2745 2746 2724
3 2739 2746 2747
3 2746 2745 2747
3 2787 2794 2768
3 2787 2786 2794
3 2787 2768 2747
3 2785 2787 2747
3 2786 2787 2785
3 2489 2473 2546
3 2525 2524 2571
3 2455 2525 2526
3 2525 2455 2524
3 2621 2603 2571
3 2621 2679 2664
3 2067 2068 2027
3 2101 2067 2145
3 2146 2101 2145
3 2101 2068 2067
3 2068 2101 2084
3 2101 2146 2102
3 2191 2174 2236
3 2123 2192 2124
3 2661 2634 2660
3 2661 2662 2634
3 2662 2661 2682
3 2704 2661 2660
3 2682 2661 2704
3 2390 2343 2362
3 2343 2328 2362
3 2456 2343 2390
3 2046 2100 2124
3 2100 2123 2124
3 2717 2753 2737
3 2753 2717 2733
3 2753 2766 2737
3 2766 2753 2774
3 2753 2736 2774
3 2736 2753 2733
3 2718 2704 2703
3 2717 2718 2703
3 2718 2717 2704
3 2878 2893 2894
3 2894 2893 2919
3 2851 2850 2892
3 2851 2826 2850
3 2826 2851 2798
3 2820 2878 2842
3 2820 2853 2878
3 2853 2820 2799
3 2815 2820 2842
3 2799 2820 2815
3 2896 2905 2906
3 2896 2853 2905
3 2853 2896 2878
3 2896 2893 2878
3 2893 2896 2919
3 2938 2896 2906
3 2919 2896 2938
3 2807 2785 2800
3 2806 2807 2800
3 2807 2786 2785
3 2786 2807 2794
3 2794 2807 2821
3 2807 2806 2821
3 2939 2928 2907
3 2928 2908 2907
3 2920 2897 2908
3 2928 2920 2908
3 2920 2928 2948
3 2920 2948 2914
3 2897 2920 2914
3 2818 2811 2833
3 2811 2791 2790
3 2791 2811 2812
3 2811 2818 2812
3 2839 2883 2840
3 2832 2839 2818
3 2841 2839 2840
3 2818 2839 2841
3 2882 2911 2883
3 2882 2895 2911
3 2895 2882 2874
3 2829 2837 2809
3 2837 2810 2809
3 2888 2856 2873
3 2867 2856 2888
3 2856 2844 2873
3 2856 2829 2844
3 2856 2867 2857
3 2848 2847 2858
3 2848 2858 2875
3 2847 2848 2841
3 2848 2803 2841
3 2848 2875 2904
3 2943 2942 2951
3 2944 2943 2951
3 2943 2944 2910
3 2924 2943 2910
3 2404 2405 2406
3 2386 2408 2387
3 2408 2386 2407
3 2408 2407 2468
3 2425 2388 2468
3 1090 1114 1056
3 1057 1040 1115
3 1207 1196 1251
3 1507 1570 1525
3 1407 1408 1272
3 1128 1091 1127
3 1128 1127 1209
3 278 254 253
3 268 254 278
3 295 278 322
3 295 268 278
3 295 279 268
3 279 295 269
3 295 323 269
3 634 680 699
3 577 611 530
3 530 611 603
3 611 634 603
3 532 378 468
3 769 812 770
3 390 422 401
3 205 220 232
3 220 241 232
3 220 202 241
3 170 144 194
3 170 205 195
3 205 170 194
3 163 170 195
3 144 170 163
3 277 250 241
3 277 241 301
3 252 263 285
3 277 263 250
3 49 48 39
3 48 40 39
3 40 48 70
3 48 58 70
3 48 49 58
3 2203 2182 2242
3 2154 2090 2115
3 2862 2871 2854
3 2051 2052 2030
3 2070 2052 2087
3 2030 2052 2070
3 1962 1925 1961
3 1925 1962 1926
3 1678 1585 1558
3 1585 1678 1679
3 1987 1964 1878
3 1930 1931 1912
3 1949 1931 1930
3 2129 2088 2108
3 1773 1772 1796
3 1562 1523 1522
3 1523 1564 1541
3 1523 1562 1564
3 1523 1483 1522
3 1539 1519 1561
3 1540 1539 1561
3 1519 1539 1482
3 1459 1401 1400
3 1401 1461 1402
3 1455 1458 1442
3 1442 1458 1400
3 1458 1459 1400
3 1283 1266 1299
3 1456 1455 1442
3 1303 1304 1250
3 5 4 3
3 4 5 31
3 16 17 2
3 51 17 16
3 17 3 2
3 119 77 118
3 150 107 149
3 117 107 150
3 160 161 152
3 160 166 171
3 161 160 171
3 53 90 95
3 46 52 36
3 52 53 36
3 95 131 123
3 109 123 124
3 109 102 123
3 47 69 96
3 37 69 47
3 18 19 6
3 18 37 19
3 214 198 238
3 128 99 148
3 107 128 149
3 75 76 29
3 76 75 86
3 244 257 240
3 257 258 240
3 344 328 326
3 337 328 344
3 439 371 370
3 371 439 416
3 371 315 370
3 371 329 315
3 315 316 298
3 329 316 315
3 260 248 274
3 248 236 218
3 248 260 236
3 248 282 274
3 282 248 281
3 333 299 373
3 299 347 373
3 347 299 317
3 255 266 238
3 271 255 238
3 237 271 213
3 271 237 286
3 237 223 265
3 304 237 265
3 237 304 286
3 266 296 287
3 296 297 287
3 255 296 266
3 296 255 271
3 296 271 336
3 325 296 336
3 297 296 325
3 885 863 884
3 865 888 890
3 888 865 887
3 865 864 887
3 765 828 847
3 808 787 829
3 787 809 719
3 936 909 891
3 936 934 953
3 909 936 937
3 936 1055 937
3 1055 936 1023
3 936 953 1023
3 867 908 891
3 934 908 935
3 908 889 935
3 369 385 344
3 639 621 605
3 666 693 713
3 666 644 643
3 692 711 712
3 607 606 669
3 606 645 669
3 645 606 593
3 482 571 483
3 526 571 482
3 478 479 480
3 479 478 440
3 978 1006 1021
3 1006 978 992
3 992 978 932
3 1000 1001 976
3 1001 1038 976
3 1003 1019 1052
3 931 929 951
3 906 929 931
3 929 906 905
3 930 929 905
3 927 1000 976
3 904 927 976
3 927 904 903
3 1000 927 975
3 1167 1202 1243
3 1498 1497 1532
3 1843 1765 1789
3 1765 1790 1766
3 1747 1806 1807
3 1767 1747 1713
3 1790 1767 1766
3 1672 1644 1643
3 1354 1382 1356
3 975 974 1017
3 709 710 689
3 878 838 900
3 839 878 921
3 879 880 857
3 761 803 841
3 760 706 705
3 494 495 469
3 495 585 636
3 1449 1415 1436
3 1375 1340 1314
3 1579 1673 1646
3 1673 1579 1624
3 305 314 306
3 314 305 297
3 305 306 287
3 297 305 287
3 143 133 153
3 96 133 134
3 133 143 134
3 153 201 219
3 172 201 153
3 193 201 172
3 201 193 218
3 201 236 219
3 236 201 218
3 261 262 249
3 262 261 284
3 260 261 249
3 261 260 284
3 45 15 14
3 16 15 29
3 14 15 16
3 127 138 173
3 147 127 173
3 139 127 147
3 127 139 73
3 63 127 73
3 44 63 73
3 13 44 14
3 44 13 28
3 63 44 28
3 45 44 73
3 44 45 14
3 882 901 858
3 559 516 587
3 742 687 741
3 313 382 383
3 367 382 313
3 2695 2701 2713
3 2714 2695 2713
3 2670 2669 2694
3 2701 2670 2694
3 2695 2670 2701
3 2670 2695 2652
3 2654 2655 2625
3 2611 2653 2582
3 2653 2611 2652
3 2654 2653 2674
3 2674 2653 2672
3 2701 2729 2713
3 2728 2729 2701
3 2754 2729 2749
3 2729 2728 2749
3 2668 2685 2700
3 2650 2700 2669
3 2639 2650 2624
3 2650 2668 2700
3 2668 2650 2639
3 1985 2004 1929
3 2004 2003 1929
3 2003 2053 2005
3 2106 2053 2071
3 2004 2053 2003
3 2053 2106 2108
3 2005 2053 2108
3 2053 2004 1985
3 1986 1949 2005
3 1931 1986 1987
3 1986 1931 1949
3 1986 2005 2108
3 2088 1986 2108
3 1794 1795 1771
3 1795 1794 1831
3 2006 2007 1989
3 1989 2007 2008
3 2007 2056 2008
3 2007 2032 2056
3 2032 2111 2056
3 2153 2111 2131
3 2111 2153 2056
3 2148 2149 2147
3 2198 2148 2147
3 2148 2200 2178
3 2148 2198 2199
3 2200 2148 2199
3 2148 2178 2150
3 2129 2148 2150
3 2148 2129 2108
3 2149 2148 2108
3 2460 2444 2459
3 2475 2460 2459
3 2414 2460 2416
3 2444 2460 2414
3 2460 2475 2476
3 2564 2553 2582
3 2581 2552 2563
3 2581 2611 2582
3 2562 2579 2563
3 2579 2562 2595
3 2378 2399 2352
3 2378 2400 2399
3 2378 2352 2336
3 2777 2789 2790
3 2810 2801 2809
3 2801 2789 2809
3 2759 2776 2754
3 2776 2777 2754
3 2777 2776 2789
3 2776 2759 2771
3 2776 2771 2809
3 2789 2776 2809
3 2714 2730 2709
3 2626 2640 2627
3 2655 2640 2626
3 2640 2675 2627
3 2640 2655 2675
3 1272 1230 1229
3 1230 1272 1307
3 1230 1209 1229
3 1254 1289 1307
3 1332 1254 1307
3 1384 1332 1307
3 1385 1332 1384
3 2015 1995 1936
3 2036 1957 1969
3 2096 2141 2097
3 2520 2519 2599
3 2544 2520 2600
3 2633 2520 2599
3 2600 2520 2633
3 2522 2544 2556
3 2429 2470 2430
3 2470 2429 2428
3 2429 2340 2428
3 2117 2093 2118
3 2119 2095 2079
3 2062 2095 2080
3 2095 2062 2079
3 1888 1856 1938
3 1531 1509 1621
3 1550 1531 1600
3 1512 1531 1550
3 1531 1512 1511
3 1217 1218 1180
3 1217 1236 1218
3 1276 1370 1371
3 1276 1275 1370
3 1258 1234 1179
3 2603 2558 2571
3 2558 2525 2571
3 2525 2558 2526
3 2621 2604 2603
3 2604 2621 2664
3 2636 2604 2664
3 2457 2456 2526
3 2456 2433 2526
3 2433 2456 2390
3 2250 2344 2306
3 2251 2250 2272
3 2853 2852 2892
3 2852 2851 2892
3 2851 2852 2798
3 2852 2799 2798
3 2852 2853 2799
3 2802 2811 2790
3 2802 2801 2810
3 2789 2802 2790
3 2801 2802 2789
3 2845 2868 2874
3 2882 2845 2874
3 2868 2845 2857
3 2845 2882 2883
3 2942 2932 2925
3 2943 2932 2942
3 2932 2924 2925
3 2932 2943 2924
3 1089 1024 1008
3 729 755 773
3 1306 1271 1288
3 1727 1685 1738
3 1685 1726 1738
3 1685 1666 1726
3 1683 1705 1684
3 1705 1683 1777
3 226 222 253
3 254 226 253
3 222 226 182
3 595 627 628
3 595 527 627
3 339 353 334
3 353 339 348
3 339 334 320
3 348 339 320
3 353 354 334
3 334 354 302
3 485 462 461
3 527 485 461
3 204 194 169
3 202 204 169
3 250 251 242
3 263 251 250
3 251 252 242
3 251 263 252
3 263 276 285
3 276 263 277
3 276 294 285
3 294 276 301
3 276 277 301
3 2203 2183 2182
3 2183 2203 2225
3 2058 2091 2075
3 2074 2058 1992
3 2871 2870 2885
3 2870 2871 2862
3 2870 2862 2869
3 2870 2869 2907
3 2870 2908 2885
3 2908 2870 2907
3 2880 2881 2854
3 2871 2880 2854
3 2880 2871 2885
3 2897 2880 2885
3 2881 2880 2897
3 2310 2292 2309
3 2368 2310 2309
3 2310 2368 2395
3 2176 2160 2196
3 2292 2176 2196
3 2176 2292 2177
3 2311 2333 2347
3 1428 1454 1440
3 2006 1988 2055
3 1988 2072 2055
3 1988 1964 1987
3 1950 2006 1913
3 1878 1950 1913
3 1964 1950 1878
3 1950 1988 2006
3 1988 1950 1964
3 1912 1932 1900
3 1931 1932 1912
3 1932 1878 1900
3 1932 1987 1878
3 1932 1931 1987
3 2109 2110 2072
3 2088 2109 2072
3 2109 2088 2129
3 1703 1681 1662
3 1681 1703 1757
3 1755 1754 1811
3 1756 1755 1811
3 1249 1248 1286
3 1269 1249 1286
3 1302 1326 1345
3 5 30 31
3 30 5 3
3 17 30 3
3 30 46 31
3 65 51 76
3 77 65 76
3 178 164 150
3 158 150 149
3 258 234 240
3 164 165 151
3 128 100 99
3 100 128 107
3 86 87 88
3 87 107 117
3 100 87 86
3 87 100 107
3 87 117 118
3 77 87 118
3 87 76 88
3 87 77 76
3 101 90 89
3 90 101 122
3 101 120 122
3 90 121 95
3 121 90 122
3 121 131 95
3 67 90 53
3 52 67 53
3 90 67 89
3 67 52 46
3 131 142 123
3 162 142 161
3 120 140 151
3 159 160 152
3 160 159 166
3 159 120 151
3 165 159 151
3 159 165 166
3 102 79 78
3 109 79 102
3 198 186 238
3 186 185 238
3 186 174 185
3 15 34 29
3 34 15 45
3 64 45 73
3 99 64 73
3 64 34 45
3 280 272 298
3 280 273 272
3 239 256 288
3 244 239 288
3 229 239 244
3 239 229 228
3 214 239 228
3 256 239 214
3 230 229 244
3 230 244 240
3 234 230 240
3 230 224 217
3 230 234 224
3 229 215 228
3 245 234 258
3 328 308 326
3 308 307 326
3 307 308 288
3 308 289 288
3 257 289 272
3 289 244 288
3 289 257 244
3 309 315 298
3 309 308 328
3 309 289 308
3 272 309 298
3 289 309 272
3 316 310 298
3 310 280 298
3 192 231 218
3 200 192 171
3 192 193 181
3 193 192 218
3 179 192 181
3 171 192 167
3 192 179 167
3 166 191 171
3 191 200 171
3 165 191 166
3 231 235 218
3 235 248 218
3 311 299 333
3 299 311 293
3 311 333 318
3 293 311 318
3 282 283 274
3 283 282 281
3 212 237 213
3 212 147 173
3 212 213 147
3 865 846 864
3 846 865 890
3 668 749 669
3 765 764 828
3 342 369 344
3 369 342 351
3 384 369 351
3 454 434 396
3 454 453 472
3 434 454 500
3 434 397 396
3 397 341 336
3 396 397 336
3 639 657 687
3 657 619 638
3 507 505 608
3 505 571 608
3 1007 979 1021
3 979 978 1021
3 979 1007 993
3 1226 1205 1225
3 1267 1226 1225
3 1226 1267 1248
3 1205 1226 1206
3 1301 1269 1286
3 1301 1325 1326
3 1302 1301 1326
3 1301 1302 1269
3 1284 1267 1225
3 1284 1225 1246
3 1248 1268 1286
3 1267 1268 1248
3 1038 1037 1049
3 1001 1037 1038
3 1037 1036 1049
3 1107 1146 1124
3 974 1103 1017
3 1103 974 1048
3 1763 1787 1825
3 1730 1787 1643
3 1787 1672 1643
3 1693 1673 1672
3 1787 1693 1672
3 1396 1382 1395
3 1382 1396 1356
3 880 973 881
3 1047 1083 1035
3 989 1034 999
3 1034 1047 999
3 1047 1034 1165
3 781 703 702
3 737 781 702
3 820 781 779
3 738 739 704
3 684 738 704
3 655 738 684
3 615 684 704
3 555 495 636
3 1644 1623 1643
3 1623 1644 1624
3 1389 1315 1340
3 1417 1389 1340
3 132 172 153
3 133 132 153
3 132 109 124
3 132 133 109
3 168 193 172
3 168 162 179
3 168 142 162
3 168 132 124
3 132 168 172
3 123 168 124
3 142 168 123
3 742 743 687
3 452 432 431
3 432 410 431
3 561 518 560
3 454 519 500
3 519 454 472
3 453 517 472
3 412 396 383
3 382 412 383
3 2671 2695 2672
3 2695 2671 2652
3 2653 2671 2672
3 2671 2653 2652
3 2654 2673 2655
3 2673 2654 2674
3 2673 2714 2709
3 2655 2673 2709
3 2673 2674 2672
3 2695 2673 2672
3 2673 2695 2714
3 2626 2612 2625
3 2612 2654 2625
3 2612 2653 2654
3 2722 2730 2714
3 2722 2714 2713
3 2729 2722 2713
3 2681 2668 2667
3 2668 2681 2685
3 2681 2667 2693
3 2685 2681 2693
3 2638 2639 2624
3 2638 2668 2639
3 2638 2610 2667
3 2668 2638 2667
3 2551 2594 2562
3 2562 2594 2595
3 2594 2650 2595
3 2650 2594 2624
3 2031 2111 2032
3 2031 2007 2006
3 2007 2031 2032
3 2031 2006 2055
3 2111 2031 2055
3 2130 2163 2131
3 2111 2130 2131
3 2130 2162 2163
3 2297 2350 2315
3 2296 2297 2219
3 2297 2220 2219
3 2297 2315 2220
3 2349 2297 2296
3 2376 2297 2349
3 2446 2462 2494
3 2460 2445 2416
3 2445 2460 2476
3 2553 2537 2582
3 2509 2537 2553
3 2462 2509 2494
3 2537 2509 2536
3 2512 2495 2511
3 2400 2464 2399
3 2421 2464 2400
3 2464 2495 2512
3 2731 2730 2732
3 2730 2731 2709
3 2731 2732 2675
3 2709 2731 2675
3 2732 2756 2764
3 2777 2755 2754
3 2722 2755 2730
3 2755 2729 2754
3 2755 2722 2729
3 1230 1210 1209
3 1210 1128 1209
3 1134 1095 1074
3 1093 1116 1074
3 1094 1093 1074
3 2230 2208 2229
3 2601 2617 2644
3 2486 2470 2428
3 2140 2141 2096
3 2095 2140 2080
3 2591 2604 2636
3 2604 2591 2605
3 2214 2174 2158
3 2174 2214 2236
3 2811 2831 2833
3 2845 2838 2857
3 2838 2837 2829
3 2856 2838 2829
3 2838 2856 2857
3 2846 2845 2883
3 2839 2846 2883
3 2846 2839 2832
3 2846 2832 2833
3 2831 2846 2833
3 2846 2831 2845
3 1173 1113 1111
3 1113 1088 1111
3 1367 1432 1406
3 1367 1406 1331
3 264 254 268
3 264 226 254
3 226 264 269
3 264 279 269
3 279 264 268
3 818 801 800
3 800 801 776
3 855 856 819
3 463 486 487
3 793 811 831
3 220 203 202
3 203 204 202
3 204 203 194
3 203 205 194
3 203 220 205
3 2333 2369 2347
3 1988 2054 2072
3 2054 1988 1987
3 2054 2088 2072
3 1986 2054 1987
3 2054 1986 2088
3 1346 1302 1345
3 65 66 51
3 67 66 89
3 66 67 46
3 66 77 89
3 66 65 77
3 157 158 149
3 215 177 187
3 177 215 178
3 177 176 187
3 176 177 158
3 177 178 150
3 158 177 150
3 100 85 99
3 75 85 86
3 85 100 86
3 101 108 120
3 108 140 120
3 108 101 89
3 77 108 89
3 108 77 119
3 129 119 118
3 129 108 119
3 108 129 140
3 129 164 151
3 140 129 151
3 129 118 150
3 164 129 150
3 130 159 152
3 130 121 122
3 120 130 122
3 159 130 120
3 55 69 37
3 18 55 37
3 55 6 54
3 55 18 6
3 69 91 96
3 91 79 109
3 55 91 69
3 91 55 79
3 91 133 96
3 133 91 109
3 230 216 229
3 216 215 229
3 216 230 217
3 178 216 217
3 215 216 178
3 199 215 187
3 199 198 214
3 199 214 228
3 215 199 228
3 176 199 187
3 199 176 198
3 267 245 258
3 267 257 272
3 257 267 258
3 273 267 272
3 245 267 273
3 259 245 273
3 280 259 273
3 327 328 337
3 327 309 328
3 327 337 315
3 309 327 315
3 398 371 416
3 398 387 371
3 398 416 440
3 387 398 440
3 331 332 317
3 371 352 329
3 387 352 371
3 442 372 440
3 372 387 440
3 417 372 442
3 372 417 373
3 347 372 373
3 281 291 317
3 291 331 317
3 331 291 310
3 291 281 246
3 192 225 231
3 225 192 200
3 231 225 246
3 225 200 224
3 225 259 246
3 259 225 245
3 234 225 224
3 245 225 234
3 200 189 224
3 191 189 200
3 235 247 248
3 281 247 246
3 248 247 281
3 247 231 246
3 247 235 231
3 299 300 317
3 300 281 317
3 300 283 281
3 300 299 293
3 223 211 173
3 211 212 173
3 237 211 223
3 212 211 237
3 717 694 670
3 343 314 351
3 342 343 351
3 314 343 307
3 307 343 326
3 343 344 326
3 343 342 344
3 455 473 436
3 501 434 500
3 501 455 434
3 455 501 473
3 523 474 436
3 473 523 436
3 660 640 661
3 571 504 483
3 505 504 571
3 504 457 483
3 504 458 457
3 458 504 506
3 504 505 506
3 952 979 993
3 952 993 888
3 1285 1284 1324
3 1284 1285 1267
3 1285 1268 1267
3 1018 1001 1000
3 1018 1037 1001
3 1036 1018 1000
3 1037 1018 1036
3 1473 1516 1533
3 1516 1582 1533
3 1295 1241 1263
3 780 737 779
3 781 780 779
3 780 781 737
3 365 350 364
3 381 408 395
3 471 395 451
3 471 470 516
3 470 471 451
3 559 471 516
3 449 429 536
3 515 449 536
3 586 555 636
3 555 586 536
3 1448 1449 1436
3 193 180 181
3 168 180 193
3 180 179 181
3 180 168 179
3 519 538 500
3 413 454 396
3 412 413 396
3 454 413 453
3 413 412 453
3 2411 2394 2410
3 2508 2535 2536
3 2445 2461 2372
3 2461 2445 2476
3 2478 2464 2421
3 2464 2478 2495
3 2495 2478 2511
3 2511 2478 2448
3 2478 2421 2448
3 2778 2803 2764
3 2803 2778 2813
3 2778 2779 2813
3 2762 2755 2777
3 1274 1334 1348
3 2602 2646 2647
3 2522 2521 2544
3 2521 2520 2544
3 2521 2522 2470
3 2140 2167 2168
3 2167 2140 2095
3 2831 2830 2845
3 2838 2830 2837
3 2830 2838 2845
3 2837 2830 2810
3 2830 2802 2810
3 2802 2830 2811
3 2830 2831 2811
3 1090 1112 1114
3 1112 1113 1114
3 980 894 893
3 894 895 893
3 913 942 914
3 1405 1444 1432
3 1367 1405 1432
3 1252 1207 1251
3 2310 2293 2292
3 2293 2311 2276
3 1661 1703 1662
3 1636 1661 1588
3 1346 1327 1302
3 66 35 51
3 35 17 51
3 35 30 17
3 30 35 46
3 35 66 46
3 156 176 158
3 157 156 158
3 156 128 148
3 128 156 149
3 156 157 149
3 175 186 198
3 176 175 198
3 174 175 148
3 186 175 174
3 175 156 148
3 156 175 176
3 74 85 75
3 64 74 34
3 74 64 99
3 85 74 99
3 74 75 29
3 34 74 29
3 141 130 152
3 141 142 131
3 121 141 131
3 130 141 121
3 161 141 152
3 142 141 161
3 79 68 78
3 55 68 79
3 78 68 54
3 68 55 54
3 352 330 329
3 330 316 329
3 330 310 316
3 330 331 310
3 346 352 387
3 372 346 387
3 310 290 280
3 291 290 310
3 290 259 280
3 259 290 246
3 290 291 246
3 178 188 164
3 188 165 164
3 224 188 217
3 188 178 217
3 190 191 165
3 190 189 191
3 188 190 165
3 189 190 224
3 190 188 224
3 300 292 283
3 292 275 274
3 283 292 274
3 292 293 275
3 292 300 293
3 716 717 670
3 717 716 750
3 669 716 670
3 749 716 669
3 475 502 476
3 456 475 476
3 435 397 434
3 455 435 434
3 435 455 436
3 384 435 436
3 397 435 384
3 521 589 539
3 523 564 565
3 564 642 565
3 642 564 590
3 564 563 590
3 1103 1085 1017
3 430 365 364
3 450 497 498
3 497 515 617
3 556 515 536
3 515 556 617
3 1438 1390 1472
3 1418 1390 1438
3 2366 2289 2329
3 2394 2366 2329
3 2755 2750 2730
3 2762 2750 2755
3 2730 2750 2732
3 2750 2756 2732
3 2426 2339 2359
3 2339 2426 2428
3 2426 2486 2428
3 330 345 331
3 345 330 352
3 345 346 331
3 346 345 352
3 338 346 372
3 338 347 332
3 338 372 347
3 331 338 332
3 346 338 331
3 520 501 500
3 564 522 563
3 501 522 473
3 522 523 473
3 522 564 523
3 616 556 536
3 586 616 536
3 556 616 637
3 1450 1496 1497
3 1497 1496 1532
3 1496 1450 1495
3 2346 2345 2440
3 2330 2345 2346
3 2345 2438 2440
3 2763 2750 2762
3 2763 2778 2764
3 2756 2763 2764
3 2750 2763 2756
3 1231 1213 1214
3 2452 2359 2322
3 1365 1404 1405
3 1405 1404 1444
3 1363 1404 1365
3 2772 2763 2762
3 2779 2772 2791
3 2778 2772 2779
3 2763 2772 2778
3 2772 2762 2777
3 2791 2772 2790
3 2772 2777 2790
3 2452 2453 2427
3 2453 2452 2469
3 2427 2453 2486
3 2486 2453 2520
3 1364 1363 1365
