ply
format ascii 1.0
element vertex 2959
property float x
property float y
property float z
property float nx
property float ny
property float nz
element face 3768
property list uchar int vertex_indices
end_header
-24.471569 -0.000000 -0.000000 0.000076 -0.076233 0.997090
-24.220587 0.000000 0.000000 0.000076 -0.076233 0.997090
-24.212322 -0.000000 -0.000000 0.000076 -0.076233 0.997090
-24.095100 -0.000358 -0.000022 0.000076 -0.076233 0.997090
-24.095343 0.000000 0.000000 0.000076 -0.076233 0.997090
-7.059314 0.000000 0.000000 0.000136 -0.058030 0.998315
-6.809192 0.000000 0.000000 0.000136 -0.058030 0.998315
-6.555877 0.000000 -0.000000 0.000136 -0.058030 0.998315
-6.306492 -0.000000 -0.000000 0.000136 -0.058030 0.998315
-6.241776 0.000000 -0.000000 0.000136 -0.058030 0.998315
-6.211519 0.003575 0.000000 0.000136 -0.058030 0.998315
-6.180395 -0.000000 0.000000 0.000136 -0.058030 0.998315
-6.148910 -0.000000 -0.000000 0.000136 -0.058030 0.998315
-6.119727 -0.000000 -0.000000 0.000136 -0.058030 0.998315
-6.086276 -0.002908 -0.000001 0.000136 -0.058030 0.998315
-6.093750 0.000000 0.000000 0.000136 -0.058030 0.998315
-6.054777 -0.362783 -0.005699 0.000136 -0.058030 0.998315
-6.054533 -0.000088 -0.000000 0.000136 -0.058030 0.998315
-6.055024 -0.000000 0.000000 0.000136 -0.058030 0.998315
-6.023653 0.000000 0.000000 0.000136 -0.058030 0.998315
-5.992522 -0.364721 -0.092151 0.000136 -0.058030 0.998315
-5.967299 -0.380415 -0.001501 0.000136 -0.058030 0.998315
-5.960539 -0.001910 -0.000000 0.000136 -0.058030 0.998315
-5.961029 -0.000000 0.000000 0.000136 -0.058030 0.998315
-5.961273 0.000000 0.000000 0.000136 -0.058030 0.998315
-5.961030 0.235003 0.000000 0.000136 -0.058030 0.998315
-5.959924 -0.000000 -0.000000 0.000136 -0.058030 0.998315
-5.929656 -0.000001 -0.000000 0.000136 -0.058030 0.998315
-5.929903 -0.000000 0.000000 0.000136 -0.058030 0.998315
-5.898160 -0.382338 -0.000000 0.000136 -0.058030 0.998315
-5.898101 -0.000000 -0.000000 0.000136 -0.058030 0.998315
-5.868020 -0.000000 0.000000 0.000136 -0.058030 0.998315
-5.835660 -0.000000 -0.000000 0.000136 -0.058030 0.998315
-5.802942 -0.023530 -0.000000 0.000136 -0.058030 0.998315
-5.174879 -0.000000 -0.000000 0.000136 -0.058030 0.998315
-1.996780 -0.000003 -0.000000 0.001078 -0.111321 0.993784
-2.000000 0.000007 0.000000 0.001078 -0.111321 0.993784
-1.874418 0.000000 0.000000 0.001078 -0.111321 0.993784
-1.545647 -0.000379 -0.000000 0.001078 -0.111321 0.993784
-1.529473 -0.092649 -0.005790 -0.000103 -0.107173 0.994240
-1.521497 -0.000030 -0.000000 0.001078 -0.111321 0.993784
-1.512512 -0.093629 -0.000022 -0.000103 -0.107173 0.994240
-1.509341 -0.001371 -0.000001 0.001078 -0.111321 0.993784
-1.505944 0.000000 0.000000 0.001078 -0.111321 0.993784
-1.490349 -0.368627 -0.096075 -0.006096 -0.082476 0.996574
-1.497886 -0.024138 -0.000021 -0.000103 -0.107173 0.994240
-1.497886 -0.000362 -0.023408 0.003395 -0.112732 0.993620
-1.491105 -0.001932 -0.000001 0.001078 -0.111321 0.993784
-1.494210 0.000000 0.000000 0.001078 -0.111321 0.993784
-1.474384 -0.368635 -0.000000 -0.006096 -0.082476 0.996574
-1.469803 -0.000022 -0.000018 0.001078 -0.111321 0.993784
-1.453646 -0.000002 -0.000008 0.001078 -0.111321 0.993784
-1.419885 -0.000000 -0.000356 0.001078 -0.111321 0.993784
-1.332691 -0.000000 -0.000000 0.001078 -0.111321 0.993784
-1.301471 -0.000000 -0.000000 0.001078 -0.111321 0.993784
-0.917969 0.000000 0.000000 -0.000475 -0.004364 0.999990
-0.500014 -0.000000 0.000000 -0.076819 0.002867 -0.997041
-0.502543 0.000000 0.000000 -0.076819 0.002867 -0.997041
-0.519542 0.039504 9.864111 -0.410188 0.841207 0.352302
-0.500000 -0.000000 -0.000000 -0.076819 0.002867 -0.997041
-0.500000 0.000000 -0.000000 -0.076819 0.002867 -0.997041
-0.468066 0.026336 10.170568 -0.226592 0.777854 0.586174
-0.442927 -0.002394 10.327389 0.185062 -0.978883 0.086839
-0.424971 0.144849 10.364499 0.618713 -0.764416 -0.181281
-0.435279 0.178960 -0.000000 0.035838 -0.067414 0.997081
-0.415394 0.032322 9.807847 -0.286786 0.895912 0.339256
-0.416591 0.023942 9.902418 -0.352006 0.822770 0.446252
-0.405817 0.041899 10.214862 -0.339230 0.834527 0.434151
-0.414197 0.068235 9.813833 -0.366468 0.853266 0.370997
-0.407014 0.074220 9.846154 -0.394386 0.818438 0.417874
-0.414197 0.065841 9.871294 -0.387059 0.833515 0.394257
-0.404620 0.080206 10.417171 -0.450722 0.890897 0.056147
-0.380361 -1.474388 -0.092651 -0.577974 0.002219 0.816052
-0.384306 -0.372595 -1.498070 -0.035476 -0.046863 0.998271
-0.384275 -0.005913 -1.521545 -0.066443 -0.021951 0.997549
-0.383322 -0.000001 -0.000000 -0.118776 0.019608 -0.992727
-0.389058 0.038307 10.193314 0.307125 -0.616034 -0.725381
-0.381875 0.027533 10.222044 -0.306348 0.812061 0.496697
-0.380678 0.106542 10.166978 -0.359994 0.727012 0.584686
-0.395043 0.124498 9.809045 0.515560 -0.804511 -0.294890
-0.397437 0.136469 9.865308 0.490155 -0.708339 -0.507941
-0.378416 -1.513787 -0.378454 -0.577974 0.002219 0.816052
-0.376455 -0.370603 0.000000 0.015055 -0.005790 0.999870
-0.370573 -0.092649 -23.968628 0.996065 -0.056916 -0.067934
-0.372557 -0.094102 -1.451103 -0.080805 -0.065658 0.994565
-0.372502 -0.093130 -0.000000 0.050837 0.011531 0.998640
-0.376486 -0.023284 -24.595577 0.974220 -0.224810 0.018886
-0.362760 -0.022915 -1.505790 -0.066443 -0.021951 0.997549
-0.368620 -0.000000 -1.465319 -0.063081 -0.118722 0.990922
-0.370588 -0.000356 -0.023161 -0.118776 0.019608 -0.992727
-0.372493 -0.001344 -0.000156 -0.118776 0.019608 -0.992727
-0.370584 -0.000000 0.000000 -0.118776 0.019608 -0.992727
-0.371906 0.000000 -0.000000 -0.118776 0.019608 -0.992727
-0.368650 0.000000 0.000000 -0.118776 0.019608 -0.992727
-0.367510 0.064643 10.380061 -0.209960 0.976898 0.039838
-0.360327 0.083797 10.181343 0.340610 -0.724543 -0.599185
-0.377087 0.119710 9.805453 -0.410323 0.852096 0.324912
-0.362722 0.116119 9.829395 -0.340434 0.849721 0.402590
-0.365116 0.108936 10.108319 -0.228691 0.630129 0.742050
-0.363919 0.132878 9.740809 -0.489529 0.768450 0.412122
-0.367510 0.132878 9.871294 0.440664 -0.674232 -0.592644
-0.378284 0.147243 9.765948 -0.582015 0.812054 0.042734
-0.361524 0.160412 10.097546 -0.439152 0.687822 0.577967
-0.351088 -0.000000 -0.000000 -0.118776 0.019608 -0.992727
-0.353145 0.004788 10.375273 -0.252800 0.959208 -0.126539
-0.345962 0.058658 10.220847 -0.244629 0.356593 0.901664
-0.350751 0.052672 10.332177 -0.185398 0.982522 -0.016668
-0.347159 0.077812 10.149021 -0.129042 0.731896 0.669086
-0.348356 0.095768 9.794679 -0.266035 0.823858 0.500484
-0.359130 0.096965 9.827001 -0.473418 0.790077 0.389428
-0.341174 0.092177 10.170568 -0.079009 0.791186 0.606450
-0.343568 0.119710 9.889250 -0.531672 0.440075 0.723643
-0.349553 0.100556 10.108319 -0.099680 0.700220 0.706934
-0.357933 0.106542 10.196905 -0.586656 0.658310 0.471660
-0.349553 0.130484 10.115502 -0.294684 0.625696 0.722265
-0.359130 0.133477 10.149620 0.555077 -0.678732 -0.480846
-0.341174 0.136469 10.186131 -0.588722 0.698735 0.406418
-0.335696 -0.372534 -0.023041 0.006315 -0.004626 0.999969
-0.323430 -0.000000 -0.000000 0.095710 -0.026435 0.995058
-0.320823 0.077812 10.263943 0.468115 -0.874941 -0.123883
-0.329203 0.095768 9.868899 0.056165 -0.996117 -0.067802
-0.322020 0.086191 10.156203 -0.154424 0.692727 0.704473
-0.325611 0.098162 10.546458 -0.654820 0.673919 0.342118
-0.329203 0.108936 9.806650 -0.237706 0.854054 0.462696
-0.322020 0.124498 9.880871 0.573482 -0.476402 -0.666453
-0.325611 0.147243 9.763555 -0.534259 0.800311 0.272156
-0.322020 0.152032 9.800665 0.634609 -0.631346 -0.445729
-0.325611 0.165200 9.771935 0.636644 -0.748429 -0.185846
-0.322020 0.169988 9.818622 0.833713 -0.544646 -0.091008
-0.324414 0.211887 10.095152 -0.343126 0.531520 0.774436
-0.303906 -0.000000 -0.000000 0.095710 -0.026435 0.995058
-0.317232 -0.004788 10.222044 0.331448 -0.700617 -0.631885
-0.313640 0.011971 10.202890 -0.344357 0.864717 0.365627
-0.306458 0.043096 10.471041 -0.350636 0.920189 -0.174088
-0.300472 0.063446 10.166978 -0.096678 0.736162 0.669865
-0.318429 0.069432 10.206482 -0.237326 -0.799119 0.552345
-0.311246 0.073023 10.347740 -0.572032 0.730401 -0.373222
-0.300472 0.064643 10.409989 0.431290 -0.901933 -0.022493
-0.304064 0.094571 9.841366 0.320838 -0.918292 -0.231954
-0.311246 0.089783 9.883265 -0.122176 0.917384 0.378787
-0.302867 0.086191 10.164583 -0.068406 0.637389 0.767500
-0.300472 0.092177 10.199299 0.803456 0.399174 -0.441722
-0.302867 0.108936 9.842564 -0.459275 0.772037 0.439347
-0.307655 0.101754 9.871294 0.208279 -0.975391 -0.072340
-0.302867 0.102951 9.915586 0.386459 -0.581767 -0.715679
-0.313042 0.111929 10.130466 0.265016 -0.579276 -0.770848
-0.312443 0.116119 10.165780 0.283517 -0.470203 -0.835780
-0.316035 0.119710 10.218452 -0.498128 0.714768 0.490892
-0.307655 0.124498 9.736021 0.283099 0.174767 0.943033
-0.305261 0.131681 9.828198 0.540990 -0.562675 -0.625081
-0.301669 0.138864 10.116699 -0.305791 0.569513 0.762986
-0.317232 0.134075 10.145430 -0.371118 0.759086 0.534846
-0.314838 0.124498 10.192117 -0.541866 0.782351 0.307098
-0.307655 0.124498 10.247782 0.474096 -0.733767 -0.486642
-0.307655 0.134075 10.319010 0.571770 -0.802904 0.168595
-0.318429 0.155623 9.840169 0.901151 -0.433040 0.020092
-0.310648 0.143054 9.869498 0.526585 -0.373509 -0.763675
-0.314838 0.143652 10.180145 -0.483768 0.875046 0.016192
-0.307655 0.178368 9.744401 -0.593842 0.801003 -0.075809
-0.319626 0.164003 9.829395 0.872375 -0.453737 -0.181889
-0.310049 0.177171 10.113108 -0.344103 0.538014 0.769502
-0.310648 0.191536 9.854534 0.719655 -0.598592 -0.351830
-0.306458 0.211887 10.095152 -0.351186 0.454063 0.818838
-0.306458 0.217872 10.224439 -0.677008 0.691172 0.252866
-0.287304 0.045490 9.941922 0.201175 -0.810236 -0.550496
-0.298078 0.052672 10.198102 0.413481 -0.480971 -0.773111
-0.282516 0.050278 10.477027 -0.339983 0.924407 -0.172866
-0.282516 0.079009 10.189722 0.274829 -0.961392 0.013934
-0.293290 0.077812 10.216059 -0.328141 0.899224 -0.289344
-0.286107 0.076614 10.360908 -0.429149 -0.028057 -0.902798
-0.289698 0.095768 9.889250 0.223742 -0.843450 -0.488397
-0.293290 0.117316 9.810242 0.487323 0.444333 0.751721
-0.296881 0.102951 9.830592 -0.147356 0.972354 0.181147
-0.298078 0.111330 9.846154 -0.459606 0.807742 0.369209
-0.282516 0.112527 9.891644 -0.381289 0.753084 0.536175
-0.284910 0.111330 10.168175 -0.184153 0.365906 0.912250
-0.293290 0.101754 10.234015 -0.847449 0.530570 0.018061
-0.290297 0.107739 10.410587 0.665867 -0.734679 -0.129877
-0.295684 0.130484 10.156203 -0.222618 0.728673 0.647671
-0.282516 0.138864 10.163386 0.456833 -0.874862 -0.160999
-0.293290 0.136469 10.219650 -0.494171 0.452220 0.742490
-0.296881 0.125696 10.336966 -0.595371 0.801298 0.058782
-0.284910 0.153229 9.808446 0.249807 0.474086 0.844298
-0.285509 0.146645 9.824607 0.530193 0.793149 0.299684
-0.281319 0.144849 10.206482 0.394742 -0.902544 -0.172026
-0.298078 0.149638 10.346542 0.648815 -0.744463 0.157526
-0.295684 0.167594 9.803658 -0.543354 0.838092 0.048662
-0.298078 0.168791 9.832987 0.914688 -0.385421 -0.121639
-0.292093 0.171784 9.848549 0.727730 -0.607035 -0.319246
-0.286107 0.168791 9.885659 0.493158 -0.425416 -0.758825
-0.280122 0.192733 9.767146 -0.418283 0.789014 0.449995
-0.289698 0.191536 9.792285 0.476920 -0.872456 -0.106623
-0.294487 0.196325 9.812635 0.707364 -0.705152 -0.048962
-0.287903 0.185551 9.824008 -0.583970 0.811541 -0.019498
-0.289399 0.189441 9.871892 -0.548881 0.618594 0.562202
-0.293290 0.187945 10.085575 0.340125 -0.388142 -0.856540
-0.284910 0.202310 9.750386 -0.523554 0.671370 0.524550
-0.280122 0.229843 10.149021 0.488820 -0.871345 0.042580
-0.272939 0.055067 10.202890 -0.440380 0.759310 0.479076
-0.264559 0.045490 10.293870 0.014014 0.971914 0.234920
-0.269348 0.045490 10.346542 -0.129773 0.976542 -0.171828
-0.269348 0.067038 9.781511 -0.035010 -0.990677 0.131656
-0.272939 0.074220 9.944317 -0.178446 0.694946 0.696568
-0.275333 0.068235 10.160992 0.233124 -0.775501 -0.586730
-0.271742 0.071826 10.183737 -0.214210 0.912192 0.349314
-0.276530 0.074220 10.218452 0.191221 -0.975369 -0.109958
-0.266953 0.068235 10.390836 -0.477988 0.871344 -0.110846
-0.270545 0.061052 10.414778 -0.363716 0.924568 -0.113513
-0.278924 0.092177 10.213664 -0.373873 -0.520076 0.767946
-0.260968 0.096965 10.220847 -0.371952 -0.279191 0.885271
-0.277727 0.095768 10.474632 -0.682991 0.729627 0.034154
-0.269348 0.111929 9.827600 -0.289261 0.952281 -0.097411
-0.266355 0.114323 10.157999 -0.477266 0.503022 0.720546
-0.264559 0.101754 10.182540 -0.404903 0.736930 0.541284
-0.275333 0.100556 10.291476 0.002248 0.952474 0.304613
-0.276530 0.102951 10.342952 -0.651724 -0.144325 -0.744598
-0.271742 0.114922 10.472239 0.771729 -0.635432 -0.025723
-0.265756 0.116119 10.528502 0.487180 -0.757883 -0.433901
-0.266355 0.129287 9.873089 -0.279029 -0.054734 0.958721
-0.275333 0.134075 9.886856 -0.137939 0.161666 0.977158
-0.277727 0.144849 9.799467 0.395332 0.252661 0.883106
-0.271742 0.143652 9.865308 -0.526547 -0.246806 0.813533
-0.271742 0.144849 9.906010 -0.262909 0.402949 0.876647
-0.260968 0.158017 10.127473 0.338214 -0.464253 -0.818584
-0.262165 0.150835 10.218452 -0.268074 0.903728 0.333785
-0.271742 0.153229 10.226832 -0.289935 0.878774 0.379070
-0.272939 0.177171 9.775525 -0.324420 0.779847 0.535342
-0.260968 0.166397 9.803059 -0.491936 -0.356306 -0.794383
-0.265756 0.162806 9.854534 -0.188680 0.982039 0.000179
-0.278924 0.172383 9.862914 -0.472313 0.304213 0.827269
-0.268151 0.178368 9.889849 -0.292826 0.339747 0.893770
-0.271742 0.174777 10.135853 0.353745 -0.400912 -0.845065
-0.265756 0.164003 10.198102 -0.180669 0.950954 0.251086
-0.274136 0.199916 9.807847 -0.733532 0.679239 0.023775
-0.263362 0.195127 10.133459 -0.365022 0.387671 0.846446
-0.270545 0.185551 10.485406 -0.624260 0.741894 0.244731
-0.268151 0.216675 9.827001 0.557022 -0.830409 0.012093
-0.260968 0.211887 10.104729 -0.215788 0.432464 0.875449
-0.262165 0.223858 9.758766 -0.520690 0.820560 0.235719
-0.262165 0.247800 9.746795 0.850541 -0.442439 0.284302
-0.247800 -0.051475 10.286688 0.496800 -0.866501 -0.048636
-0.253785 0.035913 10.363302 -0.132766 0.972809 -0.189781
-0.256180 0.052672 10.272323 0.315264 -0.923595 -0.218130
-0.240617 0.056264 10.329783 -0.248046 0.968410 0.025610
-0.245406 0.077812 10.199299 -0.264681 0.929508 0.256824
-0.250194 0.076614 10.251971 0.709389 -0.676793 -0.196771
-0.250793 0.065841 10.311827 -0.421360 0.895649 0.142369
-0.241814 0.080206 9.727641 0.028642 0.864005 0.502668
-0.251391 0.095768 9.785102 -0.348556 0.792890 -0.499835
-0.243011 0.092177 9.925163 -0.247782 0.697488 0.672395
-0.254982 0.095768 10.141838 -0.225983 0.507927 0.831229
-0.246603 0.089783 10.169372 0.399864 -0.804972 -0.438325
-0.249596 0.093374 10.207081 -0.373791 0.927495 0.005799
-0.259771 0.082600 10.251971 0.551865 -0.831320 -0.065966
-0.248997 0.092177 10.307038 -0.646891 0.692481 0.319378
-0.259771 0.098162 10.339360 0.363890 0.037738 0.930677
-0.256180 0.114922 9.793482 -0.314891 -0.109727 -0.942764
-0.248398 0.113126 10.248381 -0.748561 0.450286 0.486723
-0.247800 0.111330 10.483012 -0.670675 0.741090 0.031313
-0.240617 0.137667 9.844957 -0.218642 0.957439 -0.188430
-0.256180 0.124498 9.862914 0.264148 -0.835252 -0.482265
-0.252588 0.137667 10.153810 -0.222491 0.555824 0.800973
-0.258574 0.120907 10.186131 0.889267 -0.394168 -0.232024
-0.250194 0.123301 10.208876 -0.196022 -0.281781 -0.939242
-0.243011 0.126893 10.238804 0.767919 -0.558625 -0.313431
-0.241814 0.128090 10.272323 0.802468 -0.545254 -0.242368
-0.257377 0.130484 10.363302 0.239400 -0.458498 0.855843
-0.241814 0.148441 9.727641 -0.640084 -0.142387 -0.754995
-0.257377 0.140061 9.781511 0.292182 0.696491 0.655385
-0.251391 0.149638 9.821015 0.245689 0.894798 -0.372791
-0.242413 0.152032 10.133459 0.300991 -0.515340 -0.802390
-0.240617 0.140061 10.152613 0.320688 -0.412746 -0.852525
-0.247800 0.153827 10.163386 0.385752 -0.635321 -0.669001
-0.241814 0.156820 10.180145 0.658183 -0.679121 -0.324945
-0.252588 0.154426 10.369287 0.135426 -0.588987 0.796714
-0.248997 0.161609 9.859323 -0.307656 0.469718 -0.827474
-0.253785 0.170786 9.884861 -0.157126 0.194873 0.968161
-0.252588 0.162806 10.122684 0.460714 -0.410793 -0.786760
-0.259771 0.162806 10.145430 -0.514211 0.550838 0.657392
-0.243011 0.169988 10.386047 -0.640972 0.638970 -0.425291
-0.248997 0.195127 9.858126 0.336096 -0.540042 -0.771618
-0.243011 0.193332 9.872491 -0.143459 0.332827 0.932011
-0.244209 0.183156 10.099940 -0.234750 0.492216 0.838222
-0.256180 0.199916 10.144233 0.589660 -0.337321 -0.733836
-0.251391 0.198719 10.164583 0.780876 0.127922 -0.611448
-0.248997 0.185551 10.394426 0.630735 -0.732820 0.255242
-0.248997 0.211887 9.731233 0.701308 -0.135356 0.699889
-0.252588 0.201113 9.823410 -0.545534 0.822706 0.159833
-0.257377 0.219069 9.844957 0.575193 -0.669119 -0.470567
-0.250194 0.216675 9.872491 -0.432857 0.546468 0.716943
-0.241814 0.207098 10.134656 -0.207461 0.430629 0.878361
-0.251391 0.237026 9.744401 -0.436922 0.727688 0.528744
-0.247201 0.230442 9.841965 0.825392 -0.520180 -0.219410
-0.251391 0.229843 10.208876 -0.752500 0.519944 0.404230
-0.253785 0.241814 9.835381 0.860416 -0.505584 -0.063791
-0.240617 0.250194 10.096349 -0.356692 0.644484 0.676322
-0.244209 0.264559 9.737218 -0.706219 0.451511 -0.545337
-0.241814 0.278924 9.818622 0.809538 -0.572766 -0.128792
-0.244209 0.293290 9.791088 0.707630 -0.704343 0.056218
-0.223858 0.073023 10.269928 -0.372566 0.900967 0.222382
-0.220267 0.064643 10.347740 -0.252690 0.960966 -0.112660
-0.235829 0.089783 9.877279 0.044684 -0.976217 -0.212140
-0.234632 0.090980 9.945514 -0.256747 0.691490 0.675220
-0.239420 0.096965 10.147824 -0.148969 0.563017 0.812909
-0.235829 0.102951 9.816227 0.495606 -0.854448 -0.155867
-0.225055 0.110133 9.866506 0.085400 -0.973840 -0.210576
-0.223858 0.102951 9.920375 -0.201813 0.761709 0.615688
-0.231839 0.113326 10.188127 -0.658620 0.725689 0.198987
-0.235829 0.108936 10.218452 0.652602 0.275469 0.705852
-0.225055 0.114922 10.247183 -0.817031 0.140234 0.559281
-0.228646 0.114922 10.271125 0.661252 -0.636774 -0.396566
-0.232238 0.101754 10.298658 0.757034 -0.567957 -0.322992
-0.223858 0.135272 9.761160 0.807218 -0.587785 0.053920
-0.235829 0.134075 9.782708 -0.425508 0.822338 0.377760
-0.228646 0.125696 9.879673 -0.112545 0.551113 0.826806
-0.238223 0.130484 9.902418 -0.279523 0.128874 0.951451
-0.237026 0.124498 10.151415 -0.088892 0.524711 0.846627
-0.227449 0.122104 10.177752 0.267522 -0.834166 -0.482286
-0.222661 0.135272 10.180145 0.041131 -0.892360 0.449447
-0.235829 0.127491 10.227430 0.632641 -0.774429 -0.005001
-0.231040 0.135272 10.260351 0.550846 -0.626811 -0.551068
-0.225654 0.130484 10.287287 0.741279 -0.649118 -0.170737
-0.227449 0.150835 9.731233 0.922673 -0.068207 0.379503
-0.231040 0.143652 9.821015 -0.421059 0.874346 -0.241306
-0.229245 0.141856 9.846753 -0.598297 0.703472 0.383624
-0.227449 0.155623 9.864909 -0.063598 0.213998 0.974762
-0.226252 0.140061 9.906010 -0.349853 0.301421 0.886989
-0.225055 0.147243 10.129868 -0.105520 0.596956 0.795305
-0.226252 0.151433 10.155605 0.707166 -0.205226 -0.676608
-0.233435 0.146046 10.178948 -0.586216 0.512531 0.627426
-0.227449 0.141258 10.200497 0.396704 0.625064 0.672251
-0.222661 0.142455 10.235811 0.587173 -0.791357 -0.170239
-0.225653 0.141258 10.271125 -0.711856 0.515739 0.476733
-0.229843 0.160412 9.799467 -0.358291 0.428086 0.829680
-0.233435 0.167594 9.817424 0.938374 -0.229480 0.258444
-0.239420 0.162806 9.896433 -0.271057 0.341599 0.899910
-0.232238 0.168791 10.134656 -0.150280 0.454884 0.877780
-0.231040 0.162207 10.154408 0.608798 -0.215364 -0.763533
-0.230442 0.164003 10.223840 0.555778 -0.784494 -0.275102
-0.237026 0.174777 10.310630 0.805183 -0.571470 0.158433
-0.231040 0.192733 9.774328 -0.073743 0.903894 0.421352
-0.229843 0.191536 9.855731 0.609677 0.541708 0.578659
-0.231040 0.182558 9.864111 -0.436029 0.099962 -0.894364
-0.230801 0.194649 9.887095 -0.207155 0.317674 0.925295
-0.226252 0.192733 10.115902 -0.182790 0.400624 0.897824
-0.233435 0.183156 10.146626 0.450195 -0.486828 -0.748548
-0.222062 0.211887 9.769540 0.714006 0.693781 0.094144
-0.225055 0.210690 9.793482 0.889841 0.156241 0.428685
-0.234632 0.211887 9.810242 0.351300 -0.722115 0.595934
-0.237026 0.215478 9.852140 0.900525 -0.033991 -0.433474
-0.224656 0.210291 9.863712 -0.226218 0.260109 0.938706
-0.235829 0.211887 10.138247 0.413464 -0.280072 -0.866376
-0.237026 0.207098 10.431537 0.708401 -0.704927 0.035298
-0.227449 0.228646 9.797073 0.784600 -0.400051 0.473669
-0.231040 0.227449 9.818622 0.467444 0.597655 0.651386
-0.233435 0.235829 9.836577 0.759523 -0.639861 -0.117057
-0.228646 0.230442 9.852738 0.618194 -0.463897 -0.634535
-0.232238 0.220267 9.871294 -0.404056 0.361738 0.840169
-0.223858 0.248997 9.728839 -0.591845 0.800977 -0.090304
-0.228646 0.256180 9.750985 -0.264024 0.960923 0.083180
-0.226252 0.246603 9.786300 0.992593 0.113284 0.043882
-0.222661 0.243011 9.803059 0.884748 -0.062219 0.461898
-0.231040 0.250194 9.823410 0.790003 -0.127252 0.599752
-0.220267 0.256180 10.190920 0.964774 -0.237463 0.113236
-0.226252 0.269348 9.713276 -0.621523 0.759201 -0.193191
-0.238223 0.266953 9.846154 -0.527658 0.705878 0.472560
-0.239420 0.287304 9.795877 0.814050 -0.579027 0.045273
-0.213084 0.051475 10.204087 -0.032033 0.952513 0.302809
-0.216675 0.075417 10.216059 0.219541 0.893326 0.392135
-0.215478 0.076614 10.228029 0.368645 0.839237 0.399728
-0.213084 0.071826 10.293870 -0.427008 0.839199 0.336763
-0.202310 0.068235 10.342952 -0.379535 0.909824 0.167851
-0.204704 0.080206 9.943120 -0.448392 0.795671 0.407249
-0.208296 0.087987 10.204686 0.037371 0.832899 0.552161
-0.204704 0.089783 10.263943 0.381037 0.749376 -0.541523
-0.215478 0.082600 10.308235 0.387799 -0.844654 -0.369014
-0.214281 0.080206 10.328587 0.302367 -0.951128 0.062685
-0.215478 0.114922 9.794679 -0.379239 0.809561 -0.448095
-0.204704 0.117316 9.877279 -0.452509 0.781107 0.430241
-0.211887 0.104148 9.888053 -0.258046 0.793538 0.551099
-0.205901 0.113725 10.150218 -0.237754 0.497263 0.834388
-0.211488 0.112527 10.177352 -0.312128 0.660269 0.683096
-0.208296 0.104148 10.214862 0.299541 0.541630 0.785437
-0.215478 0.100556 10.229227 0.929355 -0.046843 -0.366204
-0.219069 0.116119 10.334572 0.263835 -0.568786 0.779021
-0.211887 0.105345 10.345345 -0.814487 -0.197006 0.545710
-0.213084 0.114922 10.369287 -0.236690 -0.362108 0.901585
-0.213084 0.111330 10.486604 -0.540099 0.758571 -0.364502
-0.214281 0.123301 9.818622 0.650079 -0.742409 -0.161946
-0.205901 0.130484 9.872491 0.405015 -0.540697 -0.737299
-0.206500 0.138265 9.890448 0.510004 0.106893 -0.853505
-0.203507 0.130484 10.160992 -0.016198 0.930772 0.365241
-0.205901 0.123301 10.192117 -0.126836 0.363060 0.923093
-0.202310 0.122104 10.293870 -0.378899 0.843145 0.381500
-0.210690 0.122104 10.301053 0.419404 -0.858868 -0.294017
-0.203507 0.137667 10.363302 0.988038 0.121884 0.094473
-0.203507 0.123301 10.396821 0.712339 0.484739 -0.507544
-0.209493 0.147243 9.822212 0.735666 -0.667000 0.117928
-0.213483 0.154825 9.850544 0.955494 -0.149748 -0.254179
-0.203507 0.144849 9.891046 -0.653467 0.427439 0.624721
-0.210690 0.158017 10.134656 -0.210537 0.443361 0.871266
-0.207098 0.147243 10.168774 0.554318 0.415788 -0.721008
-0.213084 0.147243 10.199299 -0.598166 0.688733 -0.409688
-0.213084 0.149638 10.210073 0.514031 -0.856787 0.041085
-0.209493 0.147842 10.245388 -0.621657 0.752133 0.218721
-0.204704 0.156820 10.262746 0.508475 -0.622053 -0.595402
-0.216077 0.147842 10.329185 0.815354 -0.525918 0.242092
-0.203507 0.166397 9.684546 0.336698 0.254053 0.906693
-0.203507 0.177171 9.797073 0.718744 -0.376461 -0.584538
-0.205901 0.168791 9.809045 0.927096 -0.359778 0.105135
-0.205901 0.174178 9.831789 0.766631 -0.605706 0.213066
-0.202310 0.173580 9.855731 0.819949 -0.499128 0.280277
-0.201113 0.177171 9.872491 -0.655195 -0.075773 0.751650
-0.219069 0.168791 9.883265 -0.242020 0.447551 0.860886
-0.202909 0.172981 9.905411 -0.418723 0.423823 0.803147
-0.213084 0.169988 10.169372 -0.524317 0.761686 0.380690
-0.209493 0.161609 10.205285 0.559034 -0.727056 0.398586
-0.210690 0.177171 10.380061 0.718827 -0.424557 0.550490
-0.219069 0.183156 9.697714 0.721795 0.069663 0.688593
-0.216675 0.190339 9.774328 0.664063 0.471508 0.580260
-0.202310 0.181959 9.782708 -0.133592 -0.425602 -0.894995
-0.209493 0.191536 9.825804 0.398752 0.890615 0.218635
-0.205901 0.193930 9.844957 0.762529 0.283345 0.581605
-0.210690 0.194529 9.862914 0.518522 0.798817 -0.305004
-0.211887 0.191536 9.892242 -0.427510 0.427061 0.796777
-0.211089 0.191935 10.154209 -0.366684 -0.078196 0.927054
-0.207098 0.196325 10.170568 -0.521183 0.831423 0.192623
-0.214281 0.181959 10.183737 0.828470 -0.193279 -0.525624
-0.201113 0.195127 10.216059 0.912563 0.191990 -0.361065
-0.203507 0.183156 10.366894 0.836134 -0.518608 0.178678
-0.201113 0.205901 9.708488 -0.131170 -0.596983 0.791458
-0.208296 0.208296 9.726444 0.923673 0.277929 0.263787
-0.211887 0.202310 9.776723 -0.506220 -0.352771 -0.786952
-0.214281 0.209493 9.807847 0.928291 0.293141 -0.228788
-0.209493 0.205901 9.822212 -0.642113 -0.745347 -0.179299
-0.214880 0.208894 9.855732 0.464243 -0.071150 0.882845
-0.213084 0.210690 9.874885 0.184708 -0.178042 -0.966532
-0.203747 0.213323 9.889490 0.306612 -0.384596 -0.870675
-0.205901 0.217872 10.107122 -0.228059 0.521908 0.821949
-0.202310 0.201113 10.217256 0.988614 -0.137032 -0.062164
-0.207098 0.205901 10.393229 -0.698966 0.641027 -0.317066
-0.205901 0.213084 10.435128 0.356412 -0.902941 -0.240140
-0.210690 0.235829 9.716867 -0.667350 -0.210525 -0.714369
-0.216675 0.233435 9.768343 -0.193047 0.678473 0.708807
-0.206500 0.226252 9.790789 0.079266 -0.960952 0.265120
-0.219069 0.221464 9.815030 0.748079 0.528317 0.401571
-0.207098 0.226252 9.871892 -0.173892 0.358697 0.917114
-0.215478 0.231040 10.120291 -0.353162 0.602855 0.715432
-0.219069 0.221464 10.199299 0.966927 -0.040983 -0.251739
-0.201113 0.226252 10.211270 0.912199 0.405822 -0.056589
-0.204704 0.222661 10.310630 0.761088 -0.639401 -0.109141
-0.208296 0.251391 9.752182 0.284644 -0.796576 -0.533333
-0.208296 0.248997 9.770737 0.749824 -0.622335 0.224639
-0.202310 0.258574 9.801862 -0.605392 0.794427 -0.048856
-0.202310 0.240617 9.823410 0.151841 -0.656586 0.738809
-0.214880 0.249596 9.849148 0.540200 -0.643059 -0.542826
-0.211887 0.243011 9.872491 0.333676 -0.444053 -0.831551
-0.203507 0.240617 10.236409 0.640462 -0.324494 -0.696069
-0.203507 0.260968 9.721656 -0.495170 0.867556 0.046404
-0.205901 0.265756 9.758766 -0.731580 0.647180 0.214354
-0.202709 0.270146 9.811040 0.242620 -0.526254 0.814980
-0.212286 0.266155 9.836179 0.645691 -0.575763 -0.501577
-0.209493 0.262165 9.849746 -0.427661 0.577883 0.695095
-0.201113 0.262165 10.089166 -0.088930 0.479725 0.872901
-0.205901 0.272939 10.143036 0.725541 -0.639286 0.254762
-0.216675 0.260968 10.162189 0.934399 -0.353269 -0.045812
-0.214281 0.281319 9.568427 0.414710 -0.856211 0.308089
-0.213084 0.286107 9.757569 -0.559254 0.815033 -0.151513
-0.207098 0.283713 9.811439 -0.433309 0.887104 0.159026
-0.201113 0.290895 9.837775 0.441677 -0.712446 -0.545292
-0.201113 0.308852 10.060435 0.090972 0.440295 0.893233
-0.207098 0.325611 10.152613 0.543633 -0.831014 -0.117807
-0.186748 0.029928 10.219650 -0.209974 0.964554 0.159832
-0.191536 0.053870 9.764751 -0.439086 0.897595 0.039077
-0.195726 0.062249 10.324995 0.325682 -0.884799 -0.333259
-0.181959 0.063446 10.342952 0.280207 -0.959255 0.036245
-0.198719 0.080206 10.206482 -0.004092 0.527085 0.849803
-0.198719 0.083797 10.558430 -0.338462 0.940875 0.014095
-0.190339 0.112527 9.908403 -0.476030 0.674503 0.564306
-0.184354 0.112527 9.920375 0.427667 -0.688167 -0.586112
-0.196325 0.114922 10.158598 -0.305905 0.774085 0.554269
-0.183156 0.108936 10.176554 0.119896 -0.616034 -0.778542
-0.185152 0.110931 10.212467 0.122332 0.356988 0.926064
-0.181959 0.110133 10.268731 0.490288 -0.136762 -0.860763
-0.197522 0.111330 10.295067 -0.367309 0.795672 0.481654
-0.192733 0.108936 10.327389 0.976942 -0.181396 0.112603
-0.184354 0.111330 10.371682 0.905853 -0.057957 -0.419607
-0.180762 0.117316 10.387244 0.701989 0.349210 -0.620696
-0.184952 0.131681 9.876680 -0.603942 0.458203 0.652153
-0.180762 0.138864 9.932345 -0.366690 0.443754 0.817693
-0.186748 0.130085 10.150617 -0.255904 0.620586 0.741206
-0.191536 0.128090 10.181343 0.178283 0.469125 -0.864949
-0.195127 0.134075 10.254366 -0.474358 0.657046 0.585897
-0.197522 0.135272 10.278308 -0.455248 0.286719 0.842936
-0.190339 0.129287 10.339360 0.979601 -0.023484 0.199575
-0.196325 0.122104 10.426748 0.753680 0.560858 -0.342644
-0.180762 0.141258 9.789890 0.051907 -0.360098 0.931469
-0.195127 0.142455 9.800665 -0.628631 0.638713 -0.443699
-0.188543 0.159214 9.837774 -0.505292 0.826737 0.247357
-0.198719 0.156820 9.859323 -0.255169 0.414109 0.873729
-0.188344 0.151633 9.869299 -0.432980 0.403931 0.805834
-0.195127 0.158616 9.889849 -0.665525 0.284700 0.689943
-0.192733 0.156820 9.908403 -0.501410 0.251544 0.827837
-0.184354 0.140061 10.177752 -0.200774 0.568278 -0.797966
-0.192733 0.154426 10.195708 0.027344 -0.619946 0.784168
-0.192733 0.146046 10.248381 0.346230 -0.863867 -0.365866
-0.186748 0.158017 10.268731 -0.401073 0.626602 0.668214
-0.190938 0.152032 10.287287 -0.412732 0.910852 -0.000024
-0.195127 0.161609 9.725247 -0.038427 0.972796 0.228452
-0.186748 0.173580 9.782708 0.136406 0.408498 0.902509
-0.180762 0.171185 9.811439 0.850761 -0.411828 0.326502
-0.196325 0.173580 9.853337 -0.426341 0.783422 0.452198
-0.197522 0.176572 9.862914 -0.080137 0.933322 0.349984
-0.188543 0.177171 9.891046 0.678522 -0.234626 -0.696102
-0.197522 0.167594 9.912594 -0.225796 0.380500 0.896792
-0.183156 0.161609 10.134656 -0.120491 0.520119 0.845552
-0.195127 0.178368 10.155006 -0.314728 0.765693 0.560946
-0.198719 0.160412 10.178948 -0.241147 0.543651 0.803922
-0.190738 0.170387 10.193314 -0.348747 -0.587122 0.730523
-0.196325 0.161609 10.202890 -0.005595 -0.528725 0.848775
-0.189740 0.174178 10.229826 -0.551642 0.830562 -0.076533
-0.187945 0.169988 10.241198 -0.568752 0.665552 0.483282
-0.193930 0.178368 10.275913 0.893175 -0.359220 -0.270553
-0.183156 0.164003 10.289082 0.524599 -0.796906 0.299560
-0.185551 0.175974 10.327389 0.911851 -0.288315 0.292237
-0.198719 0.165200 10.340557 0.865624 -0.398692 0.302885
-0.186748 0.175974 10.424355 0.661145 0.468054 -0.586355
-0.183156 0.192135 9.694721 0.063378 -0.329904 0.941885
-0.195127 0.181959 9.712079 -0.689908 0.099049 -0.717089
-0.191536 0.190738 9.809443 -0.112891 -0.908546 0.402243
-0.190938 0.197522 9.829994 0.949850 -0.310688 0.035468
-0.194529 0.196923 9.862913 0.000372 0.970014 0.243048
-0.192135 0.190938 9.894039 0.388602 -0.440567 -0.809253
-0.190339 0.185551 10.134656 -0.114257 0.529827 0.840374
-0.184753 0.188344 10.146228 -0.662094 0.157144 -0.732760
-0.186149 0.181361 10.192715 0.315269 0.779977 -0.540593
-0.186748 0.185551 10.223241 0.495130 0.662491 -0.562096
-0.191536 0.198719 10.250774 0.779558 -0.247472 -0.575366
-0.183755 0.189740 10.322601 0.696755 -0.586993 0.412276
-0.181959 0.192733 10.350134 0.739142 -0.488736 0.463472
-0.192733 0.189142 10.389638 0.807213 -0.480703 0.342536
-0.191536 0.202310 9.661801 -0.691263 -0.186891 -0.698016
-0.199916 0.219069 9.682152 0.775483 0.146079 0.614237
-0.180762 0.210690 9.736021 0.172165 0.927952 -0.330552
-0.183156 0.211887 9.756371 -0.160360 0.937301 0.309437
-0.187945 0.209493 9.767146 0.097799 0.861019 0.499081
-0.185850 0.202609 9.784204 -0.064096 0.492557 0.867917
-0.192733 0.211089 9.811837 0.367288 -0.925561 -0.091852
-0.190938 0.208595 9.830294 -0.467867 0.833758 0.293169
-0.183156 0.203507 9.848549 -0.247620 0.761532 0.598960
-0.188244 0.205004 9.868002 0.312062 -0.359574 -0.879388
-0.188543 0.214281 9.889849 -0.352014 0.373766 0.858129
-0.198719 0.214281 10.190920 0.946797 -0.182228 0.265270
-0.195127 0.207098 10.201694 0.980747 -0.039746 0.191194
-0.196923 0.204704 10.248980 0.701072 -0.283779 -0.654193
-0.193930 0.207098 10.338163 0.751443 -0.629623 0.197252
-0.193930 0.202310 10.457873 -0.374743 0.820085 0.432468
-0.190339 0.239420 9.725247 0.667400 0.138920 0.731627
-0.189541 0.230242 9.769540 -0.031126 0.353195 0.935032
-0.188344 0.230641 9.791486 -0.060542 -0.986552 0.151823
-0.187945 0.231040 9.811439 -0.383409 0.062037 -0.921493
-0.190339 0.232238 9.822212 0.735709 0.110971 -0.668144
-0.190539 0.230841 9.852139 -0.411804 0.181763 -0.892961
-0.187945 0.230741 9.873089 -0.249350 0.367752 0.895870
-0.186748 0.237026 10.095152 -0.168336 0.618459 0.767575
-0.199916 0.237026 10.127473 0.642907 -0.579472 -0.500882
-0.183156 0.225055 10.165780 0.913324 -0.364253 0.182093
-0.199916 0.220267 10.222044 0.890924 0.101890 -0.442574
-0.192135 0.235230 10.247782 0.758074 -0.168209 -0.630103
-0.193930 0.225055 10.262746 -0.737784 -0.089640 0.669058
-0.198719 0.244209 9.716867 0.768095 -0.037271 0.639250
-0.193332 0.253187 9.728838 0.317270 -0.896599 -0.308950
-0.195726 0.247201 9.751583 0.807334 -0.387449 -0.445079
-0.185551 0.250194 9.854534 -0.175991 0.732203 0.657956
-0.191776 0.252588 9.871294 -0.166364 0.552111 0.817005
-0.191536 0.245406 10.104729 -0.137340 0.782062 0.607879
-0.181959 0.253785 10.153810 -0.283363 0.737043 0.613574
-0.184354 0.244209 10.223241 0.710181 -0.424249 -0.561832
-0.181959 0.268151 9.670180 -0.671492 0.668016 -0.320707
-0.189142 0.270545 9.689334 -0.609481 0.737389 -0.291188
-0.192334 0.275333 9.712479 0.682031 -0.721597 0.118880
-0.183156 0.268151 9.749189 0.904431 -0.312108 0.290849
-0.185551 0.264559 9.761160 0.931565 -0.120449 -0.343042
-0.190339 0.278924 9.795877 0.992567 0.096748 -0.073833
-0.190339 0.272141 9.814631 0.695670 -0.255693 0.671315
-0.184354 0.268151 9.829395 0.270356 -0.028866 -0.962328
-0.189541 0.268151 9.847352 -0.325638 0.561603 0.760632
-0.199916 0.264559 10.077195 -0.136833 0.577332 0.804963
-0.191536 0.260968 10.104729 -0.230920 0.704166 0.671435
-0.199916 0.265756 10.129868 0.395083 -0.905462 -0.155075
-0.189142 0.266953 10.180145 0.672830 -0.734227 -0.090612
-0.189142 0.265756 10.200497 0.697292 -0.713554 -0.067997
-0.187945 0.284910 9.700109 0.654956 -0.701041 0.282090
-0.183156 0.280122 9.722853 0.719590 -0.678805 -0.146336
-0.180762 0.298078 9.768343 0.897180 -0.412943 -0.156674
-0.192733 0.295684 9.821015 -0.300681 0.951156 -0.069948
-0.184354 0.289698 10.201694 -0.661662 0.584493 0.469649
-0.186748 0.307655 9.721656 -0.514606 0.827371 -0.225029
-0.191536 0.306458 9.740809 0.609881 -0.784552 0.111907
-0.189740 0.304662 9.764751 0.657708 -0.752157 -0.040987
-0.186748 0.311246 9.805453 -0.574447 0.816242 -0.061310
-0.190339 0.300472 9.828796 0.320154 -0.910256 -0.262555
-0.183156 0.302867 9.844957 0.481197 -0.595103 -0.643663
-0.183156 0.322020 10.067618 -0.220701 0.591251 0.775702
-0.175974 0.077812 10.284293 -0.364195 0.909608 0.199938
-0.165200 0.071826 10.320207 -0.568337 0.812802 0.127851
-0.164003 0.076614 10.370484 -0.334764 -0.664261 0.668349
-0.179565 0.093374 10.184934 -0.128974 0.714504 0.687640
-0.162806 0.084994 10.225636 0.337559 -0.939406 -0.059762
-0.179565 0.090980 10.240001 -0.277541 0.957635 -0.076855
-0.172383 0.095768 10.293870 -0.618860 0.760057 0.198308
-0.178368 0.093374 10.334572 0.062747 0.880830 0.469256
-0.162806 0.089783 10.340557 0.711890 -0.685490 0.152696
-0.173580 0.088585 10.371682 -0.267714 -0.781631 0.563367
-0.177171 0.087388 10.380061 -0.267714 -0.781631 0.563367
-0.171185 0.114922 9.876082 0.527430 -0.788832 -0.315533
-0.165200 0.118513 10.211270 0.613530 -0.323106 -0.720544
-0.165200 0.111330 10.279505 -0.338461 0.851497 -0.400495
-0.165200 0.119710 10.287885 -0.019281 0.057560 0.998156
-0.160412 0.106542 10.316615 -0.480705 0.671737 0.563642
-0.160412 0.125696 9.792285 -0.095418 0.977256 0.189386
-0.173580 0.136469 9.855731 -0.253408 0.831660 0.494091
-0.173580 0.126893 9.896433 -0.646031 0.614842 0.452343
-0.173580 0.132878 10.199299 -0.321487 -0.185088 0.928649
-0.162806 0.126893 10.205285 0.699580 -0.122989 -0.703890
-0.179565 0.136469 10.274716 0.188205 -0.506132 -0.841671
-0.171185 0.137667 10.284293 -0.309882 0.632512 0.709861
-0.172383 0.125696 10.328587 -0.762809 0.300829 -0.572384
-0.164003 0.146046 9.720459 0.248915 -0.794327 -0.554154
-0.163404 0.156222 9.893440 -0.342373 0.041602 0.938643
-0.173580 0.154426 9.917980 0.303372 -0.334482 -0.892237
-0.179565 0.147243 9.929952 -0.369200 0.453648 0.811107
-0.162207 0.146046 10.151415 -0.212005 0.563270 0.798612
-0.175575 0.149239 10.193314 0.042336 -0.402248 0.914552
-0.172981 0.146645 10.265738 0.036961 0.556587 0.829967
-0.179565 0.140061 10.315418 0.848346 -0.069961 0.524799
-0.175974 0.147243 10.360908 0.970876 0.012999 -0.239228
-0.162806 0.148441 10.453085 0.617431 0.531822 -0.579607
-0.173280 0.169390 9.791387 -0.059053 0.285850 0.956453
-0.162806 0.174777 9.844358 0.051239 0.428097 0.902279
-0.170786 0.174777 9.875683 0.400914 -0.818137 -0.412214
-0.165798 0.169988 9.894039 -0.137168 0.447385 0.883760
-0.175974 0.166397 9.913192 -0.406463 0.445978 0.797428
-0.173879 0.168791 10.132261 -0.108723 0.430886 0.895833
-0.174178 0.169988 10.156802 0.304633 0.474401 0.825919
-0.161609 0.178368 10.164583 0.820867 0.467108 -0.328614
-0.175974 0.168791 10.195708 -0.119583 0.778672 -0.615930
-0.160412 0.166397 10.207679 -0.255631 -0.269333 0.928500
-0.160412 0.160412 10.235212 -0.475157 -0.716001 -0.511437
-0.179565 0.166397 10.284293 0.966125 -0.145251 -0.213317
-0.161609 0.165200 10.302250 0.717789 -0.568277 0.402294
-0.173580 0.160412 10.341754 0.881600 -0.237891 0.407663
-0.171185 0.193930 9.734824 -0.035930 -0.872279 0.487687
-0.169988 0.192135 9.790489 0.282550 -0.840895 -0.461585
-0.170786 0.191337 9.814232 0.040236 -0.999129 -0.011099
-0.170786 0.191536 9.826602 -0.152990 0.949730 0.273142
-0.165998 0.192334 9.854135 0.027757 0.966327 0.255814
-0.163205 0.189940 9.872092 0.057196 0.927204 0.370164
-0.171185 0.197522 9.890448 -0.255845 0.231824 0.938510
-0.168791 0.189541 9.906407 -0.104168 0.291048 0.951021
-0.164601 0.187945 10.131065 -0.214113 0.399882 0.891207
-0.173580 0.189142 10.149021 0.163987 -0.129352 0.977945
-0.164003 0.180762 10.198102 0.194798 -0.437203 0.878013
-0.175974 0.186748 10.212467 0.230133 -0.117988 -0.965980
-0.162806 0.196325 10.226832 0.601067 -0.388032 0.698677
-0.164003 0.195127 10.251971 0.340911 -0.011661 -0.940023
-0.162806 0.189142 10.319010 -0.651839 0.574673 -0.494830
-0.173580 0.193930 10.352529 -0.627872 0.592657 -0.504514
-0.168791 0.190339 10.384850 -0.583292 0.810106 -0.059147
-0.166397 0.190339 10.479421 0.444492 -0.374034 -0.813957
-0.165200 0.201113 9.694122 0.052274 -0.253413 0.965945
-0.168791 0.201113 9.716867 -0.289954 0.856207 -0.427593
-0.173580 0.210690 9.725247 0.184903 0.777268 -0.601386
-0.166397 0.211887 9.769540 0.275438 0.802496 0.529277
-0.170387 0.209493 9.789492 -0.034213 0.450465 0.892138
-0.166397 0.207098 9.806051 0.790549 0.547831 0.273702
-0.169190 0.207098 9.830592 0.614639 -0.017193 -0.788621
-0.172183 0.212685 9.850345 0.477228 0.059803 -0.876742
-0.166636 0.211887 9.864590 0.846393 0.491102 0.206004
-0.171784 0.202909 9.890747 -0.257507 0.456275 0.851765
-0.179565 0.204704 10.113108 -0.102329 0.355636 0.929006
-0.172782 0.216675 10.131863 0.702706 -0.322356 -0.634264
-0.171784 0.211887 10.145430 0.988988 0.113654 0.094794
-0.178368 0.209493 10.166978 0.851728 -0.492458 0.179008
-0.160412 0.207098 10.189722 -0.089583 0.745597 0.660349
-0.170288 0.210091 10.244490 -0.255691 -0.346427 0.902558
-0.161609 0.214281 10.321404 -0.640336 0.452737 -0.620484
-0.172383 0.219069 10.360908 -0.673959 0.713337 -0.192172
-0.177171 0.235829 9.752781 0.753822 0.632560 0.177822
-0.171983 0.235829 9.766747 -0.117795 0.093791 0.988599
-0.171185 0.223459 9.789491 0.712841 -0.666937 -0.216915
-0.167794 0.231839 9.811040 0.196992 -0.485234 -0.851905
-0.167993 0.229045 9.835780 -0.113057 -0.680940 0.723560
-0.163704 0.229245 9.847052 0.874826 -0.476027 -0.089878
-0.166397 0.235829 9.870096 -0.204437 0.533235 0.820893
-0.168791 0.225654 9.894038 0.360321 -0.367282 -0.857481
-0.169390 0.232238 10.111911 0.330735 -0.722599 -0.607013
-0.173580 0.228048 10.123882 -0.330010 0.601311 0.727680
-0.169390 0.231040 10.156204 -0.339261 0.819642 0.461616
-0.177171 0.220267 10.170568 0.684926 -0.077534 0.724475
-0.171185 0.230442 10.189722 0.357740 0.871606 0.335150
-0.168791 0.234632 10.236409 -0.262303 0.830885 0.490742
-0.173580 0.229843 10.251971 -0.409730 0.129287 0.902998
-0.175974 0.225055 10.380061 0.525424 -0.849559 -0.046674
-0.160412 0.222661 10.437522 0.510473 -0.758609 -0.404882
-0.165200 0.247800 9.726444 -0.309548 0.033347 0.950299
-0.162806 0.254982 9.759963 -0.378727 -0.883596 -0.275360
-0.175974 0.256180 9.768343 0.406379 0.130877 -0.904283
-0.166796 0.250992 9.790689 0.976508 0.197452 0.086287
-0.167295 0.250493 9.816227 0.947854 -0.312620 -0.061976
-0.170587 0.240617 9.827600 0.642744 0.291698 0.708373
-0.172861 0.249236 9.852618 0.657318 0.031919 -0.752937
-0.168392 0.251790 9.875284 0.124638 -0.452131 -0.883201
-0.165200 0.243011 10.119094 0.323698 -0.870525 -0.370682
-0.173580 0.241814 10.126276 -0.287284 0.884952 0.366509
-0.169390 0.242413 10.148422 -0.304894 0.816025 0.491063
-0.177171 0.247800 10.160992 -0.617766 -0.786318 -0.008328
-0.164003 0.251391 10.183737 0.357648 0.859092 -0.366128
-0.174777 0.254982 10.200497 0.308499 -0.723152 0.617964
-0.166397 0.240617 10.328587 0.669684 -0.739372 0.069664
-0.161609 0.278924 9.661801 -0.241687 0.953521 -0.179959
-0.179565 0.268151 9.692925 -0.151119 0.948959 0.276838
-0.162806 0.269348 9.712079 -0.029552 0.943386 0.330377
-0.166397 0.270545 9.722853 -0.089943 0.879764 0.466826
-0.174777 0.271742 9.759963 0.896721 -0.402043 0.185075
-0.172143 0.268869 9.771456 0.540178 0.102404 -0.835297
-0.164801 0.266155 9.790290 -0.476436 0.879208 -0.001270
-0.171356 0.266440 9.806822 -0.487035 -0.156381 -0.859268
-0.169988 0.271742 9.831789 -0.424103 -0.653287 -0.627178
-0.165200 0.262764 9.850943 -0.481617 0.645089 0.593215
-0.164601 0.260968 9.871294 -0.268718 0.531281 0.803450
-0.164003 0.275333 10.119094 -0.479112 0.820416 0.312040
-0.164003 0.263362 10.223241 -0.282893 0.909758 0.303830
-0.175974 0.284910 9.685743 -0.491314 0.854409 -0.169100
-0.162806 0.280122 9.712079 0.002226 -0.999433 0.033583
-0.165200 0.287304 9.737218 0.674299 0.718911 -0.168785
-0.162207 0.281917 9.777321 0.319224 -0.934085 -0.159944
-0.165499 0.288801 9.788692 0.366405 -0.930272 0.018477
-0.167195 0.288102 9.810242 -0.302269 -0.935349 -0.183727
-0.174777 0.284311 9.849746 0.241223 -0.728615 -0.641039
-0.161609 0.292093 10.078392 0.252459 -0.528671 -0.810414
-0.161609 0.288501 10.127473 -0.550503 0.831200 0.077803
-0.173580 0.286107 10.237606 0.562600 -0.726386 -0.394770
-0.160412 0.314838 9.733627 0.384215 -0.893628 0.231966
-0.169988 0.305261 9.763555 -0.332098 0.910484 0.246434
-0.177171 0.305261 9.780313 -0.219646 0.975548 0.007829
-0.164003 0.306458 9.812635 0.473338 -0.864685 0.168140
-0.160412 0.310049 10.160992 -0.332128 0.927418 -0.172007
-0.152032 0.074220 10.184934 0.429546 -0.497153 -0.753876
-0.149638 0.069432 10.207679 0.371461 -0.441794 -0.816599
-0.155623 0.093374 10.198102 -0.327633 0.500509 0.801341
-0.156820 0.083797 10.223241 -0.343086 0.910561 0.230589
-0.158017 0.080206 10.268731 -0.435712 0.804831 -0.402992
-0.146046 0.096965 10.417171 0.305986 0.752949 -0.582615
-0.154426 0.113725 9.921572 0.496080 -0.607233 -0.620623
-0.148441 0.118513 9.952697 -0.227723 0.475805 0.849559
-0.156820 0.108936 9.961076 -0.256924 0.539683 0.801706
-0.150037 0.113725 10.197703 0.599836 -0.308263 -0.738357
-0.158017 0.110133 10.204087 0.468906 -0.359019 -0.806989
-0.147243 0.113725 10.292673 -0.391062 0.514837 0.762898
-0.149638 0.116119 10.404003 0.205844 -0.905993 0.369871
-0.143054 0.134674 9.898228 0.553144 -0.829416 0.078109
-0.143652 0.136469 9.932345 -0.341293 0.679132 0.649845
-0.158017 0.131681 10.163386 -0.342795 0.604219 0.719313
-0.140061 0.134075 10.219650 0.622379 0.162817 -0.765594
-0.156421 0.132878 10.232818 0.494714 -0.812337 0.308815
-0.146046 0.138864 10.285490 -0.038145 0.292143 0.955614
-0.154426 0.131681 10.309433 -0.259987 0.813562 0.520119
-0.147243 0.125696 10.399215 0.487344 -0.871448 0.055453
-0.152032 0.144849 9.747993 -0.404358 0.813523 0.417942
-0.156820 0.142455 9.798270 -0.195454 -0.947835 -0.251808
-0.152032 0.144849 9.840169 -0.675501 0.377440 -0.633433
-0.156820 0.144849 9.903615 -0.397017 0.416229 0.818004
-0.145647 0.152431 9.929553 0.326651 -0.467967 -0.821162
-0.156022 0.151633 10.154607 -0.204768 0.749969 0.628981
-0.156820 0.149638 10.170568 0.699884 -0.712809 0.045450
-0.149638 0.153229 10.189484 0.944393 -0.327978 -0.023481
-0.141258 0.155623 10.211270 -0.697145 0.376062 0.610382
-0.146645 0.159214 10.223242 0.727703 0.094403 -0.679364
-0.147243 0.154426 10.253169 0.310672 0.878364 0.363262
-0.156820 0.141258 10.265140 -0.033345 0.942665 0.332070
-0.149638 0.148441 10.396821 0.799975 -0.023374 -0.599578
-0.159214 0.173580 9.697714 -0.499362 0.393030 0.772117
-0.152630 0.168791 9.768942 0.255845 0.265866 0.929440
-0.155623 0.177171 9.793482 -0.151349 0.624988 0.765822
-0.152032 0.169988 9.832388 0.907434 -0.357008 -0.221605
-0.148441 0.169390 9.852140 0.799889 -0.567024 0.196625
-0.154426 0.166397 9.874885 0.731149 0.679316 0.062858
-0.151633 0.169190 9.891644 0.719071 0.469174 0.512652
-0.148041 0.166397 9.907605 0.162544 -0.539256 -0.826307
-0.154027 0.175176 9.927158 0.177909 -0.434980 -0.882689
-0.149638 0.177171 10.137050 0.228090 -0.422993 -0.876956
-0.147243 0.164003 10.165780 -0.275404 0.953171 0.124970
-0.146046 0.176572 10.196306 0.999981 0.001549 0.006042
-0.151074 0.168791 10.209116 -0.329966 0.254393 0.909069
-0.144251 0.168193 10.225037 0.759182 -0.053408 -0.648684
-0.159214 0.168791 10.266336 -0.357509 0.821126 0.444904
-0.146645 0.172383 10.281899 0.766969 -0.622859 0.154288
-0.153229 0.197522 9.700109 -0.562043 0.763271 -0.318629
-0.140061 0.199916 9.775525 -0.542544 -0.413062 -0.731455
-0.150835 0.198719 9.813833 0.728499 -0.661036 -0.179779
-0.143652 0.191835 9.836279 0.706492 -0.612781 -0.354075
-0.152032 0.189142 9.847351 0.092293 0.770954 0.630168
-0.147243 0.193332 9.867702 0.934787 0.338193 -0.108619
-0.150436 0.190339 9.893640 -0.276352 0.272721 0.921549
-0.148201 0.196564 9.911276 -0.340305 0.262880 0.902822
-0.143054 0.194529 10.125079 -0.274202 0.481437 0.832485
-0.146844 0.192733 10.155805 0.557647 0.150286 -0.816360
-0.147243 0.190738 10.172165 0.959866 -0.225329 0.166985
-0.150835 0.180762 10.195708 0.912582 -0.405774 0.050410
-0.150835 0.189740 10.205883 0.906048 -0.340431 0.251365
-0.147243 0.195127 10.220847 0.940942 -0.309305 -0.137690
-0.153229 0.185551 10.242394 -0.675499 -0.273825 0.684632
-0.147243 0.199916 10.269928 0.897347 0.121103 -0.424385
-0.150037 0.197123 10.310630 0.578564 -0.621325 0.528412
-0.144251 0.208894 9.708488 0.381473 -0.731305 0.565395
-0.146445 0.212286 9.755574 -0.197024 0.920581 0.337212
-0.156421 0.212685 9.768742 0.055439 0.875685 0.479690
-0.150835 0.201113 9.783905 -0.135722 0.545682 0.826928
-0.156022 0.210291 9.812237 -0.485139 -0.816160 0.313884
-0.148840 0.208296 9.834582 -0.226723 0.968227 -0.105512
-0.150037 0.212286 9.846953 -0.133631 0.834635 -0.534347
-0.150595 0.210690 9.870337 0.557536 -0.804486 0.204832
-0.149638 0.210690 9.889490 -0.116805 0.398430 0.909731
-0.148740 0.212037 9.905412 -0.360485 0.534184 0.764655
-0.147642 0.207098 10.144233 -0.097078 0.033349 0.994718
-0.140061 0.214281 10.174160 -0.034256 -0.891408 0.451905
-0.149338 0.211588 10.191518 0.925560 -0.347502 -0.150272
-0.143951 0.210390 10.205584 0.827823 -0.495000 -0.263978
-0.143652 0.219069 10.230424 0.879705 -0.390381 0.271517
-0.143652 0.214281 10.245986 -0.341750 0.871565 -0.351540
-0.140061 0.207098 10.271125 0.907898 0.115679 -0.402914
-0.142455 0.210690 10.324995 -0.485174 0.822198 -0.297654
-0.155623 0.211887 10.356119 -0.506226 0.761894 -0.404046
-0.147243 0.231040 9.639056 0.150750 0.543584 0.825706
-0.148441 0.225055 9.718064 -0.531389 0.583918 -0.613731
-0.145248 0.234233 9.731233 0.441680 -0.737339 0.511126
-0.141258 0.232836 9.753977 0.018903 0.834273 0.551028
-0.150037 0.234233 9.770737 0.508637 0.453389 0.731934
-0.156022 0.233435 9.787896 0.677089 0.132811 -0.723818
-0.146217 0.228304 9.812123 0.432973 0.724562 0.536232
-0.149638 0.229330 9.831619 0.975108 -0.220412 0.024122
-0.149638 0.227449 9.849985 0.900506 -0.062991 -0.430258
-0.148440 0.230242 9.874486 0.658185 0.752614 0.019126
-0.150702 0.227582 9.889915 0.174529 -0.518799 -0.836891
-0.145248 0.230242 10.106724 -0.346164 0.487048 0.801844
-0.144251 0.232836 10.132860 -0.199203 0.331504 0.922184
-0.149638 0.231519 10.151176 -0.251259 0.542207 0.801798
-0.156820 0.221464 10.168175 0.811211 0.283230 -0.511583
-0.143652 0.223858 10.226832 0.818714 -0.384634 0.426338
-0.148441 0.220267 10.261548 0.898833 0.076626 -0.431541
-0.155623 0.231639 10.286688 0.946891 -0.187542 -0.261199
-0.157419 0.229245 10.344748 -0.532031 0.692500 -0.487224
-0.155623 0.250194 9.642648 -0.515747 -0.160248 -0.841621
-0.142455 0.247800 9.704897 0.485786 0.320588 0.813164
-0.147642 0.244209 9.728040 0.899933 -0.411290 0.144778
-0.140659 0.257377 9.746796 0.168750 -0.335462 0.926817
-0.144849 0.257377 9.765948 0.255846 -0.666216 0.700499
-0.142455 0.248199 9.790290 0.404412 -0.369326 0.836690
-0.148441 0.249396 9.808646 -0.822816 0.547678 0.151733
-0.148041 0.248797 9.829595 -0.471074 0.227534 -0.852243
-0.150087 0.249745 9.845705 0.918441 0.376322 0.121851
-0.145747 0.247501 9.871593 -0.311105 0.502951 0.806383
-0.144849 0.249895 10.093057 0.304716 -0.516870 -0.799996
-0.144450 0.247800 10.102733 -0.590273 0.663309 0.459999
-0.146246 0.254783 10.127872 0.928748 -0.311924 -0.200326
-0.153628 0.247401 10.147026 0.776066 -0.489502 -0.397629
-0.140061 0.250194 10.175357 0.575087 -0.583502 -0.573411
-0.144849 0.246603 10.208876 -0.133593 -0.039707 0.990241
-0.149638 0.240617 10.274716 0.740219 0.053944 -0.670199
-0.143652 0.253785 10.380061 -0.693269 0.471011 0.545460
-0.147243 0.278924 9.633071 -0.316289 0.833772 -0.452533
-0.149638 0.268949 9.650229 -0.135746 0.990637 -0.014520
-0.150835 0.274136 9.682152 -0.003224 -0.999979 -0.005619
-0.148441 0.260968 9.734824 -0.584223 -0.670660 -0.457055
-0.159214 0.274136 9.757569 0.603602 0.797150 -0.014720
-0.156820 0.278924 9.797073 -0.533109 -0.843574 0.064639
-0.144849 0.277727 9.807847 0.821045 -0.003577 -0.570852
-0.151633 0.268550 9.824607 -0.094497 0.953251 0.287025
-0.148141 0.269946 9.845556 0.718161 -0.676784 -0.161891
-0.150508 0.268477 9.870097 -0.378336 0.499924 0.779062
-0.149638 0.264958 10.091162 -0.244627 0.506688 0.826695
-0.154426 0.260968 10.116699 0.881496 -0.418436 -0.218806
-0.152032 0.264559 10.126276 0.968612 -0.237130 0.074564
-0.144849 0.262165 10.144233 -0.209552 0.660434 0.721051
-0.148441 0.278924 10.160992 0.578954 -0.815283 -0.011240
-0.147243 0.265756 10.253169 0.723025 -0.638339 -0.264117
-0.155623 0.265756 10.272323 0.444112 -0.796713 -0.409894
-0.143652 0.265756 10.329783 -0.522742 0.811773 0.260317
-0.150236 0.290297 9.636662 -0.370774 0.818812 -0.438261
-0.144849 0.295684 9.677363 -0.172952 0.978087 0.115904
-0.149039 0.285509 9.707890 -0.035021 0.972893 -0.228590
-0.156820 0.292093 9.728839 -0.197659 -0.620117 0.759200
-0.149039 0.293290 9.749788 0.294979 -0.077974 0.952317
-0.151433 0.292990 9.772832 -0.178323 -0.978861 -0.100159
-0.140061 0.283713 9.793482 0.259093 -0.039771 0.965033
-0.146645 0.289698 9.801264 -0.642531 0.699217 0.313448
-0.146046 0.284910 9.834184 0.458874 -0.818395 -0.345924
-0.150436 0.286506 9.850144 0.461891 -0.681140 -0.568072
-0.147642 0.285309 9.871293 -0.347329 0.582519 0.734870
-0.153229 0.287304 10.096349 -0.240628 0.690197 0.682441
-0.140061 0.281319 10.104729 -0.358690 0.690039 0.628639
-0.149638 0.284910 10.141838 0.734032 -0.679090 -0.005830
-0.142455 0.286107 10.202890 -0.206908 0.976822 0.054848
-0.156820 0.310049 9.740809 -0.174938 0.948665 -0.263499
-0.142455 0.300472 9.827001 -0.466138 0.817088 0.339238
-0.150835 0.307056 9.846154 -0.264486 0.768439 0.582708
-0.150835 0.310049 10.073604 0.281953 -0.539298 -0.793511
-0.153229 0.317232 10.089166 0.331471 -0.642733 -0.690667
-0.148441 0.338780 9.829395 -0.361456 0.932382 0.003785
-0.143652 0.332794 10.225636 -0.795994 0.557912 0.234792
-0.148441 0.348356 10.064027 -0.369722 0.404110 0.836660
-0.125000 -0.000000 -0.023284 -0.159580 0.107335 -0.981333
-0.125000 -0.005760 -0.000000 -0.113298 0.074845 -0.990738
-0.125301 -0.000480 0.000000 -0.113298 0.074845 -0.990738
-0.125724 0.000000 -0.000000 -0.113298 0.074845 -0.990738
-0.120907 0.090980 10.237606 0.552617 -0.785345 -0.279010
-0.130484 0.094571 10.242394 0.584301 -0.811320 0.018760
-0.134674 0.086191 10.334572 -0.479072 0.872060 0.100007
-0.137667 0.088585 10.582372 -0.484810 0.858128 0.169042
-0.134075 0.114922 10.231621 -0.185934 -0.191331 0.963754
-0.122104 0.101754 10.273520 -0.498975 0.773567 -0.390664
-0.124498 0.129287 9.801862 0.050435 -0.967007 -0.249707
-0.132878 0.129287 10.225636 -0.444780 -0.278529 0.851230
-0.130484 0.130484 10.251972 0.918749 0.179862 0.351497
-0.128090 0.124498 10.296265 0.665162 -0.581958 -0.467851
-0.138864 0.136469 10.449493 -0.381750 0.866751 -0.320950
-0.128090 0.128090 10.514136 0.608702 -0.793151 -0.019822
-0.134075 0.154426 9.819818 -0.662997 -0.391604 0.638029
-0.131681 0.154426 9.906010 -0.173198 0.893520 0.414277
-0.123700 0.147642 10.168972 0.163350 -0.717757 -0.676862
-0.125696 0.145448 10.208278 0.136242 0.351723 0.926137
-0.130185 0.150535 10.230722 -0.144759 0.722573 0.675968
-0.130484 0.154426 10.250774 0.700887 -0.633412 0.327942
-0.135272 0.153827 10.272323 0.847044 -0.531474 0.007269
-0.135272 0.142455 10.295067 0.505732 -0.742016 -0.440053
-0.126294 0.141856 10.333374 -0.271630 -0.244278 0.930884
-0.132878 0.153229 10.438720 -0.191388 -0.331001 0.924018
-0.135272 0.156820 10.448297 -0.311769 0.418578 -0.852990
-0.130484 0.160412 9.755175 -0.548725 0.078683 -0.832292
-0.122104 0.172383 9.787497 -0.047500 0.251019 -0.966816
-0.137667 0.160412 9.853337 -0.169779 -0.983822 0.057176
-0.124498 0.166397 9.865308 0.037691 0.976707 0.211241
-0.126893 0.175974 9.894637 -0.280892 -0.949966 0.136617
-0.124498 0.171185 9.931149 0.427141 -0.437188 -0.791465
-0.137667 0.164003 10.155006 -0.497683 0.513473 0.699040
-0.129287 0.165200 10.163386 -0.540473 0.681720 0.493099
-0.128489 0.172782 10.181743 -0.449441 0.891872 -0.050668
-0.128090 0.169988 10.229825 0.474712 -0.234616 -0.848295
-0.122104 0.175974 10.243592 -0.629790 0.766637 -0.125027
-0.136469 0.166397 10.273520 0.779068 -0.580384 0.237083
-0.124498 0.167594 10.292673 0.965758 -0.215751 -0.144093
-0.126893 0.174777 10.314221 0.798633 0.003228 -0.601810
-0.130484 0.191536 9.769540 -0.175442 -0.247724 -0.952813
-0.136469 0.195127 9.795877 -0.561943 0.826884 0.021985
-0.131980 0.193332 9.810540 0.844736 -0.533762 0.038971
-0.130933 0.189142 9.828796 0.147388 0.332007 0.931691
-0.131083 0.190339 9.843760 -0.369643 0.377989 0.848816
-0.126294 0.187346 9.893740 -0.283206 0.321643 0.903516
-0.137068 0.193930 9.904813 -0.188712 0.252667 0.948972
-0.134474 0.188344 10.133458 -0.365881 0.286856 0.885350
-0.135272 0.184354 10.150218 0.442226 -0.485329 -0.754249
-0.134075 0.199916 10.177752 0.164958 0.949721 0.266119
-0.132878 0.190738 10.190919 -0.545817 0.742938 -0.387462
-0.131083 0.187945 10.215460 -0.771367 0.622356 0.132913
-0.126893 0.187945 10.241198 0.940843 0.334671 0.053010
-0.130484 0.196325 10.277111 0.924230 -0.315701 -0.214784
-0.123900 0.199317 10.293870 0.961955 -0.252247 -0.104950
-0.130484 0.197522 10.316615 0.514046 -0.840004 0.173637
-0.126893 0.215079 9.689334 -0.659815 0.527244 0.535405
-0.122104 0.219069 9.710882 -0.595986 0.716103 -0.363314
-0.122703 0.209493 9.747992 0.163896 0.944057 0.286172
-0.129287 0.208894 9.786598 -0.014374 -0.895364 0.445102
-0.131282 0.207497 9.832188 0.294183 -0.949997 -0.104703
-0.123301 0.217872 9.852140 -0.317038 0.481958 -0.816825
-0.128090 0.213383 9.865308 -0.518261 -0.815503 0.257606
-0.131282 0.206300 9.890448 0.236908 -0.551803 -0.799618
-0.132878 0.211887 9.911595 -0.133096 0.425960 0.894899
-0.136469 0.204106 10.130466 -0.280124 0.558309 0.780911
-0.128688 0.212485 10.153810 0.892098 -0.420932 -0.164249
-0.132280 0.215478 10.171766 0.988501 -0.037790 -0.146416
-0.131382 0.210989 10.188226 0.571758 -0.466537 -0.674861
-0.129287 0.205303 10.207679 -0.667548 0.594389 0.448421
-0.128090 0.218471 10.227430 0.992515 0.120239 -0.021359
-0.126893 0.210690 10.251971 -0.300709 0.453610 0.838935
-0.126893 0.202310 10.261548 -0.377775 0.890776 0.252594
-0.124498 0.217872 10.295067 -0.912944 -0.226990 0.339129
-0.123301 0.215478 10.335769 0.898532 -0.197306 -0.392060
-0.126893 0.217872 10.354922 0.351708 0.751540 -0.558111
-0.120907 0.208296 10.415975 0.713972 -0.644167 0.274394
-0.124498 0.207098 10.487801 -0.100823 0.429922 0.897219
-0.122104 0.239420 9.696517 -0.926664 0.066742 -0.369919
-0.135272 0.232238 9.724051 -0.619100 0.698459 -0.358986
-0.135871 0.238822 9.752781 0.600808 -0.751523 -0.272475
-0.122703 0.227449 9.776124 -0.311102 0.170900 0.934884
-0.135272 0.222661 9.786300 0.880215 -0.416809 -0.226917
-0.126414 0.226970 9.812875 0.900267 -0.435332 0.002145
-0.133776 0.229843 9.829395 -0.052901 0.478519 0.876482
-0.130783 0.231639 9.850345 -0.370102 -0.576330 0.728607
-0.129646 0.230681 9.869379 0.057686 -0.933902 -0.352846
-0.137268 0.230242 9.894836 -0.138277 0.532116 0.835303
-0.127940 0.232986 9.904663 -0.302574 0.567042 0.766102
-0.128808 0.232956 10.114305 -0.440652 0.444444 0.779933
-0.132878 0.234632 10.132261 -0.556283 0.231504 0.798095
-0.129047 0.227928 10.149020 -0.446317 -0.519504 -0.728640
-0.133596 0.226970 10.170090 0.641269 -0.679770 -0.355931
-0.126294 0.237026 10.193314 0.750081 -0.661333 0.004133
-0.134075 0.232238 10.203489 -0.645524 0.737415 0.198790
-0.125297 0.227050 10.254366 0.782460 -0.502378 0.367931
-0.131681 0.231839 10.264341 0.910736 -0.396690 0.114874
-0.130484 0.233435 10.308235 0.963988 -0.263824 -0.033542
-0.125696 0.229245 10.348338 -0.123350 -0.931688 0.341677
-0.129287 0.237026 10.360908 0.054199 0.998245 0.023880
-0.132579 0.253785 9.734225 -0.356278 0.931953 -0.067296
-0.125696 0.246004 9.742006 0.779777 -0.609706 0.142150
-0.130085 0.253785 9.763155 -0.568344 0.634887 0.523358
-0.130783 0.249895 9.790489 -0.083801 0.092460 0.992184
-0.126095 0.248598 9.809044 -0.602759 0.198065 -0.772950
-0.128090 0.253785 9.837775 0.853600 0.491697 0.172047
-0.132040 0.246962 9.850224 -0.049331 0.117572 -0.991838
-0.135272 0.254583 9.865308 -0.217386 0.130351 0.967343
-0.131482 0.250394 9.888652 0.296759 -0.218275 -0.929672
-0.130484 0.251990 10.108320 -0.480633 0.534134 0.695481
-0.132280 0.248997 10.133459 -0.282859 0.717872 0.636122
-0.125097 0.248398 10.150218 0.412698 0.711144 0.569171
-0.123900 0.249596 10.169971 0.831702 -0.405751 -0.378996
-0.132579 0.243311 10.190022 0.845504 -0.532760 0.035918
-0.124498 0.257377 10.202890 0.926686 0.202060 -0.316900
-0.130484 0.247002 10.233216 -0.440212 0.502660 0.744007
-0.126893 0.250194 10.246386 0.868204 -0.450585 0.207832
-0.136469 0.254982 10.278308 -0.421929 0.885385 0.195113
-0.131681 0.248997 10.292673 0.827911 0.461350 -0.318933
-0.128688 0.243610 10.312426 0.978610 0.086843 -0.186494
-0.132878 0.244209 10.392033 -0.742902 0.310220 0.593178
-0.137667 0.253785 10.444705 -0.165008 0.864677 0.474454
-0.136170 0.269647 9.689334 0.265574 0.875404 0.403905
-0.130484 0.272141 9.707690 0.383877 0.865369 0.322140
-0.123301 0.274136 9.735422 0.975595 -0.034746 -0.216811
-0.127491 0.266953 9.750386 -0.685073 0.677425 -0.267901
-0.124498 0.275333 9.766547 -0.337168 -0.922533 -0.187752
-0.131083 0.268151 9.786898 0.334420 0.855669 0.394961
-0.120907 0.266953 9.803059 -0.344360 -0.777760 -0.525839
-0.129287 0.268749 9.828197 0.983838 0.171264 -0.052270
-0.132346 0.268550 9.851076 0.141963 -0.215775 0.966068
-0.128090 0.274735 9.873089 0.311058 -0.456514 -0.833569
-0.135272 0.266953 10.090364 -0.212441 0.531531 0.819966
-0.127691 0.268550 10.107720 0.488758 -0.590820 -0.641909
-0.130484 0.271742 10.124481 -0.742667 0.378759 0.552256
-0.136469 0.268151 10.143036 -0.580387 0.490659 0.649927
-0.135272 0.278924 10.211270 -0.691430 0.411727 -0.593637
-0.127491 0.269348 10.227430 -0.037525 -0.907802 0.417717
-0.120907 0.260968 10.275913 -0.383637 0.923483 -0.001122
-0.134075 0.275333 10.290278 -0.415017 0.909679 0.015647
-0.136469 0.265756 10.348937 0.895628 -0.442100 -0.048975
-0.132878 0.283713 9.670180 -0.218109 0.952778 0.211289
-0.120907 0.281319 9.732430 0.789790 -0.257457 -0.556730
-0.120907 0.286107 9.745598 0.960393 -0.103684 0.258640
-0.129885 0.287903 9.768942 0.410307 -0.746216 0.524223
-0.130484 0.292093 9.789890 -0.305442 -0.936933 -0.169885
-0.125696 0.289698 9.834184 -0.043303 0.999000 -0.011127
-0.129287 0.293290 9.855731 -0.281396 0.875044 0.393846
-0.120907 0.289698 9.877279 0.177060 -0.589383 -0.788211
-0.135272 0.281319 10.093954 -0.321696 0.619587 0.715977
-0.129287 0.283114 10.114903 -0.658945 0.747787 0.081276
-0.128090 0.296881 10.125079 -0.552156 0.830221 0.076528
-0.124498 0.290895 10.147824 0.028341 -0.761677 0.647337
-0.132878 0.293290 10.180145 0.801240 -0.541839 -0.253819
-0.122104 0.292093 10.204087 0.777054 -0.045984 0.627752
-0.128688 0.292691 10.383055 0.828636 -0.504510 -0.242553
-0.135272 0.319626 9.647436 0.445146 -0.863461 0.237234
-0.131681 0.308852 9.690532 0.443436 -0.816487 0.369747
-0.126893 0.308852 9.732430 0.623217 0.664519 -0.412329
-0.126893 0.302268 9.749788 0.832232 0.552035 -0.051449
-0.134075 0.308852 9.777920 -0.286549 0.908414 0.304424
-0.132878 0.305859 9.791088 -0.345302 0.936527 -0.060699
-0.125696 0.308852 9.825804 -0.561860 0.705281 0.432310
-0.131681 0.306458 9.847351 -0.103464 0.691742 0.714694
-0.130484 0.302867 10.077195 0.323233 -0.498523 -0.804360
-0.129885 0.309451 10.087969 -0.437313 0.577075 0.689740
-0.130484 0.310049 10.150218 -0.629903 0.759683 0.161566
-0.131681 0.318429 10.213664 -0.076328 0.811238 0.579713
-0.130484 0.329203 9.730036 -0.421428 0.878035 -0.226831
-0.134075 0.329203 9.758766 -0.358291 0.930901 -0.071067
-0.135272 0.323217 9.806650 -0.550272 0.834858 -0.014586
-0.125696 0.341174 10.157401 0.737759 -0.657851 0.151473
-0.100980 -0.000000 -0.000000 0.122888 -0.004274 0.992411
-0.101562 0.000000 0.000000 0.122888 -0.004274 0.992411
-0.102951 0.058658 10.359711 0.244267 -0.959194 -0.142410
-0.111330 0.114323 10.210073 -0.302667 0.780145 0.547510
-0.100556 0.102951 10.283096 -0.415783 0.884135 -0.213144
-0.110133 0.112527 10.395624 -0.515763 0.810746 -0.276910
-0.119710 0.128090 9.836577 0.239205 0.913270 -0.329726
-0.104148 0.134075 9.955091 -0.317397 0.605102 0.730145
-0.107739 0.123301 10.195708 -0.164979 0.676637 0.717597
-0.110133 0.124498 10.307038 -0.462534 0.879025 -0.115664
-0.119710 0.132878 10.336966 -0.502689 0.849330 0.161065
-0.114922 0.135272 10.382456 -0.398834 0.909316 0.118641
-0.104148 0.150835 9.731233 -0.424758 0.757365 0.495963
-0.102951 0.153229 9.840169 0.576436 -0.172480 -0.798732
-0.107739 0.149638 9.876082 -0.153469 -0.979398 -0.131251
-0.111330 0.152630 9.883863 -0.224190 -0.929604 -0.292532
-0.118513 0.154426 9.902418 -0.157955 0.957487 0.241391
-0.100556 0.154426 9.937134 -0.296803 0.368705 0.880888
-0.109535 0.155025 10.172963 -0.127385 0.635232 0.761743
-0.113725 0.147243 10.222044 -0.435978 0.108784 -0.893359
-0.101754 0.150835 10.333375 -0.589138 -0.233148 0.773665
-0.112527 0.175974 9.758766 -0.177194 0.450615 -0.874956
-0.102951 0.166397 9.767146 -0.625543 0.767932 -0.137757
-0.118513 0.161609 9.800665 0.449990 0.889179 0.082885
-0.107739 0.175974 9.898827 -0.634547 0.736298 -0.234981
-0.117316 0.160412 9.923966 -0.337945 0.526843 0.779891
-0.109734 0.171584 10.153011 -0.190717 0.486892 0.852387
-0.105943 0.171485 10.168175 -0.191758 0.213656 0.957904
-0.111330 0.169988 10.184336 -0.011436 -0.987436 0.157607
-0.110133 0.179565 10.225636 -0.075085 0.179264 0.980931
-0.102951 0.166397 10.250774 -0.310083 0.594615 -0.741810
-0.113725 0.174777 10.339360 0.636836 0.300081 -0.710205
-0.117316 0.171185 10.372879 0.134620 -0.662985 0.736429
-0.100556 0.197522 9.761160 -0.544318 -0.204881 -0.813475
-0.118513 0.196325 9.838972 -0.038878 0.884826 0.464297
-0.106941 0.185551 9.857327 -0.144021 0.413028 0.899258
-0.111929 0.189441 9.874585 0.823813 0.335227 0.457115
-0.108737 0.192933 9.890846 0.682589 0.123237 -0.720336
-0.104148 0.187346 9.910199 0.385797 -0.426429 -0.818119
-0.106542 0.180762 9.931149 -0.323276 0.434376 0.840720
-0.119710 0.190339 10.147824 -0.302089 0.553785 0.775928
-0.102951 0.194529 10.170568 0.125918 0.062397 0.990076
-0.108338 0.196325 10.190321 0.396094 0.648228 0.650315
-0.108537 0.188743 10.210472 0.563254 0.794723 0.226187
-0.114922 0.195127 10.224439 0.258461 -0.964581 -0.052739
-0.117316 0.187945 10.273520 0.968124 -0.158753 0.193738
-0.102951 0.187945 10.354324 0.730362 0.421430 -0.537557
-0.116119 0.181959 10.406398 0.583504 -0.250407 0.772541
-0.117017 0.212785 9.775825 0.034056 0.429977 0.902197
-0.119710 0.209493 9.794679 -0.304036 0.934599 -0.184624
-0.112527 0.212485 9.819220 -0.306680 0.918063 0.251213
-0.108537 0.207497 9.828597 -0.194697 0.789806 0.581635
-0.104297 0.212485 9.850944 0.513906 -0.169265 0.840982
-0.113725 0.215079 9.870096 -0.201041 -0.937047 -0.285526
-0.108936 0.216077 9.890448 -0.254958 0.533469 0.806479
-0.110881 0.214131 9.910499 -0.217218 0.411341 0.885220
-0.110732 0.208296 10.130466 0.262095 -0.342461 -0.902234
-0.117914 0.212485 10.149620 -0.174417 0.297488 0.938658
-0.107739 0.212086 10.171566 -0.158988 -0.125178 -0.979313
-0.106143 0.213882 10.190920 0.567595 0.772681 0.284253
-0.106143 0.215079 10.211670 -0.333147 0.700042 0.631628
-0.119710 0.217872 10.225636 0.595927 0.138941 0.790928
-0.113725 0.203507 10.241198 0.659340 0.698350 -0.278530
-0.110852 0.208056 10.292673 0.819231 -0.563943 -0.104061
-0.111330 0.217872 10.316615 -0.493438 0.836556 0.238102
-0.114922 0.213683 10.330980 0.900959 -0.403401 -0.159815
-0.104148 0.210690 10.350134 -0.397489 -0.688994 0.606044
-0.119710 0.214281 10.405201 0.240328 -0.962342 -0.127043
-0.110732 0.231040 9.692327 0.057208 0.734692 0.675984
-0.105345 0.234632 9.747394 0.795588 0.499140 0.343364
-0.111729 0.228247 9.785102 0.669865 0.701429 0.243472
-0.110532 0.234233 9.812237 0.639757 0.122323 -0.758781
-0.106542 0.231040 9.830593 0.055347 0.390927 0.918756
-0.107739 0.230109 9.852938 0.589820 0.334844 0.734841
-0.113725 0.230242 9.869298 0.217296 0.951343 0.218470
-0.111729 0.227449 9.889649 -0.209528 0.914092 0.347180
-0.108457 0.224576 9.907926 -0.177978 0.550847 0.815409
-0.109962 0.234290 10.132091 0.259444 -0.437096 -0.861183
-0.105145 0.229444 10.149819 -0.123845 -0.663678 -0.737695
-0.110133 0.234632 10.172565 -0.175916 0.977299 -0.118066
-0.107141 0.231639 10.187328 0.223472 0.757629 -0.613236
-0.111809 0.232956 10.211988 -0.509672 0.713339 0.481021
-0.105345 0.227449 10.244789 0.516884 -0.747622 0.417004
-0.119710 0.223858 10.274716 -0.201895 -0.172775 0.964047
-0.118513 0.238223 10.290278 0.826907 -0.004516 -0.562321
-0.106542 0.225055 10.328587 -0.391847 0.907873 -0.149073
-0.114922 0.231040 10.362105 0.345236 0.938467 -0.009590
-0.108936 0.226252 10.382456 -0.022037 -0.984740 0.172633
-0.111330 0.225055 10.412383 0.865838 -0.497568 0.052444
-0.108936 0.223858 10.442310 0.196407 -0.970204 -0.141877
-0.112527 0.231040 10.488997 -0.386587 0.750816 0.535561
-0.100556 0.241814 9.615114 -0.073974 0.701542 0.708778
-0.106542 0.253785 9.640253 -0.045800 0.849809 0.525097
-0.105943 0.246603 9.709086 0.470265 0.821704 -0.321952
-0.113725 0.258574 9.726444 -0.439772 0.894497 -0.080478
-0.113126 0.249596 9.749788 -0.479018 0.807427 0.344388
-0.109235 0.253785 9.775526 -0.917169 0.386425 0.097351
-0.104148 0.258574 9.786300 -0.162140 0.733436 0.660138
-0.113725 0.249476 9.811199 0.246996 0.570729 0.783110
-0.104746 0.252588 9.829395 -0.502873 0.167771 0.847922
-0.108697 0.245166 9.849985 0.321721 0.299474 0.898226
-0.107500 0.247321 9.868899 0.715781 0.153185 -0.681316
-0.109620 0.253101 9.888738 0.491072 -0.278641 -0.825353
-0.106542 0.248398 10.134058 -0.347327 0.228042 0.909594
-0.109734 0.252588 10.148622 0.437002 -0.134382 -0.889365
-0.107340 0.252987 10.189723 0.789658 -0.232975 0.567593
-0.110133 0.248598 10.209874 -0.182967 0.085368 0.979406
-0.105345 0.250793 10.249578 -0.094898 0.923434 0.371838
-0.110732 0.254384 10.274118 -0.349924 0.897711 -0.267709
-0.116119 0.245406 10.292673 -0.011054 0.983149 0.182471
-0.114323 0.251990 10.307636 0.867122 -0.394308 -0.304336
-0.111729 0.247800 10.328587 -0.141536 0.951643 0.272659
-0.102951 0.256180 10.376471 0.448183 0.886066 0.118403
-0.118513 0.245406 10.402806 0.994726 0.058285 -0.084402
-0.104148 0.246603 10.447099 -0.294590 0.875665 0.382659
-0.106542 0.271742 9.674969 0.190621 0.796680 0.573554
-0.117316 0.271742 9.685743 0.497533 0.852514 0.160251
-0.117914 0.270545 9.716867 -0.599345 0.798395 -0.057893
-0.109535 0.273538 9.737817 0.976783 0.060494 0.205511
-0.100556 0.265756 9.757569 0.458429 0.871591 -0.173702
-0.112527 0.263362 9.770737 0.717708 -0.680913 -0.145781
-0.110133 0.260968 9.788693 0.934734 0.318183 0.158215
-0.103549 0.271742 9.806051 0.284213 0.938647 -0.195356
-0.113725 0.267552 9.823410 -0.265859 -0.941995 0.204855
-0.106542 0.266953 9.849347 0.909038 -0.095103 0.405715
-0.113725 0.274136 9.868660 0.222289 -0.667293 -0.710849
-0.112128 0.270146 9.890449 -0.206257 0.527255 0.824294
-0.111330 0.272141 10.111114 0.665824 -0.518314 -0.536683
-0.112128 0.268550 10.124680 -0.126024 0.475983 0.870378
-0.110732 0.264859 10.145729 0.550100 -0.078190 -0.831430
-0.111330 0.274136 10.190321 0.580081 -0.177100 0.795073
-0.111330 0.265756 10.210671 0.555877 -0.249708 -0.792872
-0.113725 0.260968 10.222044 0.719868 0.010323 -0.694034
-0.112128 0.266953 10.291875 0.327563 -0.944756 -0.011768
-0.116119 0.262165 10.336966 0.769549 -0.633172 -0.082996
-0.100556 0.262165 10.427945 0.711611 -0.603801 -0.359212
-0.105345 0.283713 9.607931 -0.246759 0.744630 -0.620190
-0.110133 0.284910 9.639056 -0.266335 0.730098 -0.629303
-0.106542 0.288501 9.660604 0.061230 0.997369 -0.038797
-0.119710 0.287304 9.698911 0.982773 -0.131516 0.129851
-0.110133 0.298078 9.718064 0.964905 0.248015 0.086293
-0.111929 0.291494 9.753380 0.839300 0.463296 0.284485
-0.107739 0.284910 9.767146 0.817352 0.454147 -0.354523
-0.110133 0.284910 9.785701 -0.687834 -0.471902 -0.551537
-0.117316 0.282516 9.817424 0.606710 0.547580 -0.576246
-0.105345 0.289698 9.835381 -0.382619 -0.292363 -0.876428
-0.106841 0.288202 9.845855 0.125951 -0.676946 0.725176
-0.106143 0.289299 9.864511 -0.263092 0.735953 0.623824
-0.104148 0.295684 10.084377 -0.408080 0.655873 0.635060
-0.110433 0.289399 10.103531 0.495975 -0.737131 -0.458963
-0.113725 0.288501 10.133459 -0.395720 0.753623 0.524841
-0.113725 0.289698 10.143036 -0.359577 0.929634 -0.080535
-0.116518 0.282117 10.178550 -0.367150 0.899109 0.238337
-0.104148 0.290097 10.190520 -0.154313 0.872758 0.463122
-0.106542 0.286107 10.213664 0.096846 -0.087753 0.991423
-0.117316 0.287304 10.228030 0.554420 -0.414401 -0.721727
-0.113725 0.280122 10.242394 -0.440977 0.835477 0.327898
-0.111929 0.287903 10.374674 0.747150 -0.623216 -0.231015
-0.118513 0.312443 9.734824 0.773037 0.414918 -0.479850
-0.111330 0.308852 9.757569 0.983153 -0.181614 -0.020643
-0.114922 0.317232 9.774328 0.364228 -0.898198 -0.246127
-0.104148 0.300472 9.800665 0.450844 0.765911 -0.458388
-0.102951 0.311246 9.830592 -0.190534 0.746792 0.637180
-0.111929 0.305261 9.842564 -0.294035 0.624582 0.723492
-0.110133 0.314239 10.075399 -0.355726 0.553723 0.752894
-0.104148 0.312443 10.109517 0.637472 -0.709622 -0.300109
-0.104148 0.307655 10.125079 0.723839 -0.638430 -0.261657
-0.106542 0.305261 10.153810 -0.458597 0.726664 0.511516
-0.105943 0.305261 10.174160 -0.237118 0.777131 0.582961
-0.105345 0.305261 10.364499 0.598205 -0.800811 -0.029204
-0.114922 0.326809 9.720459 0.474560 -0.820412 0.318931
-0.106542 0.332794 9.756371 -0.444994 0.878394 0.174370
-0.105345 0.325611 9.798270 0.238503 -0.957072 -0.164713
-0.104148 0.328006 9.832987 -0.333902 0.464604 0.820154
-0.104148 0.335188 10.078392 0.357707 -0.401279 -0.843220
-0.102951 0.335188 10.120291 0.647448 -0.762080 -0.006692
-0.104148 0.325611 10.226832 0.279816 -0.959990 0.011064
-0.104148 0.344765 9.821015 -0.378685 0.920395 0.097319
-0.105345 0.385466 10.103531 -0.274617 0.907087 -0.319028
-0.114922 0.389058 10.266336 0.762051 -0.446659 -0.468800
-0.093139 -1.459038 -0.092643 -0.577974 0.002219 0.816052
-0.093139 -0.368658 -24.470089 0.974220 -0.224810 0.018886
-0.093132 -0.374510 -0.005790 0.013711 0.016179 0.999775
-0.090204 -0.364752 0.000000 0.013611 0.032809 0.999369
-0.092223 -0.094114 -0.023407 0.162728 0.143086 0.976241
-0.091180 -0.001432 -23.968622 0.982271 -0.187197 0.010053
-0.094114 -0.001440 -1.545067 -0.014848 -0.992971 0.117421
-0.093631 -0.000370 -0.091671 -0.683402 0.307422 -0.662158
-0.098162 0.095768 10.230424 -0.476523 0.706646 0.523047
-0.083797 0.113725 9.838972 -0.432081 0.851473 0.297154
-0.098162 0.105345 10.439917 -0.295003 0.884801 -0.360693
-0.089783 0.125696 9.903615 -0.075233 0.964968 0.251352
-0.084994 0.120907 9.947908 0.325074 -0.744956 -0.582552
-0.088585 0.131681 10.205285 -0.204199 0.774275 0.599001
-0.093374 0.136469 10.229227 0.074004 0.656814 0.750412
-0.080206 0.134075 10.335769 0.225708 -0.809651 0.541776
-0.095768 0.137667 10.473435 -0.490105 0.545492 -0.679879
-0.092177 0.159214 9.844957 0.120684 -0.556458 -0.822065
-0.087987 0.150236 9.869498 -0.034249 -0.729280 0.683358
-0.095768 0.151433 9.937733 -0.276465 0.500413 0.820459
-0.082600 0.144849 10.178948 0.297174 -0.735150 -0.609297
-0.087867 0.152989 10.187089 0.466801 -0.753803 -0.462469
-0.089783 0.151633 10.227631 0.067191 -0.765961 0.639367
-0.082600 0.144849 10.344149 0.058397 -0.852568 0.519343
-0.089783 0.147243 10.453085 0.734660 -0.406754 0.542979
-0.094571 0.149638 10.468647 -0.593156 0.353362 -0.723396
-0.082600 0.166397 9.773131 0.685819 -0.726939 0.034813
-0.087787 0.167594 9.868501 0.761797 0.267896 0.589828
-0.082600 0.170587 9.907207 -0.371626 0.928017 0.026062
-0.082600 0.175974 9.948506 0.220976 -0.479619 -0.849196
-0.080206 0.172383 10.163386 -0.214923 0.373851 0.902243
-0.095768 0.169988 10.192715 0.323244 0.798574 0.507733
-0.094571 0.162207 10.210672 0.717468 -0.368082 0.591401
-0.094571 0.167594 10.237606 -0.015951 -0.289604 0.957014
-0.091379 0.173181 10.267534 0.229722 0.833386 -0.502688
-0.082600 0.160412 10.326192 -0.246970 0.794252 0.555130
-0.091578 0.172383 10.345944 0.003280 -0.480950 0.876742
-0.090980 0.191536 9.724051 -0.263252 0.675517 0.688749
-0.089483 0.191237 9.794979 -0.383764 -0.577862 0.720278
-0.093374 0.194329 9.812636 0.827953 -0.539930 0.151559
-0.089483 0.190339 9.825804 0.007908 0.578294 0.815790
-0.090980 0.183156 9.844957 0.151904 0.641892 0.751598
-0.086590 0.186349 9.868899 0.758274 0.210900 -0.616881
-0.088286 0.187346 9.896133 0.227672 0.973494 0.021805
-0.091379 0.193930 9.914390 -0.308962 0.402466 0.861721
-0.095768 0.183156 9.926959 -0.320104 0.487531 0.812310
-0.088585 0.188543 10.151115 -0.086182 0.516428 0.851983
-0.096965 0.196923 10.165780 -0.056186 0.622353 0.780717
-0.081403 0.197522 10.189722 0.258119 0.291628 0.921047
-0.090182 0.185950 10.217655 -0.689889 0.723904 0.004020
-0.093374 0.194329 10.248779 -0.160052 -0.600511 0.783435
-0.093374 0.196325 10.272921 -0.227545 -0.750733 0.620180
-0.092476 0.191835 10.333375 0.769444 0.110750 -0.629039
-0.093374 0.208296 9.756371 -0.183003 0.534002 0.825440
-0.090381 0.214880 9.773131 0.508479 -0.802377 -0.312476
-0.091578 0.219069 9.789291 0.511838 -0.796582 -0.321682
-0.087388 0.212685 9.813235 0.867390 0.266652 -0.420155
-0.092975 0.212286 9.837775 0.799237 0.552034 0.237651
-0.086989 0.206300 9.848549 0.428001 -0.891544 -0.148205
-0.086590 0.212286 9.874486 -0.577285 0.359840 0.732978
-0.086670 0.211169 9.889490 0.351017 -0.288420 0.890843
-0.089583 0.209892 9.911595 -0.359940 0.307601 0.880809
-0.089982 0.206101 9.928755 -0.420264 0.309295 0.853062
-0.090780 0.210889 10.131463 0.264969 -0.460218 -0.847344
-0.092177 0.216675 10.142437 0.315601 -0.421461 -0.850157
-0.090581 0.210291 10.174560 0.364666 0.930289 0.039769
-0.089783 0.211089 10.181741 -0.147816 -0.985579 0.082366
-0.091279 0.210839 10.208877 0.134366 0.902412 0.409388
-0.084396 0.210690 10.238205 0.939413 0.313430 -0.138797
-0.095768 0.207098 10.245986 -0.005817 -0.924044 0.382241
-0.090581 0.209094 10.271125 0.565345 0.134838 -0.813759
-0.090980 0.209493 10.293870 0.699803 0.577901 0.419889
-0.080206 0.219069 10.303447 0.752272 -0.433222 -0.496392
-0.090381 0.209493 10.373478 0.921935 0.374354 -0.099474
-0.094571 0.217872 10.389638 -0.419402 0.820505 -0.388425
-0.095768 0.214281 10.455479 -0.426616 -0.904305 -0.015227
-0.088585 0.220267 9.713276 0.311444 -0.427614 -0.848616
-0.092177 0.235829 9.730037 -0.365991 -0.469461 0.803528
-0.089384 0.235829 9.757169 0.308477 0.573436 0.758956
-0.091778 0.226651 9.791088 0.929292 -0.298572 -0.217419
-0.096367 0.232238 9.810841 -0.365755 0.408872 0.836090
-0.089384 0.224257 9.829795 0.891251 0.269312 0.364886
-0.086191 0.230442 9.848249 -0.092609 0.976249 0.195859
-0.090531 0.228796 9.872341 0.077082 -0.996331 -0.037190
-0.089982 0.227848 9.888253 -0.311324 0.780556 0.542041
-0.086191 0.230322 9.909601 0.202803 -0.626156 -0.752861
-0.087239 0.232088 10.129120 0.382067 -0.332605 -0.862206
-0.090581 0.232038 10.148822 0.618189 -0.424807 -0.661348
-0.088186 0.227449 10.164983 0.268347 -0.747756 -0.607331
-0.087122 0.232637 10.187861 -0.235867 -0.952697 0.191666
-0.092775 0.232238 10.212467 0.677204 0.602343 -0.422584
-0.092975 0.223459 10.234814 -0.653373 0.748519 0.113241
-0.096965 0.237026 10.255563 -0.454922 0.234876 -0.858999
-0.095768 0.234632 10.267534 0.740207 0.228838 0.632239
-0.086191 0.227449 10.304645 -0.254724 0.948525 -0.188193
-0.090381 0.231040 10.330381 0.338432 0.759249 0.555882
-0.086790 0.231639 10.347141 -0.397731 0.915554 -0.059762
-0.094571 0.225055 10.377667 0.026894 -0.929460 0.367941
-0.096965 0.234632 10.384850 0.418410 -0.877051 0.236041
-0.093374 0.222661 10.409989 -0.204280 0.948461 0.242262
-0.098162 0.228646 10.420763 -0.562817 0.814447 -0.141116
-0.095768 0.220267 10.504560 -0.318105 0.429135 0.845371
-0.099359 0.253785 9.704897 0.018017 0.487279 0.873060
-0.099359 0.250194 9.721656 0.299973 0.737182 -0.605458
-0.092177 0.246603 9.764751 0.483207 0.116725 0.867690
-0.080206 0.251391 9.792285 -0.327300 -0.835819 -0.440772
-0.089384 0.247800 9.809045 -0.213917 0.084999 0.973147
-0.090381 0.252389 9.827001 0.971184 -0.219577 -0.092666
-0.094272 0.250194 9.846154 -0.662746 -0.104531 -0.741513
-0.092177 0.249795 9.868102 0.963329 -0.160645 -0.214919
-0.090653 0.249868 9.891644 -0.098986 0.115404 0.988374
-0.087867 0.249955 9.908164 -0.297856 0.475971 0.827486
-0.086191 0.246603 10.129269 -0.206562 0.435750 0.876045
-0.088585 0.250992 10.149420 -0.344072 0.285841 0.894376
-0.084595 0.243011 10.167377 0.921397 -0.380816 0.077504
-0.089783 0.252189 10.183337 0.893819 -0.426065 0.139846
-0.092775 0.248997 10.210073 0.775404 -0.017971 -0.631209
-0.088585 0.248199 10.224837 0.833626 -0.273510 -0.479854
-0.090381 0.253785 10.241198 0.977037 -0.202205 0.067175
-0.092775 0.248997 10.271724 -0.190933 0.960443 -0.202718
-0.091937 0.246124 10.286688 -0.060588 0.191052 0.979708
-0.085792 0.250992 10.313024 -0.069275 0.969677 0.234368
-0.095768 0.256180 10.332177 -0.497143 0.867653 -0.005115
-0.082600 0.240617 10.377667 -0.229398 0.902453 -0.364630
-0.085593 0.251990 10.402806 0.801127 -0.598490 0.002372
-0.098162 0.274136 9.671378 0.171958 0.654232 0.736485
-0.083797 0.271742 9.730036 -0.095473 0.893224 -0.439359
-0.096965 0.275333 9.747993 0.373460 -0.842240 -0.388793
-0.093972 0.270545 9.773729 -0.434815 -0.887521 0.152457
-0.090501 0.269587 9.790849 0.211519 -0.881578 0.421996
-0.093374 0.268749 9.804855 -0.393295 0.918826 -0.032838
-0.088186 0.271343 9.832986 -0.333247 -0.489793 0.805636
-0.087388 0.274136 9.854534 0.989730 -0.132544 -0.053540
-0.090022 0.271263 9.893320 -0.297340 0.435612 0.849607
-0.086191 0.273338 10.108319 -0.154198 0.571820 0.805757
-0.088756 0.267980 10.127986 -0.227185 0.338075 0.913287
-0.090980 0.272939 10.152014 0.803032 0.391318 -0.449455
-0.086191 0.275333 10.169970 0.593290 0.267693 -0.759176
-0.097264 0.274735 10.184935 0.811753 -0.412566 0.413336
-0.091578 0.268450 10.209774 0.292736 0.873786 0.388334
-0.086191 0.263961 10.229825 -0.544502 -0.388205 0.743514
-0.085792 0.268151 10.248779 0.755179 0.620670 0.210889
-0.088585 0.275333 10.268731 -0.730831 0.589294 0.344412
-0.088585 0.266355 10.330980 0.805766 -0.590852 -0.040439
-0.087388 0.272340 10.365098 0.891480 0.447887 0.068265
-0.098162 0.278924 10.388441 0.527996 0.108080 -0.842341
-0.094571 0.274136 10.424355 0.746223 -0.043888 -0.664248
-0.088585 0.295085 9.724051 0.133213 0.527157 0.839261
-0.098162 0.280122 9.783905 0.255477 0.891919 -0.373111
-0.082600 0.286107 9.816227 0.723562 -0.518872 0.455226
-0.090980 0.289698 9.832987 -0.328712 0.908287 -0.258774
-0.086790 0.291494 9.851841 0.221971 -0.946344 0.234868
-0.083797 0.287304 9.870096 0.508401 -0.729589 -0.457415
-0.092476 0.289698 10.104729 -0.202927 0.709899 0.674437
-0.091379 0.283713 10.166578 0.667697 -0.127857 -0.733371
-0.089783 0.282516 10.189722 0.473593 0.416931 0.775808
-0.082600 0.281319 10.222044 -0.038213 -0.704326 -0.708847
-0.083797 0.285509 10.251373 0.907089 -0.243459 -0.343391
-0.080206 0.294487 10.263943 0.991643 -0.027422 -0.126061
-0.089783 0.288102 10.291476 0.828982 -0.525418 -0.191636
-0.083797 0.294487 10.321404 0.735412 -0.598698 0.317380
-0.092177 0.281319 10.387244 -0.393786 0.569492 0.721535
-0.087388 0.282516 10.417171 0.849879 0.490840 -0.191787
-0.094172 0.312842 9.647435 0.141230 -0.847705 0.511322
-0.092177 0.310049 9.667787 0.047686 -0.820953 0.569001
-0.081403 0.317232 9.688137 0.053077 -0.691067 0.720839
-0.090381 0.307655 9.788095 0.551447 -0.498106 -0.669176
-0.088825 0.310049 9.810242 0.873029 -0.400382 0.278414
-0.084595 0.307256 9.850144 0.914738 -0.263626 -0.306195
-0.084994 0.311845 9.868301 -0.489589 0.418439 0.764991
-0.093374 0.311246 10.084377 -0.454084 0.538743 0.709623
-0.094571 0.310049 10.106524 -0.502946 0.718496 0.480426
-0.083797 0.301669 10.141838 -0.082842 0.969362 0.231244
-0.092775 0.308852 10.165780 -0.367567 0.794910 0.482713
-0.093374 0.310049 10.226832 -0.713350 0.695181 0.088629
-0.086191 0.316035 10.268731 0.838542 -0.516400 -0.173720
-0.080206 0.300472 10.311827 0.853284 -0.391514 -0.344416
-0.091578 0.326210 9.693523 0.212040 -0.854836 0.473598
-0.086191 0.335188 9.753978 -0.206012 0.966380 0.153845
-0.083199 0.335787 9.814432 0.659215 -0.686679 0.306443
-0.084994 0.331597 9.834184 -0.501929 0.735067 0.455788
-0.086191 0.337582 9.846154 -0.452286 0.375820 0.808824
-0.083797 0.326809 10.072407 0.367144 -0.614929 -0.697902
-0.094571 0.322020 10.114305 0.407117 -0.821971 -0.398271
-0.088585 0.320823 10.170568 0.243319 -0.802416 -0.544908
-0.086191 0.322020 10.201694 -0.154426 0.959548 -0.235413
-0.082600 0.320823 10.225636 -0.169569 0.973451 -0.153752
-0.084396 0.331597 10.268731 0.967732 -0.246623 -0.051681
-0.088585 0.322020 10.447099 -0.229537 0.812910 0.535247
-0.086191 0.347159 9.847950 0.608074 -0.447156 -0.655971
-0.081403 0.347159 10.083180 -0.240760 0.374469 0.895437
-0.082600 0.342371 10.108319 0.284243 -0.861927 -0.419866
-0.081403 0.342371 10.156203 -0.154868 0.985891 0.063525
-0.083797 0.373495 9.811439 -0.499004 0.858867 -0.115508
-0.093374 0.387861 10.187328 0.032431 0.993055 -0.113089
-0.070629 0.102951 10.400413 0.332968 -0.899164 0.283965
-0.070629 0.131681 9.872491 0.683394 -0.720824 -0.115699
-0.074220 0.130484 9.937134 -0.671575 0.740508 0.025182
-0.063446 0.135272 9.955091 -0.607053 0.723877 0.327854
-0.076614 0.120907 10.271125 -0.641324 0.763903 -0.071800
-0.065841 0.156820 9.858126 0.946793 -0.320520 0.029165
-0.077812 0.142455 9.884461 0.819745 -0.570033 -0.055503
-0.071826 0.144849 9.900024 0.747453 -0.664312 -0.001958
-0.071826 0.154426 9.957485 -0.228420 0.370375 0.900359
-0.074220 0.146046 10.186131 0.458907 -0.767895 -0.446924
-0.066439 0.150236 10.211868 -0.525151 0.847201 0.080413
-0.073023 0.149638 10.260351 0.713964 0.536190 -0.450284
-0.069432 0.153229 10.303447 0.675418 -0.712224 0.191177
-0.070629 0.152032 10.325594 -0.058199 0.733102 0.677624
-0.061052 0.155623 10.405201 -0.709646 -0.080423 0.699953
-0.074819 0.165200 9.789890 0.725233 -0.499042 -0.474336
-0.069432 0.162806 9.849746 -0.451566 0.677715 0.580336
-0.061052 0.169988 9.879673 0.950548 -0.290770 0.109139
-0.061651 0.169988 9.890448 0.995193 -0.051329 -0.083405
-0.062249 0.169988 9.919178 -0.547318 0.689844 0.473876
-0.071228 0.172383 9.931149 -0.417011 0.385149 0.823263
-0.068235 0.169988 9.951499 -0.255099 0.410156 0.875612
-0.062249 0.166796 10.173760 0.377328 -0.521579 -0.765231
-0.061052 0.164003 10.184934 -0.474699 0.633425 0.611092
-0.075417 0.164601 10.203489 0.848686 -0.528875 -0.004744
-0.077812 0.167594 10.234015 0.522544 0.474522 -0.708362
-0.067038 0.174178 10.253169 0.700659 0.587082 -0.405478
-0.068634 0.172383 10.270725 0.582716 0.668835 -0.461629
-0.065841 0.178368 10.287885 0.828054 0.546620 0.124635
-0.073622 0.172981 10.311827 0.576323 0.593740 0.561538
-0.074220 0.174777 10.327389 0.738366 -0.174807 0.651352
-0.062249 0.179565 10.352529 0.654126 0.187349 0.732816
-0.073023 0.172383 10.378864 0.731299 0.681948 -0.012205
-0.079009 0.179565 10.380061 0.848986 0.466951 -0.247345
-0.077812 0.174777 10.404003 0.863422 0.326262 -0.384780
-0.067038 0.177171 10.420763 0.767941 0.425095 0.479125
-0.068833 0.190938 9.815628 -0.246911 0.528479 0.812247
-0.068235 0.184354 9.829395 0.043765 0.618842 0.784295
-0.073821 0.184354 9.867702 0.790558 -0.493317 0.362845
-0.070330 0.192135 9.888950 -0.684780 0.611432 0.396519
-0.069133 0.189441 9.909600 0.983244 0.174380 0.053134
-0.071627 0.189740 9.927757 -0.449953 0.448636 0.772184
-0.070828 0.192933 10.148623 0.430390 -0.414694 -0.801744
-0.077213 0.189740 10.166379 -0.236226 0.351213 0.906006
-0.065841 0.190638 10.194810 0.861502 -0.502826 0.070567
-0.077812 0.186748 10.218452 0.105318 0.390659 0.914491
-0.067756 0.188663 10.226113 0.834991 -0.486986 0.256191
-0.069432 0.198719 10.259154 0.895600 -0.075116 -0.438472
-0.069033 0.192334 10.265938 0.768558 -0.233196 -0.595767
-0.068235 0.185551 10.289680 0.964546 0.217624 -0.149300
-0.068235 0.193930 10.334572 0.822658 -0.132665 0.552841
-0.070629 0.193930 10.369287 0.797561 0.444593 -0.407718
-0.061052 0.180762 10.436325 -0.595651 0.623082 -0.506921
-0.079009 0.219069 9.806650 -0.683286 0.729589 -0.028629
-0.070629 0.213683 9.827002 -0.023073 0.009290 0.999691
-0.075417 0.211288 9.869198 -0.621057 0.456019 0.637444
-0.071028 0.214680 9.897231 -0.278068 0.885613 0.371978
-0.061052 0.211887 9.907207 0.232721 0.635555 0.736146
-0.073821 0.211089 9.929552 0.157073 -0.532851 -0.831503
-0.069911 0.210211 10.151894 0.259715 -0.434552 -0.862388
-0.067337 0.207697 10.172665 0.090857 -0.706191 0.702167
-0.062249 0.211887 10.182540 0.250936 0.961383 0.113022
-0.071028 0.212286 10.209275 0.789542 0.608250 -0.081575
-0.061651 0.209493 10.235811 0.014556 0.854299 0.519578
-0.070629 0.219069 10.267534 0.884716 -0.167478 -0.435003
-0.064643 0.211887 10.329783 0.538403 0.381907 0.751179
-0.072425 0.214281 10.350733 0.945285 0.004732 0.326211
-0.069432 0.209493 10.423157 -0.144181 0.250050 0.957438
-0.065841 0.209493 10.475829 0.581424 -0.780101 -0.231058
-0.065841 0.237026 9.718064 0.736720 -0.668588 -0.101168
-0.063446 0.226252 9.744401 -0.595275 0.409087 0.691589
-0.067038 0.234632 9.777920 -0.339886 0.913659 0.222948
-0.071826 0.226851 9.810441 0.138098 0.705207 0.695422
-0.079009 0.229843 9.830592 -0.002564 0.802400 0.596781
-0.075417 0.239420 9.844957 -0.426253 0.501962 0.752558
-0.071108 0.229843 9.868899 0.260591 0.928133 0.265824
-0.071826 0.231440 9.889649 0.998576 0.023314 -0.047973
-0.076016 0.232238 9.913791 -0.240975 0.482202 0.842266
-0.067836 0.224656 10.151814 -0.379329 0.396808 0.835855
-0.071108 0.227449 10.170568 0.788215 -0.087969 -0.609080
-0.067487 0.230143 10.188974 0.693245 0.664408 0.279237
-0.070629 0.227050 10.209675 0.342348 -0.832555 0.435489
-0.072425 0.232836 10.237606 -0.119664 -0.967806 -0.221430
-0.073223 0.228846 10.249578 0.282137 0.315333 0.906071
-0.071228 0.232238 10.269928 0.755527 -0.654292 -0.032885
-0.069432 0.235829 10.298658 -0.610249 0.749143 0.257645
-0.067437 0.225454 10.308635 0.867679 0.494110 0.054670
-0.063446 0.228646 10.347740 0.797603 0.453603 0.397584
-0.069831 0.225055 10.361706 -0.230020 -0.875030 0.425926
-0.070030 0.231639 10.391434 -0.101976 -0.990990 0.086827
-0.076016 0.231040 10.407595 0.081473 0.981582 0.172798
-0.076614 0.228646 10.432734 0.086456 0.908078 0.409780
-0.075417 0.220267 10.441113 -0.070977 0.762257 0.643371
-0.075417 0.258574 9.648633 -0.401002 0.735847 0.545643
-0.065841 0.240617 9.692925 0.276421 -0.887605 -0.368442
-0.064643 0.253386 9.729238 0.649149 -0.758388 0.058774
-0.071228 0.251990 9.762358 0.279070 -0.955692 -0.093667
-0.070928 0.252888 9.790190 0.438685 0.782157 0.442477
-0.077213 0.255581 9.810242 -0.093112 0.074499 0.992865
-0.067038 0.247800 9.825804 0.797602 -0.600192 -0.060011
-0.066838 0.252987 9.853538 0.924207 0.318443 -0.210796
-0.067636 0.247201 9.875484 0.786550 -0.539074 0.301228
-0.071826 0.244608 9.886856 -0.300314 0.453521 -0.839124
-0.073502 0.252828 9.904812 -0.310696 0.135037 0.940868
-0.072624 0.252189 10.133858 -0.329578 0.531137 0.780559
-0.069261 0.245919 10.149705 0.284077 -0.291331 -0.913469
-0.073741 0.251391 10.166259 0.848813 0.342186 -0.403021
-0.063686 0.251631 10.190920 0.947066 -0.072635 -0.312715
-0.070629 0.250394 10.214263 0.892618 0.413222 -0.180224
-0.071826 0.245106 10.228029 0.795299 0.501679 -0.340321
-0.069299 0.250460 10.246251 -0.196429 -0.768306 -0.609197
-0.076614 0.240617 10.262746 0.495022 0.658817 -0.566492
-0.067038 0.256180 10.296265 -0.027010 0.293873 0.955463
-0.074220 0.246603 10.339360 -0.402985 -0.901385 -0.158454
-0.074220 0.247800 10.341754 -0.396290 -0.914562 -0.080806
-0.063446 0.251391 10.376471 0.111792 0.843750 -0.524966
-0.079009 0.244209 10.398018 0.839647 0.487186 -0.240088
-0.065442 0.245406 10.407196 -0.535751 -0.420387 0.732288
-0.065841 0.263362 9.671378 0.338079 -0.731576 -0.592030
-0.064643 0.276530 9.697714 0.456782 -0.772814 -0.440577
-0.079009 0.263362 9.731233 -0.342719 0.801369 0.490256
-0.077812 0.266953 9.752781 0.107011 0.858003 0.502374
-0.076016 0.271742 9.772831 0.146085 0.353950 0.923785
-0.071826 0.268151 9.798270 -0.392043 0.912753 -0.114822
-0.073821 0.270545 9.813833 0.262480 -0.783369 0.563415
-0.067636 0.271143 9.826702 0.886951 -0.324179 0.328977
-0.065841 0.266953 9.849746 0.784090 -0.166456 -0.597909
-0.068235 0.268450 9.875484 -0.670639 0.360931 0.648053
-0.069432 0.262165 9.892841 -0.219046 0.335028 0.916392
-0.065442 0.268550 9.905211 -0.156129 0.499627 0.852054
-0.070629 0.272041 10.130167 -0.628622 0.566552 0.532778
-0.071228 0.268749 10.149021 0.935086 -0.331577 -0.125185
-0.067935 0.272640 10.165182 0.994328 0.002151 -0.106338
-0.070629 0.274136 10.182540 0.918677 -0.377685 -0.115699
-0.070928 0.265457 10.209175 -0.438551 0.741632 0.507597
-0.071028 0.270545 10.232020 0.900758 -0.180690 0.394951
-0.073023 0.262165 10.255563 0.760854 -0.595819 -0.257099
-0.061052 0.270545 10.279505 0.174775 0.842067 0.510272
-0.076614 0.260968 10.297462 -0.247606 -0.892823 0.376242
-0.071826 0.274136 10.319010 0.883407 0.102782 0.457195
-0.070629 0.270545 10.362105 0.619143 0.582957 0.526141
-0.063446 0.285509 9.750386 -0.552167 0.604931 0.573733
-0.068235 0.285509 9.767744 -0.094836 0.438256 -0.893833
-0.068235 0.287304 9.816826 0.619301 -0.733376 0.280401
-0.066240 0.290895 9.834983 -0.165460 0.985123 0.046437
-0.073622 0.292392 9.842862 -0.043221 -0.869809 0.491493
-0.070030 0.286706 9.871892 0.700103 -0.222849 -0.678376
-0.070629 0.295085 9.885658 -0.513749 0.408206 0.754606
-0.074939 0.290896 10.128431 -0.057514 0.683049 0.728105
-0.073023 0.294487 10.176555 -0.087605 -0.953654 0.287872
-0.074819 0.281319 10.192117 -0.350796 0.816735 0.458133
-0.067636 0.290896 10.207081 -0.118939 -0.071843 0.990299
-0.074619 0.288102 10.249976 0.939586 0.180738 0.290710
-0.074220 0.288501 10.287885 0.853528 -0.413987 -0.316393
-0.068235 0.289698 10.423157 0.263846 -0.936510 -0.230940
-0.063446 0.308852 9.619903 -0.539696 0.723154 0.431018
-0.074220 0.306458 9.758766 0.038292 -0.692178 0.720711
-0.068235 0.310049 9.777920 0.585331 -0.186157 0.789134
-0.069432 0.302867 9.797073 0.952570 -0.304061 0.012585
-0.065841 0.304064 9.815030 -0.428695 -0.895406 0.120287
-0.070230 0.309052 9.831390 0.698016 -0.277161 0.660269
-0.068833 0.315436 9.848549 0.544751 -0.484125 -0.684740
-0.068235 0.310847 9.871693 0.518322 -0.449455 -0.727553
-0.070230 0.306458 10.093156 -0.344481 0.518168 0.782837
-0.061052 0.305261 10.137050 -0.666790 -0.354291 -0.655644
-0.076614 0.304064 10.152613 0.165668 0.586117 0.793108
-0.062249 0.311246 10.163386 0.091072 0.873866 0.477561
-0.075417 0.300472 10.188525 -0.701999 0.516528 0.490303
-0.063446 0.316035 10.217257 -0.148874 0.906599 -0.394861
-0.064643 0.317232 10.224439 0.293135 0.623690 0.724626
-0.074220 0.317232 10.249578 -0.860132 -0.207303 -0.466046
-0.064643 0.308852 10.328587 -0.516294 0.782058 -0.349034
-0.075417 0.319626 10.348937 -0.354953 0.925468 0.132351
-0.068235 0.332794 9.707291 0.095481 -0.875001 0.474612
-0.068833 0.336984 9.768942 -0.278540 0.959635 0.038949
-0.061052 0.320823 9.800665 0.316279 -0.915401 -0.249015
-0.062249 0.324414 9.853337 -0.542709 0.582717 0.604903
-0.070629 0.320823 9.877279 -0.467845 0.385429 0.795340
-0.079009 0.323217 10.083180 0.367144 -0.614929 -0.697902
-0.061052 0.332794 10.115502 0.283291 -0.829557 -0.481229
-0.073023 0.328604 10.131064 0.014866 0.941871 0.335645
-0.062249 0.320823 10.218452 -0.148874 0.906599 -0.394861
-0.077812 0.324414 10.287885 0.915299 -0.374810 -0.147461
-0.070629 0.344765 9.852140 0.392036 -0.499580 -0.772481
-0.079009 0.341174 10.075998 -0.267927 0.393849 0.879260
-0.064643 0.355539 10.093954 -0.391854 0.408461 0.824385
-0.064643 0.371101 9.545084 -0.526299 0.819803 0.225681
-0.064643 0.398635 10.210073 0.898986 0.390261 0.198797
-0.046687 0.070629 10.333375 0.505750 -0.836274 -0.211808
-0.043096 0.081403 10.420763 -0.341277 0.846846 -0.407901
-0.053870 0.110133 10.224439 -0.535664 0.774289 0.336958
-0.053870 0.136469 10.220847 -0.550479 0.789058 0.272692
-0.050278 0.135272 10.362105 -0.286655 0.949416 0.128209
-0.058658 0.155623 9.928755 0.770026 -0.583420 -0.258226
-0.055067 0.156820 10.232818 0.167802 -0.864766 0.473310
-0.041899 0.144849 10.263943 -0.161435 0.906871 -0.389261
-0.043694 0.143652 10.310630 -0.433437 0.885788 0.165869
-0.056264 0.150835 10.362105 0.159261 0.987229 -0.003792
-0.050278 0.148441 10.417171 0.915935 -0.207824 0.343326
-0.049081 0.179565 9.838972 -0.256121 0.646788 0.718378
-0.051475 0.162806 9.853337 0.844297 -0.491127 -0.214378
-0.050677 0.168791 9.943120 -0.509280 0.545536 0.665601
-0.051076 0.171185 10.227232 0.037258 0.848774 0.527442
-0.041899 0.178368 10.274716 0.890777 -0.452512 -0.041821
-0.052672 0.171185 10.431537 0.735619 -0.379827 0.560888
-0.046687 0.193930 9.727641 0.737043 -0.592386 -0.325340
-0.052273 0.195526 9.892841 -0.440087 0.558286 0.703306
-0.054269 0.187546 9.910798 0.066546 0.802387 0.593083
-0.058658 0.180762 9.926360 -0.300258 0.758289 0.578657
-0.050278 0.190339 9.949105 -0.334365 0.455730 0.824930
-0.056264 0.180762 10.168175 -0.354861 0.419896 0.835321
-0.052273 0.193930 10.188525 0.769635 0.375147 0.516649
-0.048602 0.193691 10.207439 0.771750 0.631784 0.072466
-0.051475 0.192733 10.230424 0.562347 -0.771891 0.296564
-0.057062 0.195526 10.271125 -0.293237 0.767328 0.570281
-0.047884 0.191137 10.292672 0.897180 0.418132 0.142246
-0.049081 0.195127 10.308235 0.855984 0.513297 -0.061792
-0.045490 0.180762 10.321404 0.699110 -0.714129 -0.035577
-0.045490 0.196325 10.350134 0.554212 0.258260 0.791297
-0.046687 0.186748 10.369287 0.977869 -0.136126 -0.158877
-0.047884 0.193930 10.411186 0.943076 -0.222075 -0.247570
-0.052672 0.209493 9.782708 0.600787 -0.686920 -0.408896
-0.047485 0.212286 9.834582 0.039100 -0.987717 0.151283
-0.057461 0.213383 9.848249 0.158847 -0.700653 0.695595
-0.053071 0.215079 9.867702 -0.487494 0.869528 0.079187
-0.052672 0.206500 9.889849 -0.725252 0.319128 -0.610055
-0.056663 0.208296 9.914788 -0.412978 0.553305 0.723397
-0.055067 0.215478 9.925762 0.456120 -0.565283 -0.687320
-0.049081 0.205901 10.149021 -0.277450 0.511096 0.813512
-0.052672 0.213683 10.171766 -0.122579 0.493584 0.861017
-0.047405 0.208535 10.186371 -0.036069 -0.900977 0.432365
-0.042497 0.213084 10.212467 0.473464 0.752968 -0.457025
-0.045490 0.217872 10.229227 0.025788 -0.058902 -0.997931
-0.051475 0.210091 10.268731 0.944464 -0.186040 -0.270882
-0.040701 0.204704 10.286688 0.880569 0.111250 -0.460676
-0.047884 0.211887 10.323798 0.134420 0.656795 0.741992
-0.041899 0.207098 10.345345 -0.288159 0.639093 -0.713109
-0.050278 0.202310 10.456676 -0.493425 -0.637313 0.591915
-0.059855 0.228646 9.719262 -0.452719 0.805781 0.381789
-0.056264 0.238223 9.764751 -0.418429 0.906352 0.058673
-0.047884 0.228646 9.788693 -0.187580 0.936323 0.296838
-0.050278 0.229843 9.814232 0.014227 0.942646 0.333492
-0.052074 0.230442 9.829994 0.216718 0.941560 0.257874
-0.047285 0.235829 9.847052 -0.171567 -0.984873 -0.024294
-0.059855 0.223858 9.873688 0.012487 0.847588 0.530508
-0.052273 0.226252 9.888453 -0.634122 0.707264 -0.312517
-0.052194 0.235111 9.906728 0.689609 0.217233 0.690832
-0.055466 0.229045 9.929553 -0.175932 0.467404 0.866361
-0.050278 0.229444 10.151814 -0.004029 0.396764 0.917912
-0.051475 0.222661 10.171766 0.593143 0.558421 0.579954
-0.054867 0.229045 10.190721 0.985986 0.163093 0.035097
-0.055067 0.226252 10.202890 0.871163 0.359106 -0.334839
-0.049081 0.229544 10.229526 0.073324 -0.059540 0.995529
-0.046288 0.226651 10.248779 0.053096 -0.710236 0.701958
-0.049680 0.230741 10.273819 0.980765 -0.195179 0.002319
-0.058059 0.232836 10.289680 0.119356 -0.038681 0.992098
-0.053870 0.237625 10.304644 0.689617 0.270305 0.671835
-0.053471 0.229843 10.332975 0.049239 0.872872 0.485458
-0.040701 0.231040 10.388441 0.633644 0.646491 -0.424905
-0.046687 0.226252 10.401609 0.060003 0.903918 0.423475
-0.051475 0.231040 10.450690 0.040852 0.983572 0.175834
-0.044293 0.252588 9.677363 0.533719 -0.828042 -0.171729
-0.043096 0.258574 9.753978 0.176289 -0.612970 -0.770188
-0.058658 0.246603 9.761160 -0.472902 0.389622 0.790290
-0.049480 0.249396 9.794679 0.011804 -0.974564 0.223800
-0.050578 0.251690 9.805154 -0.567078 0.187391 -0.802064
-0.053471 0.243810 9.844559 0.516684 0.837330 0.178650
-0.050278 0.240617 9.866506 0.876337 0.464429 -0.127825
-0.052273 0.248199 9.886856 0.170291 -0.405498 0.898094
-0.047884 0.251990 9.910499 -0.217985 0.474015 0.853107
-0.046687 0.243311 10.154408 0.032027 0.161613 0.986334
-0.050877 0.249596 10.169372 0.066472 -0.202680 0.976986
-0.050278 0.248997 10.189722 -0.649719 0.755583 -0.083426
-0.048483 0.251391 10.217257 -0.733874 0.479321 0.481332
-0.050677 0.248997 10.226832 -0.368872 0.747158 0.552892
-0.056264 0.245406 10.257957 0.620611 0.753826 -0.215844
-0.044692 0.248598 10.272721 0.771833 -0.634141 0.046239
-0.049081 0.243610 10.290877 0.666512 0.300292 -0.682339
-0.050278 0.248398 10.309433 -0.826841 -0.262110 -0.497627
-0.050278 0.254982 10.322600 -0.613535 0.769583 0.176966
-0.046687 0.256180 10.387244 0.411493 -0.783951 -0.464859
-0.056264 0.254982 10.431537 0.112255 0.581642 0.805662
-0.057461 0.251391 10.449493 0.444778 -0.335977 -0.830236
-0.056264 0.270545 9.659407 -0.271449 0.758402 0.592572
-0.049081 0.270545 9.685743 0.674999 -0.596780 -0.433855
-0.051475 0.274136 9.703699 0.634766 -0.753210 0.172474
-0.058658 0.270545 9.736021 0.921773 -0.094490 0.376041
-0.046088 0.268151 9.753380 -0.374518 0.560924 0.738309
-0.041499 0.266953 9.771535 0.557390 0.826679 0.076931
-0.052074 0.270844 9.790190 -0.184335 0.938727 -0.291225
-0.050578 0.273238 9.810541 -0.102192 -0.636115 0.764797
-0.045789 0.266953 9.829395 -0.654368 0.371812 -0.658451
-0.053271 0.269348 9.852738 -0.512971 0.722913 0.462880
-0.045250 0.271024 9.871054 -0.638595 0.762645 -0.102804
-0.047086 0.266554 9.891246 -0.373318 0.286758 0.882272
-0.046288 0.274934 9.905610 -0.205861 0.439776 0.874196
-0.059057 0.266155 10.111512 -0.317729 0.551479 0.771310
-0.057461 0.271742 10.126276 -0.300909 0.464324 0.832981
-0.052273 0.271742 10.149021 0.261443 -0.771823 -0.579601
-0.049680 0.271742 10.176554 -0.116638 0.987205 -0.108730
-0.055865 0.270545 10.191319 0.581186 0.742196 -0.333718
-0.047884 0.277727 10.214862 -0.516840 0.390944 0.761603
-0.050278 0.262165 10.226832 -0.338240 -0.776544 -0.531577
-0.047884 0.263362 10.278308 -0.544322 0.826118 -0.145749
-0.047884 0.271143 10.288483 -0.600462 0.761088 -0.245339
-0.051475 0.266953 10.308235 0.471361 -0.725281 0.501783
-0.041899 0.275333 10.392033 -0.142772 0.722136 0.676857
-0.041899 0.268151 10.418368 -0.561172 0.827106 0.031343
-0.047884 0.282516 9.679757 0.713609 -0.409479 -0.568409
-0.055665 0.286706 9.704298 0.983853 -0.109182 0.141821
-0.058658 0.285509 9.725845 0.701047 -0.555587 0.447052
-0.053870 0.284910 9.755774 -0.420529 -0.295369 0.857853
-0.046687 0.289698 9.788693 0.305834 -0.598521 0.740431
-0.044293 0.290895 9.804255 -0.692139 0.665663 -0.278992
-0.047485 0.293689 9.834982 -0.313662 0.452061 -0.835019
-0.044891 0.290297 9.847950 0.290750 0.859261 -0.420874
-0.052074 0.289100 9.873089 0.365401 -0.425184 -0.828070
-0.049979 0.291195 9.893440 -0.159025 0.373511 0.913893
-0.040701 0.288501 10.116699 0.440739 -0.428413 -0.788804
-0.051475 0.294886 10.129069 0.822142 0.433274 0.369264
-0.041899 0.299275 10.149021 0.226906 -0.673515 -0.703485
-0.045490 0.294487 10.163386 -0.313811 0.926163 0.209152
-0.050877 0.293888 10.193913 0.972820 0.038405 -0.228355
-0.053271 0.289399 10.210372 0.709102 0.050982 -0.703261
-0.046687 0.285309 10.224837 -0.309343 0.032445 0.950397
-0.051176 0.284311 10.274417 -0.296736 0.407557 0.863623
-0.041300 0.287903 10.334572 0.131336 -0.583283 0.801581
-0.049081 0.316633 9.734824 -0.736597 0.114301 -0.666604
-0.048682 0.310448 9.751983 0.796981 0.051479 0.601806
-0.051076 0.305660 9.767545 0.932824 -0.048179 -0.357097
-0.047285 0.314239 9.788694 -0.529267 0.051665 0.846881
-0.050677 0.313241 9.836978 -0.158388 -0.800305 0.578296
-0.046288 0.315636 9.875284 0.177945 -0.525179 -0.832179
-0.040701 0.318429 9.884461 -0.245137 0.411744 0.877710
-0.041899 0.312443 10.099940 -0.402446 0.439264 0.803171
-0.050278 0.313640 10.116699 -0.115220 0.737830 0.665080
-0.058658 0.302867 10.138247 -0.691260 -0.198857 -0.694705
-0.059855 0.310049 10.169372 0.000052 0.982594 0.185764
-0.047884 0.309451 10.191519 0.058383 -0.850609 0.522547
-0.041899 0.302867 10.212467 0.343243 0.510461 -0.788425
-0.045490 0.306458 10.226832 0.300160 0.907606 -0.293522
-0.053870 0.302867 10.250774 -0.264241 -0.749243 -0.607298
-0.052672 0.323217 9.660604 -0.562548 0.811148 0.159936
-0.058658 0.336385 9.698911 0.133718 -0.911927 0.387954
-0.044293 0.330400 9.783905 -0.478315 0.787853 0.387946
-0.044293 0.322020 9.825804 -0.339222 0.933129 -0.119159
-0.045490 0.338780 9.854534 -0.207557 0.514354 0.832082
-0.051475 0.331597 10.089166 -0.332613 0.560841 0.758172
-0.059855 0.328006 10.101137 0.238353 -0.693933 -0.679445
-0.049680 0.335188 10.129868 0.028485 0.885902 0.462996
-0.046687 0.323217 10.184934 -0.170740 0.979909 -0.103084
-0.043096 0.325611 10.207679 0.048955 0.984477 0.168549
-0.052672 0.329203 10.225636 0.057095 -0.942561 0.329119
-0.044293 0.326809 10.344149 0.119259 -0.961691 -0.246837
-0.058658 0.350751 9.730036 0.158652 -0.985531 0.059651
-0.048483 0.347758 9.756970 -0.533343 0.844823 0.042655
-0.049680 0.345364 9.829395 0.060296 -0.796243 0.601964
-0.041300 0.353145 9.841366 -0.148988 0.758050 0.634951
-0.053870 0.350751 10.311827 -0.467689 0.865124 0.181183
-0.056264 0.365116 9.502586 0.620720 -0.779776 0.081582
-0.052672 0.373495 9.531317 -0.531087 0.814379 0.233952
-0.049081 0.361524 10.277111 0.217917 -0.952259 0.213811
-0.045490 0.386664 9.842564 -0.221915 0.776622 0.589587
-0.023286 -0.368620 -0.096078 0.270219 0.099709 0.957622
-0.023282 -0.023039 -24.469118 0.974220 -0.224810 0.018886
-0.023165 -0.023651 -24.220577 0.978370 -0.200312 0.051644
-0.023284 -0.000001 -24.471066 0.974220 -0.224810 0.018886
-0.022795 -0.000022 -6.398890 0.999914 0.012227 -0.004835
-0.023531 -0.000366 -1.498009 0.989727 0.120462 -0.077007
-0.022799 -0.005851 -0.384314 0.988790 -0.021452 0.147767
-0.022794 -0.000000 -0.227895 0.969476 -0.201860 0.139173
-0.028730 0.137667 10.280702 0.206784 -0.963074 0.172421
-0.039504 0.134075 10.357317 0.882730 -0.458096 0.104571
-0.037110 0.159214 10.242394 0.174843 0.979357 -0.101441
-0.032322 0.154426 10.339360 0.350288 -0.897766 -0.267047
-0.027533 0.155623 10.375273 0.313748 0.947197 0.066182
-0.025139 0.150835 10.383653 -0.169083 -0.984244 -0.051721
-0.025738 0.169390 9.844957 -0.605637 0.741187 0.289559
-0.025139 0.178368 9.934740 -0.328241 0.868586 0.371237
-0.025139 0.164003 10.196905 0.381192 -0.724291 -0.574539
-0.022745 0.169988 10.218452 -0.355380 0.711171 0.606582
-0.031125 0.169988 10.298060 0.380408 -0.480292 -0.790322
-0.028730 0.169390 10.317214 -0.525756 0.679895 -0.511198
-0.034716 0.198719 9.827001 -0.628921 0.524083 0.574278
-0.031125 0.190339 9.937134 -0.393860 0.633198 0.666284
-0.029928 0.192733 9.956287 -0.272455 0.593944 0.756966
-0.032920 0.191536 10.169970 -0.238244 0.559803 0.793637
-0.032322 0.193531 10.194510 0.373821 0.906712 0.195273
-0.020351 0.185551 10.225636 0.763214 -0.643880 0.054067
-0.032322 0.191536 10.283096 -0.408472 0.850303 0.331866
-0.025139 0.184354 10.315418 -0.140034 -0.862671 0.485993
-0.020351 0.198719 10.399215 0.937356 -0.336170 0.091394
-0.023942 0.189142 10.514136 -0.607762 0.406618 -0.682120
-0.026336 0.208894 9.830592 0.717962 -0.547252 -0.430169
-0.027533 0.217872 9.858126 0.967614 -0.055542 0.246249
-0.039504 0.213084 9.874885 -0.487488 0.870295 0.070292
-0.026336 0.217872 9.934141 -0.322340 0.453982 0.830661
-0.029928 0.213882 10.157001 -0.112668 0.556302 0.823307
-0.030526 0.208894 10.172963 -0.020591 0.741353 0.670799
-0.031723 0.207996 10.191518 -0.055321 0.978721 -0.197598
-0.035913 0.204704 10.232818 -0.153638 -0.652081 0.742419
-0.026935 0.207697 10.250774 -0.152102 -0.965406 -0.211794
-0.025538 0.211089 10.291875 0.755783 0.096526 -0.647668
-0.027533 0.216675 10.308235 0.619205 -0.630874 -0.467530
-0.033519 0.213084 10.408792 0.978179 0.002284 0.207753
-0.028730 0.216675 10.456676 0.964742 -0.257491 -0.054507
-0.031125 0.235829 9.771935 0.155227 -0.935050 -0.318724
-0.038307 0.233435 9.783905 0.185335 -0.935791 -0.299910
-0.038307 0.239420 9.817424 0.009186 0.515823 0.856646
-0.032322 0.223858 9.835381 -0.201216 0.939688 0.276584
-0.031125 0.234632 9.861717 0.701395 -0.652987 0.285749
-0.029757 0.228475 9.890618 -0.218768 -0.371087 0.902461
-0.032322 0.231639 9.904214 -0.590674 0.698171 0.404551
-0.027533 0.232238 9.928755 0.169621 -0.644000 -0.745984
-0.025139 0.229843 10.146029 -0.210769 0.206680 0.955437
-0.031723 0.229245 10.169970 0.033352 0.145573 0.988785
-0.027234 0.232238 10.212168 -0.083379 -0.539868 0.837610
-0.038906 0.234033 10.231022 0.288505 -0.053438 0.955986
-0.025438 0.229544 10.271724 0.792482 0.091258 0.603029
-0.028730 0.239420 10.281899 0.302569 0.690106 0.657423
-0.026336 0.223858 10.344149 0.800000 -0.560237 -0.214792
-0.025139 0.228646 10.376471 0.894399 -0.179369 0.409729
-0.020351 0.223858 10.415975 0.937531 -0.227827 0.262925
-0.027533 0.234632 10.436325 0.900127 -0.430092 0.069227
-0.034716 0.226252 10.459070 0.945610 -0.311381 -0.094150
-0.034716 0.221464 10.527305 -0.600641 0.719165 -0.349331
-0.029329 0.255581 9.704298 0.613920 -0.694992 -0.374284
-0.029928 0.245406 9.770737 0.477132 -0.776035 -0.412450
-0.026336 0.248199 9.805054 0.928307 -0.336032 -0.159152
-0.031723 0.251391 9.886856 -0.029442 -0.022844 0.999305
-0.034955 0.252828 9.906728 -0.383403 0.459595 0.801108
-0.030885 0.249955 10.153331 0.183508 -0.098458 0.978075
-0.028331 0.254184 10.168972 0.463938 -0.281675 0.839894
-0.032621 0.249596 10.189123 0.303601 -0.943886 0.130025
-0.029928 0.257377 10.219650 0.701083 -0.072808 -0.709353
-0.024740 0.253386 10.229626 -0.314653 -0.321656 0.893046
-0.032621 0.246004 10.247783 -0.008808 -0.988980 0.147784
-0.037110 0.252588 10.272323 -0.372508 0.821699 -0.431333
-0.031723 0.252588 10.287286 0.965396 -0.197791 0.169970
-0.034716 0.246603 10.304645 0.960298 -0.082971 -0.266354
-0.039504 0.258574 10.332177 0.733739 -0.658881 -0.165840
-0.026935 0.251391 10.366894 -0.449141 0.820400 0.353858
-0.033519 0.243011 10.430340 0.817253 -0.548925 -0.175442
-0.033519 0.244209 10.486604 -0.421780 0.849214 0.317708
-0.029329 0.268749 9.772533 0.953502 -0.174579 -0.245673
-0.037110 0.275333 9.781511 -0.621263 0.325977 0.712581
-0.033519 0.274735 9.812037 0.667551 -0.582297 0.464011
-0.027533 0.276530 9.829395 -0.063083 -0.383731 0.921288
-0.022745 0.275333 9.873688 -0.419370 -0.852064 -0.313233
-0.039504 0.278924 9.890448 -0.175301 0.466178 0.867149
-0.022745 0.271742 9.902418 -0.089314 0.283903 0.954684
-0.026336 0.266953 10.140641 -0.536159 0.220189 0.814893
-0.029928 0.277727 10.178948 0.909739 -0.050018 0.412156
-0.030167 0.269108 10.190202 0.368546 0.926875 0.071258
-0.031723 0.272640 10.211270 0.809781 0.108521 -0.576608
-0.031125 0.266953 10.221445 0.722810 0.011857 -0.690945
-0.034716 0.261567 10.254366 -0.089638 -0.995974 -0.000881
-0.025937 0.271742 10.263144 0.895602 0.042236 0.442847
-0.035913 0.263961 10.287884 0.722543 -0.652740 0.227731
-0.035913 0.271742 10.322600 -0.589485 0.785697 0.187584
-0.023942 0.271742 10.345345 0.939595 -0.325792 0.104981
-0.030526 0.286706 9.711481 0.901170 -0.429640 0.057470
-0.020351 0.284910 9.758766 -0.589658 0.760899 0.270807
-0.023343 0.287304 9.792883 0.949290 -0.301593 0.088823
-0.029329 0.281917 9.806650 0.910989 -0.409481 0.049227
-0.025139 0.288501 9.834184 0.211283 -0.858980 -0.466382
-0.027533 0.287304 9.841366 -0.596802 0.795498 0.104935
-0.036512 0.288501 9.874287 0.033968 0.340231 0.939728
-0.021548 0.280122 9.882068 0.337822 0.379069 0.861501
-0.030526 0.287903 10.115501 -0.345236 0.597065 0.724103
-0.026735 0.294487 10.132262 -0.406515 0.503816 0.762178
-0.025738 0.287903 10.150817 -0.580307 0.355682 0.732622
-0.028730 0.289698 10.170568 0.291105 -0.828520 0.478344
-0.029928 0.293290 10.207679 0.811886 0.238808 -0.532741
-0.027533 0.284910 10.297462 0.648281 -0.739097 0.182943
-0.021548 0.281319 10.305841 0.708876 -0.687372 0.158159
-0.020351 0.293290 10.348937 0.751702 0.654887 -0.077893
-0.037110 0.295684 10.465055 -0.092043 0.634135 0.767724
-0.027533 0.298078 10.582372 0.566474 -0.765701 -0.304647
-0.022745 0.307655 9.624691 -0.589198 0.697584 0.407704
-0.025139 0.302867 9.664195 0.733091 -0.609223 -0.302365
-0.030327 0.314039 9.710483 0.227472 -0.664717 0.711623
-0.033519 0.300472 9.726444 -0.817726 0.572522 0.059516
-0.024541 0.305859 9.809044 0.037769 0.812375 0.581912
-0.026935 0.305859 9.822811 0.599057 -0.732974 -0.322304
-0.031125 0.311246 9.871294 -0.226221 0.531836 0.816073
-0.028730 0.304064 9.890448 -0.275707 0.482865 0.831160
-0.028331 0.306059 10.109916 -0.460329 0.394741 0.795158
-0.039504 0.313640 10.133459 -0.351366 0.924127 0.150103
-0.023343 0.310049 10.144831 0.605926 0.058047 -0.793400
-0.029928 0.305261 10.190321 0.647357 0.761885 0.021459
-0.039504 0.307655 10.204087 -0.415208 -0.764939 0.492413
-0.025139 0.308852 10.234613 0.491422 0.476652 -0.728908
-0.020949 0.307056 10.263344 -0.556986 0.767930 0.316306
-0.035913 0.307655 10.298658 0.966866 -0.226198 0.118339
-0.039504 0.311246 10.363302 -0.157314 0.791540 0.590523
-0.029928 0.324414 9.645041 -0.474280 0.829881 0.293863
-0.031125 0.333991 9.698313 0.209225 -0.961740 0.176865
-0.039504 0.326809 9.704897 0.336805 -0.864874 0.372232
-0.038307 0.325611 9.732430 0.706451 -0.648551 0.283388
-0.031125 0.330699 9.794380 -0.555848 0.542735 0.629660
-0.029928 0.325013 9.833585 0.786451 -0.197785 0.585129
-0.031125 0.322020 9.868899 -0.118021 0.701558 0.702771
-0.031524 0.333592 10.091161 0.522861 -0.303160 -0.796687
-0.034716 0.336385 10.132261 0.831333 -0.384590 -0.401219
-0.025139 0.333991 10.146626 0.254981 -0.669693 -0.697492
-0.022745 0.325611 10.216059 0.194871 0.980611 0.020691
-0.037110 0.328006 10.228029 0.190637 0.921999 -0.337009
-0.027533 0.336385 10.268731 -0.220271 -0.929655 0.295335
-0.023942 0.325611 10.347740 -0.581748 0.591547 0.558248
-0.039504 0.348356 9.615114 0.481212 -0.838103 -0.256940
-0.038307 0.342371 9.753978 -0.447498 0.870499 -0.204884
-0.039504 0.343568 9.775525 0.444615 -0.765092 -0.465780
-0.038307 0.345962 9.801862 0.386690 -0.921216 0.042798
-0.020351 0.343568 9.852140 -0.122536 0.836238 0.534501
-0.037110 0.343568 10.096349 -0.518383 0.251733 0.817258
-0.026336 0.353145 10.113108 -0.405586 0.506094 0.761163
-0.027533 0.350751 10.138247 0.341109 -0.803494 -0.487895
-0.027533 0.341174 10.166978 -0.262008 -0.874227 -0.408752
-0.039504 0.375890 9.441534 0.504425 -0.862274 0.045150
-0.037110 0.363919 9.843760 -0.137556 0.602994 0.785797
-0.026336 0.365116 10.080787 -0.463444 0.588072 0.662866
-0.026336 0.379481 10.126276 -0.387203 0.763532 0.516810
-0.038307 0.385466 10.241198 -0.560767 -0.580952 0.589945
-0.000000 -3.169866 0.000000 0.576413 0.000281 -0.817158
-0.000000 -3.064713 0.000000 0.576413 0.000281 -0.817158
-0.000000 -2.702194 0.000000 0.576413 0.000281 -0.817158
-0.000000 -2.647130 0.000000 0.576413 0.000281 -0.817158
-0.000000 -1.895301 0.000000 0.576413 0.000281 -0.817158
-0.000000 -1.656064 0.000000 -0.576601 0.000531 0.817026
-0.000000 -1.608088 -0.000000 -0.577030 0.001161 0.816722
-0.018152 -1.600060 0.000000 -0.577030 0.001161 0.816722
-0.000000 -1.574187 0.000000 -0.577030 0.001161 0.816722
-0.000000 -1.489704 -0.000000 -0.577974 0.002219 0.816052
-0.000089 -1.494224 0.000000 -0.577974 0.002219 0.816052
-0.005699 -1.474510 0.000000 -0.577974 0.002219 0.816052
-0.000000 -1.450642 -0.000000 -0.577974 0.002219 0.816052
-0.000000 -1.343769 -0.000000 -0.577974 0.002219 0.816052
-0.000000 -1.317280 -0.000000 -0.577974 0.002219 0.816052
-0.000000 -1.293811 -0.000000 -0.577974 0.002219 0.816052
-0.000000 -1.189980 0.000000 -0.577974 0.002219 0.816052
-0.000000 -1.173509 0.000000 -0.577974 0.002219 0.816052
-0.000000 -0.872751 0.000000 -0.131831 -0.004161 0.991263
-0.000000 -0.807604 0.000000 0.180335 0.056099 0.982004
-0.000000 -0.757195 0.000000 0.158777 0.053046 0.985888
-0.000000 -0.730089 0.000000 0.137141 0.049430 0.989317
-0.000000 -0.695077 0.000000 0.116259 0.045336 0.992184
-0.000006 -0.569576 0.000000 0.154692 0.068826 0.985562
-0.000000 -0.554119 0.000000 0.154692 0.068826 0.985562
-0.000000 -0.485788 0.000000 0.154692 0.068826 0.985562
-0.000000 -0.411879 0.000000 0.181410 0.049333 0.982169
-0.000000 -0.398077 -0.000000 0.181410 0.049333 0.982169
-0.000000 -0.376455 -24.348043 0.974220 -0.224810 0.018886
-0.001486 -0.374533 -24.219604 0.978370 -0.200312 0.051644
-0.000000 -0.372503 -1.521446 -0.193538 -0.061278 0.979177
-0.000001 -0.362714 -1.474449 0.993344 0.032540 -0.110494
-0.000005 -0.364698 -0.382315 0.999572 0.000288 0.029250
-0.000000 -0.365678 -0.023040 0.303755 0.078726 0.949492
-0.000009 -0.373022 -0.001804 0.192833 0.040666 0.980389
-0.000000 -0.346890 -0.000000 0.144381 0.074954 0.986679
-0.000000 -0.245478 0.000000 -0.034809 0.055223 0.997867
-0.000000 -0.211772 0.000000 -0.065931 0.050354 0.996553
-0.000000 -0.112027 0.000000 -0.149901 0.130295 0.980078
-0.005760 -0.093133 -24.720572 0.974220 -0.224810 0.018886
-0.005821 -0.092643 -24.719112 0.974220 -0.224810 0.018886
-0.001448 -0.092155 -24.595575 0.974220 -0.224810 0.018886
-0.002959 -0.093378 -24.344357 0.974220 -0.224810 0.018886
-0.000000 -0.091169 -5.991667 0.999835 0.016357 -0.007848
-0.000000 -0.090686 -1.521477 0.994990 0.033061 -0.094348
-0.000000 -0.092147 -1.505882 0.994990 0.033061 -0.094348
-0.000001 -0.090688 -1.490104 0.994990 0.033061 -0.094348
-0.000011 -0.090199 -0.373529 0.979244 0.155989 0.129419
-0.000000 -0.093131 -0.092159 0.925513 -0.227348 -0.302884
-0.005791 -0.023407 -24.471064 0.974220 -0.224810 0.018886
-0.000005 -0.022671 -6.054412 0.999835 0.016357 -0.007848
-0.000000 -0.022793 -6.023039 0.999835 0.016357 -0.007848
-0.000020 -0.023041 -5.835662 0.999997 0.002241 -0.000808
-0.000000 -0.022426 -1.490104 0.989727 0.120462 -0.077007
-0.000003 -0.022733 -0.372530 0.983052 0.111753 0.145330
-0.005699 -0.001440 -24.342638 0.974220 -0.224810 0.018886
-0.000091 -0.000350 -24.220579 0.978370 -0.200312 0.051644
-0.001371 -0.005699 -24.217154 0.978370 -0.200312 0.051644
-0.000002 -0.002372 -24.093294 0.979349 -0.200264 0.027734
-0.000001 -0.000587 -23.966858 0.988123 -0.153293 0.010667
-0.000000 -0.001409 -23.844112 0.989447 -0.144814 0.004856
-0.000000 -0.000000 -23.717131 0.990077 -0.140507 -0.002134
-0.000000 -0.000350 -23.592642 0.990077 -0.140507 -0.002134
-0.000000 -0.000000 -23.354748 -0.688338 0.725315 -0.010464
-0.000000 -0.000000 -23.334761 -0.688338 0.725315 -0.010464
-0.000000 -0.000000 -23.213230 -0.688338 0.725315 -0.010464
-0.000000 -0.000000 -22.604271 -0.688338 0.725315 -0.010464
-0.000000 -0.005760 -6.211394 0.999835 0.016357 -0.007848
-0.005760 -0.005698 -6.086272 0.999835 0.016357 -0.007848
-0.000001 -0.000089 -6.054288 0.999835 0.016357 -0.007848
-0.001146 -0.000735 -6.023259 0.999835 0.016357 -0.007848
-0.000000 -0.002979 -5.991789 0.999835 0.016357 -0.007848
-0.000001 -0.000198 -5.929073 0.999999 0.001059 -0.000608
-0.000000 -0.000000 -5.708945 0.999997 0.002241 -0.000808
-0.000000 -0.000000 -5.682072 0.999997 0.002241 -0.000808
-0.000000 -0.000000 -5.649065 0.999997 0.002241 -0.000808
-0.000000 -0.000000 -5.521139 0.999997 0.002241 -0.000808
-0.000000 -0.000000 -5.395954 0.999997 0.002241 -0.000808
-0.000000 -0.000000 -2.007783 0.107989 0.993333 0.040342
-0.001448 -0.000022 -1.568411 0.995830 0.083309 -0.037174
-0.000001 -0.003508 -1.509682 0.989727 0.120462 -0.077007
-0.000178 -0.001164 -1.486190 0.989727 0.120462 -0.077007
-0.000000 -0.000036 -1.469240 0.989727 0.120462 -0.077007
-0.002864 -0.000011 -1.450995 0.989727 0.120462 -0.077007
-0.000002 -0.000000 -1.427996 0.989727 0.120462 -0.077007
-0.000000 -0.000000 -1.364888 0.989727 0.120462 -0.077007
-0.000000 -0.000000 -1.303606 0.990972 0.122851 -0.053692
-0.000000 -0.000000 -0.951805 0.999740 0.022300 -0.004782
-0.000000 -0.000000 -0.388280 0.988790 -0.021452 0.147767
-0.000079 -0.000670 -0.369263 0.988790 -0.021452 0.147767
-0.000086 -0.000000 -0.350911 0.988036 -0.061066 0.141621
-0.000000 -0.000000 -0.339520 0.988036 -0.061066 0.141621
-0.000341 -0.000000 -0.125712 -0.122753 0.992198 0.021813
-0.000000 -0.000000 0.368604 -0.107996 -0.505980 0.855758
-0.000022 0.000000 -6.369481 0.999914 0.012227 -0.004835
-0.000000 0.000000 -1.403981 0.989727 0.120462 -0.077007
-0.000000 0.000000 -1.364728 0.989727 0.120462 -0.077007
-0.000004 0.109482 0.000000 -0.148278 -0.158258 0.976201
-0.000000 0.138293 0.000000 -0.148278 -0.158258 0.976201
-0.010774 0.125696 10.430340 0.723915 -0.138456 0.675853
-0.017957 0.159214 10.241198 0.747648 -0.658394 -0.086838
-0.000000 0.179250 0.000000 0.152586 0.157820 -0.975608
-0.017358 0.174178 10.181941 0.399114 -0.698302 -0.594207
-0.008380 0.166397 10.329783 0.950919 -0.302965 0.062972
-0.011971 0.198719 9.880871 0.421543 -0.886998 -0.188507
-0.016759 0.184354 9.904813 -0.542119 0.745308 0.388102
-0.011971 0.180762 9.969456 -0.265185 0.537633 0.800392
-0.009577 0.196325 10.186131 -0.359147 0.700901 0.616240
-0.012570 0.189740 10.247183 0.693621 -0.481895 0.535413
-0.005986 0.184354 10.285490 0.961422 0.007282 0.274981
-0.019154 0.186748 10.359711 0.798085 -0.410775 0.440822
-0.008380 0.198719 10.420763 0.944485 0.071505 0.320679
-0.009577 0.213084 9.908403 0.325040 -0.444972 -0.834475
-0.002394 0.202310 9.932345 -0.352180 0.712725 0.606624
-0.013168 0.213084 10.163386 -0.338672 0.461666 0.819857
-0.011572 0.209094 10.191319 -0.514058 0.804428 0.297724
-0.019154 0.205901 10.219650 0.526542 0.849170 -0.040792
-0.016759 0.215478 10.235212 -0.117854 -0.039849 0.992231
-0.011372 0.209493 10.247782 0.701510 0.628378 0.336190
-0.010175 0.213683 10.311228 0.764616 -0.627232 0.148130
-0.010375 0.208695 10.330581 -0.053954 -0.555242 0.829937
-0.014365 0.214281 10.345345 0.079520 -0.540453 0.837608
-0.000000 0.225999 0.000000 -0.134247 -0.123313 0.983246
-0.014365 0.225055 9.750386 -0.635884 0.754910 0.160508
-0.015562 0.232238 9.798270 0.571206 -0.765943 -0.295050
-0.016759 0.228646 9.816227 -0.178551 0.955041 0.236675
-0.019154 0.235829 9.878476 0.699703 -0.223915 -0.678438
-0.005986 0.232238 9.914390 -0.200832 0.284988 0.937256
-0.008080 0.227150 10.150517 -0.416717 0.363728 0.833096
-0.014365 0.232637 10.161790 -0.307981 0.463592 0.830801
-0.013168 0.231938 10.210372 0.402185 -0.144611 0.904066
-0.007781 0.229245 10.229826 0.504131 0.063674 0.861277
-0.004788 0.231040 10.259154 0.948190 0.192154 0.253009
-0.005986 0.231040 10.323798 0.424925 0.177513 0.887653
-0.011372 0.239420 10.343550 -0.764726 0.628559 -0.141802
-0.007183 0.239420 10.414778 -0.717038 0.473836 -0.511210
-0.000000 0.244114 0.000000 0.159740 0.108902 -0.981134
-0.011372 0.253785 9.771935 -0.625718 0.776745 0.071720
-0.012570 0.255581 9.788693 -0.696685 0.207225 0.686796
-0.016759 0.251391 9.803059 -0.085268 -0.879091 0.468965
-0.015562 0.257377 9.831789 -0.669207 0.740739 -0.058894
-0.012570 0.247201 9.844358 -0.660136 0.749131 -0.054982
-0.004788 0.259771 9.870096 0.630568 -0.753757 -0.185025
-0.003990 0.251790 9.906409 -0.225591 0.566025 0.792921
-0.012370 0.245007 10.150617 0.149175 -0.153383 -0.976842
-0.009577 0.250194 10.164583 0.394943 0.035829 -0.918007
-0.011492 0.248518 10.190440 0.774456 0.631615 -0.035785
-0.009577 0.252588 10.217256 -0.032867 -0.946020 -0.322438
-0.014964 0.250194 10.223840 -0.042840 0.899758 0.434282
-0.008380 0.256180 10.249578 -0.196350 0.768813 0.608583
-0.000000 0.265201 0.000000 0.159740 0.108902 -0.981134
-0.016759 0.263362 9.702502 -0.552706 0.823418 0.128444
-0.015562 0.277727 9.726444 -0.611864 0.661689 0.433348
-0.017957 0.264559 9.743204 0.414704 -0.782652 -0.464194
-0.014964 0.277129 9.829395 0.824823 0.226724 -0.517941
-0.005986 0.269348 9.851542 -0.328576 0.925523 -0.188267
-0.008978 0.267851 9.866805 0.978879 -0.196038 0.058008
-0.014365 0.263362 9.909601 -0.293258 0.468200 0.833540
-0.017358 0.269348 10.145430 -0.413972 0.084495 0.906359
-0.019154 0.264559 10.171766 0.121482 0.015362 0.992475
-0.006784 0.274136 10.188925 0.362211 0.815231 -0.451887
-0.005387 0.275932 10.213665 -0.249649 0.967275 -0.045315
-0.014365 0.276530 10.242394 -0.235029 -0.068065 0.969602
-0.014964 0.265756 10.265140 0.907247 0.213086 0.362626
-0.016759 0.274136 10.313024 -0.242958 -0.898606 0.365346
-0.011971 0.276530 10.327389 -0.158182 -0.596400 0.786947
-0.010774 0.275333 10.412383 0.563792 -0.810640 0.158122
-0.010774 0.290895 9.758766 -0.588888 0.807059 -0.043193
-0.014365 0.298078 9.788095 0.749536 0.139294 -0.647142
-0.014964 0.296881 9.805452 -0.645440 0.658193 0.387543
-0.007183 0.294487 9.854534 0.905205 0.404113 0.131520
-0.019154 0.294487 9.876082 -0.288769 0.045258 -0.956329
-0.008380 0.286107 9.884461 0.767527 -0.165299 -0.619338
-0.009577 0.286706 9.909601 0.334518 -0.456888 -0.824228
-0.003591 0.292691 10.154408 -0.118350 0.616206 0.778642
-0.017158 0.287703 10.164184 -0.221270 0.264640 0.938619
-0.012570 0.293888 10.212467 0.222191 0.850467 -0.476798
-0.004788 0.295085 10.223840 0.249753 0.689805 -0.679553
-0.011971 0.296881 10.243592 0.568964 -0.043429 -0.821215
-0.008380 0.283713 10.415975 -0.453953 0.879784 0.141089
-0.007183 0.310049 9.715671 -0.176258 0.733447 0.656498
-0.008978 0.310648 9.728838 -0.232007 0.682551 0.693034
-0.015562 0.310049 9.775525 0.836413 -0.347490 -0.423869
-0.013168 0.306059 9.791488 -0.773462 0.632403 -0.042690
-0.015562 0.319626 9.811439 0.223584 0.970853 0.086341
-0.010774 0.309650 9.830193 0.078109 -0.467188 0.880701
-0.015562 0.313341 9.856330 0.722993 -0.684697 0.092042
-0.009577 0.302867 9.873688 0.911335 0.023103 0.411017
-0.006584 0.310648 9.890448 -0.222992 0.384460 0.895804
-0.003192 0.303665 9.907605 -0.296892 0.404268 0.865114
-0.009577 0.313640 10.134058 0.715578 0.282356 -0.638923
-0.010774 0.310049 10.164583 0.220941 0.704358 0.674585
-0.014365 0.311246 10.180145 0.632081 0.720254 0.285847
-0.008380 0.306458 10.227430 0.437241 0.609500 -0.661309
-0.007781 0.305261 10.249577 0.448388 0.446169 -0.774520
-0.016759 0.301669 10.387244 0.337551 -0.866694 -0.367289
-0.009577 0.335188 9.355343 0.559618 -0.828750 0.000786
-0.013168 0.329203 9.671976 -0.520124 0.825570 0.218875
-0.008380 0.324414 9.713276 -0.099101 -0.991650 0.082514
-0.017957 0.337582 9.730036 -0.211815 0.907977 -0.361541
-0.014365 0.330400 9.750386 -0.604250 0.650231 -0.460523
-0.015562 0.332794 9.793482 0.983859 -0.161467 -0.077133
-0.002993 0.325013 9.816227 -0.055139 -0.861978 0.503938
-0.004788 0.329203 9.838972 -0.671419 -0.474627 0.569144
-0.010774 0.328804 9.870496 -0.330676 0.798011 0.503817
-0.019154 0.332794 9.884461 -0.273267 0.704545 0.654937
-0.008380 0.339977 10.117896 0.408261 -0.497215 -0.765571
-0.013168 0.324414 10.315418 -0.604882 -0.573139 -0.552838
-0.000000 0.350941 0.000000 -0.067768 -0.041692 0.996830
-0.007183 0.344765 9.700109 -0.431025 0.807481 -0.402731
-0.001197 0.355539 9.758766 0.862778 -0.431953 0.262737
-0.009577 0.344765 9.770737 -0.507874 0.679849 0.529027
-0.009577 0.350751 9.788095 0.708103 -0.381595 -0.594118
-0.003591 0.341174 9.858126 -0.115261 0.829347 0.546716
-0.013168 0.341174 10.248381 0.500405 0.454309 -0.737020
-0.004788 0.365116 9.623494 0.535380 -0.773871 -0.338366
-0.013168 0.365116 9.753978 -0.595705 0.788522 -0.152866
-0.009577 0.373495 9.764751 -0.664037 0.742298 -0.089708
-0.007183 0.372298 9.809045 -0.612983 0.784396 -0.094733
-0.007183 0.361524 9.842564 0.106701 0.459417 0.881789
-0.007183 0.378284 10.302250 0.069011 0.977565 0.199010
-0.000000 0.473089 0.000000 0.104840 -0.048479 0.993307
-0.000000 0.518465 0.000000 0.104840 -0.048479 0.993307
-0.000000 0.533727 0.000000 0.104840 -0.048479 0.993307
-0.000000 0.551045 0.000000 0.104840 -0.048479 0.993307
-0.000000 0.578155 0.000000 0.059054 -0.034494 0.997659
-0.000000 0.582425 0.000000 0.059054 -0.034494 0.997659
-0.000000 0.630595 0.000000 0.059054 -0.034494 0.997659
-0.000000 0.676063 0.000000 0.059054 -0.034494 0.997659
-0.000000 0.756769 0.000000 0.092601 -0.034368 0.995110
-0.000000 0.901257 0.000000 0.077304 -0.022923 0.996744
-0.000000 0.964014 0.000000 0.067452 -0.020356 0.997515
-0.000000 1.158380 0.000000 0.003416 -0.003950 0.999986
-0.000000 1.449938 0.000000 0.977077 0.000396 -0.212887
-0.000000 1.731551 0.000000 0.978433 0.000237 -0.206565
-0.000000 1.885444 0.000000 0.978645 0.000206 -0.205556
-0.000000 2.157032 0.000000 0.979047 0.000130 -0.203634
-0.000000 2.448851 0.000000 0.979196 0.000056 -0.202915
-0.000000 2.461946 0.000000 0.979196 0.000056 -0.202915
-0.000000 2.482748 0.000000 0.979196 0.000056 -0.202915
-0.000000 2.574499 0.000000 0.979196 0.000056 -0.202915
-0.000000 2.631874 0.000000 0.979196 0.000056 -0.202915
-0.005729 2.644031 0.000000 0.979196 0.000056 -0.202915
-0.000000 2.910112 -0.000000 0.979196 0.000056 -0.202915
-0.000000 2.957109 -0.000000 0.979196 0.000056 -0.202915
-0.000000 3.020047 0.000000 0.979196 0.000056 -0.202915
-0.000000 3.267949 0.000000 0.979196 0.000056 -0.202915
-0.000000 3.353635 0.000000 0.979196 0.000056 -0.202915
-0.000000 3.423282 0.000000 0.979196 0.000056 -0.202915
-0.000000 3.458653 0.000000 0.979196 0.000056 -0.202915
-0.000000 3.772807 0.000000 0.979196 0.000056 -0.202915
-0.000000 4.025732 0.000000 0.979196 0.000056 -0.202915
-0.000000 4.056403 0.000000 0.979196 0.000056 -0.202915
0.000000 -1.639310 0.000000 -0.576601 0.000531 0.817026
0.000000 -1.490830 0.000000 -0.577974 0.002219 0.816052
0.000000 -0.884942 0.000000 0.587213 0.003612 -0.809424
0.000000 -0.758218 0.000000 0.158777 0.053046 0.985888
0.000000 -0.522355 0.000000 0.154692 0.068826 0.985562
0.000000 -0.365755 0.000000 0.270286 0.052650 0.961339
0.000000 -0.240751 0.000000 -0.034809 0.055223 0.997867
0.000000 -0.157998 0.000000 -0.066894 0.038836 0.997004
0.000000 -0.088380 -1.388359 0.989727 0.120462 -0.077007
0.000000 -0.000000 -5.584676 0.999997 0.002241 -0.000808
0.000000 -0.000000 -5.302085 0.999997 0.002241 -0.000808
0.000000 -0.000000 -1.490479 0.989727 0.120462 -0.077007
0.000000 -0.000000 -1.419362 0.989727 0.120462 -0.077007
0.000000 -0.000000 -1.380515 0.989727 0.120462 -0.077007
0.000000 -0.000000 -1.349325 0.989727 0.120462 -0.077007
0.010875 -0.006538 -0.823486 0.999993 0.003366 0.001759
0.000000 -0.000000 -0.358812 0.988036 -0.061066 0.141621
0.000000 0.000000 -24.846073 0.974220 -0.224810 0.018886
0.000000 0.000000 -24.721073 0.974220 -0.224810 0.018886
0.000000 0.000000 -24.596073 0.974220 -0.224810 0.018886
0.000000 0.000000 -24.347052 0.974220 -0.224810 0.018886
0.000000 0.000000 -24.217812 0.978370 -0.200312 0.051644
0.000000 0.000000 -24.105358 0.979316 -0.199457 0.034021
0.000000 0.000000 -24.092484 0.979349 -0.200264 0.027734
0.000000 0.000000 -23.966843 0.988123 -0.153293 0.010667
0.000000 0.000000 -23.842955 0.715384 -0.698368 0.022513
0.000000 0.000000 -23.839714 0.715416 -0.698408 0.020180
0.000000 0.000000 -23.716522 0.990077 -0.140507 -0.002134
0.000000 0.000000 -23.591625 0.990077 -0.140507 -0.002134
0.000000 0.000000 -23.466181 -0.688338 0.725315 -0.010464
0.000000 0.000000 -23.343876 -0.688338 0.725315 -0.010464
0.000000 0.000000 -23.210102 -0.688338 0.725315 -0.010464
0.000000 0.000000 -23.078533 -0.688338 0.725315 -0.010464
0.000000 0.000000 -22.715694 -0.688338 0.725315 -0.010464
0.000000 0.000000 -22.585815 -0.688338 0.725315 -0.010464
0.000000 0.000000 -6.843627 0.999914 0.012227 -0.004835
0.000000 0.000000 -6.369244 0.999914 0.012227 -0.004835
0.000000 0.000000 -6.237892 0.999914 0.012227 -0.004835
0.000000 0.000000 -6.148531 0.999835 0.016357 -0.007848
0.000000 0.000000 -6.117404 0.999835 0.016357 -0.007848
0.000000 0.000000 -6.085938 0.999835 0.016357 -0.007848
0.000000 0.000000 -6.054437 0.999835 0.016357 -0.007848
0.000000 0.000000 -6.023347 0.999835 0.016357 -0.007848
0.000000 0.000000 -5.991566 0.999835 0.016357 -0.007848
0.000000 0.000000 -5.960621 0.999835 0.016357 -0.007848
0.000000 0.000000 -5.929108 0.999999 0.001059 -0.000608
0.000000 0.000000 -5.897611 0.999999 0.001059 -0.000608
0.000000 0.000000 -5.866729 0.999999 0.001562 -0.000714
0.000000 0.000000 -5.799660 0.999997 0.002241 -0.000808
0.000000 0.000000 -5.740563 0.999997 0.002241 -0.000808
0.000000 0.000000 -1.896631 0.999784 0.020339 -0.004170
0.000000 0.000000 -1.818598 0.997383 0.072189 -0.004081
0.000000 0.000000 -1.525804 0.995830 0.083309 -0.037174
0.000000 0.000000 -1.507573 0.989727 0.120462 -0.077007
0.000000 0.000000 -1.490733 0.989727 0.120462 -0.077007
0.000000 0.000000 -1.472241 0.989727 0.120462 -0.077007
0.000000 0.000000 -1.454861 0.989727 0.120462 -0.077007
0.000000 0.000000 -1.435754 0.989727 0.120462 -0.077007
0.000000 0.000000 -1.412224 0.989727 0.120462 -0.077007
0.000000 0.000000 -1.396037 0.989727 0.120462 -0.077007
0.000000 0.000000 -1.223463 0.999830 0.017599 -0.005570
0.000000 0.000000 -1.066459 0.999742 0.021930 -0.005937
0.000000 0.000000 -0.837610 0.999991 0.003817 0.001874
0.000000 0.000000 -0.757131 0.999971 0.006848 0.003414
0.000000 0.000000 -0.655461 0.994691 0.083211 0.060548
0.000000 0.000000 -0.500000 0.994186 0.056871 0.091427
0.000000 0.000000 -0.371241 0.988790 -0.021452 0.147767
0.000000 0.000000 -0.339285 0.988036 -0.061066 0.141621
0.000000 0.000000 -0.243150 -0.075040 0.997163 -0.005897
0.000000 0.000000 -0.125000 -0.122753 0.992198 0.021813
0.000000 0.000056 0.564219 -0.063292 0.091033 0.993835
0.001197 0.126893 10.413580 0.790871 -0.014507 0.611811
0.007183 0.141258 10.254366 0.759886 -0.623272 -0.184678
0.004788 0.162806 10.206482 0.695478 -0.655203 -0.294991
0.000000 0.168791 10.224439 0.751817 -0.658957 -0.023374
0.002394 0.162806 10.305841 0.601551 0.776806 -0.186304
0.015562 0.171185 10.344149 0.780447 -0.321224 0.536394
0.003591 0.192733 9.844957 0.720298 -0.582257 -0.377026
0.019154 0.183156 9.909601 0.596127 -0.751515 -0.282591
0.003591 0.197522 10.187328 0.734483 -0.526591 -0.428062
0.004788 0.191536 10.213664 0.935832 -0.351752 -0.022115
0.004788 0.191536 10.228029 0.933322 -0.347848 0.088950
0.004788 0.188543 10.248081 0.959553 -0.150683 0.237810
0.008380 0.199916 10.277111 0.916847 -0.396315 0.048223
0.004788 0.181959 10.299856 0.850257 -0.526248 -0.011180
0.001197 0.205901 9.460688 0.711995 -0.701169 -0.037745
0.004788 0.210690 9.916783 -0.464492 0.631478 0.620873
0.001197 0.207098 9.951499 -0.207913 0.524438 0.825674
0.007183 0.210690 10.165182 0.654091 -0.487524 -0.578347
0.008380 0.217872 10.192117 0.900156 -0.390410 -0.193128
0.001197 0.210690 10.217256 0.980627 -0.064148 0.185085
0.005387 0.213683 10.233417 0.944734 -0.326320 0.031515
0.000000 0.214281 10.250774 0.996655 0.049763 0.064829
0.007183 0.235829 9.894038 -0.558392 0.525207 0.642150
0.013168 0.238223 9.922769 0.421692 -0.496904 -0.758461
0.005986 0.223858 10.175357 0.666161 -0.347822 -0.659734
0.000000 0.229843 10.188525 0.894382 0.338704 -0.292165
0.010774 0.235829 10.230424 0.811623 -0.537634 0.228511
0.001197 0.237026 10.251971 0.998729 0.043263 0.025860
0.001197 0.237026 10.283096 0.225167 -0.940566 -0.254235
0.007183 0.223858 10.333375 0.785658 -0.616493 -0.051737
0.005986 0.234632 10.351331 -0.621594 0.095854 -0.777453
0.013168 0.240617 9.783905 0.615000 -0.687950 -0.385357
0.010774 0.254982 9.882068 -0.482262 0.672240 0.561709
0.000000 0.257377 9.932345 -0.111289 0.326241 0.938713
0.000599 0.252588 10.151115 0.482794 -0.099909 -0.870016
0.008380 0.252588 10.169372 -0.628612 0.136155 0.765708
0.014365 0.245406 10.190920 0.890272 -0.028329 -0.454548
0.008380 0.240617 10.208876 0.802613 -0.263113 0.535335
0.007183 0.254982 10.224439 0.855712 -0.065310 -0.513315
0.007901 0.251152 10.250056 0.676689 -0.695806 0.240722
0.012370 0.250593 10.292673 0.419204 -0.907141 -0.036919
0.013168 0.240617 10.309433 -0.526219 0.706129 0.473789
0.011971 0.274136 9.731233 0.743383 -0.633022 -0.216019
0.010175 0.272340 9.814431 0.280836 -0.429321 -0.858379
0.010774 0.277129 9.834782 0.157885 -0.289135 0.944179
0.017957 0.271742 9.844957 0.818001 -0.574855 0.020406
0.010774 0.268151 9.870096 0.331098 0.783648 0.525614
0.007183 0.276530 9.883265 0.819730 0.485684 -0.303569
0.017358 0.271143 9.907207 0.565244 -0.107843 -0.817844
0.014964 0.268749 10.152613 -0.402053 0.457599 0.793068
0.019154 0.270545 10.216059 -0.661600 0.683151 -0.309176
0.015562 0.264559 10.289082 -0.165650 0.984450 -0.058465
0.007183 0.266953 10.301053 -0.048429 0.980948 0.188139
0.014365 0.295684 9.533711 -0.685538 0.718625 0.116683
0.008380 0.291494 9.830592 -0.028134 -0.081721 -0.996258
0.000000 0.280122 10.153810 -0.361266 0.411662 0.836673
0.010774 0.293290 10.166977 -0.555915 0.476460 0.681135
0.008978 0.287603 10.192416 0.226996 0.973320 -0.033464
0.010774 0.286706 10.201096 0.156868 0.920844 0.356986
0.010774 0.286107 10.250774 -0.448543 -0.428014 0.784610
0.009577 0.281319 10.347740 0.428080 0.600918 -0.675014
0.000000 0.294487 10.363302 0.084101 -0.992454 0.089226
0.002394 0.299275 10.388441 0.234642 -0.877990 -0.417226
0.010774 0.295684 10.402806 0.126013 -0.921397 -0.367625
0.003591 0.293290 10.423157 -0.166977 0.933858 0.316271
0.004788 0.289698 10.456676 0.077432 0.655978 0.750797
0.001197 0.281917 10.469246 0.223978 0.581596 0.782036
0.000000 0.305917 0.000000 0.077846 0.043810 -0.996002
0.013168 0.304064 9.668983 0.609901 -0.668498 -0.425595
0.013168 0.310049 9.737218 0.836810 -0.467133 -0.285547
0.005986 0.304662 9.775526 -0.151617 -0.965961 -0.209599
0.011971 0.306458 9.794679 -0.054239 -0.916888 0.395443
0.001197 0.307655 9.829395 -0.508134 0.854433 -0.108376
0.006385 0.307256 9.856131 0.834092 0.003818 0.551613
0.006983 0.307256 9.871692 0.726799 0.360209 0.584819
0.009577 0.310049 9.909002 0.326954 -0.448753 -0.831698
0.000000 0.312443 10.119094 -0.256052 0.630089 0.733093
0.011372 0.303465 10.123882 -0.240133 0.602745 0.760943
0.011372 0.314838 10.152014 0.004380 -0.999934 0.010577
0.003591 0.307655 10.162189 -0.090159 0.911705 0.400831
0.017358 0.302867 10.248979 -0.313023 -0.801845 0.508981
0.015562 0.313640 10.267534 0.604750 0.745986 -0.278895
0.008380 0.312443 10.341754 0.218393 -0.968357 0.120788
0.008380 0.332794 9.700109 0.368708 -0.929530 0.005328
0.004190 0.322020 9.746796 -0.450919 0.823963 0.343156
0.003591 0.320823 9.798270 -0.080368 -0.949328 0.303837
0.007781 0.332794 9.830593 0.233648 -0.249077 0.939877
0.013168 0.328006 9.848549 -0.556519 0.308398 -0.771478
0.002394 0.323816 9.887455 -0.400208 0.687162 0.606335
0.003192 0.326809 10.234813 0.298854 0.827373 -0.475543
0.004788 0.320823 10.275913 0.593189 -0.797650 0.109002
0.015562 0.336385 10.317812 0.083508 0.841545 0.533693
0.005986 0.354342 9.633071 0.563311 -0.801542 -0.200526
0.009577 0.350751 9.722853 0.428826 -0.765383 0.479893
0.004788 0.357933 9.767146 0.775883 -0.518456 -0.359457
0.016759 0.359130 9.815030 0.765648 -0.470279 -0.438886
0.008380 0.343568 9.846154 -0.353847 0.606025 0.712409
0.001197 0.373495 9.631873 -0.578998 0.781159 0.233564
0.003591 0.363919 9.667787 0.631084 -0.759786 -0.156390
0.004788 0.374693 9.776723 -0.594195 0.766062 0.245116
0.001197 0.366313 9.824607 0.612456 -0.764252 -0.202030
0.011971 0.374693 10.111911 -0.213424 0.554322 0.804473
0.007183 0.391452 9.734824 0.844939 -0.447109 0.293551
0.013168 0.397437 9.744401 0.797214 -0.603613 0.010060
0.008978 0.390853 9.844957 -0.361653 0.525613 0.770025
0.019154 0.391452 10.077195 -0.289185 0.414999 0.862640
0.016759 0.389058 10.135853 -0.344367 0.719143 0.603527
0.011971 0.391452 10.271125 -0.123212 0.991525 0.041195
0.016759 0.385466 10.415975 -0.163742 0.949537 0.267523
0.007183 0.450110 9.740809 0.737672 -0.666771 0.106099
0.000000 0.903149 0.000000 0.077304 -0.022923 0.996744
0.000000 1.742793 0.000000 0.978433 0.000237 -0.206565
0.006586 2.076912 0.033599 0.979047 0.000130 -0.203634
0.000000 2.980731 0.000000 0.979196 0.000056 -0.202915
0.000000 40.000000 0.000000 0.979067 -0.000004 -0.203539
0.032322 0.106542 10.401609 0.839436 -0.317768 0.440875
0.033519 0.153229 10.350134 0.648725 -0.620729 -0.440285
0.021548 0.214281 10.204087 0.828794 -0.543727 0.132142
0.033519 0.204704 10.352529 -0.544525 0.398584 -0.737986
0.027533 0.232238 9.836577 -0.703014 0.706078 0.084999
0.032322 0.234632 9.898827 0.847978 -0.390483 -0.358408
0.035913 0.234632 9.925163 -0.482335 0.485493 0.729143
0.034716 0.234632 10.182540 -0.716696 0.555609 0.421480
0.023942 0.226252 10.204087 0.855199 -0.510483 0.089679
0.028730 0.234632 10.303447 0.761346 -0.605968 -0.230552
0.020351 0.240617 9.815030 -0.656989 0.653063 0.376662
0.029329 0.247201 9.908403 0.638007 -0.410838 -0.651275
0.028132 0.242413 9.923368 -0.345281 0.460365 0.817829
0.031723 0.253187 10.213664 0.819839 -0.239405 0.520143
0.029928 0.250194 10.233417 -0.641209 0.495756 -0.585728
0.028730 0.256180 10.257957 0.840191 -0.519131 -0.156788
0.029928 0.253785 10.292074 0.864023 -0.442463 -0.240190
0.022745 0.256180 10.303447 -0.477520 0.828257 0.293198
0.021548 0.256180 10.372879 -0.058151 -0.743923 0.665730
0.020351 0.269348 9.799467 -0.582780 0.571832 0.577387
0.032322 0.266355 9.837176 0.908551 -0.312028 0.277802
0.029928 0.275333 9.891644 0.860143 -0.434805 -0.266644
0.039504 0.272939 9.917980 -0.441315 0.327902 0.835297
0.022745 0.270545 9.928755 0.412718 -0.326320 -0.850399
0.033519 0.271143 10.175956 -0.338113 0.790396 0.510837
0.030526 0.268151 10.186729 -0.278702 0.613684 0.738727
0.024541 0.269348 10.206482 0.180600 -0.326277 0.927862
0.023942 0.276530 10.232818 0.856443 -0.351142 0.378425
0.027533 0.276530 10.259154 0.714243 -0.691072 -0.110794
0.039504 0.284910 9.697714 -0.595791 0.665639 0.449396
0.022745 0.298078 9.753978 0.455174 -0.849058 -0.268173
0.034716 0.295684 9.794680 0.435620 -0.873243 -0.218360
0.029928 0.288501 9.915187 0.348192 -0.274443 -0.896350
0.023942 0.295684 10.123882 -0.275405 0.539678 0.795550
0.035913 0.298078 10.165780 -0.140372 0.788799 0.598408
0.025139 0.282915 10.193713 0.413894 0.899333 -0.141038
0.028132 0.289100 10.202890 0.569471 -0.710230 -0.413855
0.035913 0.290895 10.234015 0.478703 -0.780718 0.401651
0.027533 0.283713 10.240001 -0.123011 -0.934086 0.335189
0.020351 0.296881 10.272323 0.671190 -0.525628 -0.522703
0.033519 0.295684 10.284293 0.802374 -0.535551 -0.263402
0.039504 0.283713 10.316615 0.847242 -0.335983 -0.411456
0.028730 0.306458 9.679757 0.506957 -0.716281 -0.479517
0.031125 0.306458 9.744401 -0.438716 0.837984 0.324518
0.031125 0.306458 9.777920 0.280004 -0.955020 -0.097644
0.037110 0.313640 9.811439 0.750299 -0.528403 0.397293
0.031125 0.314838 9.830592 -0.687740 0.725623 -0.022018
0.031125 0.301669 9.849148 0.122216 0.539215 0.833253
0.037110 0.307655 9.860519 -0.738087 0.270749 0.617998
0.039504 0.308852 10.128072 -0.086723 0.676586 0.731239
0.037110 0.316035 10.143036 0.064293 -0.968758 -0.239530
0.032322 0.318429 10.160992 -0.407130 0.893580 -0.189103
0.037110 0.306458 10.189722 -0.472045 0.598258 0.647503
0.032322 0.305261 10.229227 -0.671802 0.623643 -0.399690
0.023942 0.330400 9.706094 0.275146 -0.903608 -0.328309
0.029329 0.331597 9.756372 -0.110960 0.893900 0.434317
0.037110 0.336385 9.761160 0.421209 0.530970 0.735292
0.031125 0.337582 9.807847 0.786237 -0.169826 0.594131
0.026735 0.327208 9.832587 -0.231890 0.756083 -0.612018
0.022745 0.331597 9.861717 -0.111382 0.968750 0.221624
0.039504 0.333991 9.900024 0.145703 0.654963 0.741481
0.021548 0.336385 10.163386 0.089861 -0.994659 0.050786
0.037110 0.330400 10.188525 0.742401 -0.498295 -0.447819
0.031125 0.329203 10.289082 0.364115 0.860978 -0.355157
0.032322 0.351948 9.664195 0.569569 -0.702930 -0.426005
0.029928 0.345962 9.715671 0.164507 -0.975636 -0.145161
0.033519 0.359130 9.818622 -0.334937 -0.292930 -0.895550
0.035913 0.357933 9.832987 -0.328277 -0.391059 -0.859830
0.020351 0.348356 9.862914 -0.161701 0.669002 0.725458
0.026336 0.345962 9.892841 -0.152827 0.754053 0.638787
0.032322 0.345962 10.111911 -0.096900 0.404722 0.909291
0.021548 0.378284 9.653421 0.619705 -0.752673 -0.222370
0.020351 0.368707 9.789890 0.838150 -0.485702 -0.248191
0.028730 0.367510 9.801862 -0.661273 0.670653 0.336069
0.033519 0.362722 9.843760 -0.191838 0.463586 0.865035
0.025139 0.378284 10.116699 -0.348578 0.478218 0.806103
0.021548 0.399832 9.749189 0.846715 -0.423006 0.322708
0.025139 0.386664 9.792285 -0.520080 0.835214 0.178702
0.024740 0.389856 9.832587 0.839132 -0.413148 -0.353790
0.022745 0.410606 9.686940 -0.604056 0.786045 -0.131336
0.026336 0.404620 9.793482 -0.556730 0.824621 0.100261
0.035913 0.403423 9.831789 0.008755 -0.982753 0.184717
0.032322 0.404620 10.090364 -0.448707 0.552767 0.702218
0.025139 0.433351 9.843760 0.191712 -0.962707 -0.190899
0.046687 0.159214 10.301053 0.872464 -0.477441 -0.104200
0.041899 0.229843 9.961076 -0.436140 0.548507 0.713387
0.045490 0.234632 10.344149 0.770862 -0.605710 -0.197197
0.051475 0.255581 10.202890 -0.650492 0.634143 -0.417998
0.051475 0.250194 10.299856 0.694595 -0.719313 -0.011258
0.047884 0.245406 10.340557 -0.739673 0.656817 0.146545
0.041899 0.256180 10.413580 0.749882 -0.378887 0.542330
0.050278 0.256180 10.420763 -0.719462 0.374888 -0.584665
0.040701 0.272939 9.843760 0.944083 -0.181895 0.274994
0.040701 0.277727 9.890448 0.935873 -0.299037 -0.186330
0.050278 0.265158 10.168175 -0.326776 0.817198 0.474767
0.054468 0.263362 10.190920 -0.447825 0.716836 0.534415
0.050278 0.266953 10.206482 0.304661 -0.758222 0.576438
0.040701 0.276530 10.293870 0.728363 -0.541819 -0.419427
0.050278 0.294487 9.785102 0.299778 -0.915730 -0.267528
0.044293 0.286107 9.919178 -0.374948 0.350574 0.858203
0.053870 0.293290 10.138247 -0.242536 0.800083 0.548674
0.045490 0.289698 10.209475 -0.119328 0.040743 0.992019
0.050278 0.294487 10.232818 -0.598047 0.451197 -0.662391
0.058658 0.289698 10.341754 0.826182 -0.503814 -0.252178
0.050278 0.290895 10.364499 -0.210999 0.951523 0.223794
0.044293 0.308852 9.799467 -0.486796 0.867843 -0.099385
0.040701 0.304064 9.805453 -0.647457 0.743125 0.169011
0.041899 0.308852 9.829395 0.703082 -0.653486 0.280413
0.056264 0.308852 9.891644 -0.000348 0.750163 0.661252
0.049680 0.308852 9.915586 0.034349 0.641625 0.766249
0.053870 0.300472 10.143036 -0.137788 0.753582 0.642751
0.058658 0.306458 10.163386 -0.108620 0.670696 -0.733736
0.050278 0.319626 10.205285 0.619883 -0.685363 -0.382129
0.057461 0.318429 10.346542 0.022783 0.932071 0.361558
0.044293 0.319626 10.387244 -0.231552 -0.879114 -0.416584
0.058658 0.328006 10.157401 0.061196 -0.662020 0.746984
0.041899 0.325611 10.183737 -0.630255 0.654778 0.417186
0.055067 0.339977 10.218452 -0.697461 -0.168758 -0.696469
0.057461 0.329203 10.267534 0.415402 -0.883460 0.216654
0.041899 0.331597 10.393229 -0.431194 0.901667 -0.032680
0.050278 0.357933 9.672575 -0.534338 0.679152 0.503225
0.058658 0.347159 9.731233 -0.308622 0.710885 0.631977
0.055067 0.346561 9.850345 -0.503944 0.578422 -0.641458
0.045490 0.343568 9.870096 -0.252661 0.882641 0.396368
0.057461 0.345962 10.178948 0.822980 0.096495 -0.559815
0.058658 0.359130 10.293870 -0.191753 0.929264 0.315751
0.050278 0.379481 9.794679 -0.053591 -0.951960 -0.301498
0.040701 0.366313 10.163386 0.817906 -0.475866 -0.323391
0.040701 0.384269 9.607931 0.579853 -0.800734 -0.150319
0.051475 0.386065 9.693523 -0.633742 0.773505 0.007839
0.040701 0.385466 9.877279 -0.164208 0.392398 0.905019
0.044293 0.380678 10.192117 -0.529837 0.650736 0.543889
0.051475 0.389058 10.210073 0.298209 0.889477 0.346269
0.059855 0.418985 9.761160 0.100489 0.968857 0.226315
0.046687 0.415394 9.859323 -0.016730 0.917685 0.396956
0.051475 0.434548 9.755175 -0.076577 -0.991701 -0.103269
0.061052 0.243011 9.837775 0.916195 -0.400717 0.003548
0.061052 0.254384 10.202291 -0.607742 0.735613 -0.299204
0.064643 0.263362 10.216059 0.217173 -0.916515 0.335911
0.070629 0.271742 10.365696 0.729633 -0.683325 0.026513
0.061052 0.274136 10.398018 -0.274424 0.955740 -0.106076
0.077812 0.281319 9.933543 0.418067 -0.590348 -0.690441
0.076614 0.283713 10.156203 -0.453260 0.676321 0.580642
0.067636 0.288501 10.165182 -0.229465 0.780717 0.581228
0.073622 0.295684 10.186131 0.795315 -0.535743 -0.283645
0.074220 0.281319 10.229227 -0.456209 0.871598 0.179419
0.077812 0.282516 10.250774 0.383897 -0.842085 0.378835
0.071826 0.298078 10.346542 0.906397 -0.422167 -0.014855
0.068235 0.280122 10.399215 -0.208611 0.977875 0.015556
0.079009 0.318429 9.815030 0.552201 -0.743147 0.377898
0.062249 0.317232 9.847352 -0.653457 0.684438 -0.323324
0.067038 0.311246 10.134655 -0.585766 0.407621 0.700516
0.074819 0.307655 10.149620 0.733285 -0.530338 -0.425481
0.074220 0.310049 10.184934 0.201965 -0.965920 0.161888
0.061052 0.307655 10.212467 -0.186112 0.575121 0.796617
0.077812 0.318429 10.289082 -0.261996 0.937826 -0.227686
0.071826 0.333991 9.738416 0.539635 -0.597450 -0.593167
0.068235 0.322020 9.751583 -0.338986 0.894044 0.292872
0.062249 0.326809 9.777920 0.764988 -0.643709 0.020790
0.062249 0.336385 9.813833 0.942679 -0.236523 -0.235401
0.073023 0.322020 9.852140 -0.703192 0.633011 -0.323757
0.061052 0.324414 9.860519 -0.426394 0.899793 -0.092521
0.064643 0.339977 10.116699 0.451053 -0.117113 -0.884780
0.062249 0.325611 10.153810 -0.153874 -0.667990 0.728088
0.064643 0.335188 10.214862 0.974363 0.050612 0.219213
0.061052 0.325611 10.231621 -0.161823 0.897802 0.409591
0.062249 0.328006 10.315418 -0.120862 0.988967 0.085650
0.069432 0.355539 9.733627 -0.462364 -0.417403 0.782300
0.064643 0.355539 9.824607 -0.249995 0.483649 0.838801
0.079009 0.344765 9.853337 -0.707941 0.546367 -0.447552
0.062249 0.343568 10.109517 -0.474604 0.157148 0.866057
0.079009 0.349553 10.174160 0.753207 0.061866 0.654868
0.061052 0.369904 9.745598 0.558789 0.816631 0.144459
0.062249 0.375890 9.782708 0.016987 0.952858 0.302940
0.077812 0.373495 9.821015 -0.149332 0.804978 0.574205
0.065841 0.375890 10.184934 -0.256173 0.763327 0.593049
0.077812 0.399832 9.752781 0.156539 0.937521 0.310726
0.073023 0.393846 9.853337 0.428083 0.577627 0.695049
0.076614 0.395043 10.438720 -0.343755 0.933975 0.097591
0.069432 0.401029 9.736021 0.729977 0.661693 -0.171162
0.062249 0.423774 9.595961 0.575843 -0.783183 -0.234583
0.080206 0.277727 10.220847 -0.441422 0.891917 0.098138
0.090980 0.277727 10.257957 0.420468 -0.902025 0.097760
0.083797 0.292093 10.147824 0.522937 -0.552823 -0.648787
0.099359 0.281319 10.202890 0.515729 -0.813223 -0.269615
0.087388 0.288501 10.231621 -0.053845 -0.597361 0.800163
0.092177 0.319626 10.155006 -0.647292 0.715919 0.261676
0.080206 0.307655 10.204087 -0.473514 -0.434081 -0.766393
0.084994 0.302867 10.267534 0.415493 -0.768511 0.486576
0.098162 0.305261 10.370484 -0.466520 0.874086 0.135400
0.083797 0.330400 9.718064 -0.729813 0.451924 0.512970
0.087987 0.327407 9.770138 0.697787 -0.714650 0.048658
0.095768 0.322020 10.146626 -0.493007 0.342398 0.799818
0.082600 0.337582 10.178948 0.446169 0.137063 0.884391
0.086790 0.327407 10.210672 -0.204901 0.737848 0.643114
0.090980 0.348356 9.730036 -0.493417 0.695743 0.521998
0.090980 0.355539 9.773131 0.974725 -0.155699 -0.160214
0.082600 0.359130 9.818622 -0.618203 0.763959 -0.184908
0.088585 0.357933 9.834184 0.435046 -0.808399 -0.396517
0.080206 0.353145 10.164583 -0.620614 0.140128 -0.771493
0.087388 0.359130 10.250774 0.255197 0.931621 0.258758
0.098162 0.379481 9.799467 0.640211 -0.727633 -0.246332
0.093374 0.377087 9.867702 -0.147704 0.889450 0.432506
0.087388 0.397437 9.643845 0.604545 -0.747551 -0.275122
0.092177 0.395043 9.660604 -0.585254 0.781665 0.215587
0.095768 0.381875 9.813833 0.335740 -0.939475 0.068307
0.093374 0.383072 9.871294 -0.376114 0.862981 0.337346
0.087388 0.383072 10.133459 -0.223739 0.520309 0.824147
0.080206 0.387861 10.169372 -0.253328 -0.916196 -0.310500
0.098162 0.413000 9.597157 -0.602374 0.743777 0.289725
0.082600 0.440533 9.737218 0.062693 -0.990428 -0.122970
0.119710 0.277727 9.957485 -0.371178 0.653598 0.659572
0.114922 0.275333 10.241198 0.356453 -0.862043 0.360310
0.102951 0.302867 9.782708 0.478016 -0.877820 -0.030540
0.104148 0.305261 10.174160 -0.398343 0.601753 0.692254
0.112527 0.318429 10.211270 -0.390352 -0.685146 -0.614980
0.112527 0.332794 9.707291 -0.359981 0.757179 0.545063
0.105345 0.332794 9.771935 0.904814 -0.414280 0.098407
0.102951 0.331597 9.822212 0.701692 -0.685927 0.192698
0.104148 0.330400 10.177752 -0.179619 0.581596 0.793400
0.102951 0.323217 10.350134 0.380315 -0.860665 -0.338550
0.114922 0.345962 10.182540 0.140214 -0.588325 -0.796375
0.117316 0.347159 10.278308 0.293979 -0.916259 0.272113
0.110133 0.361524 10.180145 0.285955 0.376307 0.881262
0.113725 0.391452 9.799467 0.558752 0.829095 -0.019946
0.104148 0.381875 9.841366 -0.462153 0.869486 -0.174380
0.101754 0.380678 10.152613 -0.353936 0.144550 -0.924032
0.110133 0.401029 9.570822 -0.642727 0.719071 0.264271
0.110133 0.408211 9.700109 0.733743 -0.642874 -0.219852
0.129569 0.000211 0.004653 -0.070917 -0.033419 0.996922
0.138864 0.266953 10.192117 -0.520080 0.806207 0.282042
0.136469 0.292093 10.401609 -0.616439 0.754647 -0.224746
0.135272 0.302867 10.240001 0.563461 -0.784816 0.258024
0.136469 0.319626 10.396821 -0.598558 0.794680 0.101059
0.128090 0.324414 10.155006 -0.371405 0.372551 0.850449
0.130484 0.322020 10.237606 -0.631906 0.766845 -0.112441
0.124498 0.349553 9.907207 0.555153 -0.678748 -0.480736
0.132878 0.359130 10.140641 -0.333630 0.474123 0.814800
0.136469 0.354342 10.340557 0.453359 -0.884683 -0.108638
0.155623 0.314838 10.193314 -0.635538 0.657420 0.404833
0.156820 0.328006 9.768343 0.183671 -0.922313 0.340004
0.141258 0.329203 9.935937 -0.488517 0.619841 0.614124
0.153229 0.324414 10.164583 -0.452875 0.627408 0.633454
0.149638 0.355539 9.854534 0.746829 -0.664292 0.031030
0.147243 0.359130 10.267534 -0.628051 0.776301 -0.053925
0.143652 0.349553 10.314221 -0.558700 0.829122 0.020293
0.142455 0.378284 10.304645 -0.523608 0.850489 0.050020
0.148441 0.395043 10.119094 -0.423289 0.185971 0.886703
0.150835 0.401029 9.774328 0.830711 0.523727 0.188756
0.148441 0.403423 9.888053 0.406769 -0.825493 -0.391281
0.140061 0.426168 9.813833 0.520308 0.851161 -0.069315
0.150835 0.430956 9.890448 -0.172786 0.802324 0.571333
0.143652 0.427365 10.223241 0.067355 -0.997379 -0.026419
0.144849 0.447716 9.694122 -0.675049 -0.737495 -0.020260
0.160400 0.000211 0.004653 -0.068566 -0.055161 0.996120
0.178368 0.323217 9.728839 0.817375 -0.527636 -0.231298
0.179565 0.344765 10.316615 -0.631748 0.775174 0.000278
0.177171 0.361524 10.190920 0.910680 -0.349251 -0.220647
0.165200 0.395043 10.147824 -0.527258 0.579613 0.621327
0.175974 0.393248 10.314220 -0.564094 0.822927 0.067746
0.185249 0.000211 0.004653 -0.081503 -0.033126 0.996122
0.191536 0.385466 10.376471 0.611588 -0.790354 -0.036052
0.211060 0.000211 0.004653 -0.080361 -0.015867 0.996639
0.224160 0.000211 0.004653 -0.061040 -0.022875 0.997873
0.260558 0.000211 0.004653 -0.068176 -0.019758 0.997478
0.284844 0.000211 0.004651 0.070002 0.060880 -0.995687
0.333333 0.000000 0.000000 -0.070954 -0.103372 0.992109
0.346930 0.000211 0.004653 -0.070954 -0.103372 0.992109
0.367873 0.000211 0.004653 0.073641 0.347518 -0.934777
0.416341 0.000211 0.004655 0.010217 -0.987443 -0.157647
0.429967 0.000211 0.004653 -0.032651 0.001808 0.999465
0.461815 0.000211 0.004653 0.000000 -0.998972 0.045325
0.484559 0.000211 0.004652 0.000000 -0.998972 0.045325
0.501363 0.000211 0.004654 0.000000 -0.998972 0.045325
0.532804 0.000211 0.004653 0.000000 -0.998972 0.045325
0.544204 0.000211 0.004653 0.000000 -0.998972 0.045322
0.585603 0.000211 0.004653 0.000000 -0.998972 0.045322
0.608626 0.000211 0.004653 0.000000 -0.998972 0.045329
0.638657 0.000211 0.004653 0.000000 -0.998972 0.045329
0.651262 0.000211 0.004653 0.000000 -0.998972 0.045327
0.666851 0.000006 0.000122 0.000000 -0.998972 0.045328
0.703127 0.000211 0.004653 0.000000 -0.998972 0.045328
0.763604 0.000211 0.004653 -0.000000 -0.998972 0.045324
0.791808 0.000211 0.004653 -0.000000 -0.998972 0.045328
0.832322 0.000211 0.004653 -0.000000 -0.998972 0.045329
0.855956 0.000211 0.004653 -0.000000 -0.998972 0.045327
0.890160 0.000211 0.004652 -0.000000 -0.998972 0.045330
0.906423 0.000211 0.004653 -0.000000 -0.998972 0.045331
0.927035 0.000211 0.004651 -0.000000 -0.998972 0.045331
0.950914 0.000211 0.004652 -0.000000 -0.998972 0.045325
0.974664 0.000211 0.004653 -0.000000 -0.998972 0.045324
1.000165 0.000004 0.000099 -0.000000 -0.998972 0.045325
1.072687 0.000211 0.004653 -0.000000 -0.998973 0.045319
1.092430 0.000211 0.004653 -0.000000 -0.998973 0.045319
1.110345 0.000211 0.004653 -0.000000 -0.998972 0.045322
1.132285 0.000211 0.004653 -0.000000 -0.998972 0.045322
1.156596 0.000211 0.004652 -0.000000 -0.998972 0.045322
1.162945 0.000211 0.004652 -0.000000 -0.998972 0.045322
1.185063 0.000211 0.004654 -0.000000 -0.998972 0.045322
1.209296 0.000211 0.004651 -0.000000 -0.998972 0.045322
1.227075 0.000211 0.004652 -0.000000 -0.998972 0.045322
1.247684 0.000211 0.004653 -0.000000 -0.998972 0.045322
1.269080 0.000211 0.004653 0.000000 -0.998973 0.045320
1.280915 0.000211 0.004653 0.000000 -0.998973 0.045320
1.311055 0.000211 0.004652 0.000000 -0.998973 0.045319
1.333207 0.000005 0.000103 0.000000 -0.998973 0.045319
1.340208 0.000211 0.004651 0.000000 -0.998973 0.045319
1.374535 0.000211 0.004652 -0.000000 -0.998973 0.045317
1.388302 0.000211 0.004652 -0.000000 -0.998973 0.045317
1.405016 0.000211 0.004652 -0.000000 -0.998973 0.045314
1.459527 0.000211 0.004652 -0.000000 -0.998973 0.045310
1.482967 0.000211 0.004653 -0.000000 -0.998973 0.045311
1.538038 0.000211 0.004654 -0.000000 -0.998973 0.045315
1.557470 0.000211 0.004652 -0.000000 -0.998973 0.045316
1.650203 0.000211 0.004652 -0.000000 -0.998973 0.045311
1.666666 0.000000 0.000000 -0.000000 -0.998973 0.045312
1.699431 0.000211 0.004651 -0.000347 -0.508422 0.861108
1.706656 0.000211 0.004651 -0.000347 -0.508422 0.861108
1.771085 0.000211 0.004651 0.000189 -0.504594 0.863357
1.790750 0.000211 0.004651 0.000027 -0.503619 0.863926
1.809006 0.000211 0.004652 0.000027 -0.503619 0.863926
1.825971 0.000211 0.004653 -0.000156 -0.502718 0.864451
1.849290 0.000211 0.004651 -0.000156 -0.502718 0.864451
1.865195 0.000211 0.004652 -0.000347 -0.501978 0.864881
1.880232 0.000211 0.004653 -0.000347 -0.501978 0.864881
1.911927 0.000211 0.004653 -0.000553 -0.501397 0.865217
1.925450 0.000211 0.004652 -0.000553 -0.501397 0.865217
1.947442 0.000211 0.004652 0.000540 -0.512943 0.858422
1.970740 0.000211 0.004651 0.000259 -0.512085 0.858935
1.993064 0.000211 0.004653 0.000259 -0.512085 0.858935
2.000182 0.000004 0.000091 0.000259 -0.512085 0.858935
2.030104 0.000211 0.004652 -0.000012 -0.511516 0.859274
2.043774 0.000211 0.004652 -0.000012 -0.511516 0.859274
2.075332 0.000211 0.004651 -0.000676 0.503541 -0.863971
2.076903 0.033598 0.023235 -0.000676 0.503541 -0.863971
2.095524 0.000211 0.004652 0.000500 -0.503264 0.864132
2.102124 0.000211 0.004651 0.000500 -0.503264 0.864132
2.160762 0.000211 0.004652 0.000175 -0.503224 0.864156
2.186442 0.000211 0.004654 0.000029 -0.503414 0.864046
2.222882 0.000211 0.004652 -0.000248 -0.504180 0.863599
2.246686 0.000211 0.004653 -0.000383 -0.504754 0.863263
2.302545 0.000211 0.004652 0.000062 -0.510675 0.859774
2.333334 0.000000 0.000000 -0.000147 -0.511871 0.859062
2.350679 0.000211 0.004653 -0.000147 -0.511871 0.859062
2.394697 0.000211 0.004653 0.000320 -0.500663 0.865642
2.422970 0.000211 0.004653 0.000178 -0.501693 0.865046
2.447119 0.000211 0.004652 0.000032 -0.502913 0.864337
2.464094 0.000211 0.004652 -0.000000 -0.998973 0.045314
2.491265 0.000211 0.004653 -0.000000 -0.998973 0.045314
2.512716 0.000211 0.004652 -0.000000 -0.998973 0.045314
2.530353 0.000211 0.004652 -0.000000 -0.998973 0.045315
2.554775 0.000211 0.004651 -0.000000 -0.998973 0.045315
2.574901 0.000211 0.004651 -0.000000 -0.998973 0.045315
2.590644 0.000211 0.004652 -0.000000 -0.998973 0.045312
2.621336 0.000211 0.004652 0.000000 -0.998973 0.045316
2.643041 0.000211 0.004653 -0.000000 -0.998973 0.045317
2.666982 0.000008 0.000179 0.000000 -0.998973 0.045314
2.709291 0.000211 0.004652 -0.000000 -0.998973 0.045315
2.739227 0.000211 0.004653 0.000000 -0.998973 0.045317
2.741462 0.000211 0.004652 -0.000000 -0.998973 0.045317
2.768162 0.000211 0.004653 -0.000000 -0.998973 0.045317
2.792769 0.000211 0.004653 -0.000000 -0.998973 0.045313
2.810493 0.000211 0.004653 -0.000000 -0.998973 0.045313
2.843176 0.000211 0.004653 -0.000000 -0.998973 0.045314
2.953032 0.000211 0.004653 0.000000 -0.998973 0.045312
2.973744 0.000211 0.004653 0.000000 -0.998973 0.045312
2.990268 0.000211 0.004653 0.000000 -0.998973 0.045313
3.000396 0.000008 0.000166 0.000000 -0.998973 0.045313
3.021195 0.000211 0.004653 0.000000 -0.998973 0.045315
3.044220 0.000211 0.004652 0.000000 -0.998973 0.045316
3.071323 0.000211 0.004652 0.000000 -0.998973 0.045315
3.085599 0.000211 0.004654 0.000000 -0.998973 0.045319
3.111656 0.000211 0.004654 0.000000 -0.998973 0.045320
3.128131 0.000211 0.004653 0.000000 -0.998973 0.045320
3.151969 0.000211 0.004652 0.000000 -0.998973 0.045317
3.167836 0.000211 0.004653 0.000000 -0.998973 0.045317
3.193319 0.000211 0.004653 0.000000 -0.998973 0.045316
3.210530 0.000211 0.004653 0.000000 -0.998973 0.045316
3.221755 0.000211 0.004654 0.000000 -0.998973 0.045316
3.285577 0.000211 0.004653 -0.000000 -0.998973 0.045318
3.333334 0.000000 0.000000 -0.000000 -0.998973 0.045318
3.345553 0.000211 0.004653 -0.000000 -0.998973 0.045318
3.372671 0.000211 0.004654 -0.000000 -0.998973 0.045318
3.432438 0.000211 0.004653 0.000000 -0.998973 0.045319
3.443883 0.000211 0.004653 0.000000 -0.998973 0.045319
3.469167 0.000211 0.004652 0.000000 -0.998973 0.045320
3.486671 0.000211 0.004653 0.000000 -0.998973 0.045320
3.511050 0.000211 0.004652 0.000000 -0.998973 0.045318
3.556321 0.000211 0.004653 -0.000000 -0.998973 0.045320
3.596959 0.000211 0.004653 -0.000000 -0.998972 0.045323
3.652181 0.000211 0.004652 -0.000000 -0.998972 0.045321
3.666731 0.000004 0.000093 -0.000000 -0.998973 0.045320
3.691237 0.000211 0.004653 -0.000000 -0.998973 0.045320
3.706882 0.000211 0.004654 -0.000000 -0.998973 0.045313
3.721095 0.000211 0.004653 -0.000000 -0.998973 0.045313
3.746603 0.000211 0.004653 -0.000000 -0.998973 0.045316
3.768162 0.000211 0.004653 -0.000000 -0.998973 0.045316
3.794286 0.000211 0.004653 -0.000000 -0.998973 0.045316
3.811560 0.000211 0.004652 -0.000000 -0.998973 0.045317
3.834919 0.000211 0.004653 -0.000000 -0.998973 0.045317
3.853866 0.000211 0.004653 -0.000000 -0.998973 0.045317
3.868799 0.000211 0.004653 0.000000 -0.998973 0.045318
3.893718 0.000211 0.004653 0.000000 -0.998973 0.045317
3.916809 0.000211 0.004653 0.000000 -0.998973 0.045320
3.924498 0.000211 0.004653 0.000000 -0.998973 0.045320
3.959421 0.000211 0.004654 0.000000 -0.998972 0.045321
3.969912 0.000211 0.004653 0.000000 -0.998973 0.045320
3.986699 0.000211 0.004653 0.000000 -0.998973 0.045320
4.000000 0.000000 0.000000 0.000000 -0.998973 0.045320
4.047333 0.000211 0.004653 0.000000 -0.998973 0.045316
4.067333 0.000211 0.004653 0.000000 -0.998973 0.045317
4.120958 0.000211 0.004655 0.000000 -0.998973 0.045318
4.234978 0.000211 0.004652 0.000000 -0.998973 0.045320
4.253677 0.000211 0.004653 0.000000 -0.998972 0.045324
4.290655 0.000211 0.004653 0.000000 -0.998972 0.045321
4.309691 0.000211 0.004654 0.000000 -0.998972 0.045321
4.333327 0.000000 0.000000 0.000000 -0.998973 0.045318
4.348311 0.000211 0.004654 0.000000 -0.998973 0.045318
4.374221 0.000211 0.004653 0.000000 -0.998973 0.045320
4.409628 0.000211 0.004653 -0.000000 -0.998972 0.045321
4.439754 0.000211 0.004653 -0.000000 -0.998972 0.045322
4.454010 0.000211 0.004653 -0.000000 -0.998972 0.045322
4.464937 0.000211 0.004653 -0.000000 -0.998972 0.045321
4.486664 0.000211 0.004654 -0.000000 -0.998973 0.045319
4.528260 0.000211 0.004653 -0.000000 -0.998972 0.045324
4.555914 0.000211 0.004653 -0.000000 -0.998972 0.045324
4.585369 0.000211 0.004653 -0.000000 -0.998973 0.045318
4.605479 0.000211 0.004653 -0.000000 -0.998973 0.045318
4.623700 0.000211 0.004653 -0.000000 -0.998973 0.045318
4.666691 0.000000 0.000007 0.000000 0.998973 -0.045318
4.685900 0.000211 0.004653 -0.000000 -0.998973 0.045316
4.750126 0.000211 0.004654 -0.000000 -0.998973 0.045316
4.770318 0.000211 0.004655 0.000000 -0.998973 0.045318
4.812041 0.000211 0.004653 0.000000 -0.998973 0.045320
4.832447 0.000211 0.004653 0.000000 -0.998973 0.045319
4.863783 0.000211 0.004653 0.000000 -0.998972 0.045322
4.892035 0.000211 0.004653 0.000000 -0.998972 0.045322
4.929082 0.000211 0.004654 0.000000 -0.998972 0.045324
4.944547 0.000211 0.004653 0.000000 -0.998972 0.045323
4.972713 0.000211 0.004653 0.000000 -0.998972 0.045323
4.982057 0.000211 0.004654 0.000000 -0.998972 0.045323
5.000049 0.000001 0.000018 0.000000 -0.998972 0.045322
5.028190 0.000211 0.004653 0.000000 -0.998973 0.045320
5.052858 0.000211 0.004654 0.000000 -0.998973 0.045316
5.073806 0.000211 0.004654 0.000000 -0.998973 0.045316
5.087534 0.000211 0.004653 0.000000 -0.998973 0.045316
5.106122 0.000211 0.004653 0.000000 -0.998973 0.045319
5.163376 0.000211 0.004652 0.000000 -0.998973 0.045318
5.183370 0.000211 0.004654 0.000000 -0.998973 0.045318
5.228898 0.000211 0.004653 0.000000 -0.998973 0.045320
5.242856 0.000211 0.004654 0.000000 -0.998973 0.045320
5.260543 0.000211 0.004653 -0.000000 -0.998972 0.045321
5.291322 0.000211 0.004653 -0.000000 -0.998972 0.045322
5.333284 0.000001 0.000031 -0.000000 -0.998972 0.045321
5.354297 0.000211 0.004654 -0.000000 -0.998973 0.045320
5.374203 0.000211 0.004654 -0.000000 -0.998972 0.045321
5.394382 0.000211 0.004653 -0.000000 -0.998972 0.045321
5.411278 0.000211 0.004655 -0.000000 -0.998973 0.045313
5.473166 0.000211 0.004653 -0.000000 -0.998973 0.045317
5.522093 0.000211 0.004654 -0.000000 -0.998973 0.045320
5.550654 0.000211 0.004653 -0.000000 -0.998972 0.045322
5.573600 0.000211 0.004653 -0.000000 -0.998972 0.045322
5.609824 0.000211 0.004653 -0.000000 -0.998973 0.045314
5.629689 0.000211 0.004653 -0.000000 -0.998973 0.045315
5.656752 0.000211 0.004654 -0.000000 -0.998973 0.045313
5.666687 0.000001 0.000025 -0.000000 -0.998973 0.045313
5.691286 0.000211 0.004654 -0.000000 -0.998973 0.045314
5.710640 0.000211 0.004655 -0.000000 -0.998973 0.045314
5.733887 0.000211 0.004653 -0.000000 -0.998973 0.045313
5.745930 0.000211 0.004653 -0.000000 -0.998973 0.045313
5.778875 0.000211 0.004654 0.000000 -0.998973 0.045318
5.789021 0.000211 0.004653 0.000000 -0.998973 0.045318
5.803188 0.000211 0.004652 0.000000 -0.998973 0.045317
5.867061 0.000211 0.004653 0.000000 -0.998973 0.045310
5.887549 0.000211 0.004653 0.000000 -0.998973 0.045312
5.925802 0.000211 0.004653 0.000000 -0.998973 0.045312
5.952323 0.000211 0.004653 0.000000 -0.998973 0.045312
6.000049 0.000001 0.000021 0.000000 -0.998973 0.045312
6.052683 0.000211 0.004654 0.000000 -0.998973 0.045312
6.063731 0.000211 0.004655 0.000000 -0.998973 0.045312
6.111207 0.000211 0.004654 0.000000 -0.998973 0.045314
6.174356 0.000211 0.004654 0.000000 -0.998973 0.045314
6.193128 0.000211 0.004653 0.000000 -0.998973 0.045314
6.219285 0.000211 0.004653 0.000000 -0.998973 0.045314
6.230930 0.000211 0.004652 0.000000 -0.998973 0.045314
6.246614 0.000211 0.004653 0.000000 -0.998973 0.045314
6.273896 0.000211 0.004652 0.000000 -0.998973 0.045313
6.333337 0.000000 0.000000 0.000000 -0.998973 0.045313
6.666657 0.000000 0.000000 0.000000 -0.998973 0.045314
7.000000 0.000000 0.000000 0.000000 -0.998973 0.045313
7.333331 0.000000 0.000000 0.000000 -0.998973 0.045313
7.666675 0.000000 0.000000 0.000000 -0.998973 0.045313
8.000000 0.000000 0.000000 0.000000 -0.998973 0.045314
8.333328 0.000000 0.000000 -0.000000 -0.998973 0.045316
8.666671 0.000000 0.000000 -0.000000 -0.998973 0.045316
9.000000 0.000000 0.000000 -0.000000 -0.998973 0.045316
9.333337 0.000000 0.000000 -0.000000 -0.998973 0.045313
9.666664 0.000000 0.000000 -0.000000 -0.998973 0.045313
10.000000 0.000000 0.000000 -0.000000 -0.998973 0.045319
10.333331 0.000000 0.000000 -0.000000 -0.998973 0.045315
10.666666 0.000000 0.000000 -0.000000 -0.998974 0.045283
11.000000 0.000000 0.000000 -0.000000 -0.998976 0.045254
11.333332 0.000000 0.000000 0.000000 1.000000 0.000000
11.666668 0.000000 0.000000 0.000000 1.000000 0.000000
12.000000 0.000000 0.000000 0.000000 1.000000 0.000000
12.333336 0.000000 0.000000 0.000000 1.000000 0.000000
12.666665 0.000000 0.000000 0.000000 1.000000 0.000000
13.000000 0.000000 0.000000 0.000000 1.000000 0.000000
13.333332 0.000000 0.000000 0.000000 1.000000 0.000000
13.666665 0.000000 0.000000 0.000000 1.000000 0.000000
14.000000 0.000000 0.000000 0.000000 1.000000 0.000000
14.333333 0.000000 0.000000 0.000000 1.000000 0.000000
14.666664 0.000000 0.000000 0.000000 1.000000 0.000000
15.000002 0.000000 0.000000 0.000000 1.000000 0.000000
15.333338 0.000000 0.000000 0.000000 1.000000 0.000000
15.666672 0.000000 0.000000 0.000000 1.000000 0.000000
16.000000 0.000000 0.000000 0.000000 1.000000 0.000000
16.333324 0.000000 0.000000 0.000000 1.000000 0.000000
16.666668 0.000000 0.000000 0.000000 1.000000 0.000000
17.000000 0.000000 0.000000 0.000000 1.000000 0.000000
17.333328 0.000000 0.000000 0.000000 1.000000 0.000000
17.666676 0.000000 0.000000 0.000000 1.000000 0.000000
18.000000 0.000000 0.000000 0.000000 1.000000 0.000000
18.333326 0.000000 0.000000 0.000000 1.000000 0.000000
18.666670 0.000000 0.000000 0.000000 1.000000 0.000000
19.000000 0.000000 0.000000 0.000000 1.000000 0.000000
19.333332 0.000000 0.000000 0.000000 1.000000 0.000000
19.666668 0.000000 0.000000 0.000000 1.000000 0.000000
20.000000 0.000000 0.000000 0.000000 1.000000 0.000000
20.333334 0.000000 0.000000 0.000000 1.000000 0.000000
20.666664 0.000000 0.000000 0.000000 1.000000 0.000000
21.000000 0.000000 0.000000 0.000000 1.000000 0.000000
21.333334 0.000000 0.000000 0.000000 1.000000 0.000000
21.666666 0.000000 0.000000 0.000000 1.000000 0.000000
22.000000 0.000000 0.000000 0.000000 1.000000 0.000000
22.333332 0.000000 0.000000 0.000000 1.000000 0.000000
3 2 3 4
3 3 2 1
3 3 1 0
3 20 21 29
3 21 20 16
3 41 44 49
3 44 41 39
3 38 37 39
3 41 52 51
3 41 45 39
3 45 38 39
3 45 41 51
3 50 45 51
3 53 52 41
3 54 53 49
3 53 41 49
3 81 1265 72
3 45 40 38
3 8 9 25
3 9 10 25
3 9 8 16
3 32 33 25
3 72 1999 2000
3 1265 1999 72
3 2226 2224 2225
3 2221 2220 2420
3 2227 2226 2225
3 2220 2219 2420
3 43 42 45
3 42 40 45
3 40 42 43
3 47 45 50
3 48 47 50
3 46 43 45
3 46 48 43
3 47 46 45
3 46 47 48
3 32 31 33
3 31 32 25
3 19 24 25
3 18 19 25
3 19 18 17
3 20 19 16
3 19 17 16
3 12 11 16
3 11 9 16
3 9 11 10
3 10 11 25
3 11 12 25
3 17 14 16
3 18 14 17
3 31 30 33
3 33 30 29
3 27 30 25
3 30 31 25
3 30 20 29
3 30 27 20
3 28 27 25
3 26 28 25
3 27 28 20
3 24 23 25
3 23 26 25
3 2901 2899 2900
3 2877 2875 2876
3 2838 2837 2839
3 2854 2853 2852
3 2853 2851 2852
3 2813 2812 2814
3 2804 2803 2805
3 2803 2804 2802
3 2759 2760 2757
3 2766 2767 2757
3 13 12 16
3 14 13 16
3 12 13 25
3 23 22 26
3 28 22 20
3 22 28 26
3 22 23 24
3 22 19 20
3 19 22 24
3 2771 2757 2770
3 2223 2224 2226
3 2780 2778 2779
3 1991 1992 1265
3 2866 2865 2864
3 2879 2878 2876
3 2878 2877 2876
3 2840 2838 2839
3 2841 2840 2839
3 2832 2830 2831
3 2740 2741 2757
3 2757 2761 2762
3 2760 2761 2757
3 2753 2757 2752
3 2755 2756 2757
3 2763 2757 2762
3 2763 2764 2757
3 2765 2766 2757
3 2764 2765 2757
3 2767 2768 2757
3 13 15 25
3 15 13 14
3 15 18 25
3 15 14 18
3 2792 2791 2790
3 1990 1992 1991
3 1992 1994 1265
3 1994 1995 1265
3 1996 1995 1993
3 1995 1996 1265
3 1996 1997 1265
3 2728 2729 2727
3 2728 2730 2729
3 2890 2889 2888
3 2889 2887 2888
3 2886 2885 2888
3 2887 2886 2888
3 2865 2863 2864
3 2829 2828 2831
3 2830 2829 2831
3 2815 2813 2814
3 2816 2815 2814
3 2757 2751 2752
3 2750 2751 2757
3 2751 2753 2752
3 2747 2748 2757
3 2741 2742 2757
3 2744 2745 2757
3 2754 2755 2757
3 2753 2754 2757
3 2758 2759 2757
3 2756 2758 2757
3 2757 2769 2770
3 2768 2769 2757
3 2789 2788 2790
3 2791 2789 2790
3 2237 1991 1989
3 2237 1990 1991
3 2238 1994 1992
3 1995 2238 1993
3 1994 2238 1995
3 1998 1999 1265
3 1997 1998 1265
3 2862 2861 2864
3 2863 2862 2864
3 66 61 62
3 61 66 65
3 2001 72 2000
3 2749 2750 2757
3 2748 2749 2757
3 2743 2744 2757
3 2742 2743 2757
3 2746 2747 2757
3 2745 2746 2757
3 2739 2737 2738
3 70 61 65
3 61 68 58
3 70 68 61
3 69 68 70
3 89 93 91
3 79 78 96
3 78 98 96
3 95 107 108
3 107 95 94
3 94 95 71
3 95 78 71
3 66 76 65
3 77 76 66
3 76 106 94
3 76 77 106
3 92 75 90
3 89 92 90
3 92 89 91
3 2244 1269 2021
3 106 105 94
3 105 107 94
3 80 79 96
3 101 80 96
3 109 95 108
3 78 109 98
3 95 109 78
3 2417 2502 2506
3 2558 2417 2506
3 2683 2244 2021
3 77 104 106
3 104 132 106
3 241 240 472
3 67 70 65
3 76 67 65
3 67 69 70
3 67 76 69
3 2022 2244 2652
3 2244 2022 1269
3 1269 2243 2021
3 1268 2243 1269
3 2243 2686 2021
3 100 101 96
3 2006 2007 117
3 2007 2008 117
3 2653 2559 2507
3 2633 2673 2676
3 2682 2680 2684
3 2682 2681 2680
3 2674 2682 2684
3 2681 2682 2674
3 2672 2673 2651
3 2672 2647 2670
3 2244 2677 2652
3 2683 2677 2244
3 2686 2685 2021
3 2685 2683 2021
3 132 133 106
3 133 105 106
3 166 200 198
3 912 913 1086
3 2032 2022 2652
3 2033 1824 1825
3 239 197 238
3 294 239 238
3 112 109 108
3 97 111 114
3 98 97 96
3 97 100 96
3 105 135 107
3 133 135 105
3 115 97 114
3 2005 2006 117
3 116 125 102
3 116 115 114
3 115 116 102
3 111 116 114
3 2661 2668 2667
3 2669 2681 2670
3 2681 2669 2680
3 2669 2667 2680
3 1264 1084 1263
3 2661 2659 2668
3 2603 2558 2556
3 2603 2633 2558
3 239 297 298
3 2678 2662 2653
3 2671 2681 2674
3 2672 2671 2674
3 2681 2671 2670
3 2671 2672 2670
3 2675 2672 2674
3 2672 2675 2673
3 2650 2672 2651
3 2672 2650 2647
3 2667 2666 2680
3 2668 2666 2667
3 2424 2423 2507
3 243 242 241
3 367 241 472
3 367 243 241
3 473 367 472
3 367 474 371
3 2026 2025 2024
3 2023 2026 2024
3 2243 2687 2686
3 113 112 111
3 97 113 111
3 113 97 98
3 109 113 98
3 112 113 109
3 110 112 108
3 107 110 108
3 97 99 100
3 115 99 97
3 100 99 101
3 99 102 101
3 99 115 102
3 1267 2241 2009
3 2010 1267 2009
3 2008 1267 117
3 2241 1267 2008
3 163 298 129
3 163 239 298
3 239 163 197
3 2660 2647 2646
3 2659 2660 2646
3 2660 2659 2661
3 2660 2661 2667
3 2669 2660 2667
3 2647 2648 2646
3 2648 2649 2646
3 2411 2502 2417
3 911 1264 471
3 911 1084 1264
3 1084 1262 1263
3 2558 2557 2556
3 2557 2558 2506
3 2502 2557 2506
3 2505 2557 2502
3 2504 2557 2505
3 2603 2632 2633
3 2673 2632 2651
3 2633 2632 2673
3 2632 2650 2651
3 469 592 595
3 468 469 467
3 366 467 298
3 297 366 298
3 2662 2654 2653
3 2663 2662 2678
3 2083 1650 1649
3 912 914 913
3 914 915 913
3 915 914 912
3 474 476 371
3 606 604 605
3 475 476 474
3 476 475 604
3 604 475 605
3 749 475 472
3 605 475 749
3 199 200 241
3 242 199 241
3 200 199 198
3 199 242 198
3 2020 2243 1268
3 2019 2020 1268
3 2020 2019 2688
3 2020 2687 2243
3 2687 2020 2688
3 1823 2019 1268
3 1267 1823 1268
3 1823 1267 2010
3 2689 2019 2690
3 2019 2689 2688
3 812 810 802
3 810 804 802
3 364 366 297
3 197 236 238
3 163 196 197
3 196 236 197
3 162 163 129
3 161 162 129
3 162 196 163
3 398 413 325
3 367 300 243
3 300 299 243
3 300 367 371
3 370 300 371
3 2625 2629 2630
3 2649 2624 2646
3 2624 2625 2646
3 2411 2499 2502
3 1262 1458 1263
3 603 911 471
3 1458 1454 1455
3 1454 1458 1262
3 2403 2491 2487
3 2491 2492 2487
3 2491 2399 2484
3 2492 2491 2484
3 2406 2402 2403
3 2632 2599 2626
3 2599 2632 2603
3 2535 2536 2538
3 2612 2609 2611
3 2608 2612 2611
3 2627 2632 2626
3 2632 2627 2650
3 2629 2627 2630
3 2650 2627 2647
3 2627 2648 2647
3 583 592 469
3 583 468 580
3 468 583 469
3 592 583 593
3 468 464 580
3 464 460 580
3 2655 2662 2656
3 2655 2654 2662
3 2655 2637 2636
3 2654 2634 2653
3 2662 2665 2656
3 2663 2665 2662
3 2666 2679 2680
3 2680 2679 2684
3 2608 2607 2636
3 2607 2608 2605
3 2607 2634 2636
3 2310 2309 2424
3 2424 2309 2423
3 2309 2310 2312
3 2426 2315 2507
3 1650 1460 1649
3 1460 1648 1649
3 1648 1460 1087
3 1832 1650 2083
3 1460 1273 1087
3 809 810 812
3 2011 1823 2010
3 874 857 884
3 466 364 461
3 366 466 467
3 364 466 366
3 466 468 467
3 296 297 239
3 134 165 166
3 134 135 133
3 165 134 133
3 124 116 111
3 206 245 253
3 196 233 236
3 237 233 234
3 233 237 236
3 233 196 190
3 192 162 161
3 162 192 196
3 155 187 159
3 128 161 129
3 102 128 129
3 418 413 427
3 413 418 342
3 418 344 342
3 405 400 398
3 400 413 398
3 273 329 325
3 336 413 342
3 405 401 399
3 404 405 398
3 404 401 405
3 401 404 397
3 385 306 383
3 401 390 399
3 390 401 397
3 390 331 318
3 2648 2628 2649
3 2628 2624 2649
3 2627 2628 2648
3 2628 2627 2629
3 2628 2629 2625
3 2624 2628 2625
3 2597 2625 2630
3 2625 2621 2646
3 2492 2488 2487
3 2488 2493 2487
3 2489 2403 2487
3 2503 2505 2502
3 2499 2503 2502
3 2503 2499 2505
3 2499 2501 2505
3 2501 2504 2505
3 2553 2501 2500
3 2501 2553 2504
3 1822 1983 1647
3 1979 1822 1820
3 1458 1459 1263
3 1459 1458 1647
3 1459 1264 1263
3 1459 1647 1264
3 1820 1646 1819
3 470 603 471
3 470 469 595
3 469 470 467
3 298 470 471
3 467 470 298
3 1446 1454 1262
3 1444 1446 1443
3 1457 1644 1455
3 1457 1444 1644
3 1644 1643 1455
3 2495 2409 2403
3 2409 2406 2403
3 2508 2431 2426
3 2431 2508 2427
3 2433 2431 2427
3 2431 2425 2426
3 1966 1949 2168
3 2606 2608 2611
3 2567 2606 2611
3 2493 2546 2487
3 2597 2590 2620
3 2595 2590 2597
3 2631 2597 2630
3 2542 2541 2540
3 2589 2541 2538
3 2541 2535 2538
3 2583 2580 2574
3 2580 2573 2574
3 2618 2644 2646
3 2640 2644 2618
3 2641 2640 2618
3 576 707 582
3 459 464 461
3 464 459 460
3 2665 2664 2656
3 2659 2664 2668
3 2664 2665 2663
3 2635 2607 2605
3 2607 2635 2634
3 2635 2605 2559
3 2635 2559 2653
3 2634 2635 2653
3 2604 2562 2605
3 2608 2604 2605
3 2570 2566 2567
3 1670 1659 1667
3 2309 2308 2423
3 2087 2084 2312
3 2320 2315 2426
3 2425 2320 2426
3 2313 2424 2507
3 2315 2313 2507
3 2313 2310 2424
3 1831 1832 2083
3 918 749 1087
3 812 662 645
3 639 782 645
3 662 639 645
3 782 784 645
3 784 812 645
3 784 809 812
3 809 784 791
3 614 476 604
3 613 614 604
3 614 613 609
3 614 477 476
3 477 614 609
3 748 605 749
3 748 606 605
3 751 748 919
3 918 748 749
3 748 918 919
3 1411 1407 1426
3 1206 1214 1205
3 1209 1206 1182
3 1214 1206 1209
3 551 699 566
3 452 455 456
3 462 459 461
3 365 364 297
3 296 365 297
3 426 422 428
3 423 426 432
3 422 423 421
3 423 422 426
3 346 448 357
3 314 320 319
3 261 269 268
3 123 124 111
3 112 123 111
3 110 123 112
3 116 151 125
3 124 151 116
3 135 119 107
3 136 137 168
3 136 119 135
3 119 136 139
3 134 136 135
3 137 136 134
3 141 168 170
3 242 207 198
3 206 207 242
3 246 242 243
3 246 206 242
3 246 245 206
3 137 169 168
3 169 137 134
3 167 208 170
3 168 167 170
3 169 167 168
3 263 261 266
3 283 237 234
3 237 283 287
3 187 160 159
3 160 128 159
3 128 160 161
3 125 127 102
3 127 128 102
3 126 127 125
3 128 127 159
3 127 155 159
3 127 126 155
3 186 188 187
3 229 193 188
3 189 229 188
3 189 186 182
3 186 189 188
3 225 189 182
3 229 189 225
3 272 273 275
3 272 269 267
3 336 339 334
3 339 336 342
3 279 339 282
3 269 224 268
3 224 223 225
3 404 402 397
3 402 390 397
3 331 402 406
3 390 402 331
3 327 331 406
3 379 383 382
3 385 379 382
3 379 385 383
3 300 368 299
3 368 300 370
3 306 375 383
3 368 375 299
3 636 635 634
3 2623 2621 2625
3 2621 2623 2620
3 2597 2623 2625
3 2623 2597 2620
3 2619 2618 2646
3 2621 2619 2646
3 2399 2482 2484
3 2395 2482 2399
3 2482 2478 2484
3 2541 2539 2535
3 2539 2541 2542
3 2488 2480 2493
3 2478 2480 2484
3 2480 2492 2484
3 2480 2488 2492
3 2549 2595 2596
3 2595 2549 2550
3 2557 2602 2556
3 2602 2600 2599
3 2602 2603 2556
3 2602 2599 2603
3 2496 2498 2495
3 2496 2495 2403
3 2489 2496 2403
3 2551 2553 2500
3 2543 2595 2550
3 2595 2598 2596
3 2598 2595 2597
3 2631 2598 2597
3 2598 2600 2596
3 2598 2631 2600
3 2501 2413 2500
3 2413 2499 2411
3 2413 2501 2499
3 1971 1964 1975
3 1976 2200 1981
3 2200 2202 2201
3 2200 1982 1981
3 1982 2200 2201
3 2196 1976 1974
3 2200 2196 2203
3 2196 2200 1976
3 1964 1978 1975
3 1968 1978 1964
3 2491 2404 2399
3 2410 2412 2411
3 2410 2411 2417
3 1976 1980 1817
3 1980 1976 1981
3 1456 1446 1444
3 1457 1456 1444
3 1446 1456 1454
3 1454 1456 1455
3 1456 1457 1455
3 1741 1762 1756
3 1927 1786 1909
3 1256 1262 1084
3 1452 1640 1444
3 1444 1640 1644
3 1634 1643 1644
3 1634 1640 1633
3 1640 1634 1644
3 1643 1645 1455
3 1645 1458 1455
3 1645 1643 1814
3 1226 1232 1233
3 1407 1420 1426
3 1420 1419 1426
3 1418 1412 1233
3 2494 2498 2500
3 2498 2494 2495
3 2494 2409 2495
3 2199 2200 2203
3 2200 2199 2202
3 2509 2429 2508
3 2508 2430 2427
3 2429 2430 2508
3 1924 1927 1909
3 1852 2094 1851
3 2091 2092 2093
3 2094 2092 1851
3 2186 2396 2397
3 2187 2186 2397
3 2187 2182 2186
3 2565 2606 2567
3 2566 2565 2567
3 2570 2575 2574
3 2609 2610 2611
3 2610 2575 2570
3 2610 2567 2611
3 2610 2570 2567
3 2546 2479 2483
3 2479 2546 2493
3 2480 2479 2493
3 2479 2480 2478
3 2590 2622 2620
3 2622 2621 2620
3 2619 2622 2618
3 2622 2619 2621
3 2579 2583 2613
3 2579 2580 2583
3 2584 2573 2580
3 2573 2584 2536
3 2536 2584 2538
3 2531 2536 2535
3 2532 2531 2535
3 2531 2573 2536
3 2531 2532 2533
3 2473 2539 2474
3 2645 2659 2646
3 2644 2645 2646
3 2657 2664 2659
3 2645 2657 2659
3 2643 2612 2637
3 579 586 585
3 579 585 593
3 585 590 582
3 586 590 585
3 593 721 724
3 578 721 593
3 727 721 707
3 707 721 582
3 721 578 582
3 585 581 593
3 581 578 593
3 581 585 582
3 578 581 582
3 721 725 724
3 725 721 727
3 711 709 712
3 576 574 573
3 1674 1686 1523
3 1689 1684 1687
3 1696 1694 1860
3 1691 1690 1696
3 1834 1831 1836
3 2319 2314 2093
3 2314 2091 2093
3 2318 2319 2315
3 2320 2318 2315
3 2318 2314 2319
3 2318 2320 2316
3 2314 2318 2316
3 2325 2320 2425
3 2089 2092 2094
3 2086 2089 1838
3 1840 2084 2087
3 2086 1840 2087
3 1840 2086 1838
3 1273 916 1087
3 916 918 1087
3 607 477 609
3 704 687 686
3 681 687 699
3 678 687 681
3 672 681 683
3 679 672 683
3 818 819 684
3 538 663 539
3 680 679 683
3 784 790 791
3 790 784 782
3 639 640 641
3 640 639 662
3 663 640 662
3 640 663 510
3 606 608 604
3 608 613 604
3 748 752 606
3 752 748 751
3 752 608 606
3 608 752 751
3 753 751 919
3 615 483 610
3 1594 1583 1581
3 1583 1594 1591
3 1408 1387 1405
3 1404 1393 1395
3 1406 1408 1405
3 1583 1584 1581
3 1584 1583 1591
3 1595 1584 1591
3 1220 1197 1387
3 1207 1200 1209
3 1207 1221 1203
3 1200 1207 1203
3 1200 1213 1209
3 1387 1383 1405
3 1383 1389 1405
3 1383 1387 1373
3 1024 1025 1017
3 730 706 882
3 706 730 712
3 732 730 882
3 730 718 712
3 718 711 712
3 576 718 707
3 887 732 882
3 1025 1029 1017
3 1016 1029 1022
3 1029 1018 1022
3 1018 1025 1027
3 1018 1029 1025
3 706 853 882
3 1194 1169 1164
3 1029 1028 1017
3 1028 1029 1016
3 1025 1195 1027
3 1562 1554 1565
3 1507 1674 1523
3 793 809 791
3 793 795 950
3 1129 1130 1121
3 964 961 943
3 958 964 943
3 1114 1106 1109
3 551 544 699
3 545 544 551
3 566 702 688
3 699 703 566
3 703 702 566
3 702 703 697
3 569 551 566
3 558 569 566
3 569 449 567
3 695 697 690
3 452 451 455
3 462 451 453
3 364 465 461
3 363 465 364
3 465 462 461
3 465 363 455
3 451 465 455
3 465 451 462
3 354 292 357
3 289 292 293
3 344 419 432
3 419 423 432
3 418 419 344
3 419 418 427
3 280 283 234
3 447 353 448
3 354 353 356
3 448 353 357
3 353 354 357
3 542 438 437
3 430 552 437
3 552 430 553
3 346 436 448
3 436 438 448
3 446 447 448
3 438 446 448
3 446 442 447
3 123 147 124
3 120 123 110
3 126 157 155
3 151 157 125
3 157 126 125
3 140 136 168
3 136 140 139
3 141 140 168
3 142 143 144
3 142 172 173
3 172 142 144
3 203 166 198
3 207 203 198
3 203 134 166
3 203 169 134
3 316 314 319
3 310 307 305
3 289 288 237
3 236 288 238
3 237 288 236
3 288 293 238
3 288 289 293
3 286 237 287
3 286 289 237
3 276 277 275
3 228 229 225
3 223 228 225
3 193 195 188
3 195 192 161
3 400 416 413
3 416 415 413
3 416 400 405
3 413 417 427
3 415 417 413
3 417 429 427
3 335 337 334
3 273 335 275
3 338 336 334
3 337 338 334
3 336 338 413
3 270 272 267
3 272 270 273
3 329 270 267
3 273 270 329
3 224 274 223
3 223 274 277
3 403 404 398
3 403 402 404
3 406 403 398
3 402 403 406
3 329 322 325
3 381 385 382
3 380 381 382
3 369 368 370
3 375 369 376
3 369 375 368
3 373 375 376
3 375 373 383
3 497 492 503
3 2486 2481 2474
3 2553 2555 2504
3 2602 2555 2600
3 2504 2555 2557
3 2555 2602 2557
3 2600 2555 2596
3 2496 2497 2550
3 2497 2496 2489
3 2490 2543 2550
3 2497 2490 2550
3 2490 2497 2489
3 2490 2489 2487
3 2546 2490 2487
3 2543 2490 2546
3 2416 2414 2415
3 2414 2413 2415
3 2413 2414 2500
3 1967 1961 1960
3 1961 1959 1962
3 1961 1967 1959
3 1965 1966 2189
3 1965 1957 1960
3 1976 1977 1974
3 1977 1978 1974
3 1978 1977 1975
3 1977 1973 1975
3 1977 1976 1817
3 2183 1965 2189
3 1978 2183 1974
3 2196 2195 2193
3 2195 2196 1974
3 2198 2195 1974
3 1980 1821 1817
3 470 600 603
3 594 738 744
3 603 909 911
3 911 909 1084
3 744 743 603
3 743 909 603
3 909 743 908
3 1053 888 884
3 1762 1765 1756
3 1739 1762 1741
3 1762 1739 1740
3 1763 1762 1740
3 1763 1765 1762
3 1947 1946 1944
3 1640 1636 1633
3 1971 1806 1964
3 1878 1876 1873
3 1871 1880 1881
3 1878 1871 1881
3 1869 1871 1875
3 1871 1878 1873
3 1694 1843 1860
3 1868 1736 1730
3 1871 1872 1875
3 1872 1871 1873
3 1446 1260 1443
3 1260 1446 1262
3 1642 1640 1452
3 1600 1595 1591
3 1432 1431 1433
3 1260 1442 1443
3 1238 1418 1233
3 1424 1418 1419
3 1420 1424 1419
3 2409 2407 2406
3 2407 2409 2412
3 2410 2407 2412
3 2408 2405 2202
3 2199 2408 2202
3 2408 2199 2406
3 2407 2408 2406
3 2408 2407 2405
3 2435 2430 2429
3 2509 2512 2429
3 2097 2095 2316
3 2396 2392 2397
3 2392 2395 2397
3 2393 2396 2186
3 2393 2392 2396
3 2606 2569 2608
3 2565 2569 2606
3 2569 2604 2608
3 2604 2569 2564
3 2568 2565 2566
3 2604 2568 2562
3 2568 2604 2564
3 2575 2576 2574
3 2576 2583 2574
3 2576 2578 2583
3 2610 2576 2575
3 2572 2610 2609
3 2576 2572 2578
3 2572 2576 2610
3 2583 2572 2613
3 2578 2572 2583
3 2591 2590 2595
3 2545 2543 2546
3 2545 2546 2540
3 2586 2584 2580
3 2573 2577 2574
3 2531 2577 2573
3 2577 2570 2574
3 2537 2532 2535
3 2539 2537 2535
3 2473 2537 2539
3 2639 2644 2640
3 2658 2655 2656
3 2664 2658 2656
3 2657 2658 2664
3 2641 2642 2640
3 2642 2639 2640
3 2614 2615 2641
3 2615 2614 2609
3 2612 2615 2609
3 2643 2615 2612
3 583 584 593
3 584 579 593
3 584 583 580
3 579 584 586
3 590 591 582
3 591 590 586
3 709 708 712
3 706 708 717
3 708 706 712
3 714 577 688
3 570 451 452
3 458 462 453
3 462 458 459
3 459 589 460
3 587 589 459
3 460 589 580
3 589 584 580
3 584 589 586
3 589 591 586
3 2563 2561 2562
3 2562 2561 2605
3 2605 2561 2559
3 2561 2560 2559
3 1674 1504 1667
3 1683 1689 1687
3 1690 1688 1696
3 1694 1688 1697
3 1688 1694 1696
3 1682 1691 1692
3 1682 1690 1691
3 1684 1682 1692
3 1682 1684 1689
3 1663 1841 1838
3 1850 1663 1838
3 1844 1663 1850
3 1831 1655 1832
3 1834 1655 1831
3 1655 1834 1833
3 2321 2319 2093
3 2319 2321 2315
3 2321 2313 2315
3 2311 2087 2312
3 2310 2311 2312
3 2313 2311 2310
3 2321 2311 2313
3 2090 2086 2087
3 2090 2089 2086
3 2092 2090 2093
3 2089 2090 2092
3 1848 2089 2094
3 1852 1848 2094
3 1848 1852 1850
3 1848 1850 1838
3 2089 1848 1838
3 1840 1839 2084
3 1839 1841 1833
3 1832 1652 1650
3 1464 1460 1650
3 1464 1277 1274
3 1277 1464 1280
3 1275 1089 1273
3 1089 916 1273
3 651 630 629
3 647 796 641
3 796 639 641
3 651 650 641
3 650 647 641
3 650 651 629
3 483 481 610
3 677 678 681
3 672 677 681
3 680 658 679
3 804 798 802
3 798 818 684
3 659 662 660
3 659 663 662
3 667 680 539
3 667 658 680
3 534 663 538
3 535 534 536
3 534 535 663
3 530 527 546
3 537 530 546
3 797 793 791
3 793 797 795
3 795 945 950
3 499 405 399
3 613 612 610
3 608 612 613
3 612 608 751
3 917 753 919
3 918 917 919
3 916 917 918
3 612 619 610
3 1594 1587 1591
3 1587 1600 1591
3 1588 1594 1596
3 1408 1400 1404
3 1406 1400 1408
3 1582 1421 1391
3 1582 1391 1581
3 1584 1582 1581
3 1414 1423 1417
3 1421 1402 1391
3 1393 1204 1395
3 1204 1207 1209
3 1204 1393 1390
3 1207 1204 1390
3 1216 1214 1209
3 1213 1216 1209
3 1214 1216 1205
3 1575 1742 1741
3 1560 1557 1570
3 1737 1728 1726
3 1014 1024 1017
3 1028 1014 1017
3 732 729 730
3 729 727 707
3 727 729 726
3 729 732 726
3 718 729 707
3 729 718 730
3 716 718 576
3 718 716 711
3 716 576 573
3 577 716 573
3 711 716 714
3 716 577 714
3 883 882 874
3 883 887 882
3 857 856 884
3 1021 1016 1022
3 1018 1015 1022
3 1015 1018 1027
3 865 857 874
3 882 865 874
3 1028 1033 1032
3 1166 1169 1171
3 1185 1194 1164
3 1185 1176 1178
3 1699 1554 1529
3 1699 1723 1554
3 1566 1558 1370
3 1405 1558 1580
3 1568 1566 1574
3 1568 1565 1570
3 1568 1564 1566
3 1573 1574 1576
3 1569 1562 1565
3 1568 1569 1565
3 1569 1568 1574
3 1573 1569 1574
3 1569 1573 1562
3 1122 1129 1121
3 1122 1127 1129
3 978 831 799
3 804 808 803
3 808 804 810
3 809 808 810
3 793 808 809
3 964 960 961
3 1012 1002 1001
3 1127 1147 1129
3 1147 989 967
3 1130 1125 958
3 1125 1130 1129
3 960 956 963
3 956 960 964
3 962 978 799
3 962 985 982
3 1128 1122 1121
3 1124 1114 1109
3 1310 1124 1109
3 547 545 551
3 552 547 551
3 547 552 553
3 544 543 699
3 681 543 683
3 543 681 699
3 543 680 683
3 702 689 688
3 710 689 701
3 689 714 688
3 689 710 714
3 559 558 566
3 563 559 566
3 715 711 714
3 710 715 714
3 695 700 697
3 700 702 697
3 700 689 702
3 359 363 364
3 365 359 364
3 363 358 455
3 359 358 363
3 361 358 360
3 455 361 456
3 358 361 455
3 292 291 293
3 291 294 238
3 293 291 238
3 361 355 356
3 355 361 360
3 355 354 356
3 355 292 354
3 355 291 292
3 292 349 357
3 349 292 289
3 286 349 289
3 419 424 423
3 421 424 427
3 424 419 427
3 339 345 282
3 345 339 342
3 344 341 342
3 341 345 342
3 345 341 340
3 343 341 344
3 340 341 343
3 439 426 428
3 450 438 567
3 450 446 438
3 449 450 567
3 321 320 314
3 321 388 318
3 327 332 331
3 320 313 319
3 265 316 319
3 265 259 261
3 147 145 146
3 145 147 123
3 145 142 146
3 145 143 142
3 152 151 124
3 147 152 124
3 121 119 139
3 121 120 110
3 121 110 107
3 119 121 107
3 221 218 268
3 224 221 268
3 142 148 146
3 148 142 173
3 148 147 146
3 148 152 147
3 221 219 218
3 143 138 144
3 172 138 141
3 138 172 144
3 138 143 139
3 140 138 139
3 138 140 141
3 176 141 170
3 176 172 141
3 205 167 169
3 203 205 169
3 263 256 257
3 262 256 263
3 264 263 257
3 316 264 257
3 265 264 316
3 263 264 261
3 264 265 261
3 246 244 245
3 244 246 243
3 302 375 306
3 375 302 299
3 283 284 287
3 280 284 283
3 227 276 230
3 231 227 230
3 276 227 277
3 195 158 188
3 188 158 187
3 158 160 187
3 160 158 161
3 158 195 161
3 195 191 192
3 196 191 190
3 192 191 196
3 333 338 337
3 333 273 325
3 413 333 325
3 338 333 413
3 333 335 273
3 335 333 337
3 328 327 406
3 328 322 327
3 322 328 325
3 328 398 325
3 328 406 398
3 381 387 385
3 389 390 318
3 388 389 318
3 394 389 388
3 316 317 314
3 317 321 314
3 321 317 388
3 317 307 310
3 307 317 316
3 372 373 376
3 476 372 371
3 372 370 371
3 372 369 370
3 369 372 376
3 383 374 382
3 373 374 383
3 372 374 373
3 491 391 495
3 391 491 492
3 492 488 503
3 490 488 492
3 389 395 390
3 395 389 391
3 390 395 399
3 500 505 503
3 505 497 503
3 497 505 399
3 505 499 399
3 2477 2482 2395
3 2481 2477 2395
3 2482 2477 2478
3 2477 2481 2478
3 2539 2485 2474
3 2485 2486 2474
3 2485 2539 2542
3 2485 2542 2483
3 2479 2485 2483
3 2485 2479 2478
3 2469 2473 2474
3 2481 2469 2474
3 2532 2529 2533
3 2529 2525 2533
3 2526 2570 2533
3 2526 2566 2570
3 2552 2549 2596
3 1956 1961 1962
3 1963 1957 1964
3 1957 1963 1960
3 1967 1963 1964
3 1963 1967 1960
3 1965 1969 1966
3 1966 1969 1949
3 2401 2491 2403
3 2401 2404 2491
3 2196 2194 2203
3 2406 2194 2402
3 2194 2199 2203
3 2199 2194 2406
3 601 470 595
3 596 601 595
3 594 601 596
3 745 600 597
3 745 594 744
3 745 744 603
3 600 745 603
3 598 600 470
3 601 598 470
3 598 601 599
3 598 599 597
3 600 598 597
3 742 594 596
3 742 738 594
3 1255 1256 1084
3 1225 1226 1233
3 1082 910 1083
3 910 908 1083
3 910 909 908
3 910 1082 1084
3 909 910 1084
3 1045 1048 1053
3 1048 1045 1035
3 1048 888 1053
3 1043 1045 1040
3 1045 1043 1035
3 1767 1919 1766
3 1758 1745 1757
3 1765 1752 1756
3 1950 1942 1946
3 1947 1950 1946
3 1950 1945 1954
3 1945 1950 1947
3 1423 1425 1417
3 1639 1634 1633
3 1815 1970 1817
3 1804 1967 1964
3 1806 1804 1964
3 1959 1793 1962
3 1793 1941 1962
3 2100 1861 1851
3 2100 2098 2105
3 2101 2100 2105
3 1858 1859 1861
3 1843 1859 1860
3 1859 1843 1861
3 1844 1845 1849
3 1739 1729 1740
3 1868 1867 1866
3 1867 1868 1877
3 1256 1259 1262
3 1259 1260 1262
3 1260 1259 1256
3 1441 1425 1423
3 1629 1621 1628
3 1642 1637 1640
3 1621 1637 1630
3 1629 1637 1621
3 1637 1636 1640
3 1434 1432 1433
3 1434 1440 1432
3 1234 1232 1226
3 1237 1229 1055
3 1228 1237 1241
3 1600 1590 1595
3 1590 1584 1595
3 1232 1230 1233
3 1230 1238 1233
3 1230 1239 1238
3 1418 1415 1412
3 1424 1415 1418
3 2432 2433 2427
3 2432 2435 2433
3 1879 2110 1888
3 1874 1876 1878
3 1874 2110 1876
3 1874 1878 1881
3 1916 1918 1900
3 2140 2126 2139
3 2103 2098 2096
3 2098 2103 2105
3 2434 2435 2429
3 2512 2434 2429
3 2435 2434 2433
3 1671 1674 1667
3 1679 1669 1667
3 2104 2095 2097
3 2104 2327 2096
3 2197 2394 2404
3 2394 2187 2397
3 2394 2197 2187
3 2571 2568 2566
3 2526 2571 2566
3 2571 2526 2563
3 2571 2563 2562
3 2568 2571 2562
3 2614 2617 2609
3 2617 2572 2609
3 2617 2614 2613
3 2572 2617 2613
3 2594 2622 2590
3 2592 2594 2590
3 2622 2594 2618
3 2594 2592 2618
3 2592 2585 2579
3 2616 2579 2613
3 2616 2592 2579
3 2592 2616 2618
3 2614 2616 2613
3 2616 2641 2618
3 2616 2614 2641
3 2547 2545 2540
3 2545 2547 2544
3 2581 2586 2580
3 2534 2531 2533
3 2534 2577 2531
3 2570 2534 2533
3 2577 2534 2570
3 2528 2529 2532
3 2638 2643 2637
3 2638 2658 2657
3 2655 2638 2637
3 2658 2638 2655
3 571 588 453
3 574 588 571
3 588 589 587
3 589 588 591
3 591 588 582
3 588 576 582
3 588 574 576
3 572 574 571
3 572 571 453
3 451 572 453
3 570 572 451
3 457 452 456
3 463 587 459
3 458 463 459
3 463 458 453
3 588 463 453
3 463 588 587
3 2518 2563 2519
3 2518 2561 2563
3 2518 2514 2510
3 2518 2510 2560
3 2561 2518 2560
3 1709 1684 1692
3 1684 1709 1687
3 1703 1868 1730
3 1868 1703 1877
3 1379 1388 1576
3 1885 1864 1865
3 1864 1859 1858
3 1859 1864 1860
3 1693 1688 1690
3 1663 1677 1659
3 1677 1663 1679
3 1662 1663 1659
3 1841 1661 1833
3 1663 1661 1841
3 1662 1661 1663
3 1661 1660 1833
3 1661 1662 1664
3 1661 1483 1660
3 1661 1664 1483
3 2104 2324 2327
3 2324 2097 2322
3 2324 2104 2097
3 1837 1839 1840
3 1837 1840 1838
3 1834 1835 1833
3 1835 1839 1833
3 1835 1834 1836
3 2084 1835 1836
3 1839 1835 2084
3 1651 1463 1650
3 1652 1651 1650
3 1655 1656 1832
3 1656 1652 1832
3 1463 1461 1650
3 1461 1464 1650
3 1461 1463 1467
3 1466 1461 1467
3 1089 921 916
3 921 917 916
3 642 649 651
3 649 510 523
3 644 640 510
3 631 500 503
3 496 631 503
3 778 777 941
3 923 764 768
3 935 926 924
3 926 923 924
3 923 926 764
3 936 935 924
3 1466 1288 1280
3 1106 1111 1109
3 1091 925 1088
3 481 611 610
3 611 481 607
3 611 613 610
3 613 611 609
3 611 607 609
3 650 648 647
3 648 776 778
3 776 648 774
3 648 650 629
3 774 648 629
3 776 781 773
3 781 776 774
3 771 772 770
3 766 761 762
3 761 766 767
3 766 926 935
3 766 935 773
3 781 766 773
3 673 675 684
3 675 673 678
3 658 671 679
3 679 671 676
3 671 675 676
3 685 675 678
3 813 825 818
3 831 813 799
3 813 831 825
3 813 806 799
3 817 821 850
3 798 657 802
3 659 661 663
3 661 659 654
3 663 661 539
3 661 667 539
3 655 661 654
3 535 524 663
3 550 541 546
3 530 529 527
3 534 529 536
3 521 498 523
3 498 521 518
3 510 521 523
3 498 515 523
3 515 630 651
3 515 649 523
3 649 515 651
3 412 420 408
3 753 750 751
3 750 612 751
3 750 619 612
3 750 753 756
3 619 750 756
3 917 920 753
3 920 759 753
3 921 920 917
3 923 920 925
3 925 920 1088
3 920 921 1088
3 920 923 768
3 617 616 615
3 617 615 610
3 619 617 610
3 1582 1610 1421
3 1610 1414 1421
3 1423 1608 1605
3 1414 1608 1423
3 1422 1414 1417
3 1424 1422 1417
3 1414 1422 1421
3 1427 1402 1421
3 1422 1427 1421
3 1427 1420 1407
3 1402 1427 1407
3 1427 1424 1420
3 1427 1422 1424
3 1238 1413 1418
3 1418 1413 1419
3 1201 1210 1055
3 1037 1201 1055
3 1217 1206 1205
3 1217 1179 1206
3 1195 1051 1027
3 1218 1213 1208
3 1218 1216 1213
3 1560 1567 1555
3 1378 1386 1389
3 1381 1374 1373
3 1374 1381 1375
3 1024 1198 1025
3 1198 1195 1025
3 1198 1169 1194
3 879 877 873
3 877 879 1035
3 1236 1234 1226
3 867 1034 870
3 1013 1021 1022
3 1015 1013 1022
3 1028 1031 1019
3 1169 1156 1164
3 1166 1156 1169
3 1185 1196 1194
3 1369 1381 1373
3 1381 1369 1375
3 1154 1185 1164
3 1154 1176 1185
3 1367 1368 1373
3 1368 1369 1373
3 1369 1368 1176
3 1728 1735 1726
3 1735 1699 1726
3 1735 1723 1699
3 1564 1563 1566
3 1563 1558 1566
3 1558 1563 1553
3 1553 1563 1557
3 1563 1564 1557
3 1564 1556 1557
3 1568 1556 1564
3 1557 1556 1570
3 1556 1568 1570
3 1310 1317 1131
3 1126 1122 1131
3 1126 1118 1127
3 1122 1126 1127
3 1507 1510 1674
3 1510 1504 1674
3 816 815 828
3 808 807 803
3 807 801 806
3 801 807 808
3 960 801 961
3 801 793 961
3 801 808 793
3 807 811 803
3 811 807 806
3 813 811 806
3 811 813 805
3 798 800 818
3 800 813 818
3 814 804 803
3 811 814 803
3 814 811 805
3 813 814 805
3 800 814 813
3 1006 1012 1001
3 1011 1006 1001
3 1012 1006 1032
3 1006 1011 1169
3 1033 1026 1032
3 1026 1012 1032
3 999 1011 1001
3 999 1004 1011
3 1002 999 1001
3 999 997 1004
3 1004 983 996
3 995 983 1004
3 983 986 996
3 990 985 967
3 989 990 967
3 985 990 982
3 1125 965 958
3 956 965 953
3 965 1125 967
3 965 964 958
3 965 956 964
3 1119 1125 1129
3 1125 1119 967
3 1147 1119 1129
3 1119 1147 967
3 949 958 943
3 957 953 963
3 956 957 963
3 957 956 953
3 954 962 799
3 806 954 799
3 1123 1310 1131
3 1123 1124 1310
3 1122 1123 1131
3 1128 1123 1122
3 1124 1120 1114
3 1120 1128 1121
3 1120 1123 1128
3 1123 1120 1124
3 547 548 545
3 548 550 545
3 549 544 545
3 549 543 544
3 549 550 546
3 550 549 545
3 543 549 680
3 560 559 563
3 560 566 688
3 560 563 566
3 708 705 717
3 705 708 709
3 711 705 709
3 715 705 711
3 692 693 691
3 693 692 695
3 698 692 691
3 700 692 698
3 692 700 695
3 848 852 704
3 848 817 850
3 848 704 686
3 689 696 701
3 700 696 689
3 696 700 698
3 701 696 691
3 696 698 691
3 443 361 356
3 353 443 356
3 443 353 447
3 442 443 447
3 443 442 456
3 361 443 456
3 291 295 294
3 355 295 291
3 295 239 294
3 295 296 239
3 295 365 296
3 295 359 365
3 347 346 357
3 423 425 421
3 425 424 421
3 424 425 423
3 431 430 437
3 433 436 346
3 435 433 346
3 446 444 442
3 324 330 327
3 330 332 327
3 330 324 320
3 331 326 318
3 332 326 331
3 326 312 318
3 330 326 332
3 312 326 320
3 326 330 320
3 324 323 320
3 323 313 320
3 323 324 327
3 323 322 329
3 322 323 327
3 315 313 259
3 265 315 259
3 313 315 319
3 315 265 319
3 222 224 225
3 222 221 224
3 152 154 151
3 204 205 203
3 201 204 203
3 204 206 253
3 260 262 263
3 262 260 218
3 213 215 214
3 215 210 214
3 209 208 253
3 209 210 208
3 210 209 214
3 209 213 214
3 244 251 245
3 245 251 253
3 251 247 249
3 251 244 247
3 256 212 213
3 212 211 213
3 216 212 217
3 247 301 249
3 302 301 299
3 308 316 257
3 308 307 316
3 307 308 305
3 301 303 249
3 303 301 302
3 226 231 230
3 231 226 229
3 226 193 229
3 232 227 231
3 228 232 229
3 232 231 229
3 278 228 223
3 278 223 277
3 227 278 277
3 278 232 228
3 232 278 227
3 194 195 193
3 194 191 195
3 194 193 190
3 191 194 190
3 494 490 492
3 491 494 492
3 494 491 490
3 489 496 503
3 616 618 615
3 493 391 492
3 493 395 391
3 497 493 492
3 2469 2468 2473
3 2524 2527 2525
3 2529 2457 2525
3 2457 2524 2525
3 2524 2457 2460
3 2552 2554 2549
3 2549 2554 2550
3 2554 2552 2553
3 2554 2496 2550
3 2194 2400 2402
3 2402 2400 2403
3 2400 2401 2403
3 2185 2183 2189
3 2185 2180 2183
3 2190 2195 2198
3 2195 2190 2193
3 2190 2197 2193
3 602 745 597
3 745 602 594
3 599 602 597
3 601 602 599
3 602 601 594
3 725 728 724
3 1082 1081 1084
3 1081 1255 1084
3 1081 1080 1255
3 1081 1082 1083
3 1080 1081 1083
3 1246 1225 1233
3 1412 1246 1233
3 1431 1246 1412
3 1246 1431 1438
3 1225 1252 1248
3 1248 1252 1244
3 1246 1252 1225
3 1252 1246 1253
3 1047 1036 1035
3 1043 1047 1035
3 1047 1043 1040
3 1912 1907 1924
3 1912 1924 1909
3 1905 1912 1909
3 1758 1750 1745
3 1786 1784 1909
3 1743 1746 1756
3 1746 1743 1757
3 1597 1589 1756
3 1610 1579 1602
3 1952 1945 1947
3 1952 1947 1944
3 1784 1775 1772
3 1775 1784 1786
3 1778 1786 1927
3 1781 1937 1780
3 1416 1424 1417
3 1425 1416 1417
3 1415 1416 1412
3 1416 1415 1424
3 1639 1808 1812
3 1636 1808 1633
3 1808 1639 1633
3 1972 1806 1971
3 1972 1973 1970
3 1815 1972 1970
3 1972 1971 1975
3 1973 1972 1975
3 1972 1816 1806
3 1816 1972 1815
3 1799 1800 1780
3 1942 1799 1780
3 1635 1808 1636
3 1808 1635 1802
3 1854 1856 1880
3 1854 1863 1856
3 1845 1847 1849
3 1847 1845 1843
3 1867 1870 1866
3 1870 1867 1872
3 1870 1872 1873
3 1885 1713 1692
3 1713 1885 1884
3 1441 1437 1425
3 1431 1437 1433
3 1437 1431 1412
3 1637 1632 1630
3 1632 1637 1642
3 1638 1632 1642
3 1227 1228 1241
3 1223 1230 1232
3 1590 1593 1599
3 1593 1590 1592
3 1579 1593 1592
3 1593 1610 1599
3 1593 1579 1610
3 1450 1440 1451
3 1450 1449 1440
3 1251 1252 1253
3 1251 1250 1244
3 1252 1251 1244
3 1255 1257 1256
3 1080 1245 1255
3 1245 1257 1255
3 2435 2428 2430
3 2432 2428 2435
3 2430 2428 2427
3 2428 2432 2427
3 1943 1952 1944
3 2148 1908 1910
3 1917 1908 1907
3 1891 1887 1888
3 1916 1890 1894
3 1890 1900 1897
3 1890 1916 1900
3 1888 2128 2132
3 2110 2128 1888
3 2347 2348 2343
3 1920 1911 1910
3 1911 1920 1917
3 1908 1920 1910
3 1920 1908 1917
3 1904 1917 1913
3 1904 1911 1917
3 2123 1888 2132
3 2123 1895 1888
3 2346 2347 2343
3 1856 1882 1880
3 1882 1856 2101
3 1880 1882 1881
3 2436 2512 2513
3 2514 2511 2510
3 2512 2511 2513
3 2511 2514 2513
3 2560 2511 2559
3 2510 2511 2560
3 1671 1666 1674
3 1673 1669 1672
3 1673 1671 1667
3 1669 1673 1667
3 1669 1675 1672
3 1675 1669 1679
3 1675 1680 1672
3 2098 2102 2096
3 2102 2104 2096
3 2088 2092 2091
3 2394 2391 2404
3 2593 2592 2590
3 2593 2585 2592
3 2591 2593 2590
3 2593 2591 2544
3 2547 2593 2544
3 2593 2547 2540
3 2585 2587 2579
3 2586 2588 2584
3 2581 2588 2586
3 2584 2588 2538
3 574 575 573
3 572 575 574
3 575 577 573
3 575 557 577
3 575 572 570
3 557 575 570
3 2517 2518 2519
3 2518 2517 2514
3 2514 2517 2513
3 2515 2517 2519
3 1475 1476 1481
3 1486 1487 1481
3 1488 1486 1491
3 1486 1488 1495
3 1668 1670 1667
3 1506 1509 1504
3 1509 1512 1504
3 1509 1498 1497
3 1496 1506 1504
3 1709 1705 1711
3 1727 1737 1726
3 1737 1727 1730
3 1727 1703 1730
3 1388 1571 1576
3 1571 1573 1576
3 1573 1571 1562
3 1571 1534 1562
3 1542 1534 1537
3 1534 1545 1562
3 1542 1545 1534
3 1545 1542 1544
3 1691 1855 1692
3 1855 1691 1696
3 1855 1696 1860
3 1864 1857 1865
3 1857 1864 1858
3 1857 1863 1865
3 1693 1685 1688
3 1685 1686 1674
3 1682 1695 1690
3 1695 1693 1690
3 1695 1682 1689
3 1693 1695 1689
3 1841 1842 1838
3 1842 1837 1838
3 1839 1842 1841
3 1837 1842 1839
3 1480 1475 1481
3 1487 1480 1481
3 1490 1480 1495
3 1486 1480 1487
3 1480 1486 1495
3 1469 1466 1467
3 1471 1469 1467
3 1469 1288 1466
3 1288 1469 1471
3 1484 1476 1475
3 1485 1484 1475
3 1651 1657 1463
3 1464 1462 1280
3 1461 1462 1464
3 1462 1466 1280
3 1462 1461 1466
3 921 1090 1088
3 1090 921 1089
3 1090 1089 1275
3 646 644 510
3 649 646 510
3 646 649 642
3 640 638 641
3 644 638 640
3 633 631 636
3 631 633 630
3 633 636 634
3 630 633 634
3 931 936 930
3 936 931 935
3 1111 1112 1109
3 923 927 924
3 927 923 925
3 936 1095 1096
3 1094 1092 1096
3 1094 1091 1088
3 1278 1277 1280
3 1288 1278 1280
3 1092 1104 1096
3 936 1104 930
3 1104 936 1096
3 484 380 382
3 484 378 380
3 378 484 480
3 482 479 478
3 779 776 773
3 776 779 778
3 777 779 773
3 779 777 778
3 766 780 767
3 780 771 770
3 780 766 771
3 675 670 684
3 671 670 675
3 677 682 678
3 682 685 678
3 682 677 672
3 675 674 676
3 685 674 675
3 674 679 676
3 674 672 679
3 821 824 850
3 665 657 664
3 657 665 656
3 666 812 802
3 657 666 802
3 666 657 660
3 666 662 812
3 662 666 660
3 509 521 510
3 553 554 555
3 554 556 555
3 556 554 439
3 531 530 537
3 531 439 428
3 529 533 536
3 533 535 536
3 790 785 791
3 785 797 791
3 785 790 782
3 792 945 795
3 792 778 941
3 945 792 941
3 787 783 796
3 787 796 647
3 648 787 647
3 787 648 778
3 792 787 778
3 506 515 498
3 502 506 498
3 631 506 500
3 506 631 630
3 515 506 630
3 505 504 499
3 504 501 499
3 501 504 502
3 504 506 502
3 525 517 519
3 517 501 519
3 501 517 499
3 499 517 405
3 414 407 514
3 511 514 518
3 755 920 768
3 920 755 759
3 755 760 759
3 760 757 759
3 753 757 756
3 759 757 753
3 618 754 620
3 754 618 616
3 754 755 620
3 755 754 760
3 757 754 756
3 754 757 760
3 2017 2016 1823
3 2242 2017 1823
3 1586 1587 1594
3 1587 1586 1589
3 1589 1586 1756
3 1586 1578 1756
3 1400 1394 1404
3 1394 1393 1404
3 1394 1398 1393
3 1398 1401 1393
3 1411 1401 1407
3 1402 1399 1391
3 1396 1400 1406
3 1396 1394 1400
3 1394 1396 1398
3 1396 1401 1398
3 1610 1612 1414
3 1612 1608 1414
3 1212 1200 1203
3 1039 1037 1055
3 1037 1039 1044
3 1202 1037 1041
3 1037 1202 1201
3 1202 1041 1208
3 1201 1202 1208
3 1372 1374 1375
3 1372 1383 1373
3 1374 1372 1373
3 879 886 888
3 888 886 884
3 883 878 887
3 875 878 873
3 877 871 873
3 1229 1056 1055
3 1242 1236 1235
3 1236 1242 1234
3 1237 1242 1235
3 1030 1020 1053
3 1023 1031 1021
3 1023 1034 867
3 1013 1023 1021
3 1020 1023 1013
3 1023 867 1019
3 1031 1023 1019
3 861 859 865
3 853 861 882
3 861 865 882
3 855 836 993
3 868 855 993
3 836 837 993
3 829 826 995
3 849 995 1000
3 849 829 995
3 829 849 850
3 834 836 838
3 994 1008 1168
3 986 1008 996
3 1175 1166 1171
3 1184 1368 1367
3 1188 1199 1192
3 1711 1707 1698
3 1727 1706 1703
3 1559 1560 1570
3 1559 1567 1560
3 1294 1299 1293
3 1144 1137 1145
3 1151 1137 1143
3 1137 1144 1143
3 1136 1147 1127
3 1118 1136 1127
3 1126 1312 1118
3 1334 1312 1316
3 1118 1312 1334
3 1511 1510 1507
3 974 986 987
3 973 976 982
3 976 973 978
3 976 962 982
3 962 976 978
3 997 992 1000
3 992 837 1000
3 992 1003 993
3 837 992 993
3 1005 995 1004
3 997 1005 1004
3 995 1005 1000
3 1005 997 1000
3 983 988 986
3 954 966 962
3 801 959 806
3 959 954 806
3 959 801 960
3 959 960 963
3 694 701 691
3 693 694 691
3 694 710 701
3 694 693 839
3 713 839 866
3 705 713 853
3 713 705 715
3 719 713 715
3 848 844 852
3 844 851 852
3 362 355 360
3 362 295 355
3 295 362 359
3 358 362 360
3 362 358 359
3 350 435 346
3 347 350 346
3 435 350 432
3 350 344 432
3 350 343 344
3 281 340 343
3 345 281 282
3 281 345 340
3 349 348 357
3 351 348 349
3 348 347 357
3 439 440 426
3 313 271 259
3 323 271 313
3 271 323 329
3 271 329 267
3 259 271 261
3 269 271 267
3 261 271 269
3 222 220 221
3 219 220 179
3 220 219 221
3 220 222 225
3 220 225 182
3 157 156 155
3 156 157 151
3 154 156 151
3 202 204 253
3 204 202 205
3 208 202 253
3 167 202 208
3 205 202 167
3 171 174 219
3 209 255 213
3 303 252 249
3 252 303 248
3 308 311 305
3 311 308 304
3 311 306 305
3 311 302 306
3 311 303 302
3 303 311 304
3 309 310 305
3 384 309 305
3 309 317 310
3 309 384 317
3 391 396 495
3 635 626 634
3 780 626 763
3 622 488 490
3 2472 2530 2468
3 2528 2530 2529
3 2530 2472 2529
3 2470 2457 2476
3 2527 2523 2525
3 2523 2527 2526
3 2525 2523 2533
3 2523 2526 2533
3 2522 2527 2524
3 2526 2522 2563
3 2527 2522 2526
3 2187 2188 2182
3 728 739 724
3 739 593 724
3 739 733 593
3 723 725 727
3 723 728 725
3 723 727 726
3 722 723 726
3 735 737 738
3 738 737 744
3 737 740 744
3 746 743 744
3 746 747 743
3 740 746 744
3 746 740 892
3 876 885 902
3 900 876 902
3 875 876 720
3 885 876 873
3 876 875 873
3 740 741 892
3 741 900 892
3 741 737 735
3 737 741 740
3 906 746 892
3 898 900 902
3 897 901 895
3 897 871 877
3 901 897 877
3 1067 1225 1248
3 1072 1067 1248
3 1225 1067 1226
3 1067 1236 1226
3 1050 1037 1044
3 1037 1050 1041
3 1906 1912 1905
3 1747 1754 1751
3 1754 1763 1751
3 1763 1754 1765
3 1752 1760 1756
3 1760 1752 1758
3 1760 1758 1757
3 1597 1585 1589
3 1585 1597 1592
3 1585 1587 1589
3 1590 1585 1592
3 1770 1579 1757
3 1621 1622 1628
3 1801 1797 1796
3 1797 1635 1628
3 1797 1791 1635
3 1802 1791 1787
3 1635 1791 1802
3 1800 1789 1780
3 1789 1781 1780
3 1789 1797 1801
3 1789 1791 1797
3 1803 1816 1814
3 1639 1803 1634
3 1643 1803 1814
3 1634 1803 1643
3 1951 1794 1800
3 1951 1799 1954
3 1799 1951 1800
3 1948 1945 1941
3 1793 1948 1941
3 1794 1948 1793
3 1792 1794 1793
3 1813 1807 1812
3 1792 1805 1787
3 1805 1792 1793
3 1805 1793 1959
3 1811 1805 1959
3 1641 1629 1628
3 1635 1641 1628
3 1641 1635 1636
3 1637 1641 1636
3 1641 1637 1629
3 1856 1862 2101
3 1863 1862 1856
3 1862 2100 2101
3 1857 1862 1863
3 1862 1857 1858
3 1678 1694 1697
3 1729 1733 1736
3 1733 1724 1736
3 1733 1729 1725
3 1724 1733 1725
3 1736 1738 1730
3 1738 1737 1730
3 1738 1728 1737
3 1719 1709 1692
3 1713 1719 1692
3 1231 1227 1239
3 1231 1234 1228
3 1227 1231 1228
3 1234 1231 1232
3 1231 1223 1232
3 1447 1642 1452
3 1447 1638 1642
3 1638 1447 1451
3 1447 1450 1451
3 1450 1453 1449
3 1447 1453 1450
3 1254 1251 1253
3 1251 1247 1250
3 1247 1428 1250
3 1453 1448 1449
3 1428 1448 1250
3 1258 1260 1256
3 1257 1258 1256
3 1258 1442 1260
3 1258 1448 1442
3 1250 1249 1244
3 1257 1249 1250
3 1245 1249 1257
3 1243 1245 1080
3 1249 1243 1244
3 1243 1249 1245
3 1243 1248 1244
3 2348 2344 2441
3 2434 2344 2433
3 2344 2434 2441
3 2344 2339 2433
3 2347 2344 2348
3 1949 2170 2168
3 2389 2469 2481
3 2389 2481 2395
3 2444 2448 2447
3 1893 1890 1897
3 1893 1891 1889
3 1890 1893 1889
3 2126 2127 2341
3 2334 2337 2431
3 1904 1915 1911
3 1915 1916 1894
3 1911 1915 1894
3 1916 1915 1918
3 1915 1904 1913
3 1919 1915 1913
3 1918 1915 1919
3 1911 2143 1910
3 2143 1911 1894
3 1895 2143 1894
3 2142 2148 1910
3 2143 2142 1910
3 2142 2143 2137
3 2141 2126 2140
3 1892 1898 1889
3 1890 1898 1894
3 1898 1890 1889
3 1892 1901 1895
3 1891 1901 1889
3 1901 1892 1889
3 2359 2340 2441
3 2340 2348 2441
3 2348 2340 2343
3 2340 2346 2343
3 2448 2443 2447
3 2434 2440 2441
3 2328 2323 2325
3 2323 2328 2327
3 2324 2323 2327
3 2323 2324 2322
3 2328 2329 2327
3 2327 2329 2096
3 2329 2103 2096
3 2329 2112 2103
3 2336 2116 2333
3 2118 2128 2110
3 2128 2118 2119
3 2112 2114 2107
3 2437 2434 2512
3 2436 2437 2512
3 2437 2436 2439
3 2437 2440 2434
3 2440 2437 2439
3 1676 1666 1671
3 1676 1673 1672
3 1673 1676 1671
3 1680 1676 1672
3 1678 1676 1680
3 1676 1678 1697
3 2088 2099 2100
3 2099 2088 2104
3 2102 2099 2104
3 2100 2099 2098
3 2099 2102 2098
3 2582 2587 2585
3 2582 2593 2540
3 2593 2582 2585
3 2541 2582 2540
3 577 564 688
3 557 564 577
3 564 560 688
3 565 557 570
3 565 444 449
3 444 565 442
3 1477 1668 1491
3 1509 1501 1498
3 1501 1496 1499
3 1502 1501 1499
3 1685 1681 1686
3 1681 1685 1693
3 1681 1693 1689
3 1683 1681 1689
3 1681 1683 1686
3 1484 1468 1476
3 1468 1471 1473
3 1463 1470 1467
3 1657 1470 1463
3 1470 1471 1467
3 1471 1470 1473
3 1658 1657 1651
3 1658 1651 1652
3 1656 1658 1652
3 1658 1656 1655
3 1658 1655 1833
3 643 642 651
3 643 646 642
3 646 643 644
3 643 638 644
3 1291 1485 1293
3 1291 1484 1485
3 948 947 950
3 961 947 943
3 947 793 950
3 793 947 961
3 946 948 950
3 944 947 948
3 942 939 1108
3 946 939 942
3 939 945 941
3 932 931 930
3 933 932 930
3 931 932 935
3 935 934 773
3 934 777 773
3 1110 1113 1108
3 1113 1112 1111
3 1296 1310 1109
3 1112 1296 1109
3 1296 1299 1310
3 1113 1115 1112
3 1296 1115 1298
3 1115 1296 1112
3 1101 1110 1108
3 939 1101 1108
3 1101 939 933
3 1101 933 930
3 1104 1101 930
3 1101 1104 1100
3 1091 922 925
3 1278 1276 1277
3 1105 1281 1290
3 607 485 477
3 485 374 477
3 481 485 607
3 374 485 382
3 485 484 382
3 482 485 481
3 485 482 478
3 485 478 480
3 484 485 480
3 479 486 483
3 486 479 482
3 486 481 483
3 486 482 481
3 637 775 774
3 775 772 771
3 775 781 774
3 772 632 770
3 775 632 772
3 632 775 637
3 632 780 770
3 765 763 767
3 780 765 767
3 765 780 763
3 822 827 821
3 827 824 821
3 826 832 831
3 653 655 654
3 653 656 652
3 655 653 652
3 526 524 535
3 521 520 518
3 509 520 521
3 520 511 518
3 532 529 530
3 531 532 530
3 532 531 428
3 522 513 535
3 533 522 535
3 522 520 513
3 520 522 511
3 797 786 795
3 785 786 797
3 501 508 519
3 508 498 518
3 508 502 498
3 508 501 502
3 514 508 518
3 506 507 500
3 504 507 506
3 507 505 500
3 507 504 505
3 409 414 410
3 414 409 407
3 409 410 415
3 416 409 415
3 410 411 408
3 414 411 410
3 411 412 408
3 411 414 514
3 511 411 514
3 617 758 616
3 758 754 616
3 754 758 756
3 758 619 756
3 758 617 619
3 1606 1610 1602
3 1606 1612 1610
3 1608 1613 1605
3 1612 1613 1608
3 1606 1613 1612
3 1215 1212 1203
3 1212 1215 1210
3 1210 1215 1241
3 1211 1210 1201
3 1211 1212 1210
3 1213 1211 1208
3 1211 1201 1208
3 1211 1213 1200
3 1212 1211 1200
3 1378 1380 1375
3 1380 1372 1375
3 1372 1380 1383
3 1383 1380 1389
3 1380 1378 1389
3 1379 1377 1385
3 1377 1379 1576
3 1376 1378 1375
3 1382 1376 1375
3 1378 1376 1386
3 1376 1377 1386
3 1377 1376 1382
3 1369 1371 1375
3 1371 1382 1375
3 1377 1371 1385
3 1371 1377 1382
3 872 879 873
3 878 872 873
3 1049 877 1052
3 1049 901 877
3 1044 1049 1052
3 1056 1063 1055
3 1063 1039 1055
3 1039 1063 1044
3 1063 1049 1044
3 863 867 870
3 865 863 870
3 859 863 865
3 839 869 866
3 860 863 859
3 861 860 859
3 860 861 866
3 855 860 866
3 829 830 826
3 830 832 826
3 830 829 850
3 830 816 828
3 832 830 828
3 845 834 840
3 837 845 1000
3 845 849 1000
3 849 845 840
3 1159 1160 1155
3 1168 1159 1171
3 1160 1159 1168
3 1158 1153 1155
3 1165 1153 1158
3 1365 1167 1170
3 1167 1172 1170
3 1195 1189 1193
3 1186 1185 1178
3 1188 1186 1178
3 1708 1700 1712
3 1700 1708 1705
3 1716 1706 1727
3 1716 1727 1726
3 1706 1716 1715
3 1707 1717 1715
3 1717 1706 1715
3 1708 1717 1705
3 1565 1561 1570
3 1561 1559 1570
3 1295 1294 1293
3 1295 1494 1294
3 1485 1295 1293
3 1299 1306 1310
3 1306 1299 1294
3 1135 1141 1143
3 1141 1136 1143
3 1304 1312 1126
3 1511 1508 1510
3 1496 1508 1499
3 1508 1502 1499
3 1508 1511 1502
3 1510 1508 1504
3 1508 1496 1504
3 1313 1511 1507
3 1309 1313 1316
3 1152 1146 987
3 1146 974 987
3 1146 1152 1150
3 1138 1146 1150
3 1146 1149 1168
3 1149 1146 1138
3 975 979 984
3 979 972 984
3 972 973 982
3 980 983 995
3 826 980 995
3 975 980 979
3 980 975 969
3 999 998 997
3 998 1009 997
3 998 999 1002
3 1007 992 997
3 1009 1007 997
3 992 1007 1003
3 1007 1009 1003
3 1009 1010 1003
3 1012 1010 1002
3 1003 1010 1012
3 1010 998 1002
3 998 1010 1009
3 1133 1142 1134
3 962 968 985
3 966 968 962
3 985 968 967
3 968 966 967
3 955 966 954
3 955 959 963
3 959 955 954
3 953 955 963
3 835 844 848
3 842 835 840
3 835 842 844
3 290 284 280
3 281 290 280
3 290 286 287
3 284 290 287
3 290 349 286
3 290 351 349
3 290 352 351
3 434 435 432
3 434 433 435
3 434 431 436
3 433 434 436
3 184 183 179
3 220 184 179
3 183 184 182
3 184 220 182
3 149 150 154
3 156 150 185
3 150 156 154
3 250 255 209
3 250 209 253
3 250 252 248
3 254 251 249
3 252 254 249
3 251 254 253
3 254 250 253
3 250 254 252
3 386 387 381
3 386 378 394
3 386 381 380
3 378 386 380
3 378 392 394
3 392 389 394
3 396 393 495
3 393 480 495
3 393 378 480
3 392 393 396
3 393 392 378
3 618 627 615
3 488 625 503
3 625 489 503
3 489 625 635
3 2472 2475 2529
3 2475 2457 2529
3 2457 2475 2476
3 2185 2184 2180
3 2184 2185 2189
3 1966 2184 2189
3 723 731 728
3 731 739 728
3 731 875 720
3 731 722 875
3 731 723 722
3 736 876 900
3 741 736 900
3 876 736 720
3 736 741 735
3 1073 1079 1080
3 908 1069 1083
3 746 904 747
3 906 904 746
3 743 904 908
3 747 904 743
3 903 897 895
3 897 903 896
3 903 895 1066
3 885 899 902
3 897 899 871
3 899 897 896
3 1236 1240 1235
3 1240 1237 1235
3 1237 1240 1229
3 1064 1067 1072
3 1042 1047 1040
3 1042 1050 1047
3 1914 1919 1913
3 1917 1914 1913
3 1914 1917 1907
3 1912 1914 1907
3 1906 1914 1912
3 1759 1750 1758
3 1755 1761 1750
3 1759 1755 1750
3 1755 1759 1764
3 1755 1764 1753
3 1761 1755 1766
3 1601 1770 1604
3 1579 1601 1602
3 1770 1601 1579
3 1745 1771 1757
3 1771 1770 1757
3 1626 1797 1628
3 1622 1626 1628
3 1626 1622 1631
3 1797 1624 1796
3 1607 1609 1605
3 1609 1423 1605
3 1776 1784 1772
3 1784 1776 1785
3 1771 1776 1783
3 1775 1774 1772
3 1774 1773 1781
3 1774 1775 1773
3 1779 1801 1796
3 1604 1779 1796
3 1783 1779 1604
3 1779 1774 1781
3 1789 1779 1781
3 1779 1789 1801
3 1770 1769 1604
3 1771 1769 1770
3 1809 1803 1807
3 1809 1804 1806
3 1804 1809 1807
3 1816 1809 1806
3 1803 1809 1816
3 1951 1955 1794
3 1955 1948 1794
3 1955 1951 1954
3 1945 1955 1954
3 1948 1955 1945
3 1798 1789 1800
3 1794 1798 1800
3 1805 1810 1787
3 1810 1813 1812
3 1813 1810 1811
3 1810 1805 1811
3 1853 1858 1861
3 1853 1862 1858
3 2100 1853 1861
3 1862 1853 2100
3 1846 1847 1843
3 1847 1846 1849
3 1663 1846 1679
3 1846 1844 1849
3 1846 1663 1844
3 1738 1734 1728
3 1734 1738 1732
3 1731 1724 1725
3 1731 1732 1724
3 1731 1734 1732
3 1728 1731 1725
3 1734 1731 1728
3 1718 1713 1884
3 1445 1447 1452
3 1447 1445 1442
3 1442 1445 1443
3 1429 1431 1432
3 1431 1429 1438
3 1247 1436 1428
3 1436 1247 1251
3 1439 1436 1438
3 1436 1246 1438
3 1436 1251 1246
3 1261 1258 1257
3 1258 1261 1448
3 1261 1257 1250
3 1448 1261 1250
3 1946 1940 1944
3 1940 1943 1944
3 2384 2393 2186
3 2144 2140 2139
3 2145 2144 2139
3 2163 2145 2363
3 2163 2149 2145
3 2386 2395 2398
3 2386 2389 2395
3 2470 2463 2457
3 2455 2463 2459
3 2463 2455 2460
3 2520 2515 2519
3 1891 1896 1887
3 1893 1896 1891
3 2129 2128 2119
3 2127 2342 2341
3 2342 2346 2341
3 2346 2342 2347
3 2344 2345 2339
3 2345 2344 2347
3 2339 2331 2433
3 2331 2431 2433
3 2331 2334 2431
3 2345 2331 2339
3 2331 2345 2334
3 2123 2124 1895
3 2124 2143 1895
3 2142 2147 2140
3 2147 2141 2140
3 2340 2360 2346
3 2354 2360 2359
3 2360 2340 2359
3 2346 2360 2341
3 2443 2445 2447
3 2445 2443 2515
3 2520 2445 2515
3 2445 2444 2447
3 2445 2520 2444
3 2438 2443 2448
3 2438 2440 2439
3 2436 2438 2439
3 2443 2438 2436
3 2449 2438 2448
3 2438 2449 2440
3 2444 2449 2448
3 2451 2449 2444
3 2326 2329 2328
3 2326 2425 2431
3 2337 2326 2431
3 2326 2325 2425
3 2326 2328 2325
3 2114 2109 2107
3 1874 2109 2110
3 2116 2115 2112
3 2115 2114 2112
3 2117 2115 2116
3 2114 2111 2118
3 2111 2117 2116
3 2115 2111 2114
3 2117 2111 2115
3 2111 2116 2336
3 568 565 449
3 454 565 570
3 565 454 457
3 1477 1482 1483
3 1476 1482 1481
3 1482 1476 1483
3 1500 1509 1506
3 1500 1501 1509
3 1496 1500 1506
3 1501 1500 1496
3 1704 1683 1687
3 1704 1711 1698
3 1709 1704 1687
3 1704 1709 1711
3 1549 1545 1544
3 1550 1542 1537
3 1355 1344 1348
3 1489 1480 1490
3 1489 1492 1480
3 1494 1489 1490
3 1492 1489 1485
3 1295 1489 1494
3 1489 1295 1485
3 1474 1470 1657
3 1472 1468 1473
3 1470 1472 1473
3 1299 1292 1293
3 1292 1291 1293
3 1300 1292 1282
3 1300 1468 1484
3 1468 1300 1471
3 951 944 948
3 951 946 942
3 946 951 948
3 947 952 943
3 944 952 947
3 952 949 943
3 1113 1116 1117
3 1117 1116 949
3 1116 1113 1111
3 949 1116 1132
3 1301 1296 1298
3 1296 1301 1299
3 1292 1301 1298
3 1301 1292 1299
3 1102 1284 1282
3 1105 1102 1098
3 1284 1102 1105
3 1103 1113 1110
3 1103 1115 1113
3 1103 1101 1100
3 1101 1103 1110
3 1102 1103 1098
3 1103 1102 1115
3 1094 1093 1092
3 1093 1276 1092
3 1090 1093 1088
3 1093 1094 1088
3 1093 1090 1275
3 1099 1104 1092
3 1104 1099 1100
3 1099 1103 1100
3 1276 1279 1092
3 1279 1276 1278
3 1279 1278 1288
3 823 827 822
3 827 823 824
3 824 823 816
3 429 540 428
3 540 532 428
3 522 516 511
3 794 786 785
3 787 794 783
3 1397 1402 1407
3 1397 1399 1402
3 1401 1397 1407
3 1603 1606 1602
3 1601 1603 1602
3 1603 1601 1604
3 881 883 874
3 1062 1054 895
3 901 1062 895
3 1049 1062 901
3 1059 1063 1056
3 858 854 867
3 863 858 867
3 860 862 863
3 862 855 868
3 862 860 855
3 834 846 836
3 845 846 834
3 846 837 836
3 846 845 837
3 1153 1162 1156
3 1162 1153 1165
3 1156 1162 1164
3 1162 1154 1164
3 1162 1165 1154
3 1167 1163 1158
3 1163 1167 1365
3 1181 1206 1193
3 1206 1181 1182
3 1181 1177 1182
3 1190 1188 1192
3 1190 1189 1188
3 1184 1190 1192
3 1191 1196 1185
3 1186 1191 1185
3 1180 1191 1189
3 1189 1191 1188
3 1191 1186 1188
3 1710 1707 1711
3 1710 1717 1707
3 1705 1710 1711
3 1717 1710 1705
3 1307 1306 1294
3 1136 1148 1147
3 1141 1148 1136
3 1147 1148 1134
3 1148 1141 1135
3 1312 1315 1316
3 1304 1315 1312
3 1315 1309 1316
3 1315 1304 1309
3 1149 1173 1168
3 1144 1139 1143
3 1139 1144 1145
3 977 980 826
3 977 826 831
3 980 977 979
3 977 831 978
3 973 977 978
3 844 841 851
3 841 847 851
3 842 841 844
3 841 842 840
3 178 150 149
3 178 219 179
3 178 171 219
3 175 174 171
3 174 175 215
3 175 177 215
3 250 258 255
3 258 308 257
3 487 627 622
3 487 622 490
3 491 487 490
3 487 479 483
3 479 487 478
3 487 491 495
3 627 623 622
3 622 623 488
3 623 625 488
3 2471 2472 2468
3 2471 2475 2472
3 2476 2471 2466
3 2475 2471 2476
3 2456 2463 2470
3 2463 2456 2459
3 2459 2456 2458
3 2469 2465 2466
3 2184 2181 2188
3 734 731 720
3 736 734 720
3 731 734 739
3 734 735 738
3 734 736 735
3 1074 1076 1073
3 1075 1243 1080
3 1075 1072 1248
3 1243 1075 1248
3 1076 1070 1073
3 1070 1079 1073
3 1070 1076 1078
3 1079 1070 1078
3 894 906 892
3 894 893 906
3 900 894 892
3 904 907 908
3 907 904 906
3 907 1069 908
3 1069 907 1073
3 891 898 902
3 899 891 902
3 898 891 896
3 891 899 896
3 1061 1059 1056
3 1067 1061 1236
3 1061 1240 1236
3 1038 1042 1040
3 1038 1015 1027
3 1050 1038 1041
3 1752 1749 1758
3 1749 1759 1758
3 1776 1777 1783
3 1777 1776 1772
3 1774 1777 1772
3 1790 1792 1787
3 1792 1790 1794
3 1790 1798 1794
3 1436 1435 1428
3 1435 1436 1439
3 1428 1435 1432
3 1435 1429 1432
3 2153 2155 2160
3 2159 2151 2160
3 2155 2159 2160
3 2159 2155 1936
3 1924 1921 1927
3 1928 1908 2136
3 1908 1928 1907
3 1907 1928 1924
3 1928 1935 1924
3 2384 2172 2380
3 2150 2144 2145
3 2149 2150 2145
3 2142 2150 2148
3 2150 2146 2148
3 2146 2150 2149
3 2374 2163 2363
3 2390 2386 2398
3 2451 2461 2458
3 2461 2451 2444
3 2461 2459 2458
3 2461 2455 2459
3 2464 2461 2444
3 2461 2464 2455
3 2457 2454 2460
3 2454 2463 2460
3 2463 2454 2457
3 2516 2464 2444
3 2520 2516 2444
3 2464 2516 2522
3 2516 2520 2519
3 1899 1893 1897
3 1899 1896 1893
3 1896 1899 1903
3 1736 1899 1897
3 1868 1899 1736
3 2129 2130 2128
3 2330 2345 2336
3 2345 2330 2334
3 2135 2124 2141
3 2143 2135 2137
3 2124 2135 2143
3 2131 2129 2127
3 2124 2122 2141
3 2122 2123 2132
3 2122 2124 2123
3 2450 2449 2451
3 2450 2451 2458
3 2352 2450 2458
3 2332 2326 2337
3 2326 2332 2329
3 2109 2108 2110
3 2108 2109 2114
3 562 569 558
3 569 562 449
3 562 568 449
3 564 561 560
3 568 561 564
3 562 561 568
3 560 561 559
3 559 561 558
3 561 562 558
3 1482 1479 1481
3 1479 1486 1481
3 1486 1479 1491
3 1530 1704 1698
3 1533 1347 1350
3 1347 1361 1350
3 1351 1361 1354
3 1516 1524 1526
3 1359 1533 1350
3 1359 1337 1533
3 1313 1323 1316
3 1658 1654 1657
3 1483 1654 1660
3 1465 1472 1470
3 1476 1465 1483
3 1468 1465 1476
3 1472 1465 1468
3 1286 1300 1282
3 1286 1288 1471
3 1300 1286 1471
3 939 929 933
3 932 937 935
3 937 934 935
3 937 932 933
3 1297 1102 1282
3 1102 1297 1115
3 1115 1297 1298
3 1297 1292 1298
3 1292 1297 1282
3 1097 1099 1092
3 1103 1097 1098
3 1099 1097 1103
3 1281 1289 1290
3 1279 1289 1281
3 1289 1279 1288
3 823 820 816
3 815 820 825
3 820 815 816
3 820 823 822
3 825 820 818
3 820 819 818
3 820 822 819
3 516 512 511
3 411 512 412
3 512 411 511
3 512 516 528
3 420 512 528
3 412 512 420
3 788 785 783
3 794 788 783
3 788 794 785
3 789 787 792
3 789 794 787
3 794 789 786
3 789 792 795
3 786 789 795
3 1611 1607 1605
3 1607 1611 1604
3 880 872 878
3 880 881 872
3 880 878 883
3 881 880 883
3 1064 1065 1067
3 1065 1061 1067
3 1061 1065 1059
3 864 858 863
3 862 864 863
3 864 862 868
3 858 864 854
3 1157 1165 1158
3 1163 1157 1158
3 1165 1157 1154
3 1157 1163 1154
3 1190 1187 1189
3 1187 1190 1181
3 1189 1187 1193
3 1187 1181 1193
3 1700 1714 1712
3 1714 1700 1703
3 1706 1714 1703
3 1494 1493 1294
3 1493 1494 1490
3 1307 1314 1306
3 1314 1317 1310
3 1306 1314 1310
3 1503 1307 1505
3 1503 1501 1502
3 1511 1503 1502
3 1313 1503 1511
3 1503 1505 1498
3 1501 1503 1498
3 1172 1161 1170
3 1140 1149 1138
3 1140 1139 1149
3 1140 1138 1135
3 1140 1135 1143
3 1139 1140 1143
3 972 981 973
3 981 977 973
3 981 972 979
3 977 981 979
3 834 843 840
3 843 841 840
3 841 843 847
3 180 178 179
3 178 180 150
3 183 180 179
3 150 180 185
3 621 623 626
3 623 621 625
3 621 626 635
3 625 621 635
3 624 623 627
3 624 618 620
3 624 627 618
3 763 624 620
3 626 624 763
3 623 624 626
3 2456 2462 2458
3 905 1074 1073
3 907 905 1073
3 905 907 906
3 1077 1064 1072
3 1074 1077 1076
3 1064 1077 1066
3 1077 905 1066
3 905 1077 1074
3 1079 1071 1080
3 1071 1075 1080
3 1071 1079 1078
3 1076 1071 1078
3 1075 1071 1072
3 1071 1077 1072
3 1077 1071 1076
3 898 889 900
3 889 894 900
3 889 898 896
3 893 889 896
3 894 889 893
3 1224 1061 1056
3 1042 1046 1050
3 1046 1038 1050
3 1038 1046 1042
3 1749 1744 1759
3 1744 1754 1747
3 1619 1623 1618
3 1624 1619 1796
3 1619 1618 1607
3 1619 1604 1796
3 1619 1607 1604
3 1437 1625 1433
3 1625 1437 1441
3 1623 1616 1618
3 1434 1616 1430
3 1616 1434 1433
3 1625 1616 1433
3 1782 1779 1783
3 1777 1782 1783
3 1779 1782 1774
3 1782 1777 1774
3 1790 1788 1798
3 1789 1788 1791
3 1798 1788 1789
3 2167 2166 1953
3 2170 2166 2176
3 2166 2170 1949
3 1953 2166 1949
3 1922 2159 1923
3 2159 1922 2136
3 1921 1929 1927
3 1929 1933 1927
3 1933 1929 1932
3 1929 1926 1932
3 1926 1929 1921
3 1933 1930 1938
3 1930 1933 1932
3 1925 1930 1932
3 2155 1930 1936
3 2379 2376 2377
3 2376 2379 2385
3 2156 2158 2151
3 2158 2374 2373
3 2174 2172 2384
3 2182 2174 2186
3 2174 2384 2186
3 2174 2182 2168
3 2170 2174 2168
3 2174 2170 2176
3 2138 2146 2149
3 2146 2138 2148
3 2159 2157 2151
3 2157 2156 2151
3 2366 2367 2458
3 2462 2366 2458
3 2366 2364 2362
3 2357 2359 2442
3 2357 2354 2359
3 2351 2360 2354
3 2357 2351 2354
3 2374 2365 2373
3 2366 2365 2367
3 2365 2366 2362
3 2355 2351 2352
3 2351 2355 2360
3 2145 2355 2363
3 2128 2125 2132
3 2125 2130 2132
3 2130 2125 2128
3 2334 2338 2337
3 2330 2338 2334
3 2338 2332 2337
3 2332 2338 2333
3 2338 2336 2333
3 2338 2330 2336
3 2133 2127 2126
3 2133 2131 2127
3 2141 2133 2126
3 2122 2133 2141
3 2449 2446 2442
3 2450 2446 2449
3 2353 2450 2352
3 2353 2446 2450
3 2113 2114 2118
3 2113 2108 2114
3 2113 2118 2110
3 2108 2113 2110
3 1478 1482 1477
3 1478 1479 1482
3 1478 1477 1491
3 1479 1478 1491
3 1538 1524 1704
3 1530 1538 1704
3 1524 1552 1526
3 1360 1355 1348
3 1351 1360 1361
3 1360 1348 1350
3 1361 1360 1350
3 1516 1525 1524
3 1524 1525 1704
3 1525 1528 1523
3 1520 1527 1507
3 1527 1520 1528
3 1520 1507 1523
3 1528 1520 1523
3 1348 1353 1350
3 1353 1359 1350
3 1340 1151 1334
3 1515 1313 1507
3 1333 1515 1337
3 1333 1323 1313
3 1515 1333 1313
3 1358 1345 1355
3 1363 1358 1357
3 1653 1474 1657
3 1654 1653 1657
3 1474 1653 1483
3 1653 1654 1483
3 1284 1287 1282
3 1287 1286 1282
3 1289 1287 1290
3 934 938 777
3 1059 1057 1063
3 1063 1057 1054
3 1057 1058 1066
3 1068 1065 1064
3 1701 1702 1708
3 1701 1708 1712
3 1714 1701 1712
3 1174 1173 1149
3 1174 1145 1170
3 2465 2453 2470
3 2453 2456 2470
3 893 890 906
3 890 905 906
3 890 893 896
3 1627 1609 1607
3 1618 1627 1607
3 1627 1625 1441
3 1616 1627 1618
3 1627 1616 1625
3 1627 1441 1423
3 1609 1627 1423
3 1617 1620 1623
3 1620 1616 1623
3 1620 1617 1622
3 1616 1620 1630
3 1620 1621 1630
3 1620 1622 1621
3 1788 1795 1791
3 1795 1788 1790
3 1791 1795 1787
3 1795 1790 1787
3 1931 1925 1932
3 1926 1931 1932
3 1925 1931 1923
3 1935 1934 1924
3 1934 1931 1926
3 2369 2158 2373
3 2152 2162 2171
3 2162 2153 2160
3 2162 2152 2153
3 2174 2165 2172
3 2165 2164 2172
3 2365 2368 2367
3 2368 2365 2374
3 2367 2368 2458
3 2381 2387 2378
3 2387 2384 2380
3 2387 2390 2384
3 2387 2381 2390
3 2383 2379 2377
3 2386 2383 2377
3 2390 2383 2386
3 2133 2121 2131
3 2121 2133 2122
3 2121 2122 2132
3 2131 2121 2129
3 2130 2121 2132
3 2121 2130 2129
3 2358 2357 2442
3 2446 2358 2442
3 2353 2358 2446
3 2351 2350 2352
3 2350 2353 2352
3 2350 2351 2357
3 1546 1547 1540
3 1535 1541 1540
3 1541 1546 1540
3 1542 1536 1544
3 1515 1513 1337
3 1360 1352 1355
3 1342 1352 1343
3 1355 1352 1342
3 1352 1354 1343
3 1352 1351 1354
3 1352 1360 1351
3 1525 1521 1704
3 1521 1525 1523
3 1522 1519 1514
3 1519 1527 1528
3 1525 1519 1528
3 1344 1349 1348
3 1349 1353 1348
3 1320 1329 1319
3 1353 1346 1359
3 1356 1346 1344
3 1346 1349 1344
3 1349 1346 1353
3 1341 1320 1319
3 1518 1522 1526
3 1515 1518 1526
3 1518 1519 1522
3 1519 1518 1527
3 1527 1518 1507
3 1518 1515 1507
3 1327 1334 1316
3 1323 1327 1316
3 1329 1322 1319
3 1326 1327 1323
3 1287 1283 1286
3 1286 1283 1288
3 1060 1064 1066
3 1058 1060 1066
3 1305 1302 1314
3 1311 1305 1314
3 1311 1503 1313
3 1503 1311 1307
3 2372 2369 2373
3 2369 2372 2370
3 2370 2372 2371
3 2369 2161 2158
3 2161 2369 2370
3 2175 2174 2176
3 2175 2165 2174
3 2177 2171 2178
3 2171 2177 2167
3 2383 2382 2379
3 2382 2381 2378
3 2381 2382 2390
3 2382 2383 2390
3 2385 2382 2378
3 2379 2382 2385
3 2356 2350 2357
3 2350 2356 2353
3 2358 2356 2357
3 2356 2358 2353
3 1541 1539 1532
3 1539 1541 1535
3 1546 1548 1538
3 1541 1548 1546
3 1538 1548 1524
3 1548 1552 1524
3 1536 1543 1535
3 1543 1550 1551
3 1539 1543 1532
3 1543 1539 1535
3 1704 1517 1683
3 1521 1517 1704
3 1517 1521 1523
3 1686 1517 1523
3 1683 1517 1686
3 1364 1356 1362
3 1324 1333 1337
3 1327 1318 1334
3 1318 1322 1334
3 1326 1335 1327
3 1322 1328 1319
3 1308 1314 1307
3 1311 1308 1307
3 1308 1311 1314
3 1303 1311 1313
3 1311 1303 1305
3 1303 1313 1309
3 1302 1303 1309
3 1303 1302 1305
3 2158 2154 2151
3 2161 2154 2158
3 2151 2154 2160
3 2154 2162 2160
3 2162 2154 2171
3 2154 2161 2171
3 2173 2161 2370
3 2171 2173 2178
3 2161 2173 2171
3 2164 2173 2172
3 2175 2169 2165
3 2169 2177 2165
3 2177 2169 2167
3 2169 2166 2167
3 2166 2169 2176
3 2169 2175 2176
3 1366 1364 1362
3 1366 1365 1170
3 1366 1362 1365
3 1145 1366 1170
3 1340 1366 1145
3 1321 1341 1319
3 1321 1324 1337
3 1324 1325 1333
3 1333 1325 1323
3 1325 1326 1323
3 1321 1325 1324
3 1335 1338 1336
3 1338 1335 1326
3 1332 1328 1322
3 1318 1332 1322
3 1329 1339 1340
3 1339 1366 1340
3 1325 1331 1326
3 1331 1325 1321
3 1328 1331 1319
3 1331 1321 1319
3 1330 1338 1326
3 1331 1330 1326
3 1330 1331 1328
3 1338 1330 1336
3 1330 1332 1336
3 1332 1330 1328
3 2568 2569 2565
3 2569 2568 2564
3 2588 2589 2538
3 783 785 796
3 392 396 391
3 389 392 391
3 2471 2468 2469
3 2471 2469 2466
3 1903 1899 1902
3 1224 1056 1229
