# Trail mesh generated by Unitree L2 LiDAR Trail Mapper
# Vertices: 1749
# Faces: 2905

v -25.100492 -0.000375 -0.000000
v -25.088551 -0.021693 -0.000000
v -24.850491 -0.000000 -0.005760
v -24.595585 -0.000000 -0.000000
v -24.471081 0.000000 -0.000000
v -24.471569 0.000000 0.000000
v -24.345585 -0.023162 -0.092578
v -24.345751 -0.000010 -0.005781
v -24.345591 0.000000 -0.000000
v -24.346081 0.000000 0.000000
v -24.220098 -0.000000 -0.092163
v -24.220592 0.000000 -0.000000
v -24.219612 -0.000000 -0.386251
v -23.969131 -0.000012 -0.000000
v -23.724512 0.000000 -0.000000
v -23.599022 0.000000 -0.000000
v -7.312500 0.000000 -0.000000
v -7.249729 0.000000 -0.000000
v -6.656250 0.000000 0.000000
v -6.558687 -0.000087 -0.000006
v -6.460419 -0.000083 -0.000000
v -6.343750 -0.000000 -0.000000
v -6.337255 0.000000 -0.000000
v -6.275129 -0.000088 -0.000006
v -6.117647 -0.000000 -0.023163
v -6.086275 -0.000354 -0.093631
v -6.086153 -0.000000 -0.022918
v -6.086398 -0.000022 -0.005790
v -6.086520 0.000000 -0.000001
v -6.055786 -0.000005 -0.091676
v -6.055086 -0.000047 -0.023040
v -6.055024 -0.000007 -0.000449
v -6.023528 -0.370596 -0.374517
v -6.023774 -0.000000 -0.001432
v -6.028159 0.000000 -0.000000
v -5.992403 -0.000000 -0.000358
v -5.898407 0.000000 -0.000000
v -5.836027 -0.000000 -0.000000
v -5.805638 0.000000 0.007845
v -5.583577 -0.000089 -0.005790
v -1.996093 0.000000 -0.000000
v -1.981609 0.000000 0.000000
v -1.859283 0.000000 -0.008099
v -1.804687 -0.000000 -0.000000
v -1.773437 0.000000 0.000000
v -1.678493 0.000000 -0.000000
v -1.635078 -0.000154 0.000000
v -1.632812 0.000000 -0.001825
v -1.568872 -0.000000 -0.000001
v -1.576582 9.707291 -1.211466
v -1.546448 -0.000000 -0.000022
v -1.543063 9.798270 -1.230620
v -1.553837 10.135853 -1.180341
v -1.522604 0.000000 -0.004297
v -1.505852 -0.005790 -0.092159
v -1.511803 -0.000000 -0.001162
v -1.513726 0.000000 0.000000
v -1.482353 -0.000000 -0.378424
v -1.498060 -0.000118 -0.002407
v -1.498070 0.000000 -0.000000
v -1.498131 0.000000 0.000035
v -1.474450 -0.000000 -0.000005
v -1.451746 -0.023747 -0.000000
v -1.451440 0.000000 0.000000
v -1.456872 9.534908 -1.078588
v -1.427084 -0.000000 -0.000000
v -1.428141 9.842564 -1.089362
v -1.429338 10.187328 -1.168370
v -1.403648 -0.093135 -0.000090
v -1.407791 9.655815 -1.051055
v -1.395820 9.786300 -1.052252
v -1.372397 -0.000000 -0.000000
v -1.371878 10.101137 -1.003170
v -1.356954 0.000000 0.000000
v -1.352724 9.877279 -1.066617
v -1.353921 9.947908 -1.042675
v -1.358709 10.268731 -1.064223
v -1.355118 10.570400 -1.037886
v -1.332995 -0.000000 -0.000000
v -1.333570 9.800665 -0.951695
v -1.338359 9.838972 -1.018733
v -1.338359 9.894038 -1.039083
v -1.323994 10.155006 -1.140837
v -1.307234 9.914390 -0.978031
v -1.318008 10.196905 -1.009156
v -1.312023 10.190920 -0.997185
v -1.284489 9.867702 -1.035492
v -1.292869 9.913192 -1.024718
v -1.294066 10.273520 -1.070208
v -1.268927 9.538500 -0.955287
v -1.252167 10.060435 -0.957681
v -1.242591 10.128671 -1.054646
v -1.241394 10.235212 -1.023521
v -1.259350 10.308235 -0.991199
v -1.234375 0.000000 0.009729
v -1.237802 9.722853 -0.950498
v -1.231817 9.891644 -0.938527
v -1.230620 10.072407 -0.956484
v -1.229423 10.103531 -0.969652
v -1.221043 10.238804 -1.017536
v -1.236605 10.309433 -0.966060
v -1.217452 9.813833 -0.948104
v -1.185130 9.668983 -0.895431
v -1.183933 9.850943 -0.916979
v -1.195904 10.363302 -0.956484
v -1.174356 9.785102 -0.984017
v -1.179144 9.987412 -0.936133
v -1.158794 9.655815 -0.910994
v -1.157596 9.933543 -0.949301
v -1.145625 9.993398 -0.939724
v -1.158794 10.097546 -0.887052
v -1.130063 9.665392 -0.919373
v -1.133654 9.952697 -0.899023
v -1.138443 10.035296 -0.860716
v -1.139640 10.243592 -0.955287
v -1.130063 10.295067 -0.991199
v -1.137246 10.302250 -0.912191
v -1.119289 9.932345 -0.899023
v -1.119289 10.098742 -0.869095
v -1.103727 10.509348 -0.954089
v -1.089362 9.811439 -0.826000
v -1.084573 9.843760 -0.760159
v -1.084573 9.902418 -0.883460
v -1.084573 10.038888 -0.855927
v -1.082179 10.072407 -0.812831
v -1.086968 10.153810 -0.831985
v -1.090559 10.283096 -0.881066
v -1.095347 10.311827 -0.942118
v -1.090559 10.363302 -0.884658
v -1.089362 10.399215 -0.869095
v -1.094150 10.445902 -0.918176
v -1.069011 9.703699 -0.860716
v -1.078588 9.828198 -0.865504
v -1.074997 9.849746 -0.859518
v -1.077391 9.872491 -0.891840
v -1.061828 10.000581 -0.823605
v -1.070208 10.109517 -0.877475
v -1.066617 10.129868 -0.849942
v -1.061828 10.169372 -0.865504
v -1.064223 10.496181 -0.930147
v -1.055843 9.616311 -0.774524
v -1.042675 9.979033 -0.852336
v -1.055843 10.273520 -0.834379
v -1.054646 10.301053 -0.802058
v -1.023521 9.955091 -0.766145
v -1.031901 9.976639 -0.800860
v -1.035492 10.040085 -0.837971
v -1.004368 10.018537 -0.873884
v -1.015141 10.046070 -0.732626
v -1.011550 10.103531 -0.824802
v -1.013944 10.263943 -0.803255
v -1.016339 10.283096 -0.857124
v -1.007959 10.356119 -0.851139
v -1.012747 10.557233 -0.864307
v -0.987608 9.824607 -0.746991
v -0.981623 9.922769 -0.763750
v -0.994791 9.956287 -0.879869
v -0.990002 9.976639 -0.848745
v -0.981623 9.979033 -0.685939
v -0.972656 -0.022794 -0.000364
v -0.962500 0.000000 0.061178
v -0.962469 9.970653 -0.727837
v -0.974440 9.981427 -0.800860
v -0.963666 9.986216 -0.757765
v -0.974440 10.132261 -0.786495
v -0.973243 10.189722 -0.818817
v -0.969652 10.232818 -0.726640
v -0.967257 10.261548 -0.822408
v -0.974440 10.274716 -0.803255
v -0.978031 10.356119 -0.830788
v -0.950498 9.700109 -0.785298
v -0.958878 9.709685 -0.767342
v -0.945710 9.799467 -0.836774
v -0.952892 9.938332 -0.772130
v -0.946907 9.974244 -0.833182
v -0.945710 10.013748 -0.717063
v -0.948104 10.129868 -0.720655
v -0.951695 10.175357 -0.823605
v -0.940921 10.164583 -0.804452
v -0.927753 9.700109 -0.667982
v -0.937330 9.968259 -0.809240
v -0.922965 10.053253 -0.788889
v -0.937330 10.098742 -0.826000
v -0.919373 9.560047 -0.683545
v -0.905008 9.684546 -0.678756
v -0.903811 9.736021 -0.679953
v -0.910994 9.895236 -0.778116
v -0.901417 10.090364 -0.790087
v -0.913388 10.257957 -0.708684
v -0.914585 10.431537 -0.772130
v -0.894234 9.508572 -0.640449
v -0.887052 9.685743 -0.615310
v -0.889446 9.969456 -0.776918
v -0.888249 10.092757 -0.720655
v -0.884658 10.123882 -0.693121
v -0.893037 10.158598 -0.685939
v -0.885855 10.151415 -0.645237
v -0.891840 10.211270 -0.675165
v -0.894234 10.336966 -0.712275
v -0.871489 9.849746 -0.639252
v -0.863110 9.910798 -0.712275
v -0.879869 9.955091 -0.768539
v -0.869095 9.981427 -0.676362
v -0.878672 10.019734 -0.761356
v -0.870292 10.111911 -0.689530
v -0.863110 10.177752 -0.772130
v -0.865504 10.304645 -0.727837
v -0.875081 10.378864 -0.714669
v -0.869095 10.493786 -0.788889
v -0.846350 9.668983 -0.670376
v -0.847547 9.805453 -0.682347
v -0.842759 9.906010 -0.679953
v -0.853533 9.991004 -0.639252
v -0.857124 10.073604 -0.737414
v -0.857124 10.101137 -0.681150
v -0.853533 10.211270 -0.672771
v -0.842759 10.272323 -0.712275
v -0.854730 10.268731 -0.697910
v -0.851139 10.341754 -0.745794
v -0.859518 10.369287 -0.708684
v -0.841562 10.474632 -0.730232
v -0.836774 9.556456 -0.598550
v -0.835576 9.751583 -0.652420
v -0.821211 9.825804 -0.587777
v -0.837971 9.914390 -0.713472
v -0.835576 10.058042 -0.675165
v -0.822408 10.061633 -0.715866
v -0.828394 10.150218 -0.745794
v -0.822408 10.254366 -0.695516
v -0.814029 9.469068 -0.547075
v -0.800860 9.800665 -0.616507
v -0.815226 9.838972 -0.632069
v -0.811634 9.938332 -0.670376
v -0.816423 10.200497 -0.644040
v -0.814029 10.231621 -0.706290
v -0.814029 10.263943 -0.730232
v -0.811634 10.324995 -0.719458
v -0.804452 10.421960 -0.687136
v -0.796072 9.600749 -0.622492
v -0.792481 9.787497 -0.581791
v -0.785298 9.876082 -0.745794
v -0.799663 9.981427 -0.733823
v -0.796072 10.132261 -0.654814
v -0.794875 10.650606 -0.706290
v -0.767342 9.909601 -0.572214
v -0.762553 10.253169 -0.688333
v -0.776918 10.435128 -0.653617
v -0.744597 9.964667 -0.612916
v -0.745794 10.073604 -0.612916
v -0.752976 10.137050 -0.682347
v -0.744597 10.280702 -0.608127
v -0.724246 10.083180 -0.647632
v -0.731429 10.228029 -0.677559
v -0.714669 9.871294 -0.561440
v -0.718261 9.891644 -0.559046
v -0.713472 10.005369 -0.651223
v -0.700304 10.037690 -0.562637
v -0.711078 10.175357 -0.585382
v -0.701501 10.237606 -0.581791
v -0.705092 10.431537 -0.658405
v -0.699107 9.858126 -0.531513
v -0.690727 10.271125 -0.602142
v -0.683545 10.275913 -0.594959
v -0.669179 9.913192 -0.476446
v -0.664391 10.182540 -0.638055
v -0.675165 10.296265 -0.550666
v -0.672771 10.511743 -0.599748
v -0.644040 9.538500 -0.470461
v -0.653617 9.653421 -0.521936
v -0.646434 9.742006 -0.494403
v -0.653617 10.061633 -0.523133
v -0.659603 10.091560 -0.581791
v -0.644040 10.115502 -0.608127
v -0.645237 10.362105 -0.639252
v -0.627281 9.898827 -0.511162
v -0.633266 10.037690 -0.501585
v -0.627281 10.077195 -0.496797
v -0.634463 10.107122 -0.548272
v -0.628478 10.324995 -0.507571
v -0.633266 10.389638 -0.609324
v -0.616507 10.010158 -0.610521
v -0.600945 10.018537 -0.495600
v -0.612916 10.097546 -0.557849
v -0.604536 10.226832 -0.532710
v -0.618901 10.248381 -0.608127
v -0.596156 9.819818 -0.505177
v -0.599748 9.803059 -0.469264
v -0.599748 9.901221 -0.527921
v -0.594959 10.087969 -0.535104
v -0.588974 10.140641 -0.506374
v -0.584185 10.171766 -0.426168
v -0.588974 10.189722 -0.567426
v -0.578200 9.828198 -0.492008
v -0.573411 10.156203 -0.452504
v -0.551863 9.798270 -0.415394
v -0.547075 9.806650 -0.497994
v -0.555455 9.804255 -0.466869
v -0.544681 9.867702 -0.523133
v -0.524330 9.780313 -0.392649
v -0.521936 9.959879 -0.418985
v -0.530316 10.085575 -0.444124
v -0.520739 10.105926 -0.499191
v -0.525527 10.176555 -0.515950
v -0.527921 10.184934 -0.411803
v -0.526724 10.390836 -0.532710
v -0.506374 9.864111 -0.392649
v -0.515950 10.046070 -0.454898
v -0.501585 10.064027 -0.496797
v -0.503979 10.236409 -0.496797
v -0.500000 0.000000 0.000000
v -0.490811 9.874885 -0.426168
v -0.481235 10.144233 -0.474052
v -0.499191 10.427945 -0.396240
v -0.478516 0.000000 0.000000
v -0.463278 10.119094 -0.409408
v -0.471658 10.153810 -0.440533
v -0.469264 10.356119 -0.470461
v -0.457293 10.014946 -0.374693
v -0.447716 10.028113 -0.383072
v -0.447716 10.242394 -0.424971
v -0.433351 10.047267 -0.420182
v -0.436942 10.098742 -0.372298
v -0.424971 10.212467 -0.401029
v -0.436942 10.251971 -0.484826
v -0.401922 -0.000089 -0.000005
v -0.413672 -0.000271 0.000000
v -0.407338 0.000000 -0.000000
v -0.414197 9.835381 -0.359130
v -0.403423 9.953894 -0.447716
v -0.401029 10.108319 -0.432153
v -0.410606 10.115502 -0.356736
v -0.415394 10.126276 -0.415394
v -0.409408 10.126276 -0.337582
v -0.416591 10.345345 -0.383072
v -0.392678 -0.000000 -0.000000
v -0.380707 0.000000 0.000000
v -0.392649 9.819818 -0.361524
v -0.389058 9.958682 -0.434548
v -0.397437 9.946711 -0.345962
v -0.389058 10.202890 -0.347159
v -0.399832 10.358514 -0.396240
v -0.385466 10.398018 -0.429759
v -0.372557 -0.092648 -0.373526
v -0.370573 -0.023040 -1.505821
v -0.370581 -0.023040 -0.374502
v -0.376478 -0.000000 -6.023530
v -0.369608 -0.000000 -5.992034
v -0.370581 -0.005791 -0.374502
v -0.372549 -0.005744 -0.022978
v -0.373059 -0.000598 -0.001396
v -0.374533 0.000000 -0.000000
v -0.375015 0.000000 0.000000
v -0.373495 9.843760 -0.336385
v -0.368707 9.934740 -0.401029
v -0.363919 9.962274 -0.337582
v -0.375890 10.055647 -0.333991
v -0.372298 10.129868 -0.366313
v -0.367510 10.122684 -0.347159
v -0.379481 10.206482 -0.371101
v -0.373495 10.255563 -0.405817
v -0.360327 10.293870 -0.380678
v -0.367510 10.432734 -0.415394
v -0.343750 0.000000 -0.000000
v -0.342371 9.641450 -0.338780
v -0.342371 10.081984 -0.274136
v -0.341174 10.357317 -0.311246
v -0.322020 10.129868 -0.372298
v -0.328006 10.131064 -0.328006
v -0.331597 10.244789 -0.295684
v -0.330400 10.286688 -0.383072
v -0.339977 10.356119 -0.375890
v -0.324414 10.387244 -0.308852
v -0.301669 10.044873 -0.260968
v -0.306458 10.132261 -0.381875
v -0.312443 10.188525 -0.275333
v -0.319626 10.375273 -0.308852
v -0.304064 10.413580 -0.259771
v -0.313640 10.438720 -0.343568
v -0.286107 9.980229 -0.272939
v -0.299275 10.037690 -0.272939
v -0.298078 10.080787 -0.311246
v -0.298078 10.217256 -0.292093
v -0.284910 10.346542 -0.326809
v -0.282516 10.365696 -0.337582
v -0.298078 10.469844 -0.313640
v -0.268151 10.043676 -0.289698
v -0.268151 10.113108 -0.240617
v -0.269348 10.143036 -0.275333
v -0.263362 10.297462 -0.306458
v -0.274136 10.308235 -0.372298
v -0.277727 10.354922 -0.256180
v -0.262165 10.384850 -0.336385
v -0.266953 10.383653 -0.301669
v -0.242188 -0.005668 -0.000006
v -0.253785 9.950302 -0.256180
v -0.243011 10.137050 -0.256180
v -0.247800 10.153810 -0.265756
v -0.241814 10.170568 -0.265756
v -0.250194 10.245986 -0.280122
v -0.244209 10.262746 -0.336385
v -0.252588 10.283096 -0.323217
v -0.245406 10.357317 -0.361524
v -0.244209 10.414778 -0.313640
v -0.237305 -0.000088 -0.000088
v -0.228646 9.793482 -0.271742
v -0.234632 9.874885 -0.274136
v -0.237026 9.981427 -0.260968
v -0.232238 10.141838 -0.232238
v -0.225055 10.186131 -0.320823
v -0.232238 10.220847 -0.251391
v -0.229843 10.265140 -0.215478
v -0.227449 10.316615 -0.357933
v -0.222661 10.338163 -0.222661
v -0.239420 10.435128 -0.290895
v -0.217872 10.014946 -0.235829
v -0.214281 10.047267 -0.221464
v -0.214281 10.091560 -0.268151
v -0.216675 10.138247 -0.294487
v -0.213084 10.163386 -0.295684
v -0.216675 10.187328 -0.241814
v -0.219069 10.186131 -0.235829
v -0.219069 10.295067 -0.253785
v -0.216675 10.371682 -0.310049
v -0.211887 10.368091 -0.264559
v -0.204704 10.480618 -0.219069
v -0.201113 10.502166 -0.299275
v -0.189142 10.022128 -0.243011
v -0.184354 10.068815 -0.229843
v -0.185551 10.083180 -0.271742
v -0.186748 10.146626 -0.223858
v -0.189142 10.219650 -0.228646
v -0.187945 10.202890 -0.198719
v -0.198719 10.220847 -0.214281
v -0.184354 10.303447 -0.196325
v -0.199916 10.354922 -0.275333
v -0.193930 10.356119 -0.199916
v -0.180762 10.425551 -0.190339
v -0.185551 10.542868 -0.241814
v -0.186748 10.691308 -0.312443
v -0.162806 10.122684 -0.276530
v -0.160412 10.229227 -0.244209
v -0.169988 10.222044 -0.232238
v -0.174777 10.247183 -0.282516
v -0.164003 10.274716 -0.178368
v -0.167594 10.280702 -0.238223
v -0.168791 10.327389 -0.186748
v -0.178368 10.383653 -0.244209
v -0.164003 10.433931 -0.180762
v -0.179565 10.479421 -0.284910
v -0.165200 10.541670 -0.195127
v -0.164003 10.668563 -0.282516
v -0.140061 10.011354 -0.220267
v -0.150835 10.078392 -0.201113
v -0.141258 10.187328 -0.228646
v -0.144849 10.237606 -0.191536
v -0.140061 10.317812 -0.185551
v -0.142455 10.319010 -0.164003
v -0.155623 10.338163 -0.177171
v -0.154426 10.395624 -0.220267
v -0.144849 10.430340 -0.202310
v -0.142455 10.477027 -0.191536
v -0.141258 10.578780 -0.292093
v -0.156820 10.601525 -0.260968
v -0.141258 10.624270 -0.328006
v -0.125000 0.000000 -0.000000
v -0.122104 10.086772 -0.213084
v -0.131681 10.113108 -0.245406
v -0.130484 10.103531 -0.237026
v -0.129287 10.212467 -0.254982
v -0.120907 10.273520 -0.204704
v -0.132878 10.284293 -0.204704
v -0.136469 10.301053 -0.165200
v -0.135272 10.347740 -0.314838
v -0.128090 10.365696 -0.216675
v -0.123301 10.372879 -0.166397
v -0.123301 10.398018 -0.181959
v -0.120907 10.395624 -0.177171
v -0.129287 10.451887 -0.245406
v -0.131681 10.547656 -0.257377
v -0.101030 -0.000000 -0.000000
v -0.105957 0.000000 0.000032
v -0.113725 10.060435 -0.175974
v -0.108936 10.095152 -0.180762
v -0.104148 10.093954 -0.179565
v -0.107739 10.111911 -0.189142
v -0.108936 10.129868 -0.211887
v -0.110133 10.123882 -0.190339
v -0.111330 10.145430 -0.203507
v -0.118513 10.176555 -0.175974
v -0.101754 10.196905 -0.272939
v -0.119710 10.198102 -0.221464
v -0.108936 10.205285 -0.181959
v -0.114922 10.279505 -0.181959
v -0.119710 10.293870 -0.216675
v -0.101754 10.299856 -0.167594
v -0.119710 10.372879 -0.252588
v -0.105345 10.377667 -0.229843
v -0.105345 10.389638 -0.137667
v -0.118513 10.437522 -0.219069
v -0.104148 10.468647 -0.192733
v -0.106542 10.492589 -0.213084
v -0.116119 10.597934 -0.254982
v -0.093132 -1.505821 -0.093133
v -0.092647 -0.000000 -6.023528
v -0.092401 -0.002895 -0.373037
v -0.093384 -0.002865 -0.091673
v -0.081403 10.087969 -0.232238
v -0.090980 10.089166 -0.199916
v -0.096965 10.103531 -0.165200
v -0.095768 10.212467 -0.226252
v -0.098162 10.217256 -0.162806
v -0.092775 10.242993 -0.187945
v -0.091578 10.269329 -0.211887
v -0.099359 10.275913 -0.168791
v -0.098162 10.303447 -0.165200
v -0.088585 10.378864 -0.245406
v -0.083797 10.380061 -0.282516
v -0.080206 10.389638 -0.269348
v -0.095768 10.398018 -0.210690
v -0.094571 10.390836 -0.179565
v -0.080206 10.384850 -0.155623
v -0.090980 10.414778 -0.181959
v -0.095768 10.442310 -0.226252
v -0.082600 10.465055 -0.199916
v -0.082600 10.601525 -0.192733
v -0.080206 10.632649 -0.250194
v -0.080206 10.641029 -0.210690
v -0.064880 0.000680 0.088963
v -0.074326 0.000744 0.102690
v -0.076614 10.097546 -0.201113
v -0.067038 10.155006 -0.234632
v -0.076614 10.143036 -0.155623
v -0.071826 10.172963 -0.178368
v -0.068235 10.175357 -0.158017
v -0.062249 10.190920 -0.229843
v -0.074220 10.187328 -0.211887
v -0.077812 10.199299 -0.152032
v -0.070629 10.200497 -0.223858
v -0.074220 10.201694 -0.193930
v -0.064643 10.249578 -0.187945
v -0.074220 10.277111 -0.207098
v -0.061052 10.316615 -0.226252
v -0.063446 10.301053 -0.126893
v -0.070629 10.326192 -0.214281
v -0.064643 10.328587 -0.192733
v -0.077812 10.358514 -0.222661
v -0.073023 10.377667 -0.207098
v -0.071826 10.392033 -0.136469
v -0.076614 10.402806 -0.207098
v -0.068235 10.435128 -0.153229
v -0.064643 10.475829 -0.169988
v -0.065841 10.483012 -0.140061
v -0.069432 10.562021 -0.228646
v -0.071826 10.597934 -0.187945
v -0.069432 10.612299 -0.216675
v -0.059093 0.000606 0.084966
v -0.045490 10.066422 -0.189142
v -0.050278 10.091560 -0.183156
v -0.057461 10.165780 -0.192733
v -0.058658 10.229227 -0.153229
v -0.043096 10.251971 -0.126893
v -0.047884 10.275913 -0.144849
v -0.050278 10.297462 -0.187945
v -0.045490 10.283096 -0.131681
v -0.045490 10.357317 -0.117316
v -0.040701 10.372879 -0.119710
v -0.051475 10.388441 -0.161609
v -0.046687 10.412383 -0.208296
v -0.059855 10.404003 -0.186748
v -0.044293 10.410587 -0.145448
v -0.052672 10.421960 -0.136469
v -0.058658 10.444705 -0.196325
v -0.051475 10.477027 -0.184354
v -0.045490 10.500969 -0.167594
v -0.043096 10.569203 -0.155623
v -0.023039 -24.094604 -0.368627
v -0.023283 -6.054534 -0.370603
v -0.022795 -1.490226 -0.368635
v -0.022055 -0.368635 -0.001394
v -0.023161 -0.023039 -0.374502
v -0.021815 -0.000000 -1.630974
v -0.022976 -0.000000 -1.509819
v -0.022917 -0.005729 -0.374494
v -0.033519 9.747993 0.073023
v -0.021548 10.090364 -0.179565
v -0.026336 10.102334 -0.152032
v -0.027533 10.127473 -0.143652
v -0.022745 10.132261 -0.125696
v -0.035913 10.168175 -0.166397
v -0.021548 10.213664 -0.120907
v -0.032920 10.237007 -0.206500
v -0.023942 10.229227 -0.122104
v -0.033519 10.247183 -0.190339
v -0.033519 10.249578 -0.135871
v -0.035913 10.272323 -0.193930
v -0.039504 10.364499 -0.140061
v -0.031125 10.408792 -0.137667
v -0.023942 10.437522 -0.183156
v -0.022745 10.425551 -0.165200
v -0.026336 10.447099 -0.209493
v -0.027533 10.469844 -0.125696
v -0.037110 10.541670 -0.202310
v -0.022745 10.588357 -0.178368
v -0.000000 -25.460285 -0.000000
v -0.000001 -25.092155 -0.001409
v -0.000000 -24.594101 -0.000000
v -0.005699 -24.343624 -0.092646
v -0.000000 -24.341112 -0.000000
v -0.000352 -24.099001 -0.368627
v -0.000178 -24.091633 -0.002849
v -0.000000 -23.966866 -0.000000
v -0.000000 -23.592634 -0.000000
v -0.000000 -23.464705 -0.000005
v -0.000000 -23.084232 -0.000000
v -0.000021 -22.968130 -0.005576
v -0.000000 -22.835772 -0.000000
v -0.000000 -22.719080 -0.000000
v -0.000000 -22.692144 -0.000000
v -0.000000 -22.334818 -0.000005
v -0.000000 -22.215174 -0.000000
v -0.000000 -6.179777 -0.000005
v -0.000000 -6.146080 -0.000000
v -0.001425 -6.086028 -0.370573
v -0.000000 -6.086148 -0.000000
v -0.001417 -6.054534 -0.092157
v -0.000000 -6.052821 -0.000000
v -0.000708 -6.023342 -0.002865
v -0.001417 -5.992033 -0.023039
v -0.000000 -5.991159 -0.000000
v -0.005668 -5.960845 -0.091910
v -0.000000 -5.960048 -0.000001
v -0.000000 -5.959793 -0.000003
v -0.000087 -5.931000 -0.092155
v -0.000000 -5.927921 -0.000000
v -0.000350 -5.897915 -0.000354
v -0.000000 -5.867218 -0.354879
v -0.000000 -5.865809 -0.001425
v -0.000000 -5.834046 -0.000000
v -0.000000 -5.772426 -0.000000
v -0.000022 -5.741054 -0.000022
v -0.000000 -5.737123 -0.000000
v -0.000008 -5.709845 -0.000009
v -0.000000 -5.579287 -0.000000
v -0.000000 -5.551586 -0.000000
v -0.000000 -5.489706 -0.000000
v -0.000000 -5.458824 -0.000000
v -0.003063 -5.396266 -0.000000
v -0.000000 -1.544669 -0.000011
v -0.000000 -1.509146 -0.000036
v -0.000012 -1.490334 -0.364683
v -0.000000 -1.482292 -0.086200
v -0.001068 -1.492770 -0.022876
v -0.000352 -1.492759 -0.002147
v -0.000000 -1.474479 -0.022182
v -0.000000 -1.474228 -0.000000
v -0.000000 -1.443076 -0.000005
v -0.000044 -1.431357 -0.000011
v -0.000000 -1.415210 -0.000000
v -0.000000 -1.380517 -0.000000
v -0.000000 -1.354289 -0.000000
v -0.000000 -1.262285 -0.000000
v -0.000000 -0.417624 -1.449357
v -0.000000 -0.376486 -1.425919
v -0.000088 -0.370634 -0.022794
v -0.000091 -0.369858 -0.001872
v -0.000016 -0.354901 -0.000006
v -0.000000 -0.330445 -0.000000
v -0.000000 -0.102956 -1.600031
v -0.000000 -0.100996 -0.000000
v -0.000023 -0.092859 -0.092454
v -0.000000 -0.023040 -1.441788
v -0.001402 -0.022551 -0.364706
v -0.000088 -0.000362 -6.335905
v -0.005729 -0.000000 -6.023283
v -0.000089 -0.000000 -5.991787
v -0.000435 -0.000000 -5.960590
v -0.000000 -0.001440 -5.959048
v -0.000352 -0.000000 -5.929043
v -0.000006 -0.000000 -5.897548
v -0.000022 -0.001379 -5.835170
v -0.000000 -0.000000 -5.303058
v -0.000000 -0.000000 -1.615902
v -0.000043 -0.000720 -1.505913
v -0.000667 -0.000143 -1.490088
v -0.000469 -0.000000 -1.474448
v -0.000505 -0.000574 -1.448325
v -0.000000 -0.000000 -0.407882
v -0.001402 -0.000000 -0.380407
v -0.001020 -0.000041 -0.370184
v -0.000002 -0.000000 -0.339339
v -0.000000 -0.000000 -0.101482
v -0.005791 0.000000 -6.556410
v -0.000000 0.000000 -5.722255
v -0.000000 0.000000 -1.748700
v -0.000000 0.000000 -1.248832
v -0.000000 0.000000 -0.878865
v -0.000000 0.000000 -0.824778
v -0.000000 0.000000 -0.651982
v -0.000000 0.000000 -0.465790
v -0.000001 0.000000 -0.243197
v -0.000000 0.000000 -0.227575
v -0.000000 0.000000 -0.148812
v -0.000000 0.000000 -0.105391
v -0.000000 0.000000 0.116982
v -0.000000 0.000000 0.188029
v -0.000000 0.000000 0.230279
v -0.000000 0.000000 0.269524
v -0.000000 0.000000 0.397665
v -0.000000 0.000000 0.425297
v -0.000000 0.000000 0.515559
v -0.000000 0.000000 1.210881
v -0.000000 0.000000 1.621160
v -0.000000 0.000000 1.686318
v -0.000000 0.242957 -0.081914
v -0.009577 9.891644 -0.153229
v -0.007183 10.046070 -0.153229
v -0.003591 10.070611 -0.145448
v -0.017957 10.174160 -0.140061
v -0.005986 10.176555 -0.132878
v -0.019154 10.205285 -0.189142
v -0.002394 10.232818 -0.126893
v -0.008380 10.249578 -0.159214
v -0.002394 10.271125 -0.160412
v -0.007183 10.295067 -0.156820
v -0.019154 10.317812 -0.142455
v -0.007781 10.316017 -0.125696
v -0.013168 10.308235 -0.107739
v -0.002394 10.419566 -0.178368
v -0.016759 10.424355 -0.173580
v -0.013168 10.432136 -0.143652
v -0.011372 10.424953 -0.110133
v -0.002394 10.457873 -0.086191
v -0.019154 10.526108 -0.164003
v -0.004788 10.593145 -0.204704
v -0.001197 10.618284 -0.210690
v 0.000000 -25.724447 0.000000
v 0.000000 -25.605957 0.000000
v 0.000000 -25.479980 0.000000
v 0.000000 -24.951498 0.000000
v 0.000000 -24.843628 0.000000
v 0.000000 -24.594604 0.000000
v 0.000000 -24.470015 0.000000
v 0.000000 -24.447128 0.000000
v 0.000000 -24.344458 0.000000
v 0.000000 -24.220333 0.000000
v 0.000000 -24.218822 0.000000
v 0.000000 -24.125000 0.000000
v 0.000000 -24.093128 0.000000
v 0.000000 -24.072126 0.000000
v 0.000000 -23.968132 0.000000
v 0.000000 -23.952471 0.000000
v 0.000000 -23.842157 0.000000
v 0.000000 -22.588181 0.000000
v 0.000000 -22.211220 0.000000
v 0.000000 -6.840174 0.000000
v 0.000000 -6.204923 0.000000
v 0.000000 -6.180143 0.000000
v 0.000000 -6.117280 0.000000
v 0.000000 -6.054655 0.000000
v 0.000000 -6.023118 0.000000
v 0.000000 -5.992383 0.000000
v 0.000000 -5.960751 0.000000
v 0.000000 -5.929228 0.000000
v 0.000000 -5.865191 0.000000
v 0.000000 -5.330650 0.000000
v 0.000000 -1.983051 0.000000
v 0.000000 -1.905944 0.000000
v 0.000000 -1.576436 0.000000
v 0.000000 -1.531964 0.000000
v 0.000000 -1.505821 0.000000
v 0.000000 -1.491731 0.000000
v 0.000000 -1.474509 0.000000
v 0.000000 -1.442667 0.000000
v 0.000000 -1.356651 0.000000
v 0.000000 -1.029289 0.000000
v 0.000000 -0.485815 0.000000
v 0.000000 -0.458205 0.000000
v 0.000000 -0.404297 0.000000
v 0.000000 -0.388178 0.000000
v 0.000000 -0.371059 0.000000
v 0.000000 -0.343305 -0.000000
v 0.000000 -0.338186 0.000000
v 0.000000 -0.122924 0.000000
v 0.000000 -0.102662 0.000000
v 0.000000 0.000000 -2.533667
v 0.001141 0.000000 -1.342809
v 0.000000 0.000000 -0.172182
v 0.000000 0.000000 0.104714
v 0.000000 0.000000 0.919481
v 0.000000 0.000000 40.000000
v 0.006586 0.033599 2.076915
v 0.000000 0.998237 0.000060
v 0.001197 9.736021 0.106542
v 0.000000 9.822212 0.062249
v 0.019154 9.821015 0.083797
v 0.003591 10.083180 -0.164003
v 0.007183 10.109517 -0.137667
v 0.011372 10.111313 -0.114323
v 0.010774 10.143036 -0.146046
v 0.002394 10.169372 -0.160412
v 0.005986 10.170568 -0.116119
v 0.016759 10.193314 -0.180762
v 0.005986 10.237606 -0.189142
v 0.005986 10.234015 -0.147243
v 0.015562 10.229227 -0.116119
v 0.008380 10.246585 -0.108936
v 0.013168 10.265140 -0.124498
v 0.000000 10.298658 -0.113725
v 0.011372 10.312426 -0.092177
v 0.007183 10.335769 -0.123301
v 0.005986 10.374076 -0.126893
v 0.000000 10.362105 -0.101754
v 0.013168 10.388441 -0.118513
v 0.010175 10.395025 -0.084994
v 0.004788 10.412383 -0.154426
v 0.019154 10.431537 -0.087388
v 0.000000 10.448297 -0.164003
v 0.005986 10.449493 -0.152032
v 0.001197 10.456676 -0.105345
v 0.014964 10.493187 -0.101754
v 0.019154 10.512939 -0.070629
v 0.010774 10.568007 -0.165200
v 0.020351 9.994595 -0.153229
v 0.035913 10.129868 -0.128090
v 0.035314 10.154408 -0.125696
v 0.032322 10.156203 -0.110133
v 0.032322 10.194510 -0.138864
v 0.029928 10.210671 -0.094571
v 0.023343 10.231022 -0.125696
v 0.037110 10.238804 -0.112527
v 0.032322 10.254366 -0.098162
v 0.028730 10.284293 -0.107739
v 0.025139 10.309433 -0.089783
v 0.038307 10.335769 -0.120907
v 0.035913 10.333375 -0.119710
v 0.038307 10.363302 -0.114922
v 0.023942 10.390836 -0.130484
v 0.035913 10.387244 -0.093374
v 0.032322 10.425551 -0.114922
v 0.028730 10.436325 -0.098162
v 0.037709 10.450092 -0.089184
v 0.026336 10.467450 -0.090980
v 0.035913 10.484209 -0.141258
v 0.037110 10.570400 -0.156820
v 0.028730 10.582372 -0.129287
v 0.055067 9.627085 0.067038
v 0.051475 10.022128 0.106542
v 0.045490 10.065224 -0.106542
v 0.047884 10.127473 -0.125696
v 0.052672 10.137649 -0.110133
v 0.059855 10.137050 0.134075
v 0.059855 10.143036 -0.171185
v 0.040701 10.145430 -0.106542
v 0.043096 10.187328 -0.122104
v 0.058658 10.199299 -0.112527
v 0.041899 10.213664 -0.141258
v 0.059855 10.208876 -0.132878
v 0.050278 10.212467 -0.107739
v 0.044293 10.212069 -0.093773
v 0.044293 10.237606 -0.099359
v 0.049979 10.267834 -0.090680
v 0.049081 10.283096 -0.150835
v 0.052672 10.284293 -0.104746
v 0.053870 10.356119 -0.095768
v 0.043096 10.369287 -0.087388
v 0.058658 10.398018 -0.074220
v 0.045490 10.413580 -0.106542
v 0.055067 10.447099 -0.134075
v 0.055067 10.473435 -0.069432
v 0.057461 10.483012 -0.159214
v 0.058658 10.494983 -0.125696
v 0.059855 10.509348 -0.061052
v 0.049081 10.578780 -0.111330
v 0.045490 10.568007 -0.096965
v 0.059855 10.585963 -0.106542
v 0.068235 9.718064 0.076614
v 0.064643 9.777920 0.222661
v 0.061052 9.801862 0.083797
v 0.067038 9.850943 0.095170
v 0.064643 9.885659 0.095768
v 0.075417 9.917980 0.106542
v 0.075417 9.971850 -0.107739
v 0.075417 10.031705 -0.102951
v 0.064045 10.046669 -0.101155
v 0.065841 10.047267 0.105345
v 0.068235 10.108319 -0.131681
v 0.074220 10.132261 -0.108936
v 0.068235 10.151415 -0.087987
v 0.074220 10.161591 -0.092177
v 0.073023 10.238804 -0.146046
v 0.079009 10.238804 -0.077812
v 0.067038 10.287885 -0.089783
v 0.062249 10.301053 -0.090980
v 0.067038 10.322600 -0.100556
v 0.071826 10.321404 -0.071826
v 0.065841 10.357317 -0.087388
v 0.067038 10.346542 -0.076614
v 0.071826 10.390836 -0.113725
v 0.071826 10.381259 -0.077812
v 0.070629 10.415975 -0.112527
v 0.071826 10.453085 -0.084994
v 0.064643 10.491392 -0.050278
v 0.069432 10.505757 -0.124498
v 0.071826 10.510546 -0.077812
v 0.068235 10.557233 -0.130484
v 0.099359 9.543288 0.095768
v 0.095768 9.704897 0.112527
v 0.089783 9.721656 0.096965
v 0.080206 9.743204 0.087388
v 0.092177 9.794679 0.124498
v 0.098162 9.812635 0.117316
v 0.096965 9.821015 0.107739
v 0.098162 9.908403 0.110133
v 0.088585 9.915586 0.125696
v 0.092177 10.042479 -0.096965
v 0.083797 10.098742 -0.128090
v 0.081403 10.113108 -0.089783
v 0.099359 10.127473 -0.107739
v 0.093374 10.171766 -0.106542
v 0.083797 10.165780 -0.099359
v 0.080206 10.181343 -0.100556
v 0.092177 10.214063 -0.080605
v 0.090581 10.236011 -0.069432
v 0.090980 10.247183 -0.087388
v 0.088585 10.253169 -0.064643
v 0.089783 10.260351 -0.075417
v 0.090980 10.287885 -0.061052
v 0.098162 10.316615 -0.070629
v 0.095768 10.323798 -0.092177
v 0.080206 10.324995 -0.063446
v 0.098162 10.359711 -0.110133
v 0.090581 10.352130 -0.052672
v 0.088585 10.365696 -0.155623
v 0.082600 10.363302 -0.119710
v 0.086191 10.378864 -0.063446
v 0.084994 10.398018 -0.081403
v 0.083797 10.393229 -0.061052
v 0.090381 10.390237 -0.050278
v 0.080206 10.419566 -0.110133
v 0.084994 10.437522 -0.120907
v 0.080804 10.426748 -0.067038
v 0.092177 10.465055 -0.079009
v 0.088585 10.477027 -0.057461
v 0.090980 10.480618 -0.083797
v 0.098162 10.765528 -0.138864
v 0.114922 9.613917 0.105345
v 0.108936 9.701305 0.102951
v 0.116119 9.734824 0.165200
v 0.113126 9.746197 0.114922
v 0.106542 9.779117 0.108338
v 0.107739 9.777920 0.143652
v 0.107739 9.787497 0.119710
v 0.119710 9.813833 0.107739
v 0.109535 9.813234 0.136469
v 0.104148 9.825804 0.136469
v 0.118513 9.882068 0.159214
v 0.107739 9.901221 0.130484
v 0.102951 9.959879 0.201113
v 0.102951 9.965864 0.122104
v 0.104148 10.029311 -0.095768
v 0.101754 10.025720 0.138864
v 0.118513 10.059238 0.142455
v 0.107739 10.113108 0.146046
v 0.117316 10.128671 -0.090980
v 0.106542 10.170568 -0.096965
v 0.116917 10.174560 -0.062249
v 0.109535 10.192715 -0.090980
v 0.100556 10.230424 -0.088585
v 0.101754 10.259154 -0.068235
v 0.116119 10.271125 -0.099359
v 0.107739 10.314221 -0.068235
v 0.107739 10.333375 -0.075417
v 0.108338 10.353127 -0.046088
v 0.108936 10.366894 -0.062249
v 0.114922 10.384850 -0.068235
v 0.102951 10.394426 -0.045490
v 0.113725 10.401609 -0.062249
v 0.117316 10.415975 -0.055067
v 0.110133 10.431537 -0.069432
v 0.101754 10.421960 -0.056264
v 0.106542 10.451887 -0.062249
v 0.105943 10.456078 -0.035913
v 0.108936 10.465055 -0.071826
v 0.118513 10.498574 -0.077812
v 0.109734 10.534488 -0.135671
v 0.100556 10.521319 -0.039504
v 0.101754 10.542868 -0.090980
v 0.116119 10.623073 -0.065841
v 0.138348 0.004619 0.000210
v 0.137667 9.634268 0.123301
v 0.126893 9.749189 0.108936
v 0.132878 9.773131 0.154426
v 0.136469 9.811439 0.156820
v 0.138864 9.837775 0.116119
v 0.129287 9.861717 0.146046
v 0.132280 9.867104 0.175974
v 0.122104 9.896433 0.130484
v 0.123900 9.894039 0.149039
v 0.130484 9.909601 0.137667
v 0.137667 9.904813 0.148441
v 0.135272 9.900024 0.186748
v 0.129287 9.934740 0.136469
v 0.134075 9.981427 -0.082600
v 0.129287 9.998186 0.142455
v 0.134075 10.031705 -0.074220
v 0.124498 10.089765 -0.074220
v 0.138864 10.096349 -0.057461
v 0.134075 10.108319 -0.113725
v 0.137667 10.126276 -0.099359
v 0.137667 10.135853 -0.074220
v 0.120907 10.184934 -0.067038
v 0.132080 10.188127 -0.051475
v 0.134873 10.212069 -0.049879
v 0.129287 10.237606 -0.050278
v 0.123301 10.256760 -0.083797
v 0.135272 10.244789 -0.059855
v 0.124498 10.269528 -0.051475
v 0.135272 10.303447 -0.046687
v 0.131681 10.340557 -0.055067
v 0.124498 10.387244 -0.106542
v 0.123301 10.393229 -0.096965
v 0.135272 10.382456 -0.065841
v 0.124498 10.417171 -0.058658
v 0.125696 10.429143 -0.098162
v 0.122104 10.431537 -0.069432
v 0.125696 10.420763 -0.040701
v 0.124498 10.439917 -0.037110
v 0.125696 10.459070 -0.083797
v 0.137667 10.445902 -0.052672
v 0.138864 10.461464 -0.112527
v 0.130484 10.496181 -0.032322
v 0.120907 10.569203 -0.088585
v 0.126893 10.569203 -0.026336
v 0.123301 10.590752 -0.075417
v 0.132878 10.631453 -0.132878
v 0.134075 10.631453 -0.119710
v 0.137667 10.681731 -0.010774
v 0.138864 10.742783 -0.050278
v 0.159904 0.004633 0.000210
v 0.144849 9.539697 0.186748
v 0.144849 9.550470 0.160412
v 0.159214 9.588778 0.165200
v 0.158017 9.637859 0.203507
v 0.140061 9.652225 0.110133
v 0.159214 9.658210 0.166397
v 0.150835 9.703699 0.240617
v 0.155623 9.721656 0.193930
v 0.146046 9.750386 0.150835
v 0.149039 9.776722 0.144251
v 0.153229 9.770737 0.211887
v 0.152032 9.782708 0.138864
v 0.153229 9.794081 0.146645
v 0.141258 9.795877 0.160412
v 0.158017 9.789890 0.205901
v 0.147243 9.827001 0.128090
v 0.143652 9.855731 0.156820
v 0.149638 9.841366 0.197522
v 0.141258 9.843760 0.210690
v 0.158017 9.874885 0.147243
v 0.149039 9.868301 0.168791
v 0.141258 9.888053 -0.092177
v 0.144849 9.882068 0.146046
v 0.150835 9.886856 0.165200
v 0.147243 9.904813 0.149638
v 0.143652 9.926360 0.166397
v 0.140061 9.952697 0.167594
v 0.141258 9.971850 -0.082600
v 0.156820 9.968259 0.165200
v 0.150835 9.970653 0.203507
v 0.150835 10.014946 0.201113
v 0.147243 10.022128 -0.063446
v 0.142455 10.037690 0.147243
v 0.147243 10.046070 0.144849
v 0.155623 10.077195 -0.062249
v 0.153628 10.066421 0.149638
v 0.158017 10.083180 0.177171
v 0.159214 10.144233 -0.088585
v 0.150835 10.183737 -0.065841
v 0.158017 10.196905 0.207098
v 0.148441 10.231621 -0.056264
v 0.152032 10.254366 0.219069
v 0.144251 10.273520 -0.052672
v 0.142455 10.296265 -0.073023
v 0.156820 10.299856 -0.046687
v 0.153229 10.301053 -0.050278
v 0.152630 10.306440 -0.034716
v 0.149638 10.357317 -0.104148
v 0.156820 10.395624 -0.049081
v 0.149638 10.402806 -0.094571
v 0.146645 10.408792 -0.037709
v 0.154426 10.424355 -0.027533
v 0.142455 10.445902 -0.035913
v 0.149638 10.477027 -0.090980
v 0.142455 10.486604 -0.040701
v 0.141258 10.514136 -0.092177
v 0.142455 10.505757 -0.067038
v 0.141258 10.512939 -0.033519
v 0.153827 10.508750 -0.011372
v 0.153229 10.527305 -0.014365
v 0.140061 10.544065 -0.031125
v 0.156820 10.546458 -0.016759
v 0.159214 10.583569 -0.061052
v 0.152830 10.591549 -0.006784
v 0.161609 9.698911 0.189142
v 0.178368 9.709685 0.146046
v 0.174777 9.738415 0.144849
v 0.172981 9.748590 0.165798
v 0.166397 9.767146 0.131681
v 0.179565 9.819220 0.144849
v 0.172383 9.828198 0.184354
v 0.160412 9.871294 0.155623
v 0.162806 9.886856 0.167594
v 0.179565 9.993398 0.180762
v 0.160412 10.001778 0.193930
v 0.179565 10.024523 -0.063446
v 0.169988 10.104729 -0.054468
v 0.174178 10.157999 -0.056264
v 0.169988 10.150218 0.180762
v 0.168791 10.186131 0.165200
v 0.175974 10.218452 -0.044293
v 0.171185 10.230424 -0.065841
v 0.175974 10.238804 -0.041899
v 0.162806 10.254366 -0.058658
v 0.166397 10.265140 -0.058658
v 0.169988 10.296265 -0.073023
v 0.179565 10.297462 -0.050278
v 0.172383 10.315418 -0.064643
v 0.161609 10.307038 -0.041899
v 0.177769 10.310630 -0.025738
v 0.168791 10.332177 -0.039504
v 0.173580 10.359711 -0.019154
v 0.169988 10.393229 -0.022745
v 0.172383 10.415975 -0.067038
v 0.167594 10.401609 -0.047884
v 0.167594 10.407595 -0.037110
v 0.161609 10.444705 -0.089783
v 0.167594 10.453085 -0.040701
v 0.165200 10.459070 -0.015562
v 0.172383 10.462662 -0.027533
v 0.165798 10.464457 -0.007781
v 0.162806 10.487801 -0.049081
v 0.164003 10.498574 -0.029928
v 0.166397 10.516531 -0.019154
v 0.172383 10.520123 -0.048483
v 0.165200 10.530297 -0.032322
v 0.171185 10.526108 -0.009577
v 0.175375 10.554838 -0.007781
v 0.169988 10.583569 0.005986
v 0.165200 10.601525 -0.008380
v 0.165200 10.685322 -0.023942
v 0.190339 9.552865 0.228646
v 0.196325 9.625888 0.143652
v 0.193930 9.645041 0.129287
v 0.191536 9.652225 0.142455
v 0.183156 9.671378 0.159214
v 0.197522 9.670180 0.215478
v 0.198719 9.703699 0.142455
v 0.181959 9.718064 0.161609
v 0.193930 9.700109 0.184354
v 0.183156 9.714474 0.223858
v 0.180762 9.728839 0.168791
v 0.199916 9.726444 0.183156
v 0.185551 9.776723 0.215478
v 0.187945 9.793482 0.213084
v 0.183156 9.814432 0.146046
v 0.191536 9.802460 0.208296
v 0.190938 9.852140 0.145448
v 0.193930 9.856929 0.185551
v 0.187945 9.848549 0.209493
v 0.190339 9.856929 0.227449
v 0.184354 9.870096 0.199916
v 0.198719 9.898827 0.181959
v 0.198719 9.929353 0.187346
v 0.190339 9.952697 0.154426
v 0.190339 9.975441 0.210690
v 0.183156 9.969456 0.229843
v 0.191536 9.999383 -0.061052
v 0.181959 9.981427 0.161609
v 0.180762 10.001778 0.202310
v 0.187945 10.046070 0.180762
v 0.198719 10.115502 0.190339
v 0.196325 10.153211 -0.027533
v 0.192733 10.159795 0.179565
v 0.185551 10.172963 -0.038307
v 0.190339 10.176554 0.228048
v 0.190339 10.190920 -0.062249
v 0.184354 10.195708 -0.047884
v 0.197522 10.206482 -0.044293
v 0.189142 10.201694 -0.034716
v 0.189142 10.281899 -0.052672
v 0.193930 10.290279 -0.023942
v 0.180762 10.303447 -0.028730
v 0.187346 10.310629 -0.015562
v 0.190339 10.329783 -0.069432
v 0.181959 10.329783 -0.020351
v 0.184354 10.336966 -0.013168
v 0.180762 10.352529 -0.014365
v 0.190339 10.352529 0.213084
v 0.185551 10.362105 -0.026336
v 0.192733 10.390836 -0.068235
v 0.195127 10.396821 -0.015562
v 0.183156 10.407595 -0.050877
v 0.198719 10.400413 -0.039504
v 0.183755 10.408194 -0.006584
v 0.199916 10.448297 -0.046687
v 0.190339 10.441113 -0.022745
v 0.187346 10.454282 -0.011971
v 0.187945 10.471041 -0.023942
v 0.186748 10.477027 -0.017957
v 0.190339 10.491392 -0.034716
v 0.185551 10.511743 -0.055067
v 0.191536 10.505756 -0.030526
v 0.187945 10.514137 -0.014365
v 0.196325 10.534487 -0.068833
v 0.181959 10.533290 -0.040701
v 0.184952 10.525509 -0.026336
v 0.187945 10.540473 -0.035913
v 0.187945 10.571598 -0.009577
v 0.187945 10.600328 -0.025139
v 0.195127 10.635044 -0.015562
v 0.187945 10.630256 0.015562
v 0.196325 10.648212 0.004788
v 0.212346 0.004629 0.000211
v 0.205901 9.532514 0.164003
v 0.219069 9.542090 0.202310
v 0.210690 9.647436 0.160412
v 0.216675 9.751583 0.223858
v 0.201113 9.777920 0.137667
v 0.213084 9.776723 0.201113
v 0.219069 9.794679 0.193930
v 0.205901 9.812635 0.195127
v 0.209493 9.854534 0.150835
v 0.213084 9.843760 0.207098
v 0.202310 9.844957 0.233435
v 0.213483 9.872092 0.167195
v 0.216675 9.871294 0.209493
v 0.208894 9.886257 0.154426
v 0.217274 9.889849 0.228646
v 0.203507 9.910798 0.177171
v 0.202310 9.914390 0.231040
v 0.209493 9.933543 0.160412
v 0.214281 9.973047 0.189142
v 0.211887 9.998186 0.167594
v 0.205901 9.995792 0.226252
v 0.209493 10.014946 -0.051475
v 0.209493 10.037690 0.169390
v 0.207098 10.043676 -0.039504
v 0.211288 10.056845 0.175375
v 0.203507 10.056845 0.223858
v 0.217872 10.086772 0.181959
v 0.209493 10.086772 0.204704
v 0.202310 10.116699 -0.033519
v 0.203507 10.151415 -0.044293
v 0.207098 10.175357 -0.050278
v 0.202310 10.177752 -0.023942
v 0.217872 10.187328 -0.021548
v 0.213084 10.205285 0.226252
v 0.211887 10.274716 -0.007781
v 0.205901 10.297462 -0.027533
v 0.212485 10.286089 -0.009577
v 0.205303 10.308235 -0.044293
v 0.216077 10.348338 -0.008978
v 0.205901 10.363302 -0.043096
v 0.217872 10.364499 -0.021548
v 0.217872 10.371682 -0.003591
v 0.202310 10.404003 -0.010774
v 0.201113 10.432734 -0.029928
v 0.207497 10.430738 -0.007981
v 0.214281 10.429143 0.003591
v 0.217872 10.449493 -0.021548
v 0.211887 10.450690 -0.016759
v 0.207098 10.468647 -0.055067
v 0.205502 10.471042 -0.009178
v 0.203507 10.483012 -0.002394
v 0.211887 10.517728 -0.027533
v 0.208296 10.511743 0.002394
v 0.211887 10.522516 -0.010774
v 0.205103 10.531693 0.009577
v 0.208296 10.557233 -0.022745
v 0.209493 10.556035 -0.001197
v 0.201113 10.569203 -0.017957
v 0.215478 10.576386 0.009577
v 0.204704 10.655395 0.020351
v 0.234632 9.482236 0.149638
v 0.220267 9.548077 0.148441
v 0.222661 9.629479 0.221464
v 0.228048 9.671976 0.142455
v 0.232238 9.672575 0.217872
v 0.231040 9.685743 0.155623
v 0.238223 9.684546 0.189142
v 0.226252 9.719262 0.159214
v 0.222661 9.712678 0.168193
v 0.226252 9.718064 0.180762
v 0.233435 9.714474 0.226252
v 0.232238 9.736021 0.167594
v 0.234632 9.725247 0.210690
v 0.226252 9.763555 0.171185
v 0.227449 9.769540 0.192733
v 0.228247 9.793881 0.166397
v 0.220267 9.786300 0.203507
v 0.232836 9.817425 0.169390
v 0.222661 9.805453 0.197522
v 0.238223 9.812635 0.203507
v 0.227449 9.837775 0.178368
v 0.235829 9.836577 0.198719
v 0.238223 9.830592 0.208296
v 0.233435 9.870695 0.162806
v 0.234632 9.860519 0.195127
v 0.226851 9.897630 0.170587
v 0.223259 9.883265 0.194529
v 0.228646 9.889250 0.203507
v 0.238223 9.921572 0.178368
v 0.229843 9.933542 0.205901
v 0.225654 9.949703 0.191536
v 0.238223 9.968259 0.180762
v 0.221464 9.969456 0.231040
v 0.233435 9.981427 0.178368
v 0.237026 9.981427 0.187945
v 0.229843 10.010158 0.190339
v 0.221464 10.023325 0.201113
v 0.234632 10.044075 0.185551
v 0.238223 10.074800 0.220267
v 0.229843 10.089166 0.196325
v 0.228646 10.131064 -0.040701
v 0.231040 10.129868 0.222661
v 0.226252 10.141838 0.195127
v 0.228048 10.150218 0.202909
v 0.239420 10.176555 -0.008380
v 0.234632 10.186131 -0.041899
v 0.220267 10.186131 -0.027533
v 0.232238 10.202890 0.202310
v 0.229843 10.232818 -0.023942
v 0.235829 10.238804 -0.011971
v 0.228646 10.273520 0.202310
v 0.226252 10.310031 -0.010175
v 0.220267 10.344149 -0.031125
v 0.233435 10.371682 0.000000
v 0.233435 10.383653 0.003591
v 0.221464 10.418368 -0.019154
v 0.239420 10.404003 0.016759
v 0.226252 10.428544 0.006584
v 0.225055 10.441113 0.001197
v 0.231040 10.484209 0.014365
v 0.220267 10.520123 -0.047884
v 0.228646 10.532093 -0.013168
v 0.225055 10.546458 0.016759
v 0.225055 10.566810 0.002394
v 0.238223 10.587160 0.001197
v 0.223858 10.605117 0.003591
v 0.223858 10.629059 -0.014365
v 0.223858 10.653001 -0.022745
v 0.249368 -0.000000 -0.000000
v 0.252588 9.543288 0.229843
v 0.250194 9.576807 0.186748
v 0.243011 9.616311 0.148441
v 0.250194 9.706094 0.178368
v 0.246603 9.733627 0.196325
v 0.241814 9.774328 0.222661
v 0.251990 9.792883 0.169390
v 0.248997 9.780313 0.181959
v 0.259771 9.780313 0.201113
v 0.246603 9.819818 0.232238
v 0.243011 9.827400 0.209493
v 0.252588 9.843760 0.173580
v 0.256180 9.848549 0.197522
v 0.243011 9.856929 0.211887
v 0.248398 9.849747 0.229843
v 0.245406 9.874287 0.169390
v 0.250194 9.888053 0.172383
v 0.243011 9.894038 0.199916
v 0.251391 9.903615 0.186748
v 0.254982 9.919178 0.239420
v 0.258574 9.933543 0.185551
v 0.243610 9.949703 0.182558
v 0.257377 9.974244 0.189142
v 0.250793 9.989208 0.187945
v 0.253785 10.008960 -0.047884
v 0.244209 10.046669 0.187346
v 0.247800 10.062830 0.190339
v 0.245406 10.061633 0.223858
v 0.258574 10.103531 -0.009577
v 0.258574 10.114305 0.213084
v 0.259771 10.134656 0.211887
v 0.240617 10.168175 0.213084
v 0.254384 10.188525 -0.029329
v 0.257377 10.204087 0.233435
v 0.255581 10.271125 0.007781
v 0.256778 10.288483 -0.011971
v 0.250194 10.301053 0.000000
v 0.259172 10.347740 0.008978
v 0.252588 10.362105 -0.022745
v 0.241814 10.378864 0.004788
v 0.252588 10.400413 -0.017957
v 0.244209 10.436325 -0.009577
v 0.254982 10.432734 0.026336
v 0.246603 10.451289 0.015562
v 0.253785 10.478224 0.027533
v 0.248997 10.500969 0.028730
v 0.241814 10.533290 -0.007183
v 0.258574 10.539276 0.019154
v 0.258574 10.534488 0.037110
v 0.243011 10.556035 -0.023942
v 0.247800 10.559627 -0.005986
v 0.254982 10.540473 0.010774
v 0.248997 10.550050 0.026336
v 0.254982 10.591949 0.007183
v 0.247800 10.608707 0.033519
v 0.275257 0.004624 0.000210
v 0.265756 9.622296 0.156820
v 0.262165 9.743204 0.166397
v 0.262165 9.767146 0.197522
v 0.274136 9.810242 0.197522
v 0.262165 9.811439 0.204704
v 0.264559 9.832987 0.180762
v 0.260968 9.840169 0.180762
v 0.277727 9.876082 0.185551
v 0.277727 9.862914 0.223858
v 0.269348 9.894038 0.185551
v 0.262165 9.883265 0.211887
v 0.268151 9.908403 0.190938
v 0.267552 9.909002 0.231639
v 0.276530 9.924564 0.192135
v 0.268151 9.937134 0.215478
v 0.262165 9.952697 0.193930
v 0.269348 9.958682 0.215478
v 0.271742 9.959879 0.241814
v 0.269348 9.964069 0.189740
v 0.264559 9.975441 0.213084
v 0.264559 10.016143 0.221464
v 0.266953 10.025720 0.203507
v 0.271742 10.020931 0.228646
v 0.275333 10.079589 -0.041899
v 0.271742 10.104729 -0.004788
v 0.269348 10.143036 0.211887
v 0.276530 10.188525 -0.020351
v 0.262165 10.200497 0.005986
v 0.269348 10.243592 0.011971
v 0.272939 10.272323 0.009577
v 0.274136 10.317812 0.003591
v 0.262165 10.352529 0.005986
v 0.266953 10.378864 0.000000
v 0.277727 10.372879 0.031125
v 0.278924 10.380061 -0.008380
v 0.268151 10.417171 0.007183
v 0.268151 10.425551 0.028730
v 0.274136 10.445902 -0.007183
v 0.268749 10.454880 0.017358
v 0.278924 10.516531 0.017957
v 0.270545 10.522516 0.017957
v 0.269348 10.527305 0.021548
v 0.262165 10.595540 -0.010774
v 0.284570 0.004633 0.000210
v 0.281319 9.485827 0.179565
v 0.286107 9.528923 0.192733
v 0.280122 9.658210 0.181959
v 0.298078 9.697714 0.254982
v 0.287304 9.806650 0.185551
v 0.284910 9.827001 0.198719
v 0.299275 9.842564 0.190339
v 0.296881 9.853337 0.215478
v 0.289698 9.911995 0.215478
v 0.280122 9.934740 0.192733
v 0.286107 9.939528 0.208296
v 0.288501 9.965864 0.199916
v 0.289698 9.980229 -0.013168
v 0.281319 9.989806 0.219069
v 0.289698 10.004171 0.205901
v 0.292093 10.073604 -0.004788
v 0.289698 10.117896 0.010774
v 0.284910 10.131064 0.217872
v 0.294487 10.151415 0.219069
v 0.293290 10.177752 -0.021548
v 0.298078 10.176555 -0.015562
v 0.288501 10.198102 0.015562
v 0.284910 10.222044 0.004788
v 0.299275 10.348937 0.031125
v 0.295684 10.390836 0.015562
v 0.292093 10.413580 -0.057461
v 0.296881 10.418368 0.014365
v 0.288501 10.406398 0.026336
v 0.294487 10.436325 0.039504
v 0.283713 10.454282 -0.043096
v 0.280122 10.456676 0.028730
v 0.299275 10.459070 0.049081
v 0.295684 10.471041 0.040701
v 0.288501 10.502166 0.050278
v 0.295684 10.560823 0.032322
v 0.308824 0.004631 0.000210
v 0.317232 9.514558 0.210690
v 0.312443 9.689334 0.213084
v 0.313640 9.727641 0.221464
v 0.306458 9.740809 0.229843
v 0.300472 9.868899 0.192733
v 0.306458 9.892841 0.203507
v 0.301669 9.933543 0.210690
v 0.319626 10.156203 0.240617
v 0.302867 10.172963 -0.033519
v 0.305261 10.201694 -0.027533
v 0.317232 10.266336 -0.043096
v 0.305261 10.284293 0.015562
v 0.316035 10.313024 0.043096
v 0.308852 10.335769 -0.001197
v 0.305261 10.326192 0.019154
v 0.300472 10.335769 0.033519
v 0.306458 10.346542 0.022745
v 0.306458 10.376471 0.004788
v 0.301669 10.364499 0.034716
v 0.302867 10.378864 0.044293
v 0.318429 10.384850 0.021548
v 0.304064 10.414778 -0.007183
v 0.305261 10.407595 0.023942
v 0.307655 10.432734 0.009577
v 0.317232 10.454281 0.034716
v 0.310847 10.450292 0.044293
v 0.306458 10.514136 0.002394
v 0.319626 10.551247 0.009577
v 0.313640 10.635044 0.046687
v 0.305261 10.657789 0.026336
v 0.333276 0.000070 0.000003
v 0.328006 9.652225 0.235829
v 0.329203 9.765948 0.210690
v 0.325611 9.798270 0.196325
v 0.329203 9.791686 0.207697
v 0.336385 9.795877 0.226252
v 0.320823 9.823410 0.223858
v 0.336385 9.848549 0.214281
v 0.338780 9.868899 -0.070629
v 0.335787 9.876081 0.210091
v 0.328006 9.870096 0.231040
v 0.326809 9.977836 0.225055
v 0.326809 9.987412 0.223858
v 0.331597 10.056845 0.229843
v 0.338780 10.171766 0.026336
v 0.325611 10.229227 -0.022745
v 0.335188 10.253169 -0.063446
v 0.331597 10.279505 0.023942
v 0.328006 10.484209 0.028730
v 0.329203 10.566810 0.070629
v 0.332794 10.611102 0.051475
v 0.329203 10.722432 0.013168
v 0.323217 10.852917 0.020351
v 0.355539 9.520543 0.191536
v 0.346561 9.885060 0.214880
v 0.354342 10.062830 0.003591
v 0.348356 10.065224 0.027533
v 0.359130 10.188525 0.035913
v 0.344765 10.249578 0.038307
v 0.353145 10.301053 0.044293
v 0.357933 10.358514 -0.008380
v 0.342371 10.499771 0.010774
v 0.378284 9.827001 0.223858
v 0.363320 10.210671 0.052074
v 0.371101 10.253169 0.033519
v 0.373495 10.387244 0.037110
v 0.366313 10.424355 0.069432
v 0.374693 10.453085 0.077812
v 0.362722 10.559627 0.049081
v 0.361524 10.631453 0.002394
v 0.395043 9.479841 0.353145
v 0.381875 9.776723 0.300472
v 0.383072 9.985018 0.259771
v 0.386664 10.159795 0.046687
v 0.385466 10.196905 0.050278
v 0.396240 10.278308 0.027533
v 0.390255 10.328587 0.035913
v 0.383072 10.399215 0.044293
v 0.392649 10.426748 0.055067
v 0.395043 10.528502 0.096965
v 0.396240 10.552444 0.095768
v 0.404620 9.662998 0.312443
v 0.405817 9.965864 -0.001197
v 0.413000 10.056845 0.043096
v 0.429759 10.251971 -0.014365
v 0.440800 0.004633 0.000210
v 0.462379 0.004635 0.000211
v 0.530346 0.004619 0.000210
v 0.543484 10.065224 -0.009577
v 0.567576 0.004626 0.000210
v 0.631465 0.004632 0.000210
v 0.650268 0.004623 0.000210
v 0.666784 0.000072 0.000003
v 0.705738 0.004630 0.000211
v 0.753861 0.004632 0.000210
v 0.763386 0.004633 0.000210
v 0.785282 0.004635 0.000211
v 0.810218 0.004622 0.000210
v 0.828229 0.004622 0.000210
v 0.850974 0.004622 0.000210
v 0.865610 0.004622 0.000210
v 0.925579 0.004634 0.000210
v 0.978053 0.004627 0.000210
v 1.000000 0.000000 0.000000
v 1.037001 0.004626 0.000210
v 1.047942 0.004627 0.000210
v 1.072926 0.004630 0.000210
v 1.093578 0.004628 0.000210
v 1.205703 0.004632 0.000210
v 1.227597 0.004626 0.000210
v 1.288526 0.004618 0.000210
v 1.333304 0.000142 0.000006
v 1.346606 0.004632 0.000211
v 1.394595 0.004632 0.000210
v 1.412461 0.004623 0.000210
v 1.438051 0.004621 0.000210
v 1.468184 0.004629 0.000211
v 1.526431 0.004632 0.000210
v 1.553566 0.004633 0.000210
v 1.574882 0.004624 0.000210
v 1.611991 0.004621 0.000210
v 1.666665 0.000000 0.000000
v 1.687023 0.004634 0.000210
v 1.739439 0.004628 0.000210
v 1.797248 0.004625 0.000210
v 1.812901 0.004631 0.000210
v 1.833911 0.004631 0.000210
v 1.854019 0.004626 0.000210
v 1.860447 0.004627 0.000210
v 1.966007 0.004631 0.000210
v 1.986194 0.004626 0.000210
v 2.000024 0.000007 0.000000
v 2.044798 0.004619 0.000210
v 2.076903 0.023235 0.033598
v 2.088937 0.004625 0.000210
v 2.104028 0.004630 0.000211
v 2.609663 0.004619 0.000210
v 2.624681 0.004632 0.000211
v 2.666704 0.000003 0.000000
v 2.733984 0.004631 0.000210
v 2.748458 0.004625 0.000210
v 2.783954 0.004636 0.000211
v 2.804998 0.004625 0.000210
v 2.867241 0.004631 0.000211
v 2.930493 0.004629 0.000210
v 2.993047 0.004630 0.000211
v 3.000000 0.000000 0.000000
v 3.051357 0.004628 0.000210
v 3.072321 0.004619 0.000210
v 3.106628 0.004627 0.000210
v 3.146720 0.004623 0.000210
v 3.173878 0.004632 0.000210
v 3.219266 0.004635 0.000210
v 3.253539 0.004631 0.000210
v 3.270572 0.004629 0.000211
v 3.294241 0.004624 0.000210
v 3.333325 0.000000 0.000000
v 3.345210 0.004633 0.000210
v 3.376428 0.004620 0.000210
v 3.389988 0.004631 0.000211
v 3.438089 0.004630 0.000210
v 3.440095 0.004617 0.000210
v 3.498512 0.004632 0.000210
v 3.507411 0.004626 0.000210
v 3.534529 0.004634 0.000210
v 3.551280 0.004635 0.000211
v 3.569938 0.004625 0.000210
v 3.630235 0.004631 0.000210
v 3.640846 0.004633 0.000211
v 3.666664 0.000000 0.000000
v 3.690624 0.004634 0.000210
v 3.703687 0.004625 0.000210
v 3.796045 0.004622 0.000210
v 3.817353 0.004622 0.000210
v 3.827176 0.004626 0.000210
v 3.869041 0.004627 0.000210
v 3.909048 0.004623 0.000210
v 3.938070 0.004631 0.000210
v 3.986346 0.004633 0.000210
v 4.000324 0.000081 0.000004
v 4.034655 0.004626 0.000210
v 4.056371 0.004624 0.000210
v 4.108455 0.004634 0.000210
v 4.138866 0.004620 0.000210
v 4.152732 0.004630 0.000210
v 4.203688 0.004625 0.000210
v 4.267567 0.004629 0.000210
v 4.294454 0.004636 0.000211
v 4.310226 0.004633 0.000210
v 4.333263 0.000132 0.000006
v 4.394378 0.004631 0.000210
v 4.405081 0.004634 0.000211
v 4.453388 0.004634 0.000210
v 4.575171 0.004620 0.000210
v 4.585701 0.004626 0.000210
v 4.625472 0.004631 0.000210
v 4.647219 0.004624 0.000210
v 4.666896 0.000272 0.000012
v 4.699486 0.004632 0.000210
v 4.706075 0.004628 0.000210
v 4.749612 0.004633 0.000210
v 4.792261 0.004628 0.000210
v 4.816694 0.004624 0.000210
v 4.846815 0.004623 0.000210
v 4.870838 0.004632 0.000210
v 4.898939 0.004619 0.000210
v 4.900313 0.004620 0.000210
v 4.965363 0.004630 0.000210
v 5.000000 0.000000 0.000000
v 5.032087 0.004627 0.000210
v 5.058910 0.004638 0.000211
v 5.072748 0.004626 0.000210
v 5.087053 0.004633 0.000210
v 5.154443 0.004631 0.000210
v 5.166033 0.004633 0.000211
v 5.214842 0.004626 0.000210
v 5.287365 0.004620 0.000210
v 5.332642 0.000243 0.000011
v 5.391209 0.004630 0.000210
v 5.409371 0.004625 0.000210
v 5.433103 0.004624 0.000210
v 5.463405 0.004631 0.000210
v 5.513204 0.004634 0.000211
v 5.533086 0.004637 0.000211
v 5.552599 0.004628 0.000210
v 5.578890 0.004624 0.000210
v 5.596462 0.004616 0.000210
v 5.613068 0.004623 0.000210
v 5.666541 0.000201 0.000009
v 5.733091 0.004630 0.000210
v 5.794812 0.004629 0.000210
v 5.802620 0.004626 0.000210
v 5.830518 0.004632 0.000210
v 5.850675 0.004626 0.000210
v 5.914693 0.004631 0.000210
v 5.925197 0.004631 0.000211
v 5.979267 0.004626 0.000210
v 5.983653 0.004635 0.000211
v 6.000000 0.000000 0.000000
v 6.054698 0.004619 0.000210
v 6.088651 0.004627 0.000210
v 6.152488 0.004631 0.000210
v 6.172765 0.004624 0.000210
v 6.194566 0.004623 0.000210
v 6.226746 0.004631 0.000210
v 6.273875 0.004632 0.000210
v 6.333334 0.000000 0.000000
v 6.666667 0.000000 0.000000
v 7.000000 0.000000 0.000000
v 7.333334 0.000000 0.000000
v 7.666667 0.000000 0.000000
v 8.000000 0.000000 0.000000
v 8.333335 0.000000 0.000000
v 8.666666 0.000000 0.000000
v 9.000000 0.000000 0.000000
v 9.333331 0.000000 0.000000
v 9.666666 0.000000 0.000000
v 10.000000 0.000000 0.000000
v 10.333333 0.000000 0.000000
v 10.666667 0.000000 0.000000
v 11.000000 0.000000 0.000000
vn 0.000158 -0.999994 0.003327
vn 0.000158 -0.999994 0.003327
vn 0.000158 -0.999994 0.003327
vn 0.000158 -0.999994 0.003327
vn 0.000158 -0.999994 0.003327
vn 0.000158 -0.999994 0.003327
vn 0.000158 -0.999994 0.003327
vn 0.000158 -0.999994 0.003327
vn 0.000158 -0.999994 0.003327
vn 0.000158 -0.999994 0.003327
vn 0.000158 -0.999994 0.003327
vn 0.000158 -0.999994 0.003327
vn 0.000158 -0.999994 0.003327
vn 0.000158 -0.999994 0.003327
vn 0.000158 -0.999994 0.003327
vn 0.000158 -0.999994 0.003327
vn -0.001118 -0.722620 0.691245
vn -0.001118 -0.722620 0.691245
vn -0.001118 -0.722620 0.691245
vn -0.001118 -0.722620 0.691245
vn -0.001118 -0.722620 0.691245
vn -0.001118 -0.722620 0.691245
vn -0.001118 -0.722620 0.691245
vn -0.001118 -0.722620 0.691245
vn -0.001118 -0.722620 0.691245
vn -0.001118 -0.722620 0.691245
vn -0.001118 -0.722620 0.691245
vn -0.001118 -0.722620 0.691245
vn -0.001118 -0.722620 0.691245
vn -0.001118 -0.722620 0.691245
vn -0.001118 -0.722620 0.691245
vn -0.001118 -0.722620 0.691245
vn -0.001118 -0.722620 0.691245
vn -0.001118 -0.722620 0.691245
vn -0.001118 -0.722620 0.691245
vn -0.001118 -0.722620 0.691245
vn -0.001118 -0.722620 0.691245
vn -0.001118 -0.722620 0.691245
vn -0.001118 -0.722620 0.691245
vn -0.001118 -0.722620 0.691245
vn 0.007466 0.999937 0.008378
vn 0.007466 0.999937 0.008378
vn 0.007466 0.999937 0.008378
vn 0.007466 0.999937 0.008378
vn 0.007466 0.999937 0.008378
vn 0.007466 0.999937 0.008378
vn 0.007466 0.999937 0.008378
vn 0.007466 0.999937 0.008378
vn 0.007466 0.999937 0.008378
vn -0.578953 0.071283 0.812239
vn 0.007466 0.999937 0.008378
vn -0.593242 0.095026 0.799396
vn 0.639509 -0.089807 -0.763520
vn 0.007466 0.999937 0.008378
vn 0.007466 0.999937 0.008378
vn 0.007466 0.999937 0.008378
vn 0.007466 0.999937 0.008378
vn 0.007466 0.999937 0.008378
vn 0.007466 0.999937 0.008378
vn 0.007466 0.999937 0.008378
vn 0.007466 0.999937 0.008378
vn 0.007466 0.999937 0.008378
vn 0.007466 0.999937 0.008378
vn 0.007466 0.999937 0.008378
vn -0.575738 0.089578 0.812712
vn 0.007466 0.999937 0.008378
vn -0.588249 0.095938 0.802969
vn 0.589175 -0.082584 -0.803774
vn 0.007466 0.999937 0.008378
vn -0.566254 0.070108 0.821244
vn 0.562786 -0.023936 -0.826256
vn 0.007466 0.999937 0.008378
vn -0.577201 0.068994 0.813682
vn 0.007466 0.999937 0.008378
vn 0.600497 -0.105162 -0.792682
vn 0.579695 -0.068934 -0.811913
vn 0.578829 -0.058635 -0.813338
vn -0.580474 0.036196 0.813474
vn 0.007466 0.999937 0.008378
vn 0.519545 -0.063208 -0.852102
vn -0.485795 0.014639 0.873950
vn 0.570124 -0.097639 -0.815736
vn 0.577361 -0.071065 -0.813390
vn 0.521959 -0.010651 -0.852904
vn -0.605719 0.118459 0.786811
vn -0.627873 0.123597 0.768439
vn 0.502082 -0.063567 -0.862481
vn 0.559719 -0.074890 -0.825292
vn -0.576460 0.073573 0.813806
vn 0.557624 -0.078551 -0.826369
vn 0.620996 -0.080677 -0.779651
vn -0.607593 0.088603 0.789291
vn 0.622364 -0.121411 -0.773254
vn -0.622471 0.155449 0.767050
vn 0.003567 0.999954 0.008958
vn 0.521927 -0.070504 -0.850071
vn -0.543397 -0.003926 0.839466
vn 0.619155 -0.096361 -0.779334
vn -0.612071 0.083863 0.786343
vn -0.629334 0.120073 0.767803
vn -0.636694 0.154953 0.755387
vn -0.557494 0.046436 0.828881
vn -0.539957 0.070799 0.838709
vn 0.547179 -0.047125 -0.835688
vn 0.580431 -0.060021 -0.812094
vn 0.556257 -0.072298 -0.827859
vn -0.563618 -0.011718 0.825952
vn -0.539957 0.070799 0.838709
vn 0.536809 0.056921 -0.841781
vn -0.492871 -0.067324 0.867494
vn 0.615678 -0.018502 -0.787781
vn -0.546278 0.077438 0.834016
vn -0.554328 0.028320 0.831816
vn 0.586683 0.141562 -0.797348
vn 0.628750 -0.104222 -0.770592
vn 0.627407 -0.129514 -0.767846
vn 0.603310 -0.130967 -0.786679
vn 0.598334 -0.010594 -0.801177
vn 0.561281 -0.020924 -0.827361
vn -0.575749 0.048538 0.816184
vn 0.582687 -0.019777 -0.812456
vn -0.625007 -0.037047 0.779740
vn -0.588628 0.119018 0.799595
vn 0.549201 0.112316 -0.828108
vn 0.477586 0.016792 -0.878425
vn -0.572815 0.073235 0.816406
vn 0.602691 -0.082793 -0.793668
vn 0.603310 -0.130967 -0.786679
vn 0.612737 -0.111210 -0.782423
vn -0.619726 0.153573 0.769646
vn 0.609199 -0.127266 -0.782738
vn -0.629955 0.101622 0.769954
vn 0.615887 -0.049911 -0.786252
vn -0.578416 0.120542 0.806786
vn 0.582537 -0.050870 -0.811211
vn 0.595355 0.139470 -0.791265
vn -0.510211 0.014159 0.859933
vn -0.501395 0.080458 0.861469
vn -0.565396 0.094523 0.819385
vn -0.575984 0.066389 0.814761
vn 0.635295 -0.130503 -0.761163
vn 0.603462 0.093062 -0.791942
vn 0.643009 -0.078974 -0.761776
vn 0.665782 -0.044770 -0.744802
vn 0.588513 -0.085917 -0.803909
vn -0.591722 -0.209455 0.778456
vn -0.496791 0.008223 0.867832
vn 0.514741 0.025051 -0.856980
vn 0.604764 -0.025094 -0.796009
vn -0.471058 -0.025905 0.881722
vn 0.637258 0.013339 -0.770535
vn 0.665782 -0.044770 -0.744802
vn -0.651211 0.112798 0.750468
vn -0.624655 0.140499 0.768158
vn -0.607370 0.116593 0.785817
vn 0.579805 -0.042569 -0.813642
vn 0.482747 0.032996 -0.875138
vn -0.531499 -0.088299 0.842444
vn 0.563941 -0.015102 -0.825677
vn 0.005194 -0.999018 0.044007
vn 0.005350 -0.998329 0.057542
vn 0.569942 -0.122491 -0.812504
vn 0.547746 -0.001536 -0.836643
vn -0.622370 0.142738 0.769598
vn 0.595548 -0.032339 -0.802668
vn 0.572252 0.037454 -0.819222
vn -0.602736 0.144433 0.784760
vn 0.573508 -0.021659 -0.818914
vn 0.605516 -0.058904 -0.793651
vn 0.600183 -0.113415 -0.791781
vn 0.628609 -0.148787 -0.763356
vn -0.622620 0.154846 0.767051
vn 0.537056 -0.211311 -0.816651
vn 0.648742 0.059677 -0.758665
vn -0.567859 0.127252 0.813230
vn -0.604847 0.010091 0.796278
vn 0.689498 -0.096757 -0.717796
vn -0.574443 -0.094015 0.813128
vn -0.616045 -0.026022 0.787281
vn -0.620524 0.161683 0.767338
vn 0.574450 -0.158124 -0.803121
vn 0.649753 -0.038084 -0.759190
vn 0.566185 0.007034 -0.824248
vn 0.650106 -0.088060 -0.754724
vn -0.620524 0.161683 0.767338
vn -0.614729 0.168639 0.770499
vn 0.598349 -0.036431 -0.800407
vn 0.687053 -0.024379 -0.726199
vn 0.611784 -0.137545 -0.778975
vn 0.568814 -0.171064 -0.804480
vn -0.635369 0.135353 0.760254
vn -0.674341 0.179296 0.716322
vn -0.526490 -0.002590 0.850178
vn 0.654536 0.046599 -0.754593
vn -0.669884 -0.021699 0.742148
vn 0.617291 0.035849 -0.785918
vn -0.465196 0.089584 0.880663
vn 0.403042 -0.096466 -0.910083
vn 0.546584 -0.156950 -0.822565
vn 0.599315 -0.209813 -0.772528
vn 0.601064 -0.195825 -0.774839
vn -0.526490 -0.002590 0.850178
vn 0.594959 0.010134 -0.803692
vn 0.675918 -0.006530 -0.736947
vn -0.691774 0.023091 0.721744
vn 0.706104 0.029138 -0.707508
vn 0.549754 -0.064313 -0.832847
vn 0.578409 -0.152030 -0.801455
vn 0.585141 -0.115747 -0.802628
vn -0.660127 0.191491 0.726336
vn 0.759497 -0.213609 -0.614439
vn 0.557068 -0.207597 -0.804101
vn -0.522289 0.050883 0.851249
vn 0.680241 0.012148 -0.732887
vn -0.598916 -0.020413 0.800552
vn -0.338045 0.097022 0.936116
vn -0.481843 0.112073 0.869061
vn -0.481843 0.112073 0.869061
vn 0.569974 -0.119621 -0.812909
vn -0.566534 0.129108 0.813862
vn 0.559195 -0.092159 -0.823898
vn 0.644208 -0.152885 -0.749414
vn 0.731618 -0.167016 -0.660939
vn 0.675691 -0.241604 -0.696469
vn 0.570636 -0.217038 -0.792003
vn 0.574158 0.112331 -0.811002
vn 0.571157 0.096720 -0.815123
vn 0.592329 0.025043 -0.805307
vn -0.452311 0.116363 0.884237
vn -0.570176 0.115939 0.813300
vn 0.690535 -0.196016 -0.696232
vn 0.685170 -0.277155 -0.673593
vn 0.662261 -0.156933 -0.732655
vn -0.519789 0.120358 0.845774
vn -0.399708 0.101707 0.910983
vn 0.405721 -0.116319 -0.906565
vn 0.455291 -0.081788 -0.886578
vn 0.520339 -0.147769 -0.841077
vn 0.618224 -0.135529 -0.774229
vn 0.615499 -0.108618 -0.780617
vn 0.744422 -0.192476 -0.639366
vn -0.571615 -0.090456 0.815520
vn -0.449849 0.089009 0.888658
vn 0.582861 -0.110516 -0.805021
vn 0.645919 -0.217792 -0.731680
vn -0.455131 0.140162 0.879324
vn 0.581445 -0.085357 -0.809096
vn -0.647646 0.229579 0.726531
vn -0.537640 0.043759 0.842038
vn 0.473192 0.003196 -0.880953
vn 0.542149 -0.085178 -0.835954
vn -0.518448 -0.003670 0.855101
vn -0.497122 0.091366 0.862857
vn -0.562389 0.161240 0.810999
vn 0.550396 -0.138604 -0.823318
vn -0.628942 0.132434 0.766089
vn -0.586180 0.215846 0.780899
vn 0.576060 -0.105787 -0.810533
vn 0.574984 -0.049857 -0.816644
vn 0.563440 -0.069334 -0.823243
vn -0.519375 0.121408 0.845878
vn 0.568875 -0.087571 -0.817748
vn 0.597538 -0.042724 -0.800702
vn -0.558227 0.121729 0.820709
vn 0.582607 -0.074740 -0.809310
vn 0.598627 -0.092668 -0.795650
vn 0.597601 -0.046489 -0.800445
vn -0.531000 0.094487 0.842087
vn -0.535026 0.093528 0.839643
vn -0.547435 0.056596 0.834932
vn 0.675086 -0.141686 -0.724006
vn -0.617836 0.114720 0.777893
vn -0.642505 0.108688 0.758534
vn 0.553998 -0.049634 -0.831037
vn 0.585356 -0.118690 -0.802042
vn 0.657305 -0.151317 -0.738278
vn -0.664440 0.177542 0.725946
vn -0.662581 0.089340 0.743643
vn 0.651141 -0.065195 -0.756151
vn 0.599328 0.029791 -0.799949
vn 0.543765 -0.193002 -0.816743
vn 0.614821 -0.123945 -0.778866
vn 0.642312 -0.114116 -0.757900
vn 0.567548 -0.124674 -0.813846
vn 0.666400 -0.077270 -0.741579
vn -0.509705 0.141391 0.848652
vn -0.503196 0.131977 0.854035
vn 0.565130 -0.132508 -0.814291
vn -0.657479 0.178252 0.732085
vn 0.647692 -0.118637 -0.752609
vn -0.531268 0.083320 0.843097
vn -0.578356 0.073116 0.812501
vn -0.494405 0.157744 0.854799
vn -0.589915 0.209139 0.779911
vn -0.511027 0.069716 0.856733
vn -0.488675 0.158462 0.857955
vn -0.500729 0.069619 0.862800
vn 0.487956 -0.160958 -0.857900
vn -0.508132 0.044512 0.860128
vn 0.513588 -0.024657 -0.857683
vn -0.580266 0.151066 0.800294
vn 0.581676 -0.174990 -0.794375
vn -0.591957 0.233417 0.771430
vn -0.590922 0.159628 0.790778
vn -0.579268 0.151117 0.801007
vn -0.526045 0.107262 0.843665
vn 0.516037 0.029105 -0.856071
vn 0.568852 0.079196 -0.818618
vn 0.566331 -0.039413 -0.823235
vn 0.025770 0.995902 -0.086694
vn -0.526045 0.107262 0.843665
vn -0.600703 0.149789 0.785314
vn -0.612319 0.059886 0.788339
vn 0.036885 0.995539 -0.086846
vn 0.578136 -0.154313 -0.801215
vn 0.559610 -0.168005 -0.811549
vn -0.582539 0.080338 0.808823
vn 0.629875 -0.071733 -0.773377
vn 0.629875 -0.071733 -0.773377
vn 0.603190 -0.171054 -0.779039
vn 0.549515 0.017597 -0.835299
vn 0.607351 -0.100096 -0.788102
vn 0.561217 -0.092780 -0.822452
vn 0.580602 -0.151219 -0.800021
vn 0.056999 0.993101 -0.102476
vn 0.056999 0.993101 -0.102476
vn 0.056999 0.993101 -0.102476
vn -0.555950 0.020766 0.830957
vn -0.638332 0.054235 0.767848
vn -0.588321 0.010695 0.808557
vn 0.584219 -0.133155 -0.800598
vn -0.614382 0.196723 0.764091
vn -0.629759 0.110402 0.768905
vn -0.583872 -0.024210 0.811485
vn 0.056999 0.993101 -0.102476
vn 0.056999 0.993101 -0.102476
vn -0.555950 0.020766 0.830957
vn -0.546843 0.080223 0.833383
vn 0.603942 -0.009598 -0.796971
vn -0.579635 0.165395 0.797914
vn -0.571761 -0.027966 0.819943
vn -0.555683 -0.114164 0.823519
vn -0.060346 0.995157 -0.077589
vn 0.067838 -0.997241 0.030137
vn -0.060346 0.995157 -0.077589
vn 0.159459 0.987127 0.012387
vn 0.159459 0.987127 0.012387
vn -0.060346 0.995157 -0.077589
vn 0.107702 0.988128 -0.109558
vn 0.056999 0.993101 -0.102476
vn 0.056999 0.993101 -0.102476
vn 0.056999 0.993101 -0.102476
vn -0.542904 -0.012137 0.839707
vn 0.597063 -0.020142 -0.801942
vn -0.586286 -0.021753 0.809812
vn 0.683734 0.030543 -0.729092
vn -0.667118 0.134524 0.732705
vn -0.652372 0.121015 0.748175
vn -0.534200 0.152178 0.831548
vn -0.587501 0.092419 0.803929
vn 0.582365 -0.176122 -0.793620
vn -0.552325 -0.296366 0.779169
vn 0.085487 0.992571 -0.086569
vn -0.540173 0.069806 0.838654
vn -0.547016 0.067287 0.834414
vn 0.567505 0.123363 -0.814076
vn 0.555472 -0.166723 -0.814650
vn -0.553783 0.130567 0.822360
vn 0.669578 -0.062874 -0.740076
vn -0.611919 0.158655 0.774845
vn 0.546034 0.073008 -0.834576
vn 0.614671 0.057231 -0.786705
vn 0.548284 -0.124323 -0.827000
vn 0.567423 -0.145928 -0.810392
vn 0.592747 -0.141165 -0.792921
vn 0.570402 0.129343 -0.811118
vn 0.678260 -0.001729 -0.734820
vn -0.522765 -0.086718 0.848054
vn -0.510946 -0.022721 0.859312
vn 0.558718 -0.101082 -0.823175
vn 0.486247 -0.181809 -0.854698
vn -0.695364 0.128511 0.707074
vn -0.635130 -0.035055 0.771610
vn 0.655885 0.178065 -0.733559
vn -0.620172 -0.098165 0.778299
vn 0.529541 -0.176613 -0.829695
vn 0.427116 -0.058238 -0.902319
vn 0.534619 0.005493 -0.845075
vn 0.652822 -0.008725 -0.757461
vn 0.536063 0.004697 -0.844165
vn 0.752396 0.049721 -0.656832
vn 0.455728 0.152091 -0.877029
vn -0.534543 -0.113686 0.837460
vn 0.085487 0.992571 -0.086569
vn -0.483722 -0.052503 0.873646
vn -0.448504 -0.039877 0.892891
vn -0.397997 -0.079627 0.913924
vn -0.500668 -0.033226 0.865002
vn 0.706867 -0.080888 -0.702707
vn 0.633382 -0.190258 -0.750086
vn 0.629940 -0.125178 -0.766489
vn -0.528382 -0.234398 0.816009
vn -0.503868 -0.161084 0.848628
vn 0.085487 0.992571 -0.086569
vn -0.545780 -0.039545 0.836995
vn 0.509625 0.045192 -0.859209
vn 0.397448 -0.030549 -0.917116
vn -0.398379 -0.024963 0.916881
vn -0.554536 0.105449 0.825452
vn 0.575516 -0.162148 -0.801554
vn 0.646704 0.050311 -0.761080
vn 0.531349 0.078940 -0.843467
vn 0.653779 0.082069 -0.752222
vn -0.652349 0.045463 0.756554
vn -0.379818 0.032264 0.924498
vn -0.437828 0.097622 0.893743
vn 0.366007 -0.122934 -0.922457
vn -0.414917 -0.070960 0.907088
vn -0.349431 0.033607 0.936359
vn -0.337831 -0.113991 0.934279
vn -0.337831 -0.113991 0.934279
vn 0.796285 -0.028037 -0.604272
vn 0.526126 0.201046 -0.826300
vn -0.700082 -0.123097 0.703373
vn -0.531543 0.156596 0.832430
vn -0.621162 0.267383 0.736658
vn 0.392504 -0.101647 -0.914116
vn -0.451762 0.063543 0.889873
vn 0.374221 -0.025330 -0.926993
vn -0.425752 -0.133636 0.894917
vn 0.359800 0.161181 -0.919002
vn -0.389078 -0.075937 0.918070
vn -0.433410 -0.069884 0.898483
vn 0.606489 -0.011747 -0.795005
vn -0.742112 0.100376 0.662718
vn -0.501543 0.130797 0.855188
vn 0.468411 -0.270145 -0.841198
vn 0.573786 -0.278230 -0.770297
vn 0.533337 -0.271766 -0.801059
vn 0.363147 -0.191956 -0.911744
vn -0.238923 -0.175621 0.955025
vn -0.290781 -0.163304 0.942750
vn 0.573770 0.227728 -0.786720
vn 0.379338 0.187784 -0.906002
vn -0.481513 -0.200066 0.853299
vn 0.545734 -0.196607 -0.814567
vn -0.525990 0.659296 0.537274
vn -0.345678 0.213972 0.913631
vn 0.576813 -0.018944 -0.816657
vn 0.561829 -0.251685 -0.788038
vn -0.523198 0.276813 0.806002
vn -0.467382 0.154293 0.870487
vn -0.452518 -0.005772 0.891737
vn 0.256940 0.283029 -0.924054
vn 0.321922 0.239420 -0.915994
vn 0.038002 0.027054 0.998911
vn -0.262470 -0.183584 0.947315
vn -0.505920 0.078811 0.858972
vn -0.121896 -0.017249 0.992393
vn 0.234587 0.052360 -0.970684
vn -0.435612 0.217554 0.873449
vn -0.533609 0.232702 0.813087
vn -0.533609 0.232702 0.813087
vn 0.540738 -0.238754 -0.806597
vn 0.065209 0.997333 -0.032771
vn -0.492457 0.084364 0.866239
vn -0.566000 0.237400 0.789484
vn -0.527083 0.250323 0.812110
vn -0.185687 -0.012470 0.982530
vn 0.127770 0.325305 -0.936937
vn 0.092191 0.123119 -0.988100
vn -0.255907 -0.083200 0.963114
vn -0.547520 0.212075 0.809473
vn 0.410668 0.178935 0.894055
vn -0.150013 0.208170 0.966520
vn 0.372095 0.137552 -0.917946
vn -0.408450 0.268740 0.872323
vn -0.211282 -0.078678 0.974253
vn -0.592579 0.217355 0.775633
vn 0.050572 0.998643 -0.012453
vn 0.050572 0.998643 -0.012453
vn -0.391946 -0.105022 0.913974
vn -0.432000 -0.009201 0.901827
vn -0.472801 0.024996 0.880815
vn -0.465579 0.033811 0.884360
vn -0.462406 0.153031 0.873362
vn -0.449262 0.017837 0.893222
vn -0.613247 0.153391 0.774854
vn -0.432418 0.124832 0.892990
vn -0.450158 -0.105618 0.886681
vn 0.269501 0.054640 -0.961449
vn 0.501930 0.069365 -0.862122
vn -0.128948 0.109656 0.985570
vn 0.056907 0.099688 0.993390
vn -0.034649 0.192115 0.980761
vn -0.422519 -0.043327 0.905318
vn 0.185904 0.179357 0.966059
vn 0.527557 -0.227487 -0.818495
vn -0.125762 -0.370462 0.920294
vn -0.247133 -0.006631 0.968959
vn 0.290469 -0.178569 -0.940075
vn -0.530676 0.276678 0.801144
vn 0.998619 -0.002476 -0.052481
vn 0.159459 0.987127 0.012387
vn -0.068814 0.997242 0.027788
vn -0.029705 -0.998993 -0.033629
vn -0.509655 0.241770 0.825711
vn -0.431694 -0.007463 0.901989
vn -0.554049 -0.045244 0.831254
vn 0.545126 0.165179 -0.821921
vn 0.624626 0.134542 -0.769247
vn -0.106690 -0.172518 0.979211
vn 0.032532 -0.080096 0.996256
vn -0.250737 0.302299 0.919645
vn -0.268311 -0.074800 0.960424
vn 0.680865 0.512626 -0.523104
vn -0.501049 -0.213800 0.838594
vn -0.551868 -0.336559 0.763000
vn 0.927562 0.227168 -0.296689
vn 0.733317 0.164055 -0.659797
vn -0.626776 0.654787 0.422381
vn -0.707981 0.274392 0.650747
vn -0.115636 -0.367905 0.922645
vn 0.409624 -0.091409 -0.907663
vn -0.459503 0.308486 0.832882
vn 0.498212 -0.285180 -0.818814
vn 0.502102 -0.332225 -0.798449
vn 0.010334 0.999792 0.017580
vn 0.010334 0.999792 0.017580
vn 0.460803 0.006547 -0.887478
vn 0.664441 -0.167176 -0.728402
vn 0.447739 0.081648 -0.890429
vn -0.524604 0.162486 0.835697
vn 0.635511 -0.098240 -0.765816
vn 0.721232 -0.242546 -0.648842
vn 0.718785 -0.278963 -0.636811
vn 0.694722 0.044861 -0.717878
vn 0.579904 -0.099909 -0.808535
vn -0.285012 0.012676 0.958440
vn 0.316389 0.441886 -0.839425
vn -0.079145 0.043475 0.995915
vn -0.005317 0.383874 0.923370
vn 0.491640 0.216166 -0.843542
vn -0.679462 0.140775 0.720079
vn 0.631656 -0.070570 -0.772030
vn 0.998604 0.052159 0.008298
vn 0.924843 0.250230 -0.286445
vn -0.478568 0.628828 0.612820
vn -0.694589 0.662565 0.280275
vn -0.460663 0.349523 0.815857
vn 0.488995 -0.002574 -0.872283
vn 0.706865 -0.122004 -0.696748
vn -0.446319 0.205326 0.871000
vn 0.492499 -0.318867 -0.809795
vn -0.501196 0.323165 0.802725
vn 0.000234 -0.999820 -0.018978
vn 0.503472 0.068226 -0.861314
vn 0.496484 0.051251 -0.866532
vn 0.548405 -0.167455 -0.819274
vn 0.526454 0.000070 -0.850204
vn -0.508547 -0.022274 0.860746
vn 0.643075 0.207820 -0.737066
vn 0.565068 0.000058 -0.825044
vn -0.537875 -0.209297 0.816631
vn 0.433565 -0.016939 -0.900963
vn -0.379529 0.227249 0.896837
vn -0.503715 0.666851 0.549164
vn -0.760224 0.187245 0.622093
vn -0.556999 0.767548 0.317211
vn 0.401295 -0.613075 -0.680515
vn -0.521582 0.405545 0.750657
vn 0.549193 -0.023335 -0.835370
vn 0.550015 -0.015968 -0.835002
vn -0.616187 0.109987 0.779882
vn -0.588101 0.287346 0.756022
vn 0.999473 -0.000048 -0.032452
vn 0.999737 -0.003104 -0.022732
vn 0.998619 -0.002476 -0.052481
vn 0.977051 0.084268 0.195629
vn 0.116061 -0.992141 -0.046758
vn -0.164021 -0.986140 0.025004
vn -0.164021 -0.986140 0.025004
vn 0.116061 -0.992141 -0.046758
vn 0.502624 0.050506 -0.863028
vn -0.468156 0.008675 0.883603
vn -0.410979 -0.140475 0.900757
vn 0.482310 0.080340 -0.872309
vn 0.411263 0.145796 -0.899781
vn 0.698757 0.078845 -0.711001
vn 0.432468 0.136144 -0.891311
vn 0.577224 0.073295 -0.813290
vn 0.536095 0.179561 -0.824839
vn -0.559378 -0.334950 0.758225
vn 0.711241 0.207409 -0.671653
vn 0.612716 0.268165 -0.743415
vn -0.447672 0.222788 0.866000
vn -0.563441 0.479804 0.672549
vn 0.678698 -0.114803 -0.725389
vn -0.513496 0.401972 0.758116
vn 0.557891 0.110015 -0.822590
vn -0.728118 -0.134504 0.672126
vn 0.526121 -0.155601 -0.836053
vn 0.526724 -0.234189 -0.817140
vn 0.999473 -0.000020 -0.032462
vn 0.999473 -0.000020 -0.032462
vn 0.999473 -0.000020 -0.032462
vn 0.999473 -0.000020 -0.032462
vn 0.999473 -0.000020 -0.032462
vn 0.999473 -0.000048 -0.032452
vn 0.999473 -0.000048 -0.032452
vn 0.999475 -0.000077 -0.032407
vn 0.999476 -0.000089 -0.032371
vn 0.999478 -0.000100 -0.032302
vn 0.999478 -0.000100 -0.032302
vn 0.999478 -0.000100 -0.032302
vn 0.999478 -0.000100 -0.032302
vn 0.999478 -0.000100 -0.032302
vn 0.999478 -0.000100 -0.032302
vn 0.999478 -0.000100 -0.032302
vn 0.999478 -0.000100 -0.032302
vn 0.999457 0.000756 -0.032939
vn 0.999457 0.000756 -0.032939
vn 0.999737 -0.003104 -0.022732
vn 0.999457 0.000756 -0.032939
vn 0.999737 -0.003104 -0.022732
vn 0.998327 -0.000107 -0.057824
vn 0.998327 -0.000107 -0.057824
vn 0.998327 -0.000107 -0.057824
vn 0.999993 -0.000466 -0.003611
vn 0.999993 -0.000466 -0.003611
vn 0.999993 -0.000466 -0.003611
vn 0.999993 -0.000466 -0.003611
vn 0.999993 -0.000466 -0.003611
vn 0.999661 -0.000035 -0.026045
vn 0.999661 -0.000035 -0.026045
vn 0.999750 -0.002747 -0.022198
vn 0.999662 -0.000084 -0.026005
vn 0.999663 -0.000120 -0.025946
vn 0.999994 -0.000972 -0.003316
vn 0.999649 0.001105 -0.026453
vn 0.999995 0.000309 -0.003113
vn 0.999653 0.000845 -0.026337
vn 0.999995 0.000045 -0.003036
vn 0.999995 0.000045 -0.003036
vn 0.999995 0.000045 -0.003036
vn 0.999995 0.000045 -0.003036
vn 0.999995 0.000045 -0.003036
vn 0.998619 -0.002476 -0.052481
vn 0.998619 -0.002476 -0.052481
vn 0.998619 -0.002476 -0.052481
vn 0.998619 -0.002476 -0.052481
vn 0.998619 -0.002476 -0.052481
vn 0.998619 -0.002476 -0.052481
vn 0.998619 -0.002476 -0.052481
vn 0.998619 -0.002476 -0.052481
vn 0.998619 -0.002476 -0.052481
vn 0.998619 -0.002476 -0.052481
vn 0.998619 -0.002476 -0.052481
vn 0.998619 -0.002476 -0.052481
vn 0.998619 -0.002476 -0.052481
vn 0.998619 -0.002476 -0.052481
vn -0.222101 0.974419 -0.034347
vn -0.222101 0.974419 -0.034347
vn 0.977051 0.084268 0.195629
vn 0.977051 0.084268 0.195629
vn 0.881132 0.043413 0.470874
vn 0.881132 0.043413 0.470874
vn -0.222101 0.974419 -0.034347
vn 0.966989 0.192021 0.167510
vn 0.928092 0.270256 0.256141
vn -0.164021 -0.986140 0.025004
vn 0.116061 -0.992141 -0.046758
vn 0.159459 0.987127 0.012387
vn 0.159459 0.987127 0.012387
vn 0.159459 0.987127 0.012387
vn 0.159459 0.987127 0.012387
vn 0.159459 0.987127 0.012387
vn 0.159459 0.987127 0.012387
vn 0.159459 0.987127 0.012387
vn 0.159459 0.987127 0.012387
vn 0.159459 0.987127 0.012387
vn -0.164021 -0.986140 0.025004
vn -0.164021 -0.986140 0.025004
vn -0.164021 -0.986140 0.025004
vn -0.164021 -0.986140 0.025004
vn -0.164021 -0.986140 0.025004
vn 0.107155 -0.993610 -0.035466
vn 0.116061 -0.992141 -0.046758
vn 0.116061 -0.992141 -0.046758
vn 0.116061 -0.992141 -0.046758
vn -0.003796 0.999576 0.028872
vn 0.159459 0.987127 0.012387
vn 0.159459 0.987127 0.012387
vn -0.164021 -0.986140 0.025004
vn 0.093899 -0.994468 0.047084
vn 0.064972 -0.995765 0.065048
vn -0.148748 0.988160 -0.037590
vn -0.103207 0.994369 0.024045
vn -0.100207 0.994527 0.029577
vn -0.001057 0.999513 0.031183
vn -0.001057 0.999513 0.031183
vn 0.034843 -0.999074 -0.025258
vn -0.003796 0.999576 0.028872
vn -0.023251 0.998520 -0.049165
vn -0.023879 0.998405 -0.051162
vn -0.023879 0.998405 -0.051162
vn -0.033057 0.997749 -0.058341
vn -0.033057 0.997749 -0.058341
vn -0.032848 0.998651 -0.040213
vn -0.061269 0.995908 -0.066428
vn -0.025558 0.999524 -0.017254
vn -0.025558 0.999524 -0.017254
vn -0.025558 0.999524 -0.017254
vn -0.014082 0.998861 0.045588
vn -0.354281 0.351980 0.866369
vn 0.427182 -0.004642 -0.904154
vn 0.427804 0.105968 -0.897638
vn 0.375959 0.021861 -0.926378
vn -0.522752 0.019208 0.852269
vn -0.639865 0.176670 0.747904
vn -0.419839 -0.100070 0.902065
vn -0.665888 -0.370605 0.647491
vn 0.714373 0.101035 -0.692433
vn 0.642957 0.141806 -0.752660
vn -0.519328 -0.159932 0.839476
vn -0.333488 -0.138474 0.932529
vn 0.380996 0.073419 -0.921657
vn 0.609520 -0.386942 -0.691926
vn 0.494019 -0.398628 -0.772684
vn -0.611347 0.559912 0.559244
vn 0.693195 -0.037777 -0.719759
vn -0.673143 -0.036074 0.738632
vn 0.508746 -0.127637 -0.851402
vn 0.530445 -0.165803 -0.831347
vn 0.492168 -0.152289 -0.857076
vn 0.999473 -0.000020 -0.032462
vn 0.999473 -0.000020 -0.032462
vn 0.999473 -0.000020 -0.032462
vn 0.999473 -0.000020 -0.032462
vn 0.999473 -0.000020 -0.032462
vn 0.999473 -0.000020 -0.032462
vn 0.999473 -0.000020 -0.032462
vn 0.999473 -0.000020 -0.032462
vn 0.999473 -0.000020 -0.032462
vn 0.999473 -0.000034 -0.032461
vn 0.999473 -0.000034 -0.032461
vn 0.999473 -0.000048 -0.032452
vn 0.999473 -0.000048 -0.032452
vn 0.999474 -0.000062 -0.032434
vn 0.999475 -0.000077 -0.032407
vn 0.999475 -0.000077 -0.032407
vn 0.999475 -0.000077 -0.032407
vn 0.999478 -0.000100 -0.032302
vn 0.999478 -0.000100 -0.032302
vn 0.999736 -0.001138 -0.022968
vn 0.999457 0.000756 -0.032939
vn 0.999457 0.000756 -0.032939
vn 0.999457 0.000756 -0.032939
vn 0.998327 -0.000107 -0.057824
vn 0.998327 -0.000107 -0.057824
vn 0.999993 -0.000466 -0.003611
vn 0.999993 -0.000466 -0.003611
vn 0.999661 -0.000035 -0.026045
vn 0.999662 -0.000084 -0.026005
vn 0.999995 0.000045 -0.003036
vn 0.998619 -0.002476 -0.052481
vn 0.998619 -0.002476 -0.052481
vn 0.998619 -0.002476 -0.052481
vn 0.998619 -0.002476 -0.052481
vn 0.998619 -0.002476 -0.052481
vn 0.998619 -0.002476 -0.052481
vn 0.998619 -0.002476 -0.052481
vn 0.998619 -0.002476 -0.052481
vn 0.998619 -0.002476 -0.052481
vn 0.998721 -0.003659 -0.050433
vn 0.977051 0.084268 0.195629
vn 0.977051 0.084268 0.195629
vn 0.881132 0.043413 0.470874
vn 0.881132 0.043413 0.470874
vn 0.881132 0.043413 0.470874
vn 0.881132 0.043413 0.470874
vn 0.881132 0.043413 0.470874
vn 0.990098 0.009919 0.140025
vn 0.966989 0.192021 0.167510
vn 0.067838 -0.997241 0.030137
vn 0.093899 -0.994468 0.047084
vn 0.034843 -0.999074 -0.025258
vn -0.019414 0.999640 0.018498
vn -0.031057 0.999429 -0.013344
vn 0.001414 0.999999 -0.000351
vn -0.025558 0.999524 -0.017254
vn 0.043045 0.035755 0.998433
vn 0.505998 0.115244 -0.854801
vn -0.360399 -0.051627 0.931368
vn -0.385564 -0.051126 0.921264
vn 0.490285 0.117972 -0.863541
vn 0.456213 0.134149 -0.879701
vn 0.465538 0.095928 -0.879814
vn 0.460113 -0.008857 -0.887816
vn -0.420616 0.171502 0.890881
vn -0.403936 -0.043069 0.913773
vn 0.581291 -0.044328 -0.812487
vn 0.549419 0.277807 -0.788011
vn 0.582631 0.048669 -0.811278
vn 0.312022 0.075430 -0.947076
vn 0.376149 0.240192 -0.894885
vn 0.451755 0.101295 -0.886373
vn -0.389029 -0.097801 0.916019
vn 0.503639 0.025361 -0.863542
vn 0.339223 0.150440 -0.928599
vn 0.479363 -0.128868 -0.868104
vn -0.456030 0.035611 0.889251
vn 0.459426 -0.121821 -0.879823
vn -0.377837 -0.115424 0.918649
vn -0.641503 0.380143 0.666308
vn 0.504621 0.115498 -0.855580
vn 0.527370 -0.122819 -0.840712
vn -0.711795 0.442842 0.545196
vn -0.670771 0.015764 0.741497
vn -0.689137 0.129662 0.712936
vn -0.516795 0.191540 0.834407
vn -0.476678 0.242966 0.844835
vn 0.460155 0.037981 -0.887026
vn 0.396259 0.086916 -0.914016
vn -0.385038 -0.075650 0.919795
vn -0.385038 -0.075650 0.919795
vn 0.419025 0.176172 -0.890720
vn -0.418159 -0.123493 0.899940
vn -0.482664 0.083030 0.871861
vn -0.472930 -0.099014 0.875519
vn 0.438660 0.249264 -0.863392
vn 0.598723 0.068463 -0.798025
vn 0.477880 0.026579 -0.878023
vn 0.318754 -0.052734 -0.946369
vn 0.318754 -0.052734 -0.946369
vn -0.230042 0.112561 0.966649
vn -0.416658 0.175854 0.891892
vn -0.427153 -0.147956 0.891992
vn -0.520863 0.069929 0.850771
vn 0.465982 0.090817 -0.880121
vn -0.402830 -0.162217 0.900785
vn -0.344038 -0.219996 0.912820
vn -0.631197 0.126127 0.765299
vn 0.494963 -0.375902 -0.783396
vn -0.534334 0.316627 0.783731
vn -0.473862 0.010712 0.880534
vn -0.609875 -0.058174 0.790360
vn -0.401574 -0.064910 0.913523
vn 0.394628 0.065801 -0.916482
vn -0.376456 -0.016268 0.926292
vn -0.450953 -0.133259 0.882544
vn 0.543130 -0.015719 -0.839502
vn 0.373893 0.201292 -0.905365
vn -0.564525 -0.021960 0.825124
vn 0.394943 0.022945 -0.918419
vn 0.582451 -0.025375 -0.812470
vn 0.506379 0.170689 -0.845249
vn 0.462387 0.148694 -0.874122
vn -0.441059 -0.119723 0.889457
vn -0.516305 -0.240521 0.821936
vn 0.497828 0.124712 -0.858262
vn 0.643616 0.188903 -0.741670
vn 0.487190 0.115844 -0.865579
vn 0.510031 0.040150 -0.859218
vn 0.527164 -0.082890 -0.845711
vn -0.496579 0.049244 0.866594
vn -0.424096 -0.078840 0.902179
vn 0.569031 -0.164659 -0.805662
vn 0.394756 0.225690 -0.890636
vn 0.562064 -0.202108 -0.802020
vn 0.598419 -0.076352 -0.797537
vn 0.344132 -0.277446 -0.896993
vn -0.554256 0.342086 0.758800
vn -0.637860 0.219694 0.738152
vn 0.555307 -0.362135 -0.748660
vn -0.421401 -0.101358 0.901192
vn 0.843677 -0.019302 -0.536504
vn 0.431942 0.027370 -0.901486
vn 0.557368 0.045894 -0.828996
vn 0.527792 0.042797 -0.848295
vn 0.674927 0.121113 -0.727878
vn -0.443438 -0.028511 0.895851
vn 0.460321 0.013120 -0.887656
vn -0.471851 -0.038283 0.880847
vn -0.560014 -0.029179 0.827969
vn -0.385998 -0.012374 0.922417
vn -0.409451 -0.100140 0.906820
vn 0.408284 0.202268 -0.890164
vn 0.438021 0.146386 -0.886966
vn -0.462602 -0.107576 0.880015
vn 0.498043 0.162701 -0.851752
vn -0.468950 -0.030098 0.882712
vn -0.463531 -0.016967 0.885918
vn 0.588621 -0.076530 -0.804779
vn -0.515791 0.053458 0.855045
vn 0.615959 0.022773 -0.787449
vn 0.622438 0.057957 -0.780520
vn 0.498759 -0.065978 -0.864226
vn 0.663026 -0.115383 -0.739651
vn 0.252051 0.067319 -0.965370
vn -0.429708 -0.283506 0.857307
vn -0.445526 0.071576 0.892403
vn -0.266329 0.196369 0.943667
vn 0.364447 -0.365554 -0.856475
vn 0.568836 -0.369735 -0.734657
vn -0.463254 0.071215 0.883359
vn 0.550127 0.104268 -0.828546
vn 0.459882 0.122195 -0.879532
vn 0.461758 0.109921 -0.880169
vn -0.556449 -0.045531 0.829633
vn 0.527046 0.129597 -0.839897
vn 0.558587 0.092414 -0.824282
vn -0.648814 -0.059948 0.758582
vn 0.672849 0.129526 -0.728353
vn 0.438666 -0.002694 -0.898646
vn -0.351658 0.019469 0.935926
vn 0.333965 0.017872 -0.942416
vn -0.451005 -0.119732 0.884454
vn 0.462818 0.095284 -0.881317
vn 0.399000 0.163298 -0.902293
vn 0.496714 0.146310 -0.855493
vn -0.482969 -0.071399 0.872721
vn 0.457952 0.087855 -0.884625
vn 0.516914 0.195799 -0.833344
vn -0.390703 -0.064658 0.918243
vn -0.383450 -0.036782 0.922829
vn 0.419226 0.081661 -0.904202
vn 0.470653 0.069247 -0.879597
vn -0.485390 -0.024708 0.873949
vn -0.466739 -0.077177 0.881021
vn -0.444122 0.395155 0.804120
vn 0.505436 0.010112 -0.862805
vn -0.236885 0.027278 0.971155
vn 0.521690 -0.166337 -0.836762
vn -0.456059 -0.027517 0.889524
vn -0.627064 0.366941 0.687128
vn -0.602342 0.230477 0.764241
vn -0.330394 -0.067487 0.941427
vn 0.413444 0.109722 -0.903894
vn -0.451932 0.163186 0.876999
vn 0.628200 -0.002302 -0.778048
vn 0.630179 0.294893 -0.718270
vn 0.321315 0.058890 -0.945139
vn -0.138216 0.078705 0.987270
vn -0.692593 0.131755 0.709194
vn -0.480654 0.027331 0.876484
vn -0.584686 -0.097667 0.805359
vn 0.701314 0.188306 -0.687531
vn 0.586110 0.147317 -0.796726
vn 0.593550 0.055466 -0.802883
vn 0.721663 0.017664 -0.692019
vn -0.536198 0.010573 0.844026
vn 0.512711 0.061464 -0.856358
vn -0.532770 -0.191474 0.824314
vn 0.616057 0.059864 -0.785423
vn 0.783362 0.025305 -0.621051
vn -0.643030 -0.107083 0.758318
vn 0.655037 0.054351 -0.753639
vn 0.609226 0.017022 -0.792814
vn -0.453783 0.000324 0.891112
vn 0.465246 -0.000564 -0.885181
vn -0.475021 0.053987 0.878317
vn 0.484320 0.047885 -0.873580
vn 0.462121 0.167930 -0.870772
vn 0.418242 0.229415 -0.878887
vn -0.367960 -0.232505 0.900304
vn 0.470428 0.198315 -0.859866
vn -0.586932 -0.157996 0.794070
vn -0.373485 -0.037991 0.926858
vn 0.339904 -0.037144 -0.939726
vn -0.468041 -0.079115 0.880158
vn -0.330836 0.161265 0.929807
vn -0.433935 0.002777 0.900940
vn 0.028565 -0.161890 0.986395
vn 0.131254 -0.168266 0.976964
vn -0.316283 -0.066093 0.946360
vn -0.165378 0.002169 0.986228
vn 0.349030 0.079263 -0.933753
vn 0.647426 0.132466 -0.750528
vn -0.452145 0.069442 0.889237
vn 0.010112 0.077316 0.996955
vn -0.476695 -0.062726 0.876828
vn -0.249597 -0.059070 0.966546
vn -0.562241 0.087238 0.822359
vn -0.500371 0.116628 0.857920
vn -0.536059 0.109292 0.837076
vn -0.599438 0.075117 0.796889
vn -0.736066 0.068337 0.673452
vn -0.032703 0.998059 0.052994
vn -0.489658 -0.014133 0.871800
vn 0.582383 0.095570 -0.807277
vn 0.618366 -0.087897 -0.780960
vn 0.723871 0.147668 -0.673947
vn -0.406757 -0.164998 0.898512
vn -0.657704 -0.119515 0.743735
vn 0.739232 0.028230 -0.672859
vn -0.643030 -0.107083 0.758318
vn 0.658682 0.122562 -0.742372
vn 0.551980 -0.003245 -0.833851
vn 0.430090 0.056164 -0.901037
vn 0.587586 0.063300 -0.806682
vn -0.616000 -0.038885 0.786786
vn 0.441901 0.029694 -0.896572
vn 0.529992 -0.017934 -0.847813
vn -0.411470 0.024167 0.911103
vn 0.450703 -0.009762 -0.892620
vn 0.502968 0.064838 -0.861870
vn 0.478513 0.053977 -0.876420
vn -0.457577 -0.135311 0.878814
vn 0.470738 0.115302 -0.874707
vn -0.372691 -0.214539 0.902815
vn 0.391455 0.187859 -0.900818
vn -0.327874 -0.050070 0.943394
vn 0.344467 0.030428 -0.938305
vn -0.313869 -0.063104 0.947367
vn -0.307762 0.007707 0.951432
vn 0.308285 0.064172 -0.949127
vn 0.382115 0.209446 -0.900067
vn -0.349834 -0.125628 0.928350
vn -0.652455 -0.281738 0.703510
vn -0.379430 -0.623824 0.683283
vn -0.136987 -0.181829 0.973742
vn 0.321699 0.188413 -0.927906
vn 0.391329 -0.034995 -0.919585
vn -0.112811 0.215607 0.969942
vn 0.294939 -0.088586 -0.951401
vn 0.456484 0.150998 -0.876825
vn 0.523027 -0.274933 -0.806756
vn -0.553556 -0.044565 0.831619
vn 0.438721 0.166160 -0.883128
vn -0.429510 -0.048232 0.901773
vn 0.578807 -0.279916 -0.765918
vn -0.630383 0.045356 0.774958
vn 0.691077 -0.085922 -0.717656
vn 0.675451 0.018044 -0.737184
vn -0.640735 -0.088190 0.762681
vn 0.717825 -0.023112 -0.695840
vn 0.682746 -0.063852 -0.727860
vn -0.050277 0.998578 -0.017700
vn -0.512183 -0.079702 0.855170
vn 0.519360 0.058581 -0.852545
vn -0.585896 0.109243 0.802989
vn 0.961183 -0.144003 -0.235351
vn 0.549847 0.115522 -0.827238
vn 0.627379 0.253625 -0.736254
vn -0.549770 -0.109685 0.828084
vn 0.733330 0.296822 -0.611656
vn 0.569671 0.040606 -0.820869
vn -0.601883 0.055623 0.796645
vn 0.648034 -0.027147 -0.761127
vn -0.521096 0.040786 0.852523
vn -0.635581 -0.071385 0.768727
vn 0.647741 0.032974 -0.761147
vn 0.634056 0.142099 -0.760119
vn -0.400376 -0.157626 0.902692
vn 0.687302 0.129139 -0.714800
vn 0.782009 0.155388 -0.603586
vn 0.658549 -0.120836 -0.742773
vn 0.458657 0.271911 -0.845990
vn 0.692001 0.111750 -0.713195
vn -0.144960 0.696222 0.703038
vn 0.558966 0.087926 -0.824516
vn -0.265699 0.315379 0.911011
vn -0.367252 0.004420 0.930111
vn -0.287447 -0.148626 0.946195
vn -0.422424 -0.214172 0.880732
vn -0.426750 -0.020852 0.904129
vn -0.417048 -0.066319 0.906462
vn -0.416569 -0.133096 0.899308
vn -0.438580 0.271070 0.856836
vn -0.416169 -0.002671 0.909283
vn 0.499872 -0.042930 -0.865035
vn 0.476568 -0.004837 -0.879124
vn 0.464856 0.024956 -0.885034
vn 0.429702 0.015888 -0.902831
vn -0.449581 0.016983 0.893078
vn 0.500068 0.096561 -0.860586
vn -0.448152 -0.189617 0.873616
vn 0.362224 0.128801 -0.923149
vn 0.328125 -0.040470 -0.943767
vn 0.357424 0.136147 -0.923966
vn -0.336260 -0.059871 0.939864
vn -0.357169 -0.008838 0.933998
vn 0.421230 0.117246 -0.899343
vn -0.423878 -0.180556 0.887540
vn 0.359763 0.302742 -0.882563
vn 0.285879 -0.091750 -0.953863
vn 0.463027 0.260598 -0.847169
vn -0.493985 -0.078171 0.865949
vn 0.426081 0.305075 -0.851695
vn -0.417348 -0.201497 0.886126
vn -0.467844 -0.152749 0.870511
vn -0.392583 -0.149711 0.907450
vn -0.539297 0.041171 0.841108
vn -0.542187 -0.017883 0.840067
vn -0.395014 -0.373785 0.839195
vn -0.564800 -0.145476 0.812304
vn 0.459921 0.003705 -0.887952
vn -0.302505 -0.335991 0.891965
vn 0.656012 0.127953 -0.743826
vn -0.263678 -0.153663 0.952293
vn 0.784932 0.066507 -0.616002
vn -0.535782 0.001764 0.844354
vn -0.193296 -0.063913 0.979057
vn -0.332253 -0.090453 0.938843
vn -0.313803 0.114770 0.942526
vn -0.428035 -0.362812 0.827740
vn -0.343357 0.107192 0.933068
vn 0.443474 0.084756 -0.892271
vn 0.737101 -0.005308 -0.675762
vn -0.429721 -0.300310 0.851560
vn -0.249358 0.389071 0.886817
vn -0.331947 0.100842 0.937892
vn -0.408985 0.199022 0.890573
vn 0.392289 0.011450 -0.919771
vn -0.457102 -0.053399 0.887810
vn 0.425078 0.095563 -0.900098
vn -0.394285 -0.184635 0.900250
vn -0.345318 -0.179882 0.921085
vn -0.319099 -0.018030 0.947550
vn -0.334678 0.035758 0.941654
vn -0.414331 -0.057028 0.908338
vn 0.447766 0.042381 -0.893146
vn -0.473421 -0.013678 0.880730
vn -0.466606 -0.157813 0.870272
vn 0.506342 0.034906 -0.861626
vn 0.626497 0.054127 -0.777542
vn -0.455426 -0.238862 0.857632
vn 0.547393 0.167854 -0.819869
vn -0.317126 -0.276788 0.907094
vn 0.560355 -0.016740 -0.828083
vn -0.497112 -0.033330 0.867046
vn -0.519732 -0.358895 0.775289
vn 0.447544 0.154511 -0.880813
vn 0.416129 0.148953 -0.897022
vn 0.470379 -0.069713 -0.879707
vn -0.332248 -0.164124 0.928803
vn 0.308782 0.048347 -0.949903
vn -0.251746 -0.111648 0.961332
vn -0.307063 -0.043138 0.950711
vn -0.690951 -0.053191 0.720942
vn 0.303497 -0.069254 -0.950312
vn 0.463369 0.094803 -0.881080
vn -0.215804 -0.296279 0.930402
vn -0.094759 -0.393211 0.914552
vn -0.328758 -0.137168 0.934400
vn 0.325252 0.209280 -0.922178
vn -0.376446 -0.064223 0.924210
vn -0.498491 0.002315 0.866892
vn 0.663515 0.067795 -0.745085
vn -0.280485 0.011793 0.959786
vn -0.421085 -0.064702 0.904710
vn -0.410325 -0.093448 0.907139
vn -0.449113 -0.060445 0.891428
vn -0.382481 -0.242728 0.891511
vn 0.492488 -0.544969 0.678576
vn 0.202453 0.083928 -0.975689
vn -0.136156 0.220702 0.965791
vn -0.069234 -0.714536 0.696165
vn -0.138826 -0.288339 0.947411
vn -0.400347 -0.185870 0.897315
vn -0.136752 -0.360426 0.922709
vn -0.112832 -0.100110 0.988558
vn 0.038859 -0.187355 0.981523
vn 0.464803 -0.000843 -0.885413
vn -0.003481 -0.011427 0.999929
vn -0.427990 -0.132364 0.894038
vn -0.249082 0.614039 0.748942
vn 0.226739 -0.217422 -0.949377
vn -0.104939 0.014266 0.994376
vn 0.285346 -0.841400 -0.458937
vn -0.368533 -0.200171 0.907808
vn 0.363858 0.066139 -0.929104
vn -0.232299 -0.250685 0.939784
vn 0.126255 0.159783 -0.979045
vn 0.126255 0.159783 -0.979045
vn 0.406936 0.028941 -0.912998
vn -0.284083 -0.141392 0.948317
vn -0.319836 0.047621 0.946275
vn -0.444427 0.051601 0.894328
vn 0.380379 0.114114 -0.917764
vn 0.392397 0.060049 -0.917834
vn 0.340773 0.173188 -0.924056
vn 0.366758 0.081217 -0.926764
vn 0.333827 0.093766 -0.937959
vn 0.368574 0.100196 -0.924183
vn 0.355888 0.061313 -0.932515
vn -0.378666 -0.045031 0.924437
vn 0.377832 0.078413 -0.922548
vn 0.576641 0.033638 -0.816305
vn -0.488466 -0.088416 0.868092
vn 0.553245 0.170813 -0.815318
vn -0.514316 -0.059256 0.855551
vn 0.694558 -0.192929 -0.693085
vn -0.460454 -0.144988 0.875763
vn -0.458965 -0.110381 0.881571
vn -0.518256 -0.080156 0.851461
vn -0.829441 -0.197306 -0.522588
vn 0.634845 0.070572 -0.769410
vn 0.772010 0.056403 -0.633103
vn 0.567959 0.077533 -0.819397
vn 0.586766 0.073423 -0.806421
vn 0.505303 -0.076961 -0.859504
vn 0.491877 -0.032803 -0.870047
vn 0.662389 0.155975 -0.732743
vn 0.439457 0.007025 -0.898236
vn -0.395615 0.113593 0.911365
vn -0.358825 -0.025412 0.933059
vn -0.338576 -0.101026 0.935500
vn -0.198574 0.055991 0.978485
vn 0.268168 0.190337 -0.944382
vn -0.331106 0.035219 0.942936
vn 0.311940 0.115865 -0.943010
vn -0.278328 -0.347709 0.895339
vn -0.050655 -0.530077 0.846435
vn -0.096544 -0.317261 0.943411
vn -0.305982 -0.072827 0.949248
vn -0.291488 -0.100150 0.951317
vn -0.204004 -0.210796 0.956006
vn 0.326613 0.099390 -0.939918
vn 0.283089 0.026020 -0.958741
vn -0.354819 -0.095410 0.930054
vn -0.053574 0.997858 -0.037536
vn -0.416509 0.032564 0.908548
vn -0.218667 0.030351 0.975327
vn -0.388833 -0.072739 0.918432
vn 0.189130 -0.123096 0.974206
vn 0.442377 0.016542 -0.896676
vn 0.116703 -0.222436 0.967937
vn -0.014701 -0.041080 0.999048
vn -0.108261 -0.340259 0.934079
vn 0.267069 -0.006363 -0.963656
vn 0.215479 -0.028989 0.976078
vn 0.055935 0.142872 -0.988159
vn -0.273828 0.055991 0.960147
vn 0.424350 0.510243 0.748050
vn 0.302412 0.105434 -0.947328
vn -0.278591 0.293110 0.914589
vn -0.360074 0.023873 0.932618
vn -0.090746 0.091590 0.991653
vn -0.263967 -0.060084 0.962658
vn -0.246266 -0.405873 0.880125
vn -0.118277 -0.087768 0.989094
vn 0.081789 0.024557 -0.996347
vn -0.431328 -0.044079 0.901118
vn 0.366889 0.044634 -0.929193
vn 0.437286 0.047383 -0.898074
vn -0.371149 -0.019873 0.928361
vn -0.301976 0.133396 0.943937
vn 0.430973 0.100493 -0.896751
vn -0.396798 -0.030619 0.917395
vn 0.451247 0.031426 -0.891846
vn -0.442393 -0.009275 0.896773
vn 0.404262 0.098458 -0.909329
vn 0.404262 0.098458 -0.909329
vn -0.408532 -0.116456 0.905284
vn -0.278292 -0.077349 0.957377
vn 0.451182 0.114258 -0.885087
vn 0.536553 0.053271 -0.842184
vn 0.433047 0.148640 -0.889031
vn -0.522662 -0.072841 0.849422
vn -0.359368 -0.022093 0.932934
vn -0.523464 -0.013625 0.851939
vn -0.394169 -0.024345 0.918715
vn -0.259289 -0.102272 0.960370
vn -0.461277 -0.050709 0.885806
vn 0.519330 0.073970 -0.851366
vn 0.451743 0.136539 -0.881638
vn 0.551536 0.091793 -0.829085
vn -0.376947 -0.092191 0.921636
vn 0.588918 0.071570 -0.805018
vn 0.766601 0.039952 -0.640880
vn -0.533822 -0.069214 0.842760
vn 0.494330 0.056700 -0.867423
vn 0.637108 -0.160624 -0.753852
vn -0.489969 0.046067 0.870522
vn 0.499532 -0.085964 -0.862020
vn -0.448804 0.073569 0.890597
vn -0.239164 -0.331930 0.912482
vn -0.340680 -0.102408 0.934585
vn -0.184944 -0.259568 0.947850
vn -0.339159 -0.064158 0.938539
vn -0.274095 -0.058601 0.959916
vn -0.328514 0.092822 0.939927
vn -0.375598 0.110676 0.920151
vn 0.273921 0.025246 0.961421
vn 0.285138 0.247374 -0.926014
vn -0.361107 -0.389359 0.847349
vn 0.431649 0.263094 -0.862821
vn -0.379758 -0.314713 0.869908
vn -0.466679 -0.123715 0.875732
vn -0.397594 -0.141265 0.906622
vn 0.663725 -0.085245 -0.743103
vn 0.383275 -0.020278 -0.923412
vn 0.590610 -0.035879 -0.806159
vn -0.197665 -0.096130 0.975545
vn -0.417168 -0.176718 0.891483
vn -0.245209 0.237014 -0.940052
vn 0.524102 0.085424 -0.847360
vn -0.212467 0.117349 -0.970096
vn 0.293235 -0.092294 -0.951575
vn 0.315936 -0.048621 0.947534
vn 0.233598 -0.142467 0.961839
vn -0.127215 0.154653 0.979744
vn 0.261759 0.355883 0.897123
vn 0.088860 -0.247113 0.964904
vn -0.418409 -0.061301 0.906188
vn -0.376102 -0.060696 -0.924588
vn -0.131963 -0.084841 0.987617
vn 0.148672 0.052362 0.987499
vn -0.370696 0.118990 0.921100
vn -0.307841 -0.089014 0.947265
vn -0.365346 0.217253 0.905165
vn -0.259250 -0.010788 0.965750
vn 0.346726 0.286038 -0.893288
vn -0.070639 0.248729 0.965994
vn -0.289336 -0.137303 0.947329
vn 0.231664 0.184052 -0.955226
vn 0.299559 -0.055152 -0.952482
vn 0.242076 0.020464 -0.970041
vn 0.334025 0.115477 -0.935464
vn 0.337391 0.045526 -0.940263
vn 0.439490 0.051375 -0.896777
vn 0.365414 0.018914 -0.930653
vn 0.319771 0.125109 -0.939199
vn 0.316316 0.124038 -0.940510
vn 0.319771 0.125109 -0.939199
vn 0.347132 0.036039 -0.937124
vn -0.314135 -0.099430 0.944157
vn 0.355754 0.113291 -0.927688
vn 0.289470 0.098613 -0.952094
vn -0.475394 -0.126943 0.870566
vn -0.406203 -0.148638 0.901613
vn 0.828856 0.281566 0.483444
vn 0.410308 0.027041 -0.911546
vn -0.465497 -0.029556 0.884556
vn -0.329215 -0.105155 0.938381
vn 0.441414 0.214186 -0.871366
vn 0.532608 0.024393 -0.846011
vn 0.340678 0.121836 -0.932253
vn -0.418628 -0.063352 0.905945
vn 0.474758 0.081763 -0.876310
vn -0.431034 0.004239 0.902326
vn -0.564810 0.125844 0.815569
vn -0.577986 0.048733 0.814591
vn -0.441358 0.051298 0.895864
vn 0.434480 0.067553 -0.898145
vn -0.353510 -0.014507 0.935318
vn -0.157650 -0.042047 0.986599
vn -0.316396 -0.063990 0.946466
vn 0.313779 0.107806 -0.943356
vn -0.056895 0.998139 -0.021942
vn -0.252062 -0.029097 0.967274
vn -0.240765 0.015088 0.970466
vn 0.420705 -0.046437 -0.906008
vn 0.453820 0.076716 -0.887785
vn 0.375812 -0.049557 -0.925370
vn -0.346079 0.077621 -0.934989
vn -0.229704 -0.134209 0.963963
vn 0.213260 -0.020260 0.976785
vn 0.388202 -0.135830 0.911510
vn 0.125967 -0.102208 0.986755
vn -0.249750 0.201994 -0.947008
vn 0.275795 -0.052711 -0.959770
vn -0.132947 0.216036 0.967292
vn 0.590507 0.227455 0.774316
vn -0.195307 0.179453 -0.964184
vn 0.284102 0.007254 -0.958767
vn 0.290275 0.041204 -0.956056
vn 0.594227 -0.146605 -0.790823
vn -0.388140 0.029044 0.921143
vn 0.058424 -0.051882 0.996943
vn 0.569537 0.009213 -0.821914
vn -0.390919 -0.059390 0.918507
vn 0.466039 0.161955 -0.869815
vn -0.311955 -0.076959 0.946975
vn 0.356370 0.193987 -0.913985
vn 0.373484 0.112113 -0.920837
vn 0.433363 0.110069 -0.894473
vn 0.332687 0.046904 -0.941870
vn -0.326692 -0.057295 0.943393
vn 0.319028 0.067949 -0.945306
vn -0.347176 -0.113741 0.930877
vn 0.289470 0.098613 -0.952094
vn -0.301249 -0.036999 0.952827
vn -0.269291 -0.086321 0.959182
vn 0.307186 0.101755 -0.946194
vn 0.336145 0.053444 -0.940293
vn 0.384950 0.009223 -0.922891
vn 0.433882 0.099578 -0.895450
vn 0.392412 0.049685 -0.918447
vn -0.391653 -0.232737 0.890192
vn -0.215689 -0.099622 0.971367
vn 0.422633 0.079401 -0.902816
vn 0.324420 0.280643 -0.903323
vn 0.440702 0.297468 -0.846932
vn 0.514154 0.058655 -0.855690
vn 0.444784 -0.023293 -0.895335
vn 0.584116 -0.058597 -0.809552
vn 0.331297 -0.218906 -0.917781
vn -0.278285 0.150275 0.948670
vn -0.541204 -0.041141 0.839884
vn 0.544452 0.047734 -0.837433
vn 0.331297 -0.218906 -0.917781
vn -0.403498 0.077405 0.911700
vn -0.315583 0.066383 0.946573
vn -0.412108 -0.041624 0.910184
vn -0.057100 0.998144 -0.021167
vn 0.483684 -0.037560 -0.874436
vn 0.548235 -0.012836 -0.836226
vn -0.310501 0.050298 0.949241
vn -0.172200 -0.155692 0.972680
vn -0.018387 -0.108515 0.993925
vn -0.395980 0.034162 0.917623
vn -0.192257 0.061556 0.979412
vn -0.360345 -0.011259 0.932751
vn -0.187403 0.022766 0.982019
vn -0.466175 -0.005331 0.884676
vn -0.189976 -0.110718 0.975526
vn 0.469252 0.096860 -0.877736
vn -0.061031 -0.008181 0.998102
vn -0.428467 -0.027675 0.903134
vn 0.428062 0.109636 -0.897074
vn -0.460626 0.008193 0.887556
vn -0.445117 0.005186 0.895457
vn -0.345324 -0.042399 0.937525
vn 0.468046 0.110915 -0.876716
vn 0.387438 0.050458 -0.920514
vn -0.336786 -0.157957 0.928237
vn -0.427236 -0.186779 0.884637
vn -0.254113 -0.120738 0.959609
vn -0.345632 -0.050306 0.937021
vn 0.342160 0.055760 -0.937986
vn -0.347176 -0.113741 0.930877
vn -0.314247 -0.089257 0.945136
vn -0.286902 -0.159781 0.944541
vn -0.235965 -0.211726 0.948416
vn -0.293239 -0.162331 0.942157
vn -0.394886 0.026619 0.918344
vn -0.417096 -0.069863 0.906173
vn 0.336319 0.127940 -0.933017
vn -0.399504 -0.126949 0.907899
vn 0.391799 -0.125512 -0.911450
vn -0.304727 -0.113109 0.945700
vn -0.294082 -0.254543 0.921262
vn 0.356322 0.630457 -0.689607
vn 0.398628 0.267531 -0.877225
vn -0.242965 0.129083 0.961408
vn -0.247214 0.166954 0.954469
vn -0.247214 0.166954 0.954469
vn -0.381796 0.062989 0.922098
vn -0.056521 0.997264 -0.047633
vn -0.479098 0.049380 0.876371
vn -0.253873 -0.004080 0.967229
vn 0.571234 0.081841 -0.816697
vn -0.257983 0.141893 0.955673
vn 0.231859 -0.078431 -0.969582
vn 0.174134 0.187405 -0.966725
vn -0.189241 -0.030778 0.981448
vn -0.063704 -0.151825 0.986352
vn -0.369799 -0.133951 0.919405
vn 0.568526 0.119184 -0.813986
vn -0.472610 0.003941 0.881263
vn -0.460718 -0.052539 0.885990
vn 0.351402 0.035383 -0.935556
vn 0.395055 0.140165 -0.907901
vn -0.440816 -0.099932 0.892017
vn 0.378476 0.046867 -0.924424
vn -0.367865 -0.002182 0.929877
vn 0.312875 0.094501 -0.945081
vn 0.320152 0.107727 -0.941221
vn -0.281298 0.125793 0.951340
vn -0.411115 0.181026 0.893428
vn -0.378860 -0.048767 0.924168
vn 0.317679 0.140654 -0.937708
vn -0.309678 0.033353 0.950256
vn 0.403456 0.040701 -0.914093
vn -0.181873 0.032102 0.982798
vn 0.592769 0.083251 -0.801058
vn 0.433700 0.114423 -0.893763
vn 0.369742 0.185061 -0.910518
vn 0.514387 0.353836 -0.781157
vn -0.251126 -0.111811 0.961475
vn -0.265486 -0.013167 0.964025
vn -0.155555 -0.091076 0.983620
vn 0.240860 0.003297 -0.970554
vn 0.367608 0.107541 -0.923742
vn -0.055443 0.997755 -0.037570
vn 0.529863 -0.015740 -0.847937
vn -0.442050 0.021570 0.896731
vn 0.319833 -0.120161 -0.939823
vn -0.333877 0.096250 0.937690
vn -0.358346 -0.107251 0.927408
vn -0.321634 -0.124178 0.938686
vn 0.282394 0.142228 -0.948696
vn 0.288798 0.058230 -0.955618
vn -0.272560 0.086242 0.958266
vn 0.378266 0.019777 -0.925486
vn -0.224718 -0.263871 0.938016
vn -0.274530 -0.232820 0.932967
vn -0.243272 0.002698 0.969954
vn 0.370263 0.104850 -0.922991
vn -0.355304 -0.016511 0.934605
vn 0.342712 0.020911 -0.939208
vn 0.303698 -0.040831 -0.951893
vn 0.270809 0.070550 -0.960044
vn -0.238211 -0.039920 0.970393
vn 0.286107 0.054662 -0.956637
vn 0.300731 0.053099 -0.952230
vn 0.758030 0.083735 -0.646822
vn -0.470264 -0.113232 0.875232
vn 0.768470 0.182314 -0.613364
vn -0.350924 -0.046305 0.935258
vn -0.379889 -0.084121 0.921199
vn -0.368567 -0.020915 0.929366
vn -0.316133 0.043964 0.947696
vn 0.359520 -0.089032 -0.928880
vn 0.271869 -0.083855 -0.958674
vn -0.056095 0.998056 -0.027158
vn 0.528529 0.083023 -0.844846
vn -0.294393 0.104025 0.950006
vn 0.343226 0.005216 -0.939238
vn -0.269993 -0.003616 0.962855
vn 0.368589 -0.148240 -0.917697
vn -0.134004 0.038538 0.990231
vn -0.273842 -0.112242 0.955203
vn -0.452663 0.673307 0.584597
vn -0.338660 -0.088987 0.936691
vn -0.136344 -0.072124 0.988033
vn -0.366324 -0.074081 0.927534
vn 0.439747 0.017408 -0.897953
vn 0.385295 0.044844 -0.921703
vn -0.473544 0.064223 0.878425
vn -0.410211 -0.089666 0.907572
vn -0.167698 -0.208761 0.963481
vn -0.317808 -0.139838 0.937786
vn 0.329818 0.010063 -0.943991
vn 0.405940 -0.067039 -0.911438
vn 0.397744 -0.080297 -0.913976
vn -0.298541 0.046159 0.953280
vn -0.361532 0.134770 0.922568
vn -0.578638 0.038570 0.814672
vn -0.218037 -0.061624 0.973993
vn 0.401141 0.080132 -0.912504
vn 0.402046 0.106996 -0.909346
vn -0.399093 0.082737 0.913170
vn 0.291907 0.070927 -0.953813
vn -0.161430 -0.095388 0.982263
vn -0.268240 0.100140 0.958133
vn 0.481557 0.119342 -0.868251
vn -0.460061 0.043414 0.886825
vn -0.342729 -0.062894 0.937326
vn 0.284168 0.054816 -0.957206
vn -0.354031 -0.133097 0.925714
vn 0.306658 0.178055 -0.935017
vn -0.412203 -0.106065 0.904897
vn -0.428014 0.063956 0.901506
vn -0.428320 0.082841 0.899822
vn 0.545337 0.045755 -0.836967
vn 0.387317 -0.152525 -0.909242
vn -0.308622 -0.074341 0.948275
vn -0.373347 0.019311 0.927491
vn 0.402223 -0.003721 -0.915534
vn 0.357852 0.095178 -0.928915
vn -0.202355 -0.152608 0.967349
vn -0.319434 -0.106228 0.941636
vn -0.316175 -0.205046 0.926277
vn 0.384491 0.014467 -0.923016
vn 0.365260 -0.029579 -0.930435
vn -0.542899 0.046908 0.838487
vn 0.718970 -0.529959 -0.449694
vn -0.524643 0.216664 0.823290
vn -0.440454 -0.070521 0.895001
vn -0.051915 0.998376 -0.023478
vn -0.035158 0.999328 -0.010332
vn -0.001897 0.999998 0.000203
vn -0.231779 -0.109663 0.966567
vn -0.000000 -0.045382 0.998970
vn -0.000000 -0.045382 0.998970
vn -0.000000 -0.045382 0.998970
vn -0.000000 -0.045382 0.998970
vn -0.000000 -0.045382 0.998970
vn -0.000000 -0.045378 0.998970
vn -0.000000 -0.045378 0.998970
vn -0.000000 -0.045378 0.998970
vn -0.000000 -0.045381 0.998970
vn -0.000000 -0.045383 0.998970
vn -0.000000 -0.045381 0.998970
vn 0.000000 -0.045383 0.998970
vn 0.000000 -0.045379 0.998970
vn 0.000000 -0.045383 0.998970
vn 0.000000 -0.045384 0.998970
vn 0.000000 -0.045384 0.998970
vn 0.000000 -0.045384 0.998970
vn -0.000000 -0.045384 0.998970
vn -0.000000 -0.045384 0.998970
vn 0.000000 -0.045386 0.998970
vn -0.000000 -0.045389 0.998969
vn 0.000000 -0.045387 0.998970
vn 0.000000 -0.045385 0.998970
vn 0.000000 -0.045383 0.998970
vn 0.000000 -0.045383 0.998970
vn -0.000000 -0.045380 0.998970
vn 0.000000 -0.045381 0.998970
vn 0.000000 -0.045381 0.998970
vn -0.000000 -0.045380 0.998970
vn -0.000653 -0.854730 0.519072
vn -0.000493 -0.856029 0.516928
vn -0.000336 -0.857182 0.515013
vn -0.000336 -0.857182 0.515013
vn -0.000336 -0.857182 0.515013
vn -0.000336 -0.857182 0.515013
vn -0.000336 -0.857182 0.515013
vn -0.000336 -0.857182 0.515013
vn -0.000336 -0.857182 0.515013
vn -0.000075 -0.858801 0.512309
vn 0.000110 -0.859749 0.510717
vn -0.000579 -0.852595 0.522572
vn -0.000340 -0.853632 0.520877
vn -0.000340 -0.853632 0.520877
vn -0.000156 -0.854276 0.519820
vn 0.000263 0.858720 -0.512445
vn 0.000263 0.858720 -0.512445
vn 0.000263 0.858720 -0.512445
vn 0.000121 -0.853295 0.521428
vn 0.000272 -0.851733 0.523976
vn 0.000272 -0.851733 0.523976
vn 0.000041 -0.858464 0.512874
vn 0.000041 -0.858464 0.512874
vn 0.000210 -0.856301 0.516477
vn 0.000000 -0.045386 0.998970
vn 0.000000 -0.045385 0.998970
vn 0.000000 -0.045385 0.998970
vn 0.000000 -0.045385 0.998970
vn 0.000000 -0.045385 0.998970
vn 0.000000 -0.045385 0.998970
vn 0.000000 -0.045385 0.998970
vn 0.000000 -0.045387 0.998969
vn 0.000000 -0.045386 0.998970
vn 0.000000 -0.045384 0.998970
vn 0.000000 -0.045382 0.998970
vn 0.000000 -0.045380 0.998970
vn 0.000000 -0.045380 0.998970
vn 0.000000 -0.045380 0.998970
vn 0.000000 -0.045380 0.998970
vn 0.000000 -0.045379 0.998970
vn 0.000000 -0.045379 0.998970
vn 0.000000 -0.045381 0.998970
vn -0.000000 -0.045377 0.998970
vn -0.000000 -0.045377 0.998970
vn 0.000000 -0.045377 0.998970
vn 0.000000 -0.045377 0.998970
vn 0.000000 -0.045376 0.998970
vn 0.000000 -0.045376 0.998970
vn -0.000000 -0.045376 0.998970
vn 0.000000 -0.045377 0.998970
vn 0.000000 -0.045377 0.998970
vn 0.000000 -0.045376 0.998970
vn 0.000000 -0.045376 0.998970
vn 0.000000 -0.045376 0.998970
vn 0.000000 -0.045375 0.998970
vn 0.000000 -0.045374 0.998970
vn 0.000000 -0.045375 0.998970
vn 0.000000 -0.045371 0.998970
vn 0.000000 -0.045371 0.998970
vn -0.000000 -0.045377 0.998970
vn 0.000000 -0.045377 0.998970
vn 0.000000 -0.045377 0.998970
vn 0.000000 -0.045377 0.998970
vn 0.000000 -0.045376 0.998970
vn 0.000000 -0.045377 0.998970
vn 0.000000 -0.045376 0.998970
vn 0.000000 -0.045374 0.998970
vn 0.000000 -0.045366 0.998970
vn 0.000000 -0.045371 0.998970
vn 0.000000 -0.045371 0.998970
vn 0.000000 -0.045370 0.998970
vn 0.000000 -0.045372 0.998970
vn -0.000000 -0.045369 0.998970
vn -0.000000 -0.045367 0.998970
vn 0.000000 -0.045371 0.998970
vn -0.000000 -0.045369 0.998970
vn -0.000000 -0.045369 0.998970
vn 0.000000 -0.045370 0.998970
vn -0.000000 -0.045371 0.998970
vn -0.000000 -0.045374 0.998970
vn -0.000000 -0.045374 0.998970
vn -0.000000 -0.045374 0.998970
vn -0.000000 -0.045376 0.998970
vn -0.000000 -0.045374 0.998970
vn -0.000000 -0.045376 0.998970
vn -0.000000 -0.045376 0.998970
vn -0.000000 -0.045377 0.998970
vn -0.000000 -0.045377 0.998970
vn -0.000000 -0.045377 0.998970
vn -0.000000 -0.045372 0.998970
vn -0.000000 -0.045372 0.998970
vn -0.000000 -0.045372 0.998970
vn -0.000000 -0.045373 0.998970
vn -0.000000 -0.045372 0.998970
vn -0.000000 -0.045372 0.998970
vn -0.000000 -0.045377 0.998970
vn -0.000000 -0.045377 0.998970
vn -0.000000 -0.045382 0.998970
vn -0.000000 -0.045381 0.998970
vn 0.000000 -0.045378 0.998970
vn 0.000000 -0.045376 0.998970
vn 0.000000 -0.045377 0.998970
vn 0.000000 -0.045380 0.998970
vn 0.000000 -0.045381 0.998970
vn 0.000000 -0.045382 0.998970
vn 0.000000 -0.045382 0.998970
vn 0.000000 -0.045381 0.998970
vn 0.000000 -0.045381 0.998970
vn 0.000000 -0.045381 0.998970
vn 0.000000 -0.045381 0.998970
vn 0.000000 -0.045381 0.998970
vn 0.000000 -0.045377 0.998970
vn 0.000000 -0.045376 0.998970
vn 0.000000 -0.045376 0.998970
vn 0.000000 -0.045375 0.998970
vn 0.000000 -0.045375 0.998970
vn 0.000000 -0.045375 0.998970
vn 0.000000 -0.045375 0.998970
vn 0.000000 -0.045375 0.998970
vn 0.000000 -0.045375 0.998970
vn 0.000000 -0.045373 0.998970
vn 0.000000 -0.045373 0.998970
vn 0.000000 -0.045373 0.998970
vn 0.000000 -0.045373 0.998970
vn 0.000000 -0.045373 0.998970
vn 0.000000 -0.045373 0.998970
vn 0.000000 -0.045373 0.998970
vn 0.000000 -0.045373 0.998970
vn 0.000000 -0.045373 0.998970
vn 0.000000 -0.045373 0.998970
vn 0.000000 -0.045372 0.998970
vn 0.000000 -0.045373 0.998970
vn 0.000000 -0.045374 0.998970
vn 0.000000 -0.045372 0.998970
vn 0.000000 -0.045373 0.998970
vn 0.000000 -0.045372 0.998970
vn 0.000000 -0.045372 0.998970
vn 0.000000 -0.045372 0.998970
vn 0.000000 -0.045372 0.998970
vn 0.000000 -0.045372 0.998970
vn 0.000000 -0.045372 0.998970
vn 0.000000 -0.045372 0.998970
vn 0.000000 -0.045372 0.998970
f 2//2 3//3 1//1
f 4//4 3//3 2//2
f 13//13 7//7 14//14
f 13//13 11//11 7//7
f 6//6 7//7 5//5
f 6//6 4//4 7//7
f 1558//1558 1569//1569 1541//1541
f 1540//1540 1558//1558 1541//1541
f 1558//1558 1540//1540 1518//1518
f 1573//1573 1562//1562 1577//1577
f 1640//1640 1635//1635 1645//1645
f 1711//1711 1706//1706 1717//1717
f 1706//1706 1703//1703 1697//1697
f 1611//1611 1609//1609 1610//1610
f 503//503 661//661 775//775
f 767//767 503//503 766//766
f 749//749 610//610 748//748
f 576//576 745//745 746//746
f 747//747 576//576 746//746
f 610//610 576//576 748//748
f 576//576 749//749 750//750
f 576//576 610//610 749//749
f 576//576 751//751 752//752
f 611//611 576//576 750//750
f 576//576 611//611 751//751
f 7//7 10//10 5//5
f 11//11 12//12 7//7
f 12//12 9//9 7//7
f 1570//1570 1542//1542 1559//1559
f 1542//1542 1489//1489 1559//1559
f 1563//1563 1562//1562 1573//1573
f 1572//1572 1571//1571 1577//1577
f 1562//1562 1572//1572 1577//1577
f 1551//1551 1560//1560 1577//1577
f 1571//1571 1551//1551 1577//1577
f 1734//1734 1735//1735 1736//1736
f 1733//1733 1735//1735 1734//1734
f 647//647 643//643 644//644
f 630//630 636//636 577//577
f 1635//1635 1631//1631 1627//1627
f 646//646 765//765 647//647
f 767//767 768//768 503//503
f 161//161 160//160 310//310
f 160//160 95//95 69//69
f 95//95 160//160 161//161
f 989//989 1039//1039 714//714
f 394//394 363//363 343//343
f 49//49 48//48 69//69
f 46//46 45//45 69//69
f 607//607 606//606 742//742
f 607//607 742//742 743//743
f 744//744 607//607 743//743
f 607//607 744//744 608//608
f 745//745 607//607 608//608
f 576//576 607//607 745//745
f 609//609 747//747 748//748
f 576//576 609//609 748//748
f 609//609 576//576 747//747
f 9//9 8//8 7//7
f 8//8 10//10 7//7
f 10//10 8//8 9//9
f 1037//1037 1038//1038 945//945
f 1038//1038 1037//1037 1150//1150
f 945//945 1038//1038 1541//1541
f 1038//1038 1540//1540 1541//1541
f 1038//1038 1150//1150 1540//1540
f 1553//1553 1563//1563 1573//1573
f 1540//1540 1351//1351 1518//1518
f 1150//1150 1351//1351 1540//1540
f 1539//1539 1451//1451 1487//1487
f 1520//1520 1542//1542 1570//1570
f 1453//1453 1284//1284 1559//1559
f 1489//1489 1453//1453 1559//1559
f 1553//1553 1552//1552 1563//1563
f 1563//1563 1546//1546 1562//1562
f 1546//1546 1533//1533 1562//1562
f 1552//1552 1546//1546 1563//1563
f 1572//1572 1561//1561 1571//1571
f 1543//1543 1551//1551 1571//1571
f 1561//1561 1543//1543 1571//1571
f 53//53 77//77 78//78
f 1735//1735 1732//1732 1731//1731
f 1732//1732 1735//1735 1733//1733
f 1727//1727 1723//1723 1722//1722
f 1727//1727 1735//1735 1731//1731
f 638//638 639//639 577//577
f 630//630 635//635 636//636
f 1618//1618 1619//1619 1622//1622
f 1619//1619 1618//1618 1620//1620
f 1619//1619 1621//1621 1622//1622
f 1621//1621 1619//1619 1620//1620
f 1623//1623 1620//1620 1624//1624
f 1623//1623 1621//1621 1620//1620
f 1623//1623 1624//1624 1622//1622
f 1621//1621 1623//1623 1622//1622
f 1643//1643 1642//1642 1645//1645
f 1641//1641 1640//1640 1645//1645
f 1642//1642 1641//1641 1645//1645
f 1674//1674 1673//1673 1678//1678
f 1675//1675 1674//1674 1678//1678
f 1686//1686 1681//1681 1678//1678
f 645//645 647//647 644//644
f 645//645 646//646 647//647
f 1658//1658 1661//1661 1660//1660
f 1719//1719 1718//1718 1717//1717
f 1718//1718 1716//1716 1717//1717
f 1711//1711 1710//1710 1706//1706
f 1707//1707 1705//1705 1706//1706
f 1596//1596 1595//1595 1592//1592
f 660//660 661//661 503//503
f 1618//1618 1617//1617 1620//1620
f 1617//1617 1618//1618 1622//1622
f 314//314 310//310 343//343
f 326//326 314//314 343//343
f 345//345 326//326 343//343
f 95//95 79//79 69//69
f 1574//1574 1488//1488 1519//1519
f 1039//1039 1223//1223 714//714
f 1223//1223 1408//1408 714//714
f 989//989 783//783 1039//1039
f 783//783 1223//1223 1039//1039
f 363//363 404//404 714//714
f 394//394 404//404 363//363
f 1647//1647 1646//1646 1645//1645
f 1648//1648 1647//1647 1645//1645
f 1650//1650 1649//1649 1645//1645
f 1649//1649 1648//1648 1645//1645
f 51//51 49//49 69//69
f 47//47 46//46 69//69
f 48//48 47//47 69//69
f 47//47 48//48 46//46
f 44//44 43//43 69//69
f 45//45 44//44 69//69
f 1564//1564 1553//1553 1573//1573
f 1565//1565 1564//1564 1573//1573
f 1536//1536 1548//1548 1501//1501
f 1548//1548 1564//1564 1565//1565
f 1548//1548 1536//1536 1553//1553
f 1564//1564 1548//1548 1553//1553
f 1282//1282 1279//1279 1347//1347
f 1219//1219 1149//1149 1148//1148
f 1221//1221 1149//1149 1219//1219
f 1558//1558 1557//1557 1569//1569
f 1539//1539 1557//1557 1558//1558
f 1351//1351 1407//1407 1518//1518
f 1407//1407 1351//1351 1350//1350
f 1517//1517 1451//1451 1539//1539
f 1517//1517 1558//1558 1518//1518
f 1517//1517 1539//1539 1558//1558
f 1407//1407 1517//1517 1518//1518
f 1517//1517 1407//1407 1451//1451
f 1453//1453 1353//1353 1284//1284
f 1547//1547 1552//1552 1553//1553
f 1547//1547 1536//1536 1535//1535
f 1536//1536 1547//1547 1553//1553
f 1544//1544 1572//1572 1562//1562
f 1545//1545 1544//1544 1562//1562
f 1544//1544 1561//1561 1572//1572
f 1544//1544 1531//1531 1561//1561
f 1531//1531 1532//1532 1467//1467
f 1532//1532 1544//1544 1545//1545
f 1544//1544 1532//1532 1531//1531
f 1543//1543 1530//1530 1495//1495
f 1530//1530 1543//1543 1561//1561
f 1531//1531 1530//1530 1561//1561
f 1494//1494 1543//1543 1495//1495
f 50//50 52//52 53//53
f 73//73 68//68 53//53
f 68//68 77//77 53//53
f 105//105 120//120 78//78
f 70//70 50//50 65//65
f 71//71 70//70 80//80
f 70//70 96//96 80//80
f 70//70 52//52 50//50
f 52//52 70//70 71//71
f 735//735 1037//1037 945//945
f 1346//1346 1402//1402 1347//1347
f 1451//1451 1403//1403 1487//1487
f 1403//1403 1402//1402 1405//1405
f 1402//1402 1403//1403 1347//1347
f 757//757 577//577 756//756
f 757//757 621//621 577//577
f 623//623 625//625 577//577
f 1730//1730 1727//1727 1731//1731
f 1727//1727 1730//1730 1729//1729
f 1727//1727 1728//1728 1726//1726
f 1728//1728 1727//1727 1729//1729
f 1727//1727 1724//1724 1723//1723
f 621//621 622//622 577//577
f 764//764 638//638 577//577
f 639//639 640//640 577//577
f 640//640 641//641 577//577
f 641//641 640//640 639//639
f 627//627 628//628 577//577
f 628//628 630//630 577//577
f 628//628 629//629 630//630
f 1626//1626 1625//1625 1627//1627
f 1628//1628 1626//1626 1627//1627
f 1631//1631 1630//1630 1627//1627
f 1634//1634 1633//1633 1635//1635
f 1646//1646 1644//1644 1645//1645
f 1644//1644 1643//1643 1645//1645
f 1677//1677 1676//1676 1678//1678
f 1676//1676 1675//1675 1678//1678
f 1679//1679 1677//1677 1678//1678
f 1686//1686 1682//1682 1681//1681
f 1669//1669 1668//1668 1670//1670
f 1668//1668 1671//1671 1670//1670
f 1668//1668 1669//1669 1667//1667
f 1671//1671 1668//1668 1672//1672
f 1666//1666 1668//1668 1667//1667
f 1668//1668 1666//1666 1665//1665
f 1673//1673 1668//1668 1678//1678
f 1668//1668 1673//1673 1672//1672
f 1664//1664 1668//1668 1665//1665
f 1658//1658 1668//1668 1663//1663
f 1668//1668 1664//1664 1663//1663
f 1662//1662 1658//1658 1663//1663
f 1662//1662 1661//1661 1658//1658
f 1653//1653 1652//1652 1658//1658
f 1651//1651 1649//1649 1650//1650
f 1651//1651 1650//1650 1645//1645
f 1658//1658 1651//1651 1645//1645
f 1652//1652 1651//1651 1658//1658
f 1659//1659 1658//1658 1660//1660
f 1659//1659 1657//1657 1658//1658
f 1658//1658 1656//1656 1655//1655
f 1657//1657 1656//1656 1658//1658
f 1727//1727 1721//1721 1717//1717
f 1721//1721 1727//1727 1722//1722
f 1698//1698 1696//1696 1697//1697
f 1699//1699 1698//1698 1697//1697
f 1710//1710 1709//1709 1706//1706
f 1704//1704 1703//1703 1706//1706
f 1705//1705 1704//1704 1706//1706
f 1595//1595 1594//1594 1592//1592
f 1594//1594 1593//1593 1592//1592
f 1598//1598 1600//1600 1599//1599
f 1599//1599 1600//1600 1601//1601
f 1609//1609 1608//1608 1610//1610
f 1608//1608 1607//1607 1610//1610
f 768//768 648//648 503//503
f 658//658 659//659 503//503
f 659//659 774//774 503//503
f 774//774 660//660 503//503
f 1614//1614 1615//1615 1622//1622
f 1613//1613 1614//1614 1622//1622
f 1612//1612 1611//1611 1610//1610
f 1613//1613 1612//1612 1610//1610
f 1615//1615 1616//1616 1622//1622
f 1616//1616 1617//1617 1622//1622
f 1593//1593 1591//1591 1592//1592
f 1591//1591 1590//1590 1592//1592
f 1579//1579 1578//1578 1581//1581
f 1580//1580 1579//1579 1581//1581
f 1583//1583 1582//1582 1581//1581
f 1582//1582 1580//1580 1581//1581
f 1488//1488 1452//1452 1519//1519
f 1408//1408 1452//1452 714//714
f 1452//1452 1488//1488 714//714
f 783//783 465//465 394//394
f 465//465 404//404 394//394
f 404//404 465//465 714//714
f 26//26 29//29 25//25
f 906//906 946//946 846//846
f 1567//1567 1565//1565 1573//1573
f 1567//1567 1573//1573 1577//1577
f 1554//1554 1549//1549 1565//1565
f 1549//1549 1548//1548 1565//1565
f 1549//1549 1554//1554 1509//1509
f 1501//1501 1549//1549 1502//1502
f 1548//1548 1549//1549 1501//1501
f 1511//1511 1477//1477 1509//1509
f 1477//1477 1511//1511 1480//1480
f 1282//1282 1281//1281 1279//1279
f 1281//1281 1282//1282 1219//1219
f 1221//1221 1222//1222 1150//1150
f 1220//1220 1221//1221 1219//1219
f 1220//1220 1222//1222 1221//1221
f 1221//1221 1036//1036 1149//1149
f 1036//1036 1221//1221 1150//1150
f 1036//1036 1037//1037 1035//1035
f 1037//1037 1036//1036 1150//1150
f 1538//1538 1539//1539 1487//1487
f 1538//1538 1557//1557 1539//1539
f 1349//1349 1407//1407 1350//1350
f 1282//1282 1349//1349 1219//1219
f 1220//1220 1349//1349 1350//1350
f 1349//1349 1220//1220 1219//1219
f 1551//1551 1524//1524 1560//1560
f 1491//1491 1570//1570 1560//1560
f 1455//1455 1409//1409 1520//1520
f 1151//1151 1354//1354 1152//1152
f 1371//1371 1418//1418 1420//1420
f 107//107 91//91 88//88
f 86//86 92//92 93//93
f 77//77 94//94 78//78
f 94//94 105//105 78//78
f 269//269 240//240 210//210
f 239//239 269//269 210//210
f 90//90 70//70 65//65
f 70//70 90//90 96//96
f 1037//1037 988//988 1035//1035
f 735//735 988//988 1037//1037
f 313//313 267//267 280//280
f 439//439 313//313 385//385
f 1218//1218 1219//1219 1148//1148
f 1218//1218 1281//1281 1219//1219
f 1468//1468 1532//1532 1545//1545
f 1725//1725 1727//1727 1726//1726
f 1725//1725 1724//1724 1727//1727
f 758//758 624//624 623//623
f 758//758 623//623 577//577
f 622//622 758//758 577//577
f 636//636 637//637 577//577
f 637//637 764//764 577//577
f 626//626 627//627 577//577
f 625//625 626//626 577//577
f 1629//1629 1628//1628 1627//1627
f 1630//1630 1629//1629 1627//1627
f 1638//1638 1637//1637 1635//1635
f 1636//1636 1634//1634 1635//1635
f 1637//1637 1636//1636 1635//1635
f 1632//1632 1631//1631 1635//1635
f 1633//1633 1632//1632 1635//1635
f 1681//1681 1680//1680 1678//1678
f 1680//1680 1679//1679 1678//1678
f 1684//1684 1686//1686 1685//1685
f 1693//1693 1692//1692 1697//1697
f 1691//1691 1686//1686 1697//1697
f 1692//1692 1691//1691 1697//1697
f 1654//1654 1658//1658 1655//1655
f 1654//1654 1653//1653 1658//1658
f 1720//1720 1719//1719 1717//1717
f 1721//1721 1720//1720 1717//1717
f 1712//1712 1711//1711 1717//1717
f 1713//1713 1712//1712 1717//1717
f 1714//1714 1713//1713 1717//1717
f 1703//1703 1702//1702 1697//1697
f 1702//1702 1701//1701 1697//1697
f 1700//1700 1699//1699 1697//1697
f 1701//1701 1700//1700 1697//1697
f 1708//1708 1707//1707 1706//1706
f 1709//1709 1708//1708 1706//1706
f 1600//1600 1602//1602 1601//1601
f 1602//1602 1600//1600 1603//1603
f 1600//1600 1604//1604 1603//1603
f 648//648 769//769 503//503
f 769//769 578//578 503//503
f 657//657 658//658 503//503
f 336//336 335//335 345//345
f 335//335 336//336 714//714
f 72//72 66//66 69//69
f 79//79 74//74 69//69
f 74//74 72//72 69//69
f 30//30 26//26 33//33
f 63//63 62//62 58//58
f 62//62 63//63 64//64
f 66//66 63//63 69//69
f 63//63 66//66 64//64
f 55//55 51//51 69//69
f 55//55 54//54 51//51
f 63//63 55//55 69//69
f 55//55 57//57 54//54
f 57//57 55//55 56//56
f 55//55 61//61 56//56
f 55//55 63//63 58//58
f 876//876 793//793 846//846
f 406//406 407//407 395//395
f 1566//1566 1554//1554 1565//1565
f 1567//1567 1566//1566 1565//1565
f 1507//1507 1505//1505 1509//1509
f 1505//1505 1549//1549 1509//1509
f 1549//1549 1505//1505 1502//1502
f 1477//1477 1508//1508 1509//1509
f 1566//1566 1555//1555 1554//1554
f 1554//1554 1555//1555 1509//1509
f 1555//1555 1511//1511 1509//1509
f 1513//1513 1555//1555 1556//1556
f 1555//1555 1513//1513 1512//1512
f 1555//1555 1567//1567 1556//1556
f 1555//1555 1566//1566 1567//1567
f 1557//1557 1568//1568 1569//1569
f 1567//1567 1568//1568 1556//1556
f 1568//1568 1567//1567 1577//1577
f 1513//1513 1537//1537 1485//1485
f 1537//1537 1513//1513 1556//1556
f 1481//1481 1479//1479 1512//1512
f 1513//1513 1514//1514 1512//1512
f 1514//1514 1481//1481 1512//1512
f 1351//1351 1283//1283 1350//1350
f 1283//1283 1220//1220 1350//1350
f 1220//1220 1283//1283 1222//1222
f 1283//1283 1351//1351 1150//1150
f 1222//1222 1283//1283 1150//1150
f 1516//1516 1538//1538 1487//1487
f 1538//1538 1516//1516 1557//1557
f 1349//1349 1348//1348 1407//1407
f 1348//1348 1282//1282 1347//1347
f 1348//1348 1349//1349 1282//1282
f 1403//1403 1348//1348 1347//1347
f 1052//1052 993//993 1053//1053
f 993//993 1052//1052 1055//1055
f 1493//1493 1529//1529 1494//1494
f 1543//1543 1527//1527 1551//1551
f 1527//1527 1526//1526 1551//1551
f 1527//1527 1529//1529 1526//1526
f 1524//1524 1521//1521 1560//1560
f 1521//1521 1491//1491 1560//1560
f 1490//1490 1491//1491 1456//1456
f 1490//1490 1455//1455 1520//1520
f 1455//1455 1490//1490 1456//1456
f 1490//1490 1520//1520 1570//1570
f 1491//1491 1490//1490 1570//1570
f 1229//1229 1228//1228 1227//1227
f 1041//1041 946//946 906//906
f 1354//1354 1454//1454 1409//1409
f 1409//1409 1454//1454 1520//1520
f 1454//1454 1354//1354 1353//1353
f 1454//1454 1489//1489 1542//1542
f 1520//1520 1454//1454 1542//1542
f 1454//1454 1453//1453 1489//1489
f 1454//1454 1353//1353 1453//1453
f 1228//1228 1166//1166 1164//1164
f 1372//1372 1422//1422 1373//1373
f 1372//1372 1373//1373 1312//1312
f 1371//1371 1372//1372 1312//1312
f 1530//1530 1464//1464 1495//1495
f 1426//1426 1464//1464 1427//1427
f 1461//1461 1422//1422 1420//1420
f 1418//1418 1461//1461 1420//1420
f 1461//1461 1418//1418 1494//1494
f 1461//1461 1494//1494 1495//1495
f 1464//1464 1463//1463 1495//1495
f 1463//1463 1464//1464 1426//1426
f 1416//1416 1493//1493 1494//1494
f 1418//1418 1416//1416 1494//1494
f 1493//1493 1416//1416 1417//1417
f 1416//1416 1419//1419 1417//1417
f 1416//1416 1418//1418 1419//1419
f 96//96 102//102 80//80
f 102//102 87//87 80//80
f 81//81 71//71 80//80
f 87//87 81//81 80//80
f 82//82 81//81 87//87
f 81//81 82//82 75//75
f 67//67 52//52 71//71
f 81//81 67//67 71//71
f 67//67 81//81 75//75
f 52//52 67//67 53//53
f 110//110 107//107 113//113
f 86//86 83//83 92//92
f 91//91 83//83 73//73
f 83//83 91//91 92//92
f 83//83 68//68 73//73
f 131//131 140//140 120//120
f 131//131 105//105 130//130
f 105//105 131//131 120//120
f 94//94 89//89 93//93
f 89//89 94//94 77//77
f 407//407 379//379 395//395
f 380//380 379//379 386//386
f 379//379 407//407 386//386
f 299//299 269//269 364//364
f 285//285 259//259 265//265
f 256//256 242//242 248//248
f 300//300 298//298 311//311
f 298//298 300//300 288//288
f 270//270 240//240 269//269
f 299//299 270//270 269//269
f 240//240 223//223 210//210
f 268//268 239//239 230//230
f 239//239 268//268 269//269
f 269//269 268//268 364//364
f 239//239 222//222 230//230
f 184//184 222//222 210//210
f 222//222 239//239 210//210
f 527//527 451//451 464//464
f 527//527 735//735 945//945
f 439//439 527//527 945//945
f 451//451 527//527 439//439
f 438//438 439//439 385//385
f 1532//1532 1431//1431 1467//1467
f 1468//1468 1431//1431 1532//1532
f 1431//1431 1468//1468 1430//1430
f 1245//1245 1246//1246 1115//1115
f 1449//1449 1398//1398 1448//1448
f 1449//1449 1401//1401 1398//1398
f 1401//1401 1399//1399 1398//1398
f 1404//1404 1399//1399 1401//1401
f 1399//1399 1404//1404 1405//1405
f 1399//1399 1346//1346 1345//1345
f 1402//1402 1399//1399 1405//1405
f 1399//1399 1402//1402 1346//1346
f 626//626 760//760 627//627
f 760//760 628//628 627//627
f 759//759 626//626 625//625
f 624//624 759//759 623//623
f 759//759 625//625 623//623
f 634//634 635//635 630//630
f 633//633 634//634 630//630
f 635//635 634//634 636//636
f 629//629 762//762 630//630
f 1640//1640 1639//1639 1635//1635
f 1639//1639 1638//1638 1635//1635
f 1683//1683 1682//1682 1686//1686
f 1684//1684 1683//1683 1686//1686
f 1696//1696 1695//1695 1697//1697
f 1716//1716 1715//1715 1717//1717
f 1715//1715 1714//1714 1717//1717
f 652//652 578//578 770//770
f 578//578 655//655 656//656
f 654//654 655//655 578//578
f 578//578 649//649 770//770
f 769//769 649//649 578//578
f 773//773 657//657 503//503
f 578//578 773//773 503//503
f 773//773 578//578 656//656
f 335//335 325//325 345//345
f 349//349 336//336 345//345
f 348//348 349//349 345//345
f 481//481 480//480 714//714
f 465//465 481//481 714//714
f 506//506 465//465 783//783
f 506//506 481//481 465//465
f 481//481 506//506 480//480
f 776//776 777//777 579//579
f 783//783 1352//1352 1223//1223
f 667//667 1352//1352 783//783
f 1223//1223 1352//1352 1408//1408
f 1352//1352 1452//1452 1408//1408
f 1452//1452 1352//1352 1519//1519
f 1352//1352 667//667 1519//1519
f 30//30 27//27 26//26
f 35//35 32//32 31//31
f 32//32 30//30 31//31
f 60//60 59//59 58//58
f 59//59 55//55 58//58
f 61//61 59//59 60//60
f 55//55 59//59 61//61
f 877//877 793//793 876//876
f 407//407 415//415 386//386
f 415//415 407//407 427//427
f 406//406 353//353 405//405
f 1358//1358 1357//1357 1410//1410
f 907//907 876//876 846//846
f 947//947 907//907 846//846
f 946//946 1044//1044 846//846
f 1044//1044 947//947 846//846
f 1506//1506 1507//1507 1509//1509
f 1508//1508 1506//1506 1509//1509
f 1506//1506 1508//1508 1507//1507
f 1483//1483 1482//1482 1485//1485
f 1483//1483 1397//1397 1447//1447
f 1397//1397 1483//1483 1485//1485
f 1482//1482 1446//1446 1481//1481
f 1446//1446 1483//1483 1447//1447
f 1483//1483 1446//1446 1482//1482
f 1479//1479 1510//1510 1512//1512
f 1510//1510 1555//1555 1512//1512
f 1555//1555 1510//1510 1511//1511
f 1482//1482 1484//1484 1485//1485
f 1484//1484 1513//1513 1485//1485
f 1484//1484 1514//1514 1513//1513
f 1484//1484 1482//1482 1481//1481
f 1514//1514 1484//1484 1481//1481
f 1448//1448 1515//1515 1487//1487
f 1515//1515 1516//1516 1487//1487
f 1516//1516 1550//1550 1557//1557
f 1550//1550 1568//1568 1557//1557
f 1550//1550 1515//1515 1537//1537
f 1515//1515 1550//1550 1516//1516
f 1568//1568 1550//1550 1556//1556
f 1550//1550 1537//1537 1556//1556
f 1407//1407 1406//1406 1451//1451
f 1348//1348 1406//1406 1407//1407
f 1406//1406 1403//1403 1451//1451
f 1406//1406 1348//1348 1403//1403
f 1051//1051 1052//1052 1053//1053
f 1051//1051 1054//1054 1052//1052
f 993//993 953//953 1053//1053
f 1457//1457 1412//1412 1361//1361
f 1494//1494 1528//1528 1543//1543
f 1529//1529 1528//1528 1494//1494
f 1528//1528 1527//1527 1543//1543
f 1527//1527 1528//1528 1529//1529
f 1525//1525 1457//1457 1522//1522
f 1459//1459 1525//1525 1526//1526
f 1524//1524 1525//1525 1522//1522
f 1525//1525 1524//1524 1551//1551
f 1526//1526 1525//1525 1551//1551
f 1529//1529 1460//1460 1526//1526
f 1460//1460 1459//1459 1526//1526
f 1460//1460 1529//1529 1493//1493
f 1460//1460 1493//1493 1417//1417
f 1521//1521 1492//1492 1491//1491
f 1491//1491 1492//1492 1456//1456
f 1492//1492 1410//1410 1456//1456
f 1523//1523 1524//1524 1522//1522
f 1523//1523 1521//1521 1524//1524
f 1457//1457 1523//1523 1522//1522
f 1521//1521 1523//1523 1457//1457
f 1297//1297 1229//1229 1227//1227
f 1297//1297 1357//1357 1358//1358
f 1411//1411 1358//1358 1410//1410
f 1492//1492 1411//1411 1410//1410
f 1411//1411 1457//1457 1361//1361
f 1411//1411 1521//1521 1457//1457
f 1411//1411 1492//1492 1521//1521
f 1048//1048 1108//1108 1050//1050
f 1108//1108 1051//1051 1050//1050
f 1051//1051 1108//1108 1054//1054
f 1107//1107 1162//1162 1227//1227
f 1107//1107 1108//1108 1048//1048
f 1354//1354 1355//1355 1152//1152
f 1355//1355 1286//1286 1152//1152
f 1355//1355 1354//1354 1409//1409
f 1286//1286 1355//1355 1409//1409
f 1286//1286 1226//1226 1152//1152
f 1040//1040 906//906 1284//1284
f 1040//1040 1041//1041 906//906
f 1224//1224 1040//1040 1284//1284
f 1041//1041 1040//1040 1151//1151
f 1040//1040 1224//1224 1151//1151
f 1041//1041 1042//1042 946//946
f 1042//1042 1151//1151 1152//1152
f 1042//1042 1041//1041 1151//1151
f 1285//1285 1354//1354 1151//1151
f 1354//1354 1285//1285 1353//1353
f 1304//1304 1233//1233 1231//1231
f 1367//1367 1366//1366 1305//1305
f 1235//1235 1168//1168 1232//1232
f 1237//1237 1235//1235 1310//1310
f 1421//1421 1371//1371 1420//1420
f 1421//1421 1372//1372 1371//1371
f 1422//1422 1421//1421 1420//1420
f 1372//1372 1421//1421 1422//1422
f 1238//1238 1237//1237 1310//1310
f 1370//1370 1371//1371 1312//1312
f 1309//1309 1370//1370 1312//1312
f 1425//1425 1426//1426 1427//1427
f 1424//1424 1425//1425 1427//1427
f 1425//1425 1463//1463 1426//1426
f 1465//1465 1530//1530 1531//1531
f 1465//1465 1464//1464 1530//1530
f 1465//1465 1531//1531 1467//1467
f 1464//1464 1465//1465 1427//1427
f 102//102 97//97 87//87
f 87//87 97//97 88//88
f 97//97 107//107 88//88
f 84//84 87//87 88//88
f 84//84 82//82 87//87
f 82//82 76//76 75//75
f 76//76 67//67 75//75
f 84//84 76//76 82//82
f 76//76 73//73 53//53
f 67//67 76//76 53//53
f 76//76 91//91 73//73
f 91//91 76//76 88//88
f 76//76 84//84 88//88
f 98//98 91//91 107//107
f 83//83 85//85 68//68
f 85//85 83//83 86//86
f 68//68 85//85 77//77
f 85//85 89//89 77//77
f 85//85 86//86 93//93
f 89//89 85//85 93//93
f 94//94 101//101 105//105
f 101//101 117//117 105//105
f 101//101 94//94 93//93
f 117//117 115//115 116//116
f 156//156 174//174 157//157
f 181//181 174//174 202//202
f 185//185 192//192 186//186
f 223//223 192//192 210//210
f 192//192 223//223 186//186
f 192//192 184//184 210//210
f 192//192 185//185 184//184
f 156//156 135//135 155//155
f 135//135 156//156 123//123
f 140//140 154//154 120//120
f 120//120 154//154 78//78
f 128//128 117//117 116//116
f 300//300 281//281 288//288
f 259//259 258//258 265//265
f 265//265 258//258 273//273
f 252//252 258//258 250//250
f 293//293 288//288 286//286
f 293//293 298//298 288//288
f 298//298 306//306 311//311
f 287//287 293//293 286//286
f 270//270 261//261 240//240
f 261//261 254//254 240//240
f 287//287 261//261 270//270
f 261//261 287//287 286//286
f 264//264 256//256 248//248
f 264//264 281//281 256//256
f 222//222 191//191 230//230
f 191//191 222//222 184//184
f 141//141 191//191 184//184
f 191//191 141//141 90//90
f 527//527 555//555 735//735
f 313//313 362//362 385//385
f 1446//1446 1445//1445 1481//1481
f 1443//1443 1477//1477 1480//1480
f 1443//1443 1508//1508 1477//1477
f 1500//1500 1536//1536 1501//1501
f 426//426 438//438 385//385
f 1466//1466 1465//1465 1467//1467
f 1319//1319 1377//1377 1321//1321
f 1246//1246 1320//1320 1321//1321
f 1320//1320 1319//1319 1321//1321
f 1320//1320 1246//1246 1245//1245
f 1319//1319 1320//1320 1245//1245
f 1344//1344 1399//1399 1345//1345
f 1399//1399 1344//1344 1398//1398
f 1343//1343 1397//1397 1398//1398
f 1344//1344 1343//1343 1398//1398
f 1343//1343 1344//1344 1276//1276
f 1449//1449 1450//1450 1401//1401
f 1450//1450 1448//1448 1487//1487
f 1450//1450 1449//1449 1448//1448
f 761//761 629//629 628//628
f 760//760 761//761 628//628
f 632//632 633//633 630//630
f 1694//1694 1693//1693 1697//1697
f 1695//1695 1694//1694 1697//1697
f 1686//1686 1687//1687 1685//1685
f 1691//1691 1690//1690 1686//1686
f 1690//1690 1689//1689 1686//1686
f 652//652 650//650 578//578
f 771//771 650//650 652//652
f 651//651 650//650 771//771
f 650//650 651//651 578//578
f 653//653 652//652 770//770
f 771//771 653//653 770//770
f 653//653 771//771 652//652
f 345//345 327//327 326//326
f 325//325 327//327 345//345
f 326//326 327//327 714//714
f 327//327 335//335 714//714
f 327//327 325//325 335//335
f 350//350 349//349 348//348
f 350//350 352//352 349//349
f 670//670 669//669 989//989
f 669//669 670//670 505//505
f 506//506 669//669 505//505
f 28//28 29//29 26//26
f 27//27 28//28 26//26
f 28//28 27//27 29//29
f 416//416 415//415 427//427
f 416//416 417//417 386//386
f 415//415 416//416 386//386
f 405//405 337//337 364//364
f 353//353 337//337 405//405
f 337//337 299//299 364//364
f 329//329 300//300 311//311
f 354//354 406//406 395//395
f 354//354 353//353 406//406
f 379//379 354//354 395//395
f 584//584 794//794 405//405
f 794//794 584//584 793//793
f 793//793 584//584 846//846
f 1162//1162 1157//1157 1292//1292
f 1292//1292 1157//1157 1289//1289
f 1044//1044 1046//1046 947//947
f 1537//1537 1486//1486 1485//1485
f 1515//1515 1486//1486 1537//1537
f 1486//1486 1515//1515 1448//1448
f 1486//1486 1397//1397 1485//1485
f 1398//1398 1486//1486 1448//1448
f 1397//1397 1486//1486 1398//1398
f 1049//1049 1051//1051 1053//1053
f 1051//1051 1049//1049 1050//1050
f 879//879 995//995 956//956
f 1458//1458 1412//1412 1457//1457
f 1525//1525 1458//1458 1457//1457
f 1458//1458 1525//1525 1459//1459
f 1458//1458 1460//1460 1417//1417
f 1460//1460 1458//1458 1459//1459
f 1166//1166 1230//1230 1231//1231
f 1230//1230 1166//1166 1228//1228
f 1303//1303 1359//1359 1413//1413
f 1412//1412 1359//1359 1361//1361
f 1359//1359 1412//1412 1413//1413
f 1364//1364 1367//1367 1305//1305
f 1362//1362 1303//1303 1413//1413
f 1365//1365 1415//1415 1417//1417
f 1365//1365 1366//1366 1367//1367
f 1364//1364 1365//1365 1367//1367
f 1365//1365 1364//1364 1415//1415
f 1297//1297 1298//1298 1229//1229
f 1298//1298 1297//1297 1358//1358
f 1295//1295 1297//1297 1227//1227
f 1297//1297 1295//1295 1357//1357
f 1295//1295 1296//1296 1357//1357
f 1162//1162 1295//1295 1227//1227
f 1228//1228 1163//1163 1227//1227
f 1163//1163 1107//1107 1227//1227
f 1107//1107 1163//1163 1108//1108
f 1163//1163 1228//1228 1164//1164
f 1054//1054 1163//1163 1164//1164
f 1108//1108 1163//1163 1054//1054
f 1162//1162 1106//1106 1161//1161
f 1107//1107 1106//1106 1162//1162
f 1106//1106 1107//1107 1048//1048
f 1226//1226 1153//1153 1152//1152
f 1153//1153 1226//1226 1154//1154
f 990//990 1044//1044 946//946
f 1042//1042 990//990 946//946
f 1224//1224 1225//1225 1151//1151
f 1225//1225 1285//1285 1151//1151
f 1285//1285 1225//1225 1353//1353
f 1353//1353 1225//1225 1284//1284
f 1225//1225 1224//1224 1284//1284
f 1301//1301 1304//1304 1231//1231
f 1362//1362 1301//1301 1303//1303
f 1233//1233 1234//1234 1231//1231
f 1234//1234 1233//1233 1232//1232
f 1168//1168 1234//1234 1232//1232
f 1234//1234 1109//1109 1231//1231
f 1109//1109 1234//1234 1169//1169
f 1233//1233 1308//1308 1232//1232
f 1304//1304 1308//1308 1233//1233
f 1308//1308 1304//1304 1305//1305
f 1366//1366 1308//1308 1305//1305
f 1370//1370 1369//1369 1371//1371
f 1418//1418 1369//1369 1419//1419
f 1369//1369 1418//1418 1371//1371
f 1307//1307 1311//1311 1310//1310
f 1311//1311 1370//1370 1309//1309
f 1311//1311 1238//1238 1310//1310
f 1238//1238 1311//1311 1309//1309
f 1423//1423 1425//1425 1424//1424
f 1425//1425 1423//1423 1463//1463
f 1423//1423 1424//1424 1373//1373
f 1422//1422 1423//1423 1373//1373
f 135//135 104//104 122//122
f 104//104 135//135 123//123
f 104//104 97//97 102//102
f 91//91 99//99 92//92
f 98//98 99//99 91//91
f 111//111 99//99 98//98
f 99//99 111//111 92//92
f 115//115 111//111 126//126
f 139//139 115//115 126//126
f 115//115 139//139 143//143
f 101//101 100//100 117//117
f 100//100 115//115 117//117
f 100//100 101//101 93//93
f 92//92 100//100 93//93
f 111//111 100//100 92//92
f 100//100 111//111 115//115
f 136//136 110//110 113//113
f 145//145 156//156 157//157
f 156//156 145//145 123//123
f 174//174 162//162 157//157
f 181//181 162//162 174//174
f 185//185 171//171 184//184
f 171//171 141//141 184//184
f 141//141 108//108 90//90
f 135//135 134//134 155//155
f 134//134 135//135 122//122
f 279//279 266//266 285//285
f 154//154 209//209 244//244
f 127//127 128//128 116//116
f 115//115 127//127 116//116
f 127//127 115//115 143//143
f 128//128 129//129 117//117
f 105//105 129//129 130//130
f 117//117 129//129 105//105
f 373//373 380//380 386//386
f 381//381 373//373 386//386
f 330//330 357//357 333//333
f 331//331 330//330 333//333
f 331//331 322//322 330//330
f 334//334 317//317 324//324
f 317//317 334//334 341//341
f 316//316 304//304 303//303
f 226//226 242//242 227//227
f 226//226 213//213 242//242
f 214//214 226//226 227//227
f 193//193 181//181 202//202
f 276//276 257//257 256//256
f 281//281 276//276 256//256
f 282//282 300//300 307//307
f 282//282 281//281 300//300
f 289//289 282//282 307//307
f 282//282 276//276 281//281
f 243//243 250//250 234//234
f 228//228 243//243 234//234
f 188//188 195//195 183//183
f 195//195 188//188 194//194
f 272//272 252//252 257//257
f 272//272 278//278 273//273
f 258//258 272//272 273//273
f 252//252 272//272 258//258
f 257//257 249//249 256//256
f 252//252 249//249 257//257
f 242//242 249//249 227//227
f 256//256 249//249 242//242
f 249//249 243//243 227//227
f 249//249 252//252 250//250
f 243//243 249//249 250//250
f 306//306 296//296 299//299
f 296//296 306//306 298//298
f 293//293 296//296 298//298
f 223//223 211//211 186//186
f 211//211 173//173 186//186
f 173//173 211//211 200//200
f 187//187 156//156 155//155
f 173//173 187//187 155//155
f 187//187 173//173 200//200
f 156//156 187//187 174//174
f 201//201 187//187 200//200
f 174//174 187//187 202//202
f 187//187 201//201 202//202
f 281//281 275//275 288//288
f 264//264 275//275 281//281
f 275//275 264//264 261//261
f 288//288 275//275 286//286
f 275//275 261//261 286//286
f 242//242 233//233 248//248
f 233//233 245//245 248//248
f 213//213 233//233 242//242
f 261//261 255//255 254//254
f 264//264 255//255 261//261
f 255//255 264//264 248//248
f 245//245 255//255 248//248
f 1036//1036 1103//1103 1149//1149
f 1103//1103 1034//1034 1033//1033
f 1034//1034 1103//1103 1036//1036
f 1034//1034 1036//1036 1035//1035
f 988//988 1034//1034 1035//1035
f 526//526 527//527 464//464
f 526//526 555//555 527//527
f 451//451 463//463 464//464
f 463//463 451//451 439//439
f 438//438 463//463 439//439
f 342//342 362//362 313//313
f 317//317 342//342 313//313
f 342//342 317//317 341//341
f 1478//1478 1445//1445 1444//1444
f 1478//1478 1444//1444 1480//1480
f 1478//1478 1479//1479 1481//1481
f 1445//1445 1478//1478 1481//1481
f 1511//1511 1478//1478 1480//1480
f 1510//1510 1478//1478 1511//1511
f 1478//1478 1510//1510 1479//1479
f 1508//1508 1442//1442 1507//1507
f 1443//1443 1442//1442 1508//1508
f 1442//1442 1443//1443 1441//1441
f 1440//1440 1442//1442 1441//1441
f 1476//1476 1505//1505 1507//1507
f 1442//1442 1476//1476 1507//1507
f 1476//1476 1442//1442 1440//1440
f 1391//1391 1441//1441 1392//1392
f 1391//1391 1440//1440 1441//1441
f 1388//1388 1387//1387 1438//1438
f 1387//1387 1388//1388 1334//1334
f 1536//1536 1499//1499 1535//1535
f 1500//1500 1499//1499 1536//1536
f 1499//1499 1500//1500 1438//1438
f 1534//1534 1547//1547 1535//1535
f 1547//1547 1534//1534 1552//1552
f 1499//1499 1534//1534 1535//1535
f 1534//1534 1499//1499 1475//1475
f 1534//1534 1546//1546 1552//1552
f 417//417 387//387 386//386
f 387//387 381//381 386//386
f 1431//1431 1429//1429 1467//1467
f 1429//1429 1466//1466 1467//1467
f 1429//1429 1377//1377 1466//1466
f 1429//1429 1431//1431 1430//1430
f 1377//1377 1429//1429 1430//1430
f 880//880 879//879 956//956
f 879//879 795//795 878//878
f 795//795 877//877 878//878
f 877//877 795//795 793//793
f 795//795 794//794 793//793
f 1169//1169 1111//1111 1057//1057
f 1377//1377 1376//1376 1466//1466
f 1376//1376 1377//1377 1319//1319
f 1243//1243 1319//1319 1245//1245
f 1346//1346 1278//1278 1345//1345
f 1343//1343 1396//1396 1397//1397
f 1397//1397 1396//1396 1447//1447
f 1400//1400 1404//1404 1401//1401
f 1450//1450 1400//1400 1401//1401
f 1400//1400 1450//1450 1487//1487
f 1404//1404 1400//1400 1405//1405
f 1403//1403 1400//1400 1487//1487
f 1400//1400 1403//1403 1405//1405
f 762//762 631//631 630//630
f 631//631 632//632 630//630
f 763//763 634//634 633//633
f 632//632 763//763 633//633
f 1689//1689 1688//1688 1686//1686
f 1688//1688 1687//1687 1686//1686
f 772//772 655//655 654//654
f 772//772 654//654 578//578
f 651//651 772//772 578//578
f 352//352 351//351 714//714
f 350//350 351//351 352//352
f 580//580 583//583 556//556
f 528//528 580//580 556//556
f 670//670 580//580 505//505
f 580//580 529//529 505//505
f 529//529 580//580 528//528
f 669//669 784//784 989//989
f 784//784 669//669 506//506
f 778//778 779//779 579//579
f 781//781 666//666 1519//1519
f 666//666 781//781 579//579
f 666//666 780//780 1519//1519
f 428//428 416//416 427//427
f 416//416 428//428 417//417
f 328//328 306//306 299//299
f 337//337 328//328 299//299
f 306//306 328//328 311//311
f 328//328 337//337 353//353
f 355//355 379//379 380//380
f 355//355 354//354 379//379
f 1294//1294 1292//1292 1289//1289
f 1045//1045 1046//1046 1044//1044
f 909//909 877//877 876//876
f 953//953 955//955 954//954
f 955//955 995//995 879//879
f 1412//1412 1414//1414 1413//1413
f 1458//1458 1414//1414 1412//1412
f 1414//1414 1362//1362 1413//1413
f 1415//1415 1414//1414 1417//1417
f 1414//1414 1458//1458 1417//1417
f 1300//1300 1228//1228 1229//1229
f 1300//1300 1230//1230 1228//1228
f 1298//1298 1300//1300 1229//1229
f 1300//1300 1298//1298 1358//1358
f 1359//1359 1360//1360 1361//1361
f 1360//1360 1411//1411 1361//1361
f 1411//1411 1360//1360 1358//1358
f 1299//1299 1359//1359 1303//1303
f 1300//1300 1299//1299 1230//1230
f 1299//1299 1360//1360 1359//1359
f 1299//1299 1300//1300 1358//1358
f 1360//1360 1299//1299 1358//1358
f 1306//1306 1364//1364 1305//1305
f 1304//1304 1306//1306 1305//1305
f 1301//1301 1306//1306 1304//1304
f 1291//1291 1162//1162 1292//1292
f 1291//1291 1295//1295 1162//1162
f 1295//1295 1291//1291 1296//1296
f 1291//1291 1294//1294 1296//1296
f 1226//1226 1156//1156 1154//1154
f 1287//1287 1156//1156 1226//1226
f 1157//1157 1156//1156 1289//1289
f 1156//1156 1287//1287 1289//1289
f 1288//1288 1226//1226 1286//1286
f 1288//1288 1287//1287 1226//1226
f 1288//1288 1286//1286 1409//1409
f 1455//1455 1288//1288 1409//1409
f 1288//1288 1455//1455 1290//1290
f 1288//1288 1290//1290 1289//1289
f 1287//1287 1288//1288 1289//1289
f 1043//1043 1042//1042 1152//1152
f 1043//1043 990//990 1042//1042
f 1153//1153 1043//1043 1152//1152
f 990//990 1043//1043 1044//1044
f 1043//1043 1045//1045 1044//1044
f 1043//1043 1153//1153 1154//1154
f 1045//1045 1043//1043 1154//1154
f 1230//1230 1302//1302 1231//1231
f 1302//1302 1301//1301 1231//1231
f 1299//1299 1302//1302 1230//1230
f 1301//1301 1302//1302 1303//1303
f 1302//1302 1299//1299 1303//1303
f 1167//1167 1234//1234 1168//1168
f 1234//1234 1167//1167 1169//1169
f 1167//1167 1168//1168 1170//1170
f 1169//1169 1167//1167 1170//1170
f 1165//1165 1166//1166 1231//1231
f 1109//1109 1165//1165 1231//1231
f 1166//1166 1165//1165 1164//1164
f 1165//1165 1054//1054 1164//1164
f 1054//1054 1165//1165 1052//1052
f 1165//1165 1109//1109 1052//1052
f 1110//1110 1169//1169 1057//1057
f 1110//1110 1109//1109 1169//1169
f 1055//1055 1110//1110 1057//1057
f 1052//1052 1110//1110 1055//1055
f 1109//1109 1110//1110 1052//1052
f 1236//1236 1308//1308 1307//1307
f 1236//1236 1307//1307 1310//1310
f 1235//1235 1236//1236 1310//1310
f 1236//1236 1235//1235 1232//1232
f 1308//1308 1236//1236 1232//1232
f 1368//1368 1369//1369 1370//1370
f 1368//1368 1311//1311 1307//1307
f 1311//1311 1368//1368 1370//1370
f 1308//1308 1368//1368 1307//1307
f 1368//1368 1308//1308 1366//1366
f 1369//1369 1368//1368 1419//1419
f 1365//1365 1368//1368 1366//1366
f 1419//1419 1368//1368 1417//1417
f 1368//1368 1365//1365 1417//1417
f 1462//1462 1423//1423 1422//1422
f 1423//1423 1462//1462 1463//1463
f 1463//1463 1462//1462 1495//1495
f 1462//1462 1461//1461 1495//1495
f 1461//1461 1462//1462 1422//1422
f 104//104 109//109 97//97
f 107//107 109//109 113//113
f 97//97 109//109 107//107
f 145//145 142//142 123//123
f 136//136 148//148 147//147
f 142//142 148//148 136//136
f 180//180 185//185 186//186
f 180//180 171//171 185//185
f 90//90 103//103 96//96
f 108//108 103//103 90//90
f 267//267 260//260 280//280
f 247//247 260//260 267//267
f 247//247 221//221 238//238
f 221//221 247//247 267//267
f 221//221 267//267 244//244
f 209//209 221//221 244//244
f 220//220 237//237 238//238
f 237//237 247//247 238//238
f 237//237 260//260 247//247
f 365//365 373//373 381//381
f 279//279 305//305 280//280
f 305//305 313//313 280//280
f 305//305 317//317 313//313
f 284//284 285//285 265//265
f 203//203 193//193 202//202
f 233//233 203//203 202//202
f 203//203 233//233 213//213
f 204//204 226//226 214//214
f 226//226 204//204 213//213
f 204//204 203//203 213//213
f 203//203 204//204 193//193
f 215//215 243//243 228//228
f 215//215 214//214 227//227
f 243//243 215//215 227//227
f 215//215 194//194 214//214
f 283//283 277//277 289//289
f 278//278 277//277 283//283
f 272//272 277//277 278//278
f 277//277 282//282 289//289
f 282//282 277//277 276//276
f 287//287 297//297 293//293
f 297//297 296//296 293//293
f 231//231 223//223 240//240
f 231//231 211//211 223//223
f 254//254 231//231 240//240
f 201//201 225//225 202//202
f 225//225 233//233 202//202
f 836//836 810//810 834//834
f 810//810 836//836 812//812
f 836//836 811//811 812//812
f 462//462 463//463 438//438
f 1441//1441 1393//1393 1392//1392
f 1444//1444 1393//1393 1480//1480
f 1393//1393 1443//1443 1480//1480
f 1443//1443 1393//1393 1441//1441
f 1266//1266 1340//1340 1339//1339
f 1263//1263 1199//1199 1198//1198
f 1391//1391 1390//1390 1440//1440
f 1437//1437 1499//1499 1438//1438
f 1499//1499 1437//1437 1475//1475
f 1387//1387 1437//1437 1438//1438
f 1114//1114 1179//1179 1115//1115
f 370//370 360//360 369//369
f 360//360 359//359 369//369
f 359//359 375//375 369//369
f 375//375 359//359 357//357
f 811//811 566//566 812//812
f 566//566 811//811 597//597
f 864//864 836//836 834//834
f 836//836 864//864 865//865
f 1261//1261 1259//1259 1335//1335
f 1379//1379 1378//1378 1430//1430
f 1377//1377 1378//1378 1321//1321
f 1378//1378 1377//1377 1430//1430
f 1247//1247 1246//1246 1321//1321
f 1248//1248 1247//1247 1321//1321
f 909//909 950//950 877//877
f 795//795 715//715 794//794
f 715//715 880//880 881//881
f 880//880 715//715 879//879
f 715//715 795//795 879//879
f 715//715 406//406 405//405
f 794//794 715//715 405//405
f 1111//1111 1056//1056 1057//1057
f 1171//1171 1169//1169 1170//1170
f 1171//1171 1111//1111 1169//1169
f 1168//1168 1171//1171 1170//1170
f 1235//1235 1171//1171 1168//1168
f 1171//1171 1235//1235 1237//1237
f 1376//1376 1428//1428 1466//1466
f 1465//1465 1428//1428 1427//1427
f 1466//1466 1428//1428 1465//1465
f 1242//1242 1314//1314 1316//1316
f 1242//1242 1174//1174 1314//1314
f 1317//1317 1242//1242 1316//1316
f 1242//1242 1317//1317 1243//1243
f 1243//1243 1317//1317 1319//1319
f 1244//1244 1243//1243 1245//1245
f 1244//1244 1242//1242 1243//1243
f 1280//1280 1278//1278 1346//1346
f 1279//1279 1280//1280 1347//1347
f 1280//1280 1346//1346 1347//1347
f 1277//1277 1278//1278 1276//1276
f 1277//1277 1344//1344 1345//1345
f 1278//1278 1277//1277 1345//1345
f 1214//1214 1280//1280 1279//1279
f 1280//1280 1214//1214 1278//1278
f 1270//1270 1396//1396 1343//1343
f 1343//1343 1274//1274 1273//1273
f 1274//1274 1343//1343 1276//1276
f 1102//1102 1103//1103 1033//1033
f 1101//1101 1102//1102 1033//1033
f 1149//1149 1102//1102 1148//1148
f 1103//1103 1102//1102 1149//1149
f 1147//1147 1218//1218 1148//1148
f 1102//1102 1147//1147 1148//1148
f 1147//1147 1102//1102 1101//1101
f 667//667 782//782 1519//1519
f 782//782 781//781 1519//1519
f 782//782 667//667 579//579
f 781//781 782//782 579//579
f 665//665 666//666 579//579
f 665//665 780//780 666//666
f 429//429 428//428 453//453
f 440//440 429//429 453//453
f 428//428 429//429 417//417
f 429//429 440//440 417//417
f 466//466 468//468 453//453
f 468//468 440//440 453//453
f 961//961 959//959 1004//1004
f 959//959 961//961 882//882
f 339//339 329//329 311//311
f 328//328 339//339 311//311
f 354//354 339//339 353//353
f 339//339 328//328 353//353
f 1296//1296 1356//1356 1357//1357
f 1294//1294 1356//1356 1296//1296
f 1410//1410 1356//1356 1456//1456
f 1357//1357 1356//1356 1410//1410
f 1356//1356 1455//1455 1456//1456
f 1455//1455 1356//1356 1290//1290
f 1290//1290 1356//1356 1289//1289
f 1356//1356 1294//1294 1289//1289
f 1160//1160 1157//1157 1162//1162
f 1045//1045 1104//1104 1046//1046
f 907//907 908//908 876//876
f 908//908 909//909 876//876
f 909//909 908//908 949//949
f 908//908 907//907 947//947
f 991//991 1047//1047 1048//1048
f 1047//1047 1106//1106 1048//1048
f 1106//1106 1047//1047 1161//1161
f 1104//1104 1047//1047 1046//1046
f 1047//1047 1104//1104 1105//1105
f 912//912 911//911 954//954
f 955//955 912//912 954//954
f 912//912 955//955 879//879
f 912//912 879//879 878//878
f 911//911 912//912 878//878
f 994//994 955//955 953//953
f 994//994 993//993 1055//1055
f 994//994 953//953 993//993
f 955//955 994//994 995//995
f 994//994 1055//1055 1057//1057
f 1414//1414 1363//1363 1362//1362
f 1306//1306 1363//1363 1364//1364
f 1364//1364 1363//1363 1415//1415
f 1363//1363 1414//1414 1415//1415
f 1363//1363 1301//1301 1362//1362
f 1363//1363 1306//1306 1301//1301
f 1294//1294 1293//1293 1292//1292
f 1293//1293 1291//1291 1292//1292
f 1291//1291 1293//1293 1294//1294
f 1073//1073 1071//1071 1115//1115
f 118//118 104//104 123//123
f 118//118 109//109 104//104
f 109//109 118//118 113//113
f 142//142 118//118 123//123
f 118//118 136//136 113//113
f 118//118 142//142 136//136
f 111//111 119//119 126//126
f 119//119 114//114 125//125
f 114//114 119//119 111//111
f 110//110 114//114 107//107
f 114//114 98//98 107//107
f 114//114 111//111 98//98
f 146//146 142//142 145//145
f 146//146 148//148 142//142
f 146//146 158//158 148//148
f 158//158 145//145 157//157
f 158//158 146//146 145//145
f 148//148 149//149 147//147
f 149//149 182//182 183//183
f 182//182 188//188 183//183
f 182//182 204//204 214//214
f 194//194 182//182 214//214
f 188//188 182//182 194//194
f 134//134 133//133 155//155
f 133//133 134//134 122//122
f 171//171 172//172 141//141
f 172//172 132//132 141//141
f 132//132 172//172 155//155
f 172//172 173//173 155//155
f 173//173 172//172 186//186
f 172//172 180//180 186//186
f 180//180 172//172 171//171
f 112//112 108//108 141//141
f 132//132 112//112 141//141
f 112//112 103//103 108//108
f 260//260 274//274 280//280
f 274//274 260//260 266//266
f 274//274 279//279 280//280
f 274//274 266//266 279//279
f 129//129 153//153 130//130
f 153//153 131//131 130//130
f 131//131 153//153 140//140
f 190//190 221//221 209//209
f 190//190 154//154 140//140
f 190//190 209//209 154//154
f 153//153 190//190 140//140
f 190//190 153//153 170//170
f 260//260 251//251 266//266
f 237//237 251//251 260//260
f 170//170 169//169 199//199
f 169//169 189//189 199//199
f 150//150 165//165 139//139
f 150//150 125//125 147//147
f 149//149 150//150 147//147
f 165//165 150//150 183//183
f 150//150 149//149 183//183
f 358//358 357//357 330//330
f 365//365 358//358 330//330
f 365//365 356//356 373//373
f 356//356 365//365 330//330
f 373//373 356//356 380//380
f 356//356 355//355 380//380
f 284//284 309//309 285//285
f 309//309 279//279 285//285
f 309//309 305//305 279//279
f 305//305 309//309 317//317
f 317//317 309//309 324//324
f 309//309 320//320 324//324
f 309//309 284//284 304//304
f 316//316 309//309 304//304
f 320//320 309//309 316//316
f 315//315 332//332 316//316
f 332//332 315//315 322//322
f 332//332 331//331 333//333
f 331//331 332//332 322//322
f 315//315 308//308 322//322
f 302//302 308//308 315//315
f 205//205 215//215 228//228
f 205//205 195//195 194//194
f 215//215 205//205 194//194
f 277//277 271//271 276//276
f 271//271 277//277 272//272
f 276//276 271//271 257//257
f 271//271 272//272 257//257
f 295//295 297//297 287//287
f 295//295 270//270 299//299
f 295//295 287//287 270//270
f 296//296 295//295 299//299
f 297//297 295//295 296//296
f 821//821 872//872 874//874
f 1034//1034 1032//1032 1033//1033
f 985//985 1032//1032 987//987
f 810//810 835//835 834//834
f 835//835 810//810 809//809
f 1125//1125 1190//1190 1126//1126
f 1196//1196 1194//1194 1198//1198
f 837//837 811//811 836//836
f 867//867 900//900 868//868
f 450//450 462//462 438//438
f 450//450 449//449 461//461
f 426//426 450//450 438//438
f 449//449 450//450 426//426
f 1338//1338 1266//1266 1265//1265
f 1266//1266 1338//1338 1340//1340
f 1393//1393 1338//1338 1392//1392
f 1338//1338 1393//1393 1340//1340
f 1200//1200 1263//1263 1265//1265
f 1200//1200 1199//1199 1263//1263
f 1503//1503 1501//1501 1502//1502
f 1389//1389 1390//1390 1335//1335
f 1389//1389 1335//1335 1334//1334
f 1388//1388 1389//1389 1334//1334
f 1336//1336 1390//1390 1391//1391
f 1390//1390 1336//1336 1335//1335
f 1336//1336 1261//1261 1335//1335
f 1261//1261 1336//1336 1194//1194
f 1437//1437 1386//1386 1475//1475
f 1533//1533 1496//1496 1562//1562
f 1496//1496 1545//1545 1562//1562
f 1546//1546 1498//1498 1533//1533
f 1534//1534 1498//1498 1546//1546
f 1498//1498 1534//1534 1475//1475
f 1381//1381 1382//1382 1323//1323
f 1382//1382 1381//1381 1433//1433
f 880//880 914//914 881//881
f 913//913 914//914 880//880
f 1002//1002 914//914 913//913
f 1070//1070 1071//1071 1004//1004
f 1114//1114 1070//1070 1004//1004
f 1071//1071 1070//1070 1115//1115
f 1070//1070 1114//1114 1115//1115
f 478//478 460//460 499//499
f 437//437 447//447 459//459
f 425//425 449//449 426//426
f 425//425 426//426 385//385
f 414//414 425//425 385//385
f 425//425 437//437 449//449
f 437//437 425//425 414//414
f 366//366 342//342 341//341
f 362//362 378//378 385//385
f 378//378 414//414 385//385
f 378//378 377//377 414//414
f 389//389 370//370 369//369
f 370//370 361//361 360//360
f 361//361 334//334 324//324
f 360//360 361//361 324//324
f 334//334 361//361 341//341
f 361//361 366//366 341//341
f 323//323 360//360 324//324
f 320//320 323//323 324//324
f 323//323 320//320 316//316
f 332//332 323//323 316//316
f 519//519 520//520 518//518
f 725//725 810//810 812//812
f 807//807 723//723 722//722
f 723//723 808//808 724//724
f 832//832 723//723 807//807
f 723//723 832//832 808//808
f 1122//1122 1258//1258 1190//1190
f 1332//1332 1258//1258 1122//1122
f 1190//1190 1191//1191 1126//1126
f 1258//1258 1191//1191 1190//1190
f 1378//1378 1380//1380 1321//1321
f 1380//1380 1378//1378 1379//1379
f 1380//1380 1248//1248 1321//1321
f 1180//1180 1073//1073 1115//1115
f 1246//1246 1180//1180 1115//1115
f 1247//1247 1180//1180 1246//1246
f 1116//1116 1251//1251 1181//1181
f 1251//1251 1116//1116 1076//1076
f 1251//1251 1252//1252 1181//1181
f 950//950 910//910 877//877
f 877//877 910//910 878//878
f 910//910 911//911 878//878
f 951//951 909//909 949//949
f 951//951 950//950 909//909
f 991//991 951//951 949//949
f 823//823 882//882 847//847
f 882//882 823//823 881//881
f 823//823 715//715 881//881
f 1062//1062 1060//1060 1059//1059
f 1060//1060 1111//1111 1059//1059
f 1060//1060 1056//1056 1111//1111
f 1172//1172 1171//1171 1237//1237
f 1238//1238 1172//1172 1237//1237
f 1111//1111 1112//1112 1059//1059
f 1171//1171 1112//1112 1111//1111
f 1172//1172 1112//1112 1171//1171
f 1242//1242 1175//1175 1174//1174
f 1244//1244 1175//1175 1242//1242
f 1375//1375 1428//1428 1376//1376
f 1375//1375 1424//1424 1427//1427
f 1428//1428 1375//1375 1427//1427
f 1175//1175 1177//1177 1178//1178
f 1177//1177 1175//1175 1244//1244
f 1177//1177 1244//1244 1245//1245
f 1177//1177 1245//1245 1115//1115
f 1179//1179 1177//1177 1115//1115
f 1344//1344 1275//1275 1276//1276
f 1275//1275 1277//1277 1276//1276
f 1277//1277 1275//1275 1344//1344
f 1272//1272 1343//1343 1273//1273
f 1272//1272 1270//1270 1343//1343
f 1445//1445 1395//1395 1444//1444
f 1395//1395 1394//1394 1340//1340
f 1395//1395 1445//1445 1446//1446
f 1395//1395 1393//1393 1444//1444
f 1393//1393 1395//1395 1340//1340
f 1394//1394 1395//1395 1396//1396
f 1395//1395 1446//1446 1447//1447
f 1396//1396 1395//1395 1447//1447
f 1340//1340 1341//1341 1339//1339
f 1394//1394 1341//1341 1340//1340
f 1270//1270 1342//1342 1396//1396
f 1342//1342 1394//1394 1396//1396
f 1342//1342 1341//1341 1394//1394
f 780//780 664//664 579//579
f 664//664 665//665 579//579
f 665//665 664//664 780//780
f 802//802 827//827 828//828
f 805//805 802//802 828//828
f 959//959 1003//1003 1004//1004
f 1003//1003 959//959 1067//1067
f 1003//1003 1114//1114 1004//1004
f 585//585 717//717 796//796
f 558//558 585//585 586//586
f 797//797 585//585 796//796
f 585//585 797//797 586//586
f 717//717 848//848 796//796
f 355//355 338//338 354//354
f 338//338 339//339 354//354
f 339//339 338//338 329//329
f 356//356 338//338 355//355
f 1160//1160 1158//1158 1105//1105
f 1047//1047 1158//1158 1161//1161
f 1158//1158 1047//1047 1105//1105
f 1158//1158 1162//1162 1161//1161
f 1158//1158 1160//1160 1162//1162
f 1104//1104 1159//1159 1105//1105
f 1159//1159 1156//1156 1157//1157
f 1160//1160 1159//1159 1157//1157
f 1159//1159 1160//1160 1105//1105
f 1155//1155 1104//1104 1045//1045
f 1155//1155 1045//1045 1154//1154
f 1156//1156 1155//1155 1154//1154
f 1159//1159 1155//1155 1156//1156
f 1155//1155 1159//1159 1104//1104
f 948//948 908//908 947//947
f 908//908 948//948 949//949
f 948//948 991//991 949//949
f 948//948 1047//1047 991//991
f 1046//1046 948//948 947//947
f 1047//1047 948//948 1046//1046
f 1058//1058 1056//1056 995//995
f 994//994 1058//1058 995//995
f 1056//1056 1058//1058 1057//1057
f 1058//1058 994//994 1057//1057
f 1073//1073 1075//1075 962//962
f 1075//1075 1006//1006 962//962
f 1180//1180 1075//1075 1073//1073
f 1071//1071 1005//1005 1004//1004
f 138//138 139//139 126//126
f 138//138 150//150 139//139
f 114//114 124//124 125//125
f 124//124 136//136 147//147
f 125//125 124//124 147//147
f 136//136 124//124 110//110
f 124//124 114//114 110//110
f 182//182 176//176 204//204
f 193//193 176//176 181//181
f 204//204 176//176 193//193
f 176//176 149//149 148//148
f 176//176 182//182 149//149
f 106//106 112//112 132//132
f 106//106 104//104 102//102
f 112//112 106//106 103//103
f 106//106 102//102 96//96
f 103//103 106//106 96//96
f 144//144 127//127 143//143
f 127//127 144//144 128//128
f 144//144 129//129 128//128
f 144//144 153//153 129//129
f 190//190 208//208 221//221
f 208//208 220//220 238//238
f 221//221 208//208 238//238
f 220//220 208//208 199//199
f 208//208 170//170 199//199
f 208//208 190//190 170//170
f 262//262 251//251 259//259
f 251//251 262//262 266//266
f 251//251 253//253 259//259
f 253//253 258//258 259//259
f 250//250 253//253 234//234
f 258//258 253//253 250//250
f 206//206 228//228 234//234
f 216//216 206//206 234//234
f 219//219 220//220 199//199
f 219//219 237//237 220//220
f 189//189 207//207 199//199
f 218//218 207//207 189//189
f 207//207 219//219 199//199
f 219//219 207//207 237//237
f 236//236 251//251 237//237
f 189//189 168//168 167//167
f 169//169 168//168 189//189
f 153//153 152//152 170//170
f 152//152 169//169 170//170
f 144//144 152//152 153//153
f 152//152 144//144 143//143
f 165//165 166//166 139//139
f 177//177 165//165 183//183
f 177//177 179//179 165//165
f 195//195 177//177 183//183
f 166//166 178//178 167//167
f 179//179 178//178 165//165
f 178//178 166//166 165//165
f 290//290 265//265 273//273
f 290//290 291//291 265//265
f 278//278 290//290 273//273
f 290//290 278//278 283//283
f 290//290 283//283 289//289
f 292//292 284//284 265//265
f 291//291 292//292 265//265
f 284//284 292//292 304//304
f 292//292 291//291 304//304
f 338//338 319//319 329//329
f 312//312 315//315 316//316
f 312//312 302//302 315//315
f 312//312 316//316 303//303
f 302//302 312//312 303//303
f 308//308 301//301 307//307
f 302//302 301//301 308//308
f 301//301 289//289 307//307
f 301//301 290//290 289//289
f 290//290 301//301 302//302
f 233//233 241//241 245//245
f 225//225 241//241 233//233
f 255//255 241//241 254//254
f 241//241 255//255 245//245
f 241//241 231//231 254//254
f 241//241 232//232 231//231
f 231//231 224//224 211//211
f 232//232 224//224 231//231
f 211//211 224//224 200//200
f 224//224 232//232 200//200
f 872//872 905//905 874//874
f 1032//1032 905//905 987//987
f 986//986 985//985 987//987
f 1100//1100 985//985 1095//1095
f 1100//1100 1101//1101 1033//1033
f 1032//1032 1100//1100 1033//1033
f 985//985 1100//1100 1032//1032
f 597//597 815//815 728//728
f 463//463 502//502 464//464
f 462//462 502//502 463//463
f 502//502 526//526 464//464
f 844//844 821//821 874//874
f 844//844 822//822 821//821
f 844//844 845//845 822//822
f 555//555 603//603 735//735
f 554//554 603//603 555//555
f 729//729 597//597 728//728
f 597//597 599//599 570//570
f 729//729 599//599 597//597
f 835//835 894//894 834//834
f 1083//1083 1018//1018 1017//1017
f 1082//1082 1083//1083 1017//1017
f 1015//1015 1082//1082 1017//1017
f 1124//1124 1122//1122 1190//1190
f 1124//1124 1125//1125 1082//1082
f 1125//1125 1124//1124 1190//1190
f 1199//1199 1197//1197 1198//1198
f 1197//1197 1196//1196 1198//1198
f 1196//1196 1197//1197 1130//1130
f 1196//1196 1195//1195 1194//1194
f 1195//1195 1196//1196 1130//1130
f 837//837 838//838 867//867
f 838//838 836//836 865//865
f 838//838 837//837 836//836
f 864//864 896//896 865//865
f 896//896 899//899 865//865
f 866//866 900//900 867//867
f 838//838 866//866 867//867
f 899//899 866//866 865//865
f 866//866 838//838 865//865
f 1200//1200 1132//1132 1199//1199
f 1088//1088 1132//1132 1134//1134
f 1087//1087 1132//1132 1088//1088
f 1389//1389 1439//1439 1390//1390
f 1439//1439 1389//1389 1388//1388
f 1390//1390 1439//1439 1440//1440
f 1500//1500 1439//1439 1438//1438
f 1439//1439 1388//1388 1438//1438
f 1439//1439 1500//1500 1501//1501
f 1503//1503 1439//1439 1501//1501
f 1262//1262 1263//1263 1198//1198
f 1194//1194 1262//1262 1198//1198
f 1336//1336 1262//1262 1194//1194
f 1337//1337 1336//1336 1391//1391
f 1337//1337 1391//1391 1392//1392
f 1338//1338 1337//1337 1392//1392
f 1337//1337 1338//1338 1265//1265
f 1331//1331 1332//1332 1257//1257
f 1332//1332 1331//1331 1386//1386
f 1333//1333 1386//1386 1437//1437
f 1333//1333 1332//1332 1386//1386
f 1333//1333 1437//1437 1387//1387
f 1333//1333 1387//1387 1334//1334
f 1258//1258 1333//1333 1334//1334
f 1333//1333 1258//1258 1332//1332
f 1325//1325 1252//1252 1323//1323
f 1382//1382 1325//1325 1323//1323
f 1322//1322 1381//1381 1323//1323
f 1322//1322 1380//1380 1379//1379
f 1380//1380 1322//1322 1248//1248
f 1468//1468 1432//1432 1430//1430
f 1432//1432 1379//1379 1430//1430
f 1433//1433 1432//1432 1468//1468
f 1381//1381 1432//1432 1433//1433
f 1432//1432 1322//1322 1379//1379
f 1322//1322 1432//1432 1381//1381
f 959//959 1066//1066 1067//1067
f 1002//1002 958//958 914//914
f 914//914 958//958 881//881
f 958//958 1066//1066 959//959
f 1066//1066 958//958 1002//1002
f 958//958 882//882 881//881
f 958//958 959//959 882//882
f 437//437 448//448 449//449
f 449//449 448//448 461//461
f 460//460 448//448 459//459
f 448//448 437//437 459//459
f 448//448 478//478 461//461
f 478//478 448//448 460//460
f 403//403 437//437 414//414
f 377//377 403//403 414//414
f 447//447 423//423 424//424
f 437//437 423//423 447//447
f 403//403 423//423 437//437
f 423//423 403//403 392//392
f 474//474 475//475 459//459
f 447//447 474//474 459//459
f 474//474 447//447 473//473
f 475//475 476//476 459//459
f 476//476 460//460 459//459
f 460//460 476//476 499//499
f 476//476 522//522 499//499
f 522//522 476//476 519//519
f 567//567 597//597 570//570
f 567//567 566//566 597//597
f 599//599 568//568 570//570
f 549//549 519//519 518//518
f 549//549 522//522 519//519
f 548//548 549//549 518//518
f 370//370 390//390 383//383
f 389//389 390//390 370//370
f 390//390 389//389 412//412
f 389//389 401//401 412//412
f 401//401 389//389 369//369
f 399//399 401//401 369//369
f 340//340 359//359 360//360
f 323//323 340//340 360//360
f 357//357 340//340 333//333
f 359//359 340//340 357//357
f 340//340 332//332 333//333
f 340//340 323//323 332//332
f 515//515 546//546 473//473
f 546//546 474//474 473//473
f 566//566 596//596 812//812
f 565//565 596//596 566//566
f 596//596 725//725 812//812
f 725//725 596//596 565//565
f 520//520 497//497 516//516
f 497//497 546//546 516//516
f 806//806 807//807 722//722
f 829//829 806//806 805//805
f 856//856 829//829 828//828
f 829//829 805//805 828//828
f 808//808 727//727 724//724
f 514//514 515//515 495//495
f 514//514 541//541 515//515
f 514//514 513//513 541//541
f 563//563 725//725 542//542
f 563//563 727//727 725//725
f 541//541 543//543 515//515
f 543//543 563//563 542//542
f 447//447 458//458 473//473
f 435//435 434//434 446//446
f 859//859 856//856 828//828
f 827//827 859//859 828//828
f 918//918 963//963 964//964
f 963//963 1008//1008 964//964
f 1008//1008 963//963 1006//1006
f 963//963 918//918 917//917
f 887//887 918//918 920//920
f 851//851 887//887 852//852
f 918//918 887//887 917//917
f 887//887 886//886 917//917
f 887//887 851//851 886//886
f 802//802 826//826 827//827
f 808//808 833//833 809//809
f 832//832 833//833 808//808
f 833//833 835//835 809//809
f 1191//1191 1192//1192 1126//1126
f 1192//1192 1125//1125 1126//1126
f 1192//1192 1129//1129 1125//1125
f 1261//1261 1193//1193 1259//1259
f 1193//1193 1191//1191 1259//1259
f 1193//1193 1192//1192 1191//1191
f 1192//1192 1193//1193 1129//1129
f 1193//1193 1261//1261 1194//1194
f 1195//1195 1193//1193 1194//1194
f 1193//1193 1195//1195 1129//1129
f 1191//1191 1260//1260 1259//1259
f 1260//1260 1191//1191 1258//1258
f 1260//1260 1258//1258 1334//1334
f 1335//1335 1260//1260 1334//1334
f 1259//1259 1260//1260 1335//1335
f 1182//1182 1252//1252 1253//1253
f 1252//1252 1182//1182 1181//1181
f 1252//1252 1250//1250 1323//1323
f 1251//1251 1250//1250 1252//1252
f 1250//1250 1322//1322 1323//1323
f 1250//1250 1251//1251 1248//1248
f 1322//1322 1250//1250 1248//1248
f 1251//1251 1249//1249 1248//1248
f 1249//1249 1247//1247 1248//1248
f 1249//1249 1180//1180 1247//1247
f 1180//1180 1249//1249 1076//1076
f 1249//1249 1251//1251 1076//1076
f 952//952 910//910 950//950
f 952//952 953//953 954//954
f 911//911 952//952 954//954
f 910//910 952//952 911//911
f 953//953 952//952 1053//1053
f 951//951 952//952 950//950
f 992//992 951//951 991//991
f 992//992 991//991 1048//1048
f 992//992 1049//1049 1053//1053
f 992//992 1048//1048 1050//1050
f 1049//1049 992//992 1050//1050
f 952//952 992//992 1053//1053
f 992//992 952//952 951//951
f 716//716 823//823 847//847
f 848//848 716//716 847//847
f 716//716 848//848 717//717
f 1056//1056 996//996 995//995
f 1060//1060 996//996 1056//1056
f 996//996 1060//1060 1062//1062
f 995//995 996//996 956//956
f 1174//1174 1241//1241 1314//1314
f 1173//1173 1241//1241 1174//1174
f 1176//1176 1175//1175 1178//1178
f 1175//1175 1176//1176 1174//1174
f 1318//1318 1375//1375 1376//1376
f 1318//1318 1376//1376 1319//1319
f 1317//1317 1318//1318 1319//1319
f 1177//1177 1113//1113 1178//1178
f 1113//1113 1177//1177 1179//1179
f 1114//1114 1113//1113 1179//1179
f 1212//1212 1211//1211 1210//1210
f 1212//1212 1274//1274 1276//1276
f 1274//1274 1212//1212 1210//1210
f 1215//1215 1216//1216 1214//1214
f 1211//1211 1142//1142 1210//1210
f 1135//1135 1133//1133 1091//1091
f 1090//1090 1135//1135 1091//1091
f 1135//1135 1088//1088 1134//1134
f 1209//1209 1274//1274 1210//1210
f 1217//1217 1215//1215 1214//1214
f 1215//1215 1217//1217 1147//1147
f 1217//1217 1214//1214 1279//1279
f 1281//1281 1217//1217 1279//1279
f 1218//1218 1217//1217 1281//1281
f 1147//1147 1217//1217 1218//1218
f 367//367 365//365 381//381
f 375//375 382//382 369//369
f 382//382 399//399 369//369
f 396//396 387//387 417//417
f 418//418 396//396 417//417
f 396//396 388//388 387//387
f 396//396 397//397 388//388
f 483//483 468//468 466//466
f 483//483 485//485 468//468
f 483//483 509//509 485//485
f 509//509 487//487 485//485
f 723//723 595//595 722//722
f 561//561 595//595 562//562
f 595//595 723//723 724//724
f 561//561 540//540 560//560
f 560//560 540//540 512//512
f 541//541 540//540 562//562
f 540//540 561//561 562//562
f 540//540 513//513 512//512
f 513//513 540//540 541//541
f 719//719 718//718 800//800
f 718//718 720//720 589//589
f 719//719 720//720 718//718
f 720//720 802//802 805//805
f 720//720 719//719 802//802
f 798//798 824//824 799//799
f 797//797 798//798 799//799
f 798//798 848//848 886//886
f 798//798 797//797 796//796
f 848//848 798//798 796//796
f 848//848 916//916 886//886
f 886//886 916//916 917//917
f 1006//1006 916//916 962//962
f 916//916 963//963 917//917
f 963//963 916//916 1006//1006
f 916//916 915//915 962//962
f 1008//1008 1009//1009 964//964
f 1077//1077 1009//1009 1116//1116
f 1009//1009 1008//1008 1116//1116
f 1007//1007 1008//1008 1006//1006
f 1116//1116 1007//1007 1076//1076
f 1008//1008 1007//1007 1116//1116
f 1073//1073 1072//1072 1071//1071
f 1072//1072 1005//1005 1071//1071
f 1072//1072 1073//1073 962//962
f 1005//1005 1072//1072 962//962
f 119//119 137//137 126//126
f 137//137 138//138 126//126
f 137//137 119//119 125//125
f 150//150 137//137 125//125
f 138//138 137//137 150//150
f 158//158 159//159 148//148
f 159//159 163//163 148//148
f 163//163 159//159 162//162
f 162//162 159//159 157//157
f 159//159 158//158 157//157
f 175//175 162//162 181//181
f 176//176 175//175 181//181
f 163//163 164//164 148//148
f 164//164 176//176 148//148
f 164//164 175//175 176//176
f 164//164 163//163 162//162
f 175//175 164//164 162//162
f 121//121 106//106 132//132
f 121//121 132//132 155//155
f 133//133 121//121 155//155
f 121//121 133//133 122//122
f 104//104 121//121 122//122
f 106//106 121//121 104//104
f 266//266 263//263 285//285
f 262//262 263//263 266//266
f 285//285 263//263 259//259
f 263//263 262//262 259//259
f 206//206 197//197 228//228
f 197//197 205//205 228//228
f 205//205 197//197 195//195
f 198//198 178//178 179//179
f 198//198 206//206 216//216
f 198//198 189//189 167//167
f 178//178 198//198 167//167
f 198//198 218//218 189//189
f 218//218 198//198 216//216
f 217//217 236//236 237//237
f 207//207 217//217 237//237
f 217//217 207//207 218//218
f 246//246 253//253 251//251
f 236//236 246//246 251//251
f 253//253 246//246 234//234
f 151//151 168//168 169//169
f 152//152 151//151 169//169
f 168//168 151//151 167//167
f 151//151 152//152 143//143
f 139//139 151//151 143//143
f 166//166 151//151 139//139
f 151//151 166//166 167//167
f 294//294 302//302 303//303
f 294//294 290//290 302//302
f 290//290 294//294 291//291
f 304//304 294//294 303//303
f 291//291 294//294 304//304
f 321//321 338//338 356//356
f 321//321 319//319 338//338
f 322//322 321//321 330//330
f 321//321 356//356 330//330
f 308//308 321//321 322//322
f 319//319 321//321 308//308
f 329//329 318//318 300//300
f 319//319 318//318 329//329
f 300//300 318//318 307//307
f 318//318 308//308 307//307
f 318//318 319//319 308//308
f 212//212 241//241 225//225
f 241//241 212//212 232//232
f 232//232 212//212 200//200
f 212//212 201//201 200//200
f 212//212 225//225 201//201
f 875//875 1032//1032 1034//1034
f 875//875 905//905 1032//1032
f 875//875 1034//1034 988//988
f 875//875 988//988 735//735
f 845//845 875//875 735//735
f 901//901 869//869 868//868
f 843//843 872//872 821//821
f 843//843 871//871 872//872
f 869//869 843//843 842//842
f 904//904 905//905 872//872
f 905//905 904//904 987//987
f 904//904 986//986 987//987
f 943//943 901//901 942//942
f 943//943 869//869 901//901
f 985//985 984//984 1095//1095
f 986//986 984//984 985//985
f 1099//1099 1100//1100 1095//1095
f 1100//1100 1099//1099 1101//1101
f 815//815 814//814 837//837
f 811//811 814//814 597//597
f 814//814 815//815 597//597
f 839//839 867//867 868//868
f 840//840 839//839 868//868
f 839//839 837//837 867//867
f 839//839 815//815 837//837
f 841//841 840//840 868//868
f 869//869 841//841 868//868
f 841//841 869//869 842//842
f 479//479 502//502 462//462
f 450//450 479//479 462//462
f 479//479 450//450 461//461
f 822//822 733//733 821//821
f 501//501 479//479 461//461
f 525//525 554//554 555//555
f 526//526 525//525 555//555
f 502//502 525//525 526//526
f 734//734 845//845 735//735
f 845//845 734//734 822//822
f 603//603 734//734 735//735
f 734//734 603//603 822//822
f 1083//1083 1086//1086 1018//1018
f 969//969 927//927 926//926
f 1015//1015 1081//1081 1082//1082
f 1081//1081 1124//1124 1082//1082
f 1127//1127 1195//1195 1130//1130
f 1195//1195 1127//1127 1129//1129
f 897//897 896//896 864//864
f 897//897 864//864 834//834
f 894//894 897//897 834//834
f 900//900 941//941 868//868
f 941//941 901//901 868//868
f 898//898 936//936 900//900
f 866//866 898//898 900//900
f 898//898 937//937 936//936
f 898//898 866//866 899//899
f 937//937 898//898 899//899
f 1266//1266 1203//1203 1265//1265
f 1203//1203 1200//1200 1265//1265
f 1203//1203 1201//1201 1200//1200
f 1132//1132 1131//1131 1199//1199
f 1131//1131 1132//1132 1087//1087
f 1131//1131 1197//1197 1199//1199
f 1131//1131 1087//1087 1130//1130
f 1197//1197 1131//1131 1130//1130
f 1504//1504 1476//1476 1440//1440
f 1439//1439 1504//1504 1440//1440
f 1504//1504 1439//1439 1503//1503
f 1504//1504 1503//1503 1502//1502
f 1505//1505 1504//1504 1502//1502
f 1476//1476 1504//1504 1505//1505
f 1264//1264 1262//1262 1336//1336
f 1337//1337 1264//1264 1336//1336
f 1264//1264 1337//1337 1265//1265
f 1263//1263 1264//1264 1265//1265
f 1262//1262 1264//1264 1263//1263
f 1498//1498 1474//1474 1473//1473
f 1474//1474 1498//1498 1475//1475
f 1331//1331 1385//1385 1386//1386
f 1385//1385 1331//1331 1329//1329
f 1435//1435 1385//1385 1434//1434
f 1256//1256 1331//1331 1257//1257
f 1471//1471 1497//1497 1473//1473
f 1497//1497 1471//1471 1496//1496
f 1497//1497 1496//1496 1533//1533
f 1498//1498 1497//1497 1533//1533
f 1497//1497 1498//1498 1473//1473
f 1472//1472 1471//1471 1473//1473
f 1474//1474 1472//1472 1473//1473
f 1472//1472 1474//1474 1435//1435
f 1472//1472 1435//1435 1434//1434
f 1471//1471 1472//1472 1434//1434
f 1471//1471 1469//1469 1496//1496
f 1469//1469 1433//1433 1468//1468
f 1469//1469 1468//1468 1545//1545
f 1496//1496 1469//1469 1545//1545
f 1252//1252 1326//1326 1253//1253
f 998//998 997//997 956//956
f 997//997 957//957 956//956
f 957//957 880//880 956//956
f 957//957 913//913 880//880
f 390//390 391//391 383//383
f 391//391 384//384 383//383
f 384//384 393//393 377//377
f 393//393 403//403 377//377
f 403//403 393//393 392//392
f 391//391 393//393 384//384
f 376//376 384//384 377//377
f 384//384 376//376 383//383
f 567//567 569//569 548//548
f 569//569 549//549 548//548
f 569//569 567//567 570//570
f 568//568 569//569 570//570
f 400//400 399//399 411//411
f 401//401 400//400 411//411
f 400//400 401//401 399//399
f 546//546 545//545 565//565
f 725//725 545//545 542//542
f 545//545 725//725 565//565
f 546//546 517//517 516//516
f 517//517 520//520 516//516
f 521//521 548//548 518//518
f 520//520 521//521 518//518
f 517//517 521//521 520//520
f 547//547 546//546 565//565
f 547//547 565//565 566//566
f 567//567 547//547 566//566
f 547//547 567//567 548//548
f 521//521 547//547 548//548
f 547//547 517//517 546//546
f 547//547 521//521 517//517
f 431//431 432//432 442//442
f 432//432 431//431 433//433
f 477//477 476//476 475//475
f 476//476 477//477 519//519
f 546//546 496//496 474//474
f 497//497 496//496 546//546
f 474//474 496//496 475//475
f 496//496 477//477 475//475
f 726//726 808//808 809//809
f 726//726 727//727 808//808
f 727//727 726//726 725//725
f 810//810 726//726 809//809
f 725//725 726//726 810//810
f 543//543 564//564 563//563
f 595//595 564//564 562//562
f 564//564 541//541 562//562
f 564//564 543//543 541//541
f 564//564 595//595 724//724
f 727//727 564//564 724//724
f 563//563 564//564 727//727
f 436//436 435//435 446//446
f 458//458 436//436 446//446
f 436//436 458//458 447//447
f 436//436 447//447 424//424
f 435//435 436//436 424//424
f 422//422 434//434 412//412
f 422//422 401//401 411//411
f 401//401 422//422 412//412
f 850//850 851//851 852//852
f 888//888 887//887 920//920
f 887//887 888//888 852//852
f 801//801 826//826 802//802
f 801//801 719//719 800//800
f 719//719 801//801 802//802
f 801//801 800//800 799//799
f 826//826 801//801 799//799
f 927//927 928//928 895//895
f 928//928 927//927 971//971
f 927//927 892//892 926//926
f 859//859 858//858 856//856
f 857//857 858//858 855//855
f 858//858 859//859 855//855
f 858//858 860//860 856//856
f 892//892 893//893 863//863
f 893//893 894//894 835//835
f 833//833 893//893 835//835
f 894//894 893//893 895//895
f 893//893 927//927 895//895
f 893//893 892//892 927//927
f 1256//1256 1255//1255 1254//1254
f 1332//1332 1188//1188 1257//1257
f 1188//1188 1332//1332 1122//1122
f 1182//1182 1118//1118 1181//1181
f 1118//1118 1116//1116 1181//1181
f 1118//1118 1077//1077 1116//1116
f 965//965 918//918 964//964
f 966//966 965//965 964//964
f 918//918 965//965 920//920
f 1120//1120 1188//1188 1122//1122
f 585//585 557//557 717//717
f 557//557 716//716 717//717
f 557//557 585//585 558//558
f 1241//1241 1313//1313 1314//1314
f 1373//1373 1313//1313 1312//1312
f 1064//1064 1112//1112 1172//1172
f 1239//1239 1238//1238 1309//1309
f 1239//1239 1172//1172 1238//1238
f 1239//1239 1309//1309 1312//1312
f 1313//1313 1239//1239 1312//1312
f 1176//1176 1068//1068 1174//1174
f 1068//1068 1176//1176 1178//1178
f 1113//1113 1068//1068 1178//1178
f 1068//1068 1113//1113 1114//1114
f 1318//1318 1315//1315 1375//1375
f 1314//1314 1315//1315 1316//1316
f 1315//1315 1317//1317 1316//1316
f 1315//1315 1318//1318 1317//1317
f 1213//1213 1212//1212 1276//1276
f 1212//1212 1213//1213 1211//1211
f 1213//1213 1216//1216 1211//1211
f 1278//1278 1213//1213 1276//1276
f 1214//1214 1213//1213 1278//1278
f 1216//1216 1213//1213 1214//1214
f 1140//1140 1138//1138 1139//1139
f 1209//1209 1140//1140 1139//1139
f 942//942 982//982 983//983
f 981//981 982//982 942//942
f 901//901 940//940 942//942
f 940//940 981//981 942//942
f 941//941 940//940 901//901
f 981//981 940//940 979//979
f 1135//1135 1089//1089 1088//1088
f 1089//1089 1135//1135 1090//1090
f 1267//1267 1204//1204 1266//1266
f 1204//1204 1267//1267 1133//1133
f 1204//1204 1203//1203 1266//1266
f 1203//1203 1204//1204 1201//1201
f 1268//1268 1266//1266 1339//1339
f 1268//1268 1267//1267 1266//1266
f 1208//1208 1209//1209 1139//1139
f 1208//1208 1272//1272 1273//1273
f 1274//1274 1208//1208 1273//1273
f 1209//1209 1208//1208 1274//1274
f 1267//1267 1206//1206 1133//1133
f 580//580 672//672 583//583
f 374//374 388//388 375//375
f 367//367 374//374 375//375
f 388//388 374//374 387//387
f 387//387 374//374 381//381
f 374//374 367//367 381//381
f 368//368 375//375 357//357
f 368//368 367//367 375//375
f 358//358 368//368 357//357
f 368//368 358//358 365//365
f 367//367 368//368 365//365
f 382//382 410//410 399//399
f 399//399 410//410 411//411
f 410//410 433//433 411//411
f 408//408 396//396 418//418
f 396//396 408//408 397//397
f 419//419 408//408 418//418
f 509//509 484//484 508//508
f 483//483 484//484 509//509
f 484//484 483//483 466//466
f 468//468 467//467 440//440
f 485//485 467//467 468//468
f 487//487 467//467 485//485
f 915//915 960//960 962//962
f 960//960 915//915 961//961
f 960//960 1005//1005 962//962
f 960//960 961//961 1004//1004
f 1005//1005 960//960 1004//1004
f 885//885 916//916 848//848
f 885//885 915//915 916//916
f 915//915 883//883 961//961
f 882//882 883//883 847//847
f 961//961 883//883 882//882
f 885//885 883//883 915//915
f 1010//1010 966//966 964//964
f 1009//1009 1010//1010 964//964
f 1010//1010 1009//1009 1077//1077
f 1075//1075 1074//1074 1006//1006
f 1074//1074 1007//1007 1006//1006
f 1007//1007 1074//1074 1076//1076
f 1074//1074 1180//1180 1076//1076
f 1074//1074 1075//1075 1180//1180
f 196//196 198//198 179//179
f 177//177 196//196 179//179
f 196//196 197//197 206//206
f 198//198 196//196 206//206
f 196//196 177//177 195//195
f 197//197 196//196 195//195
f 217//217 229//229 236//236
f 229//229 218//218 216//216
f 229//229 217//217 218//218
f 905//905 873//873 874//874
f 875//875 873//873 905//905
f 873//873 844//844 874//874
f 844//844 873//873 845//845
f 873//873 875//875 845//845
f 820//820 843//843 821//821
f 843//843 820//820 842//842
f 733//733 820//820 821//821
f 843//843 870//870 871//871
f 870//870 843//843 869//869
f 871//871 870//870 902//902
f 870//870 943//943 902//902
f 943//943 870//870 869//869
f 903//903 904//904 872//872
f 903//903 871//871 902//902
f 871//871 903//903 872//872
f 1031//1031 984//984 983//983
f 984//984 944//944 983//983
f 944//944 942//942 983//983
f 944//944 943//943 942//942
f 944//944 984//984 986//986
f 904//904 944//944 986//986
f 903//903 944//944 904//904
f 943//943 944//944 902//902
f 944//944 903//903 902//902
f 1146//1146 1216//1216 1215//1215
f 837//837 813//813 811//811
f 813//813 814//814 811//811
f 814//814 813//813 837//837
f 839//839 816//816 815//815
f 816//816 839//839 840//840
f 815//815 816//816 728//728
f 816//816 817//817 728//728
f 818//818 841//841 842//842
f 841//841 818//818 840//840
f 818//818 816//816 840//840
f 816//816 818//818 817//817
f 731//731 729//729 728//728
f 525//525 553//553 554//554
f 553//553 501//501 574//574
f 501//501 553//553 479//479
f 479//479 553//553 502//502
f 553//553 525//525 502//502
f 522//522 523//523 499//499
f 1125//1125 1084//1084 1082//1082
f 1084//1084 1083//1083 1082//1082
f 924//924 891//891 923//923
f 969//969 970//970 927//927
f 927//927 970//970 971//971
f 970//970 1015//1015 1017//1017
f 970//970 969//969 1015//1015
f 1018//1018 970//970 1017//1017
f 971//971 970//970 1018//1018
f 1124//1124 1123//1123 1122//1122
f 1081//1081 1123//1123 1124//1124
f 1026//1026 1090//1090 1091//1091
f 1024//1024 1026//1026 1091//1091
f 1027//1027 981//981 979//979
f 1086//1086 1128//1128 1130//1130
f 1128//1128 1127//1127 1130//1130
f 1084//1084 1128//1128 1086//1086
f 1128//1128 1084//1084 1125//1125
f 1129//1129 1128//1128 1125//1125
f 1127//1127 1128//1128 1129//1129
f 1022//1022 1087//1087 1088//1088
f 1089//1089 1022//1022 1088//1088
f 1019//1019 971//971 1018//1018
f 1086//1086 1019//1019 1018//1018
f 1087//1087 1019//1019 1130//1130
f 1019//1019 1086//1086 1130//1130
f 936//936 939//939 900//900
f 939//939 941//941 900//900
f 1385//1385 1436//1436 1386//1386
f 1436//1436 1385//1385 1435//1435
f 1474//1474 1436//1436 1435//1435
f 1386//1386 1436//1436 1475//1475
f 1436//1436 1474//1474 1475//1475
f 1385//1385 1384//1384 1434//1434
f 1470//1470 1471//1471 1434//1434
f 1470//1470 1469//1469 1471//1471
f 1470//1470 1382//1382 1433//1433
f 1469//1469 1470//1470 1433//1433
f 1325//1325 1324//1324 1252//1252
f 1324//1324 1326//1326 1252//1252
f 1326//1326 1324//1324 1325//1325
f 1383//1383 1326//1326 1325//1325
f 1383//1383 1325//1325 1382//1382
f 1384//1384 1383//1383 1434//1434
f 1383//1383 1470//1470 1434//1434
f 1470//1470 1383//1383 1382//1382
f 402//402 423//423 392//392
f 393//393 402//402 392//392
f 402//402 393//393 391//391
f 402//402 390//390 412//412
f 402//402 391//391 390//390
f 372//372 376//376 377//377
f 372//372 378//378 362//362
f 378//378 372//372 377//377
f 342//342 372//372 362//362
f 366//366 372//372 342//342
f 376//376 372//372 366//366
f 376//376 371//371 383//383
f 371//371 376//376 366//366
f 371//371 370//370 383//383
f 371//371 361//361 370//370
f 361//361 371//371 366//366
f 544//544 546//546 515//515
f 544//544 545//545 546//546
f 545//545 544//544 542//542
f 544//544 543//543 542//542
f 543//543 544//544 515//515
f 420//420 419//419 432//432
f 420//420 432//432 433//433
f 420//420 410//410 409//409
f 410//410 420//420 433//433
f 398//398 419//419 409//409
f 408//408 398//398 397//397
f 398//398 408//408 419//419
f 410//410 398//398 409//409
f 398//398 410//410 382//382
f 398//398 382//382 375//375
f 388//388 398//398 375//375
f 397//397 398//398 388//388
f 419//419 430//430 432//432
f 430//430 419//419 418//418
f 440//440 430//430 417//417
f 430//430 418//418 417//417
f 498//498 496//496 497//497
f 496//496 498//498 477//477
f 498//498 497//497 520//520
f 498//498 520//520 519//519
f 477//477 498//498 519//519
f 806//806 803//803 805//805
f 803//803 804//804 805//805
f 803//803 806//806 722//722
f 721//721 720//720 805//805
f 804//804 721//721 805//805
f 592//592 721//721 722//722
f 721//721 803//803 722//722
f 803//803 721//721 804//804
f 457//457 458//458 446//446
f 434//434 457//457 446//446
f 458//458 457//457 473//473
f 493//493 514//514 495//495
f 853//853 850//850 852//852
f 850//850 853//853 824//824
f 824//824 853//853 799//799
f 853//853 826//826 799//799
f 851//851 849//849 886//886
f 850//850 849//849 851//851
f 849//849 850//850 824//824
f 798//798 849//849 824//824
f 849//849 798//798 886//886
f 826//826 854//854 827//827
f 854//854 921//921 855//855
f 859//859 854//854 855//855
f 854//854 859//859 827//827
f 929//929 928//928 971//971
f 861//861 892//892 863//863
f 892//892 861//861 926//926
f 1183//1183 1255//1255 1185//1185
f 1255//1255 1183//1183 1254//1254
f 1254//1254 1183//1183 1253//1253
f 1183//1183 1182//1182 1253//1253
f 1078//1078 1010//1010 1077//1077
f 1010//1010 1078//1078 966//966
f 1120//1120 1189//1189 1188//1188
f 507//507 557//557 558//558
f 482//482 466//466 453//453
f 484//484 482//482 508//508
f 482//482 484//484 466//466
f 482//482 507//507 508//508
f 507//507 482//482 557//557
f 716//716 452//452 823//823
f 557//557 452//452 716//716
f 482//482 452//452 557//557
f 823//823 452//452 715//715
f 715//715 452//452 406//406
f 452//452 482//482 453//453
f 407//407 452//452 427//427
f 406//406 452//452 407//407
f 452//452 428//428 427//427
f 428//428 452//452 453//453
f 999//999 957//957 997//997
f 999//999 1002//1002 913//913
f 957//957 999//999 913//913
f 998//998 1001//1001 997//997
f 1001//1001 999//999 997//997
f 999//999 1001//1001 1000//1000
f 1001//1001 1064//1064 1000//1000
f 1240//1240 1064//1064 1172//1172
f 1064//1064 1240//1240 1173//1173
f 1239//1239 1240//1240 1172//1172
f 1173//1173 1240//1240 1241//1241
f 1240//1240 1313//1313 1241//1241
f 1240//1240 1239//1239 1313//1313
f 1066//1066 1069//1069 1067//1067
f 1068//1068 1069//1069 1066//1066
f 1069//1069 1068//1068 1114//1114
f 1069//1069 1003//1003 1067//1067
f 1003//1003 1069//1069 1114//1114
f 1375//1375 1374//1374 1424//1424
f 1315//1315 1374//1374 1375//1375
f 1374//1374 1315//1315 1314//1314
f 1424//1424 1374//1374 1373//1373
f 1374//1374 1313//1313 1373//1373
f 1313//1313 1374//1374 1314//1314
f 1141//1141 1140//1140 1209//1209
f 1142//1142 1141//1141 1210//1210
f 1141//1141 1209//1209 1210//1210
f 1140//1140 1141//1141 1093//1093
f 1141//1141 1094//1094 1093//1093
f 1141//1141 1142//1142 1094//1094
f 1135//1135 1202//1202 1133//1133
f 1202//1202 1204//1204 1133//1133
f 1202//1202 1135//1135 1134//1134
f 1132//1132 1202//1202 1134//1134
f 1202//1202 1132//1132 1200//1200
f 1201//1201 1202//1202 1200//1200
f 1204//1204 1202//1202 1201//1201
f 1341//1341 1269//1269 1339//1339
f 1269//1269 1268//1268 1339//1339
f 1342//1342 1269//1269 1341//1341
f 1269//1269 1342//1342 1270//1270
f 1268//1268 1269//1269 1270//1270
f 1138//1138 1137//1137 1139//1139
f 1205//1205 1206//1206 1267//1267
f 1268//1268 1205//1205 1267//1267
f 678//678 673//673 675//675
f 673//673 679//679 675//675
f 587//587 558//558 586//586
f 587//587 532//532 558//558
f 587//587 531//531 532//532
f 797//797 587//587 586//586
f 486//486 487//487 509//509
f 532//532 486//486 509//509
f 486//486 467//467 487//487
f 492//492 469//469 491//491
f 511//511 560//560 512//512
f 469//469 511//511 512//512
f 492//492 511//511 469//469
f 591//591 561//561 560//560
f 591//591 592//592 722//722
f 590//590 591//591 560//560
f 591//591 590//590 592//592
f 721//721 590//590 720//720
f 590//590 721//721 592//592
f 884//884 848//848 847//847
f 884//884 885//885 848//848
f 883//883 884//884 847//847
f 884//884 883//883 885//885
f 235//235 246//246 236//236
f 229//229 235//235 236//236
f 246//246 235//235 234//234
f 235//235 216//216 234//234
f 235//235 229//229 216//216
f 1096//1096 1031//1031 1094//1094
f 984//984 1097//1097 1095//1095
f 1031//1031 1097//1097 984//984
f 1096//1096 1097//1097 1031//1031
f 1145//1145 1146//1146 1215//1215
f 1145//1145 1147//1147 1101//1101
f 1145//1145 1215//1215 1147//1147
f 1099//1099 1145//1145 1101//1101
f 1216//1216 1144//1144 1211//1211
f 1146//1146 1144//1144 1216//1216
f 818//818 819//819 817//817
f 819//819 732//732 817//817
f 819//819 818//818 842//842
f 820//820 819//819 842//842
f 732//732 819//819 820//820
f 731//731 730//730 729//729
f 817//817 730//730 728//728
f 730//730 731//731 728//728
f 599//599 730//730 598//598
f 730//730 599//599 729//729
f 733//733 602//602 574//574
f 602//602 553//553 574//574
f 602//602 733//733 822//822
f 573//573 601//601 574//574
f 601//601 732//732 820//820
f 601//601 733//733 574//574
f 601//601 820//820 733//733
f 572//572 601//601 573//573
f 524//524 552//552 501//501
f 501//501 552//552 574//574
f 552//552 573//573 574//574
f 500//500 523//523 524//524
f 500//500 524//524 501//501
f 500//500 478//478 499//499
f 523//523 500//500 499//499
f 478//478 500//500 461//461
f 500//500 501//501 461//461
f 1085//1085 1086//1086 1083//1083
f 1084//1084 1085//1085 1083//1083
f 1085//1085 1084//1084 1086//1086
f 925//925 969//969 926//926
f 925//925 924//924 969//969
f 924//924 925//925 891//891
f 861//861 925//925 926//926
f 1026//1026 1023//1023 1090//1090
f 1025//1025 1027//1027 979//979
f 1027//1027 1025//1025 1024//1024
f 1025//1025 1026//1026 1024//1024
f 1027//1027 1028//1028 981//981
f 982//982 1028//1028 983//983
f 1028//1028 982//982 981//981
f 1028//1028 1031//1031 983//983
f 1031//1031 1028//1028 1094//1094
f 896//896 934//934 899//899
f 897//897 934//934 896//896
f 935//935 937//937 899//899
f 934//934 935//935 899//899
f 935//935 934//934 933//933
f 980//980 939//939 936//936
f 939//939 980//980 941//941
f 940//940 980//980 979//979
f 980//980 940//940 941//941
f 1328//1328 1385//1385 1329//1329
f 1328//1328 1384//1384 1385//1385
f 1383//1383 1327//1327 1326//1326
f 1327//1327 1383//1383 1384//1384
f 1327//1327 1384//1384 1254//1254
f 1327//1327 1254//1254 1253//1253
f 1326//1326 1327//1327 1253//1253
f 423//423 413//413 424//424
f 402//402 413//413 423//423
f 413//413 435//435 424//424
f 413//413 402//402 412//412
f 434//434 413//413 412//412
f 413//413 434//434 435//435
f 419//419 421//421 409//409
f 421//421 420//420 409//409
f 420//420 421//421 419//419
f 456//456 457//457 472//472
f 515//515 456//456 495//495
f 456//456 515//515 473//473
f 457//457 456//456 473//473
f 494//494 493//493 495//495
f 456//456 494//494 495//495
f 494//494 456//456 472//472
f 445//445 457//457 434//434
f 457//457 445//445 472//472
f 422//422 445//445 434//434
f 445//445 422//422 411//411
f 469//469 441//441 442//442
f 471//471 494//494 472//472
f 494//494 471//471 493//493
f 445//445 471//471 472//472
f 471//471 445//445 444//444
f 888//888 825//825 852//852
f 825//825 853//853 852//852
f 853//853 825//825 826//826
f 825//825 854//854 826//826
f 965//965 919//919 920//920
f 919//919 921//921 920//920
f 969//969 968//968 1015//1015
f 968//968 924//924 923//923
f 924//924 968//968 969//969
f 854//854 889//889 921//921
f 889//889 888//888 920//920
f 921//921 889//889 920//920
f 889//889 825//825 888//888
f 825//825 889//889 854//854
f 972//972 1019//1019 973//973
f 1019//1019 972//972 971//971
f 972//972 929//929 971//971
f 890//890 861//861 860//860
f 925//925 890//890 891//891
f 890//890 925//925 861//861
f 890//890 858//858 857//857
f 890//890 860//860 858//858
f 862//862 861//861 863//863
f 861//861 862//862 832//832
f 862//862 833//833 832//832
f 893//893 862//862 863//863
f 862//862 893//893 833//833
f 831//831 832//832 807//807
f 831//831 861//861 832//832
f 861//861 831//831 860//860
f 806//806 831//831 807//807
f 829//829 831//831 806//806
f 530//530 532//532 509//509
f 530//530 509//509 508//508
f 507//507 530//530 508//508
f 532//532 530//530 558//558
f 530//530 507//507 558//558
f 1064//1064 1065//1065 1000//1000
f 1065//1065 999//999 1000//1000
f 999//999 1065//1065 1002//1002
f 1065//1065 1066//1066 1002//1002
f 1068//1068 1065//1065 1174//1174
f 1065//1065 1068//1068 1066//1066
f 1065//1065 1173//1173 1174//1174
f 1065//1065 1064//1064 1173//1173
f 1061//1061 1001//1001 998//998
f 1061//1061 998//998 956//956
f 1001//1001 1061//1061 1064//1064
f 996//996 1061//1061 956//956
f 1061//1061 996//996 1062//1062
f 1137//1137 1207//1207 1139//1139
f 1207//1207 1137//1137 1206//1206
f 1207//1207 1208//1208 1139//1139
f 1205//1205 1207//1207 1206//1206
f 1208//1208 1207//1207 1272//1272
f 1207//1207 1205//1205 1272//1272
f 1136//1136 1137//1137 1138//1138
f 1133//1133 1136//1136 1091//1091
f 1206//1206 1136//1136 1133//1133
f 1137//1137 1136//1136 1206//1206
f 1272//1272 1271//1271 1270//1270
f 1205//1205 1271//1271 1272//1272
f 1271//1271 1268//1268 1270//1270
f 1271//1271 1205//1205 1268//1268
f 531//531 533//533 532//532
f 588//588 797//797 799//799
f 588//588 587//587 797//797
f 800//800 588//588 799//799
f 718//718 588//588 800//800
f 588//588 718//718 589//589
f 587//587 588//588 589//589
f 488//488 486//486 532//532
f 488//488 533//533 489//489
f 533//533 488//488 532//532
f 467//467 488//488 440//440
f 486//486 488//488 467//467
f 432//432 454//454 442//442
f 454//454 469//469 442//442
f 430//430 454//454 432//432
f 491//491 454//454 489//489
f 469//469 454//454 491//491
f 454//454 430//430 440//440
f 488//488 454//454 440//440
f 454//454 488//488 489//489
f 510//510 511//511 492//492
f 511//511 510//510 560//560
f 595//595 594//594 722//722
f 594//594 595//595 561//561
f 1143//1143 1142//1142 1211//1211
f 1144//1144 1143//1143 1211//1211
f 1143//1143 1145//1145 1099//1099
f 1145//1145 1143//1143 1146//1146
f 1143//1143 1144//1144 1146//1146
f 602//602 575//575 553//553
f 575//575 603//603 554//554
f 553//553 575//575 554//554
f 603//603 575//575 822//822
f 575//575 602//602 822//822
f 600//600 572//572 598//598
f 572//572 600//600 601//601
f 601//601 600//600 732//732
f 732//732 600//600 817//817
f 730//730 600//600 598//598
f 600//600 730//730 817//817
f 572//572 551//551 524//524
f 551//551 572//572 573//573
f 551//551 552//552 524//524
f 552//552 551//551 573//573
f 523//523 550//550 524//524
f 550//550 572//572 524//524
f 550//550 523//523 522//522
f 549//549 550//550 522//522
f 569//569 550//550 549//549
f 978//978 1023//1023 1026//1026
f 978//978 1025//1025 979//979
f 1025//1025 978//978 1026//1026
f 980//980 978//978 979//979
f 1023//1023 978//978 977//977
f 978//978 980//980 977//977
f 932//932 934//934 897//897
f 972//972 932//932 929//929
f 932//932 972//972 973//973
f 934//934 932//932 933//933
f 980//980 976//976 977//977
f 976//976 980//980 936//936
f 1330//1330 1328//1328 1329//1329
f 1331//1331 1330//1330 1329//1329
f 1256//1256 1330//1330 1331//1331
f 1330//1330 1256//1256 1254//1254
f 1384//1384 1330//1330 1254//1254
f 1328//1328 1330//1330 1384//1384
f 443//443 445//445 411//411
f 445//445 443//443 444//444
f 433//433 443//443 411//411
f 431//431 443//443 433//433
f 443//443 431//431 442//442
f 441//441 443//443 442//442
f 455//455 441//441 469//469
f 455//455 469//469 512//512
f 455//455 471//471 444//444
f 443//443 455//455 444//444
f 455//455 443//443 441//441
f 919//919 967//967 921//921
f 967//967 965//965 966//966
f 967//967 919//919 965//965
f 967//967 1013//1013 968//968
f 830//830 831//831 829//829
f 831//831 830//830 860//860
f 830//830 829//829 856//856
f 860//860 830//830 856//856
f 1184//1184 1183//1183 1185//1185
f 1117//1117 1119//1119 1078//1078
f 1118//1118 1117//1117 1077//1077
f 1117//1117 1078//1078 1077//1077
f 1117//1117 1184//1184 1119//1119
f 1184//1184 1117//1117 1183//1183
f 1117//1117 1118//1118 1182//1182
f 1183//1183 1117//1117 1182//1182
f 1255//1255 1186//1186 1185//1185
f 1186//1186 1184//1184 1185//1185
f 1184//1184 1186//1186 1119//1119
f 1189//1189 1186//1186 1188//1188
f 1186//1186 1255//1255 1256//1256
f 1186//1186 1256//1256 1257//1257
f 1188//1188 1186//1186 1257//1257
f 1187//1187 1189//1189 1120//1120
f 1187//1187 1186//1186 1189//1189
f 1186//1186 1187//1187 1119//1119
f 968//968 1014//1014 1015//1015
f 1013//1013 1014//1014 968//968
f 1080//1080 1014//1014 1013//1013
f 1080//1080 1123//1123 1081//1081
f 1064//1064 1063//1063 1112//1112
f 1061//1061 1063//1063 1064//1064
f 1063//1063 1061//1061 1062//1062
f 1063//1063 1062//1062 1059//1059
f 1112//1112 1063//1063 1059//1059
f 1136//1136 1092//1092 1091//1091
f 1092//1092 1136//1136 1138//1138
f 1092//1092 1024//1024 1091//1091
f 533//533 490//490 489//489
f 490//490 491//491 489//489
f 490//490 492//492 491//491
f 510//510 490//490 537//537
f 490//490 510//510 492//492
f 720//720 535//535 589//589
f 590//590 535//535 720//720
f 538//538 535//535 560//560
f 535//535 590//590 560//560
f 538//538 539//539 537//537
f 539//539 510//510 537//537
f 539//539 538//538 560//560
f 510//510 539//539 560//560
f 591//591 593//593 561//561
f 593//593 594//594 561//561
f 593//593 591//591 722//722
f 594//594 593//593 722//722
f 1143//1143 1098//1098 1142//1142
f 1142//1142 1098//1098 1094//1094
f 1098//1098 1096//1096 1094//1094
f 1098//1098 1097//1097 1096//1096
f 1097//1097 1098//1098 1095//1095
f 1098//1098 1099//1099 1095//1095
f 1098//1098 1143//1143 1099//1099
f 571//571 569//569 568//568
f 571//571 550//550 569//569
f 550//550 571//571 572//572
f 572//572 571//571 598//598
f 571//571 599//599 598//598
f 571//571 568//568 599//599
f 930//930 932//932 897//897
f 930//930 894//894 895//895
f 930//930 897//897 894//894
f 932//932 930//930 929//929
f 928//928 930//930 895//895
f 929//929 930//930 928//928
f 935//935 938//938 937//937
f 976//976 938//938 935//935
f 937//937 938//938 936//936
f 938//938 976//976 936//936
f 974//974 935//935 933//933
f 1020//1020 974//974 1022//1022
f 1019//1019 974//974 973//973
f 1022//1022 974//974 1087//1087
f 974//974 1019//1019 1087//1087
f 471//471 470//470 493//493
f 455//455 470//470 471//471
f 470//470 455//455 512//512
f 493//493 470//470 514//514
f 513//513 470//470 512//512
f 514//514 470//470 513//513
f 967//967 922//922 921//921
f 922//922 967//967 968//968
f 922//922 857//857 855//855
f 921//921 922//922 855//855
f 922//922 968//968 923//923
f 891//891 922//922 923//923
f 922//922 890//890 857//857
f 890//890 922//922 891//891
f 967//967 1012//1012 1013//1013
f 1078//1078 1012//1012 966//966
f 1079//1079 1187//1187 1120//1120
f 1187//1187 1079//1079 1119//1119
f 1119//1119 1079//1079 1078//1078
f 1080//1080 1079//1079 1120//1120
f 1079//1079 1080//1080 1013//1013
f 1079//1079 1012//1012 1078//1078
f 1012//1012 1079//1079 1013//1013
f 1121//1121 1120//1120 1122//1122
f 1121//1121 1080//1080 1120//1120
f 1123//1123 1121//1121 1122//1122
f 1080//1080 1121//1121 1123//1123
f 1016//1016 1080//1080 1081//1081
f 1080//1080 1016//1016 1014//1014
f 1016//1016 1081//1081 1015//1015
f 1014//1014 1016//1016 1015//1015
f 1029//1029 1028//1028 1027//1027
f 1029//1029 1027//1027 1024//1024
f 1092//1092 1029//1029 1024//1024
f 1094//1094 1030//1030 1093//1093
f 1028//1028 1030//1030 1094//1094
f 1030//1030 1092//1092 1138//1138
f 1029//1029 1030//1030 1028//1028
f 1030//1030 1029//1029 1092//1092
f 1030//1030 1140//1140 1093//1093
f 1140//1140 1030//1030 1138//1138
f 490//490 536//536 537//537
f 536//536 490//490 533//533
f 536//536 538//538 537//537
f 536//536 535//535 538//538
f 535//535 559//559 589//589
f 559//559 533//533 531//531
f 559//559 587//587 589//589
f 587//587 559//559 531//531
f 1021//1021 1023//1023 977//977
f 1023//1023 1021//1021 1090//1090
f 1021//1021 1089//1089 1090//1090
f 1021//1021 1022//1022 1089//1089
f 1021//1021 1020//1020 1022//1022
f 975//975 976//976 935//935
f 974//974 975//975 935//935
f 975//975 974//974 1020//1020
f 1021//1021 975//975 1020//1020
f 976//976 975//975 977//977
f 975//975 1021//1021 977//977
f 974//974 931//931 973//973
f 931//931 974//974 933//933
f 931//931 932//932 973//973
f 932//932 931//931 933//933
f 1011//1011 967//967 966//966
f 1012//1012 1011//1011 966//966
f 1011//1011 1012//1012 967//967
f 534//534 536//536 533//533
f 536//536 534//534 535//535
f 559//559 534//534 533//533
f 534//534 559//559 535//535
