ply
format ascii 1.0
element vertex 10758
property float x
property float y
property float z
property float nx
property float ny
property float nz
element face 16564
property list uchar int vertex_indices
end_header
-2.405758 0.227546 0.352062 0.215209 0.971014 0.104004
-2.401961 0.227142 0.377340 0.215209 0.971014 0.104004
-2.375899 0.225405 0.045471 0.736691 0.676229 -0.000428
-2.387244 0.226411 0.070806 0.191766 0.977898 0.083312
-2.392350 0.226827 0.096144 0.191766 0.977898 0.083312
-2.395797 0.227026 0.146798 0.272181 0.955067 0.117322
-2.393149 0.226715 0.171911 0.272181 0.955067 0.117322
-2.392224 0.226570 0.197148 0.272181 0.955067 0.117322
-2.398966 0.227153 0.223122 0.272181 0.955067 0.117322
-2.396515 0.226867 0.248336 0.297713 0.948367 0.109390
-2.393788 0.226508 0.299049 0.265182 0.960695 0.082115
-2.399424 0.226993 0.325408 0.225074 0.965805 0.128698
-2.395938 0.226528 0.402247 0.263372 0.956164 0.128002
-2.391618 0.226078 0.427419 0.233217 0.970813 0.055962
-2.390981 0.225936 0.479382 0.255679 0.966519 0.021681
-2.395600 0.226334 0.506557 0.098674 0.989147 0.108862
-2.391165 0.225876 0.531936 0.065381 0.997173 0.037028
-2.388403 0.225578 0.557730 0.059669 0.996177 0.063807
-2.397940 0.226441 0.586600 0.088024 0.995954 -0.018085
-2.391699 0.225815 0.611783 0.079747 0.994693 -0.065005
-2.386158 0.225256 0.637156 -0.032336 -0.997318 0.065663
-2.390903 0.225668 0.665416 -0.040505 -0.991061 0.127112
-2.384146 0.224958 0.717847 -0.192796 -0.975694 0.104164
-2.386044 0.225101 0.745849 0.178988 0.977962 -0.107486
-2.388566 0.225302 0.774276 0.197774 0.970937 -0.134783
-2.395476 0.225917 0.804423 0.297172 0.948774 -0.107315
-2.388846 0.225255 0.830222 0.286550 0.952704 -0.101214
-2.392252 0.225538 0.859675 0.362870 0.928986 -0.072872
-2.393438 0.225611 0.888597 0.313340 0.949556 0.012705
-2.391490 0.225388 0.916567 0.330396 0.943837 -0.003320
-2.392928 0.225483 0.946059 0.371998 0.927450 -0.038146
-2.392166 0.225369 0.974929 0.314619 0.947629 -0.054896
-2.386471 0.224789 1.001958 0.300049 0.953020 -0.041507
-2.381388 0.224266 1.029370 0.215332 0.976241 -0.024215
-2.378727 0.223970 1.057998 0.350999 0.936005 -0.026348
-2.373010 0.223384 1.085440 0.389651 0.920434 -0.031203
-2.366081 0.222682 1.112452 0.400482 0.915672 -0.034032
-2.367820 0.222795 1.143772 0.386733 0.921906 -0.022941
-2.363808 0.222364 1.172593 0.390070 0.920601 -0.018403
-2.366559 0.222567 1.205071 0.369488 0.929229 -0.003641
-2.364473 0.222313 1.235428 0.365809 0.930690 -0.000503
-2.358500 0.221691 1.263989 0.361734 0.932281 0.000610
-2.356558 0.221445 1.294959 -0.290110 -0.951014 -0.106809
-2.354227 0.221160 1.326025 -0.289771 -0.935662 -0.201416
-2.354959 0.221159 1.359177 -0.135167 -0.965910 -0.220790
-2.361262 0.221678 1.396040 0.105236 0.964794 0.241034
-2.362791 0.221745 1.430601 0.040990 0.966076 0.254985
-2.360466 0.221447 1.463245 0.045438 0.979113 0.198173
-2.361087 0.221421 1.498132 0.049188 0.992506 0.111857
-2.354548 0.220720 1.528849 0.321961 0.945934 -0.039362
-2.346797 0.219902 1.559039 0.328282 0.934778 -0.135724
-2.340002 0.218962 1.662900 0.231640 0.946398 -0.225111
-2.324923 0.220872 -0.053309 0.785356 0.617476 -0.044033
-2.312598 0.219544 -0.004381 0.785356 0.617476 -0.044033
-2.339498 0.219122 1.589794 -0.219391 -0.954592 0.201550
-2.330996 0.218225 1.619996 0.254418 0.933579 -0.252393
-2.336266 0.218502 1.697377 0.192280 0.970417 -0.146011
-2.334468 0.218217 1.733739 0.142494 0.982968 -0.116058
-2.332166 0.217880 1.770249 0.137994 0.981926 -0.129533
-2.329359 0.217490 1.806898 -0.136062 -0.981922 0.131594
-2.329168 0.217338 1.846159 0.092537 0.993725 -0.062832
-2.306551 0.218896 0.019886 0.780572 0.624773 -0.019137
-1.684491 0.154126 1.992965 0.151103 0.980765 -0.123563
-1.654099 0.151100 1.999026 0.096783 0.988371 -0.117282
-1.625022 0.148192 2.006219 0.120648 0.987969 -0.096750
-1.586054 0.144381 2.000504 0.093962 0.991362 -0.091497
-1.554118 0.141209 2.002867 0.080282 0.990365 -0.112835
-1.518081 0.137664 1.999213 0.121167 0.987769 -0.098132
-1.485270 0.134410 1.999030 0.072462 0.993379 -0.089152
-1.453804 0.131278 1.999993 0.129953 0.984580 -0.117111
-1.426534 0.128521 2.006212 0.128434 0.991194 -0.032248
-1.398154 0.125662 2.010437 0.125401 0.990895 -0.049010
-1.368159 0.122656 2.011808 0.107892 0.993994 0.018312
-1.337736 0.119610 2.011938 0.111491 0.992918 -0.041043
-1.306373 0.116478 2.009975 0.118237 0.992691 -0.024197
-1.276805 0.113507 2.010104 0.122054 0.989699 -0.074822
-1.230012 0.108650 2.028811 0.131072 0.985156 -0.110848
-1.208314 0.106364 2.040765 0.150905 0.983866 -0.096103
-1.186502 0.104063 2.052486 0.150376 0.983782 -0.097771
-1.158195 0.101188 2.052659 0.136515 0.990553 0.012955
-1.128089 0.098156 2.048962 0.091850 0.995677 -0.013814
-1.101970 0.095469 2.051900 0.090366 0.994873 0.045414
-1.072205 0.092466 2.047432 -0.078254 -0.996931 0.002269
-1.020001 0.087088 2.050722 0.100929 0.994660 0.021571
-0.992062 0.084240 2.047835 0.123259 0.992018 0.026595
-0.970692 0.081947 2.058144 0.108493 0.994021 0.012333
-0.950049 0.079709 2.070043 0.091024 0.995827 0.006543
-0.921117 0.076773 2.063481 0.115862 0.989176 0.090037
-0.877962 0.072116 2.082376 0.109686 0.991858 0.064707
-0.854346 0.069612 2.086856 0.129541 0.988515 0.077822
-0.827043 0.066806 2.081779 0.091101 0.994131 0.058344
-0.780035 0.061803 2.089324 0.091525 0.994622 0.048487
-0.754849 0.059164 2.087997 0.129373 0.991076 0.032123
-0.730437 0.056585 2.088257 0.092199 0.995091 0.035951
-0.705782 0.053986 2.087285 0.120954 0.992048 0.034794
-0.680297 0.051325 2.083174 -0.096986 -0.994775 -0.031876
-0.636793 0.046553 2.096993 0.092263 0.995014 0.037881
-0.609325 0.043747 2.084365 0.102696 0.993093 0.056738
-0.587872 0.041374 2.091605 0.099647 0.993640 0.052448
-0.542964 0.036471 2.098635 0.117977 0.992502 0.031958
-0.518693 0.033894 2.094507 0.102917 0.989052 0.105756
-0.498943 0.031606 2.108586 0.093022 0.994855 0.040138
-0.452857 0.026595 2.108803 0.124905 0.989258 0.075950
-0.430891 0.024149 2.113430 0.122407 0.989821 0.072608
-0.408878 0.021693 2.117826 0.103883 0.993270 0.051215
-0.362863 0.016670 2.115078 0.106223 0.992872 0.054058
-0.342267 0.014260 2.127643 0.101614 0.994076 0.038580
-0.319519 0.011751 2.127148 0.105271 0.993414 0.045233
-0.274809 0.006753 2.130382 0.101975 0.992561 0.066514
-0.252514 0.004248 2.132139 0.107185 0.990980 0.080431
-0.230642 0.001743 2.137637 0.104783 0.993125 0.052181
-0.185774 -0.003294 2.137986 0.109620 0.987824 0.110399
-0.163524 -0.005821 2.139797 0.108035 0.987887 0.111389
-0.141257 -0.008353 2.141374 0.111639 0.988632 0.100712
-0.096681 -0.013435 2.143824 0.114837 0.992826 0.033303
-0.074377 -0.015983 2.144696 0.116111 0.992955 0.023633
-0.052042 -0.018528 2.144333 0.114700 0.992928 0.030642
-0.007445 -0.023702 2.149901 0.118180 0.991769 0.049269
0.014881 -0.026212 2.144833 0.118231 0.992334 0.035985
0.059516 -0.031369 2.144990 0.112046 0.987607 0.109899
0.037204 -0.028795 2.145529 0.119240 0.989006 0.087460
0.081896 -0.033978 2.146214 0.114860 0.989460 0.088183
0.104551 -0.036679 2.152194 0.115423 0.992733 0.034046
0.149011 -0.041791 2.145470 0.124695 0.987172 0.099717
0.170916 -0.044281 2.138769 0.104068 0.988037 0.113807
0.194047 -0.047088 2.146778 0.110657 0.986012 0.124639
0.238648 -0.052294 2.142158 0.120882 0.984776 0.124915
0.260909 -0.054898 2.139495 0.130603 0.980658 0.145785
0.283141 -0.057504 2.136598 0.112489 0.985714 0.125357
0.327963 -0.062801 2.133065 0.114854 0.987872 0.104485
0.349636 -0.065319 2.126503 0.113463 0.991392 0.065326
0.371899 -0.067955 2.123655 -0.077809 -0.991589 -0.103425
0.416551 -0.073265 2.118232 0.088758 0.985168 0.146856
0.440377 -0.076187 2.122502 0.073028 0.985922 0.150415
0.463059 -0.078910 2.120642 0.068657 0.925240 0.373118
0.508447 -0.084372 2.116184 0.114335 0.983520 0.140060
0.531392 -0.087150 2.114554 0.236904 0.966393 0.099810
0.556133 -0.090223 2.119437 0.119929 0.992467 0.025033
0.580507 -0.093233 2.122101 -0.144041 -0.984667 -0.098403
0.629599 -0.099308 2.126578 0.239256 0.963444 0.120549
0.652843 -0.102141 2.123612 -0.198826 -0.969641 -0.142351
0.677308 -0.105168 2.124196 0.182330 0.965700 0.184879
0.702483 -0.108305 2.126391 0.014896 0.984277 0.176003
0.749525 -0.114076 2.119526 -0.038090 0.991208 -0.126716
0.757689 -0.102589 0.106662 0.078255 0.996742 -0.019526
0.759491 -0.103162 0.333851 -0.063402 -0.997214 -0.039312
0.778368 -0.117773 2.130236 0.165043 0.970735 0.174457
0.788240 -0.106710 0.102484 -0.136487 -0.990639 -0.002265
0.781196 -0.106141 0.363213 -0.061018 -0.997498 -0.035703
0.809130 -0.109972 0.397133 -0.050515 -0.998383 -0.026074
0.796940 -0.119919 2.112538 0.064241 -0.916019 0.395957
0.825370 -0.123552 2.120738 -0.168831 -0.980305 -0.102462
0.825568 -0.111710 0.080835 0.136726 0.990606 0.002325
0.814849 -0.110295 0.097202 0.136564 0.990628 0.002520
0.819429 -0.110994 0.141951 -0.136456 -0.990644 -0.001815
0.810283 -0.110147 0.408340 -0.056310 -0.998108 -0.024672
0.819228 -0.111383 0.423719 -0.062331 -0.997752 -0.024612
0.827313 -0.112548 0.461567 -0.062096 -0.997349 -0.037930
0.820978 -0.111735 0.480954 -0.066492 -0.996763 -0.045181
0.824940 -0.112356 0.518900 -0.050908 -0.997937 -0.039118
0.850375 -0.122468 1.651985 -0.111976 -0.993693 -0.005945
0.858708 -0.126245 1.960508 -0.125857 -0.991947 0.014193
0.851972 -0.125774 2.001635 -0.130125 -0.991269 0.021285
0.846381 -0.125496 2.047446 -0.158536 -0.984573 0.074036
0.844019 -0.125726 2.103548 -0.072210 -0.957427 0.279498
0.841404 -0.113956 0.136622 0.136607 0.990624 0.001736
0.849609 -0.115386 0.362827 -0.104148 -0.994355 -0.020290
0.852924 -0.116199 0.549098 -0.047738 -0.998074 -0.039604
0.893500 -0.121834 0.615900 0.025593 0.999453 0.020967
0.890321 -0.127856 1.686135 -0.198485 -0.979837 -0.022880
0.899386 -0.129915 1.792899 -0.122453 -0.992450 -0.006936
0.892976 -0.129398 1.827418 -0.124065 -0.992253 -0.006486
0.885087 -0.128683 1.860195 -0.122665 -0.992436 -0.004835
0.880808 -0.128511 1.902060 -0.122962 -0.992409 -0.001943
0.870834 -0.127528 1.933115 -0.125356 -0.992100 0.004771
0.879243 -0.119853 0.592544 0.013124 0.999573 0.026111
0.916139 -0.123825 0.031361 0.136690 0.990607 0.003813
0.901748 -0.122160 0.166033 0.136283 0.990667 0.002446
0.927230 -0.125643 0.191048 0.137636 0.990483 -0.000446
0.929090 -0.130756 1.418880 -0.126883 -0.991896 -0.006594
0.917880 -0.130202 1.538277 -0.126590 -0.991932 -0.006778
0.909380 -0.129283 1.560825 -0.126379 -0.991958 -0.006927
0.905443 -0.129024 1.592031 -0.126031 -0.992001 -0.007055
0.909670 -0.129945 1.639025 -0.290175 -0.956198 -0.038515
0.906367 -0.129807 1.673996 0.353847 0.934489 0.039016
0.959354 -0.130856 0.676267 0.069719 0.997567 0.000242
0.951743 -0.132696 1.271820 -0.127894 -0.991769 -0.006083
0.956143 -0.133494 1.305933 0.127843 0.991775 0.006216
0.959937 -0.134218 1.340277 -0.127334 -0.991839 -0.006398
0.959116 -0.134307 1.369127 -0.127357 -0.991836 -0.006429
0.956110 -0.134099 1.395638 -0.127187 -0.991857 -0.006520
0.948217 -0.133215 1.415608 -0.126883 -0.991896 -0.006594
0.930075 -0.131387 1.487249 -0.126714 -0.991916 -0.006790
0.931211 -0.131813 1.524233 -0.126590 -0.991932 -0.006778
0.961623 -0.130097 0.083905 0.137151 0.990546 0.002761
0.964297 -0.130831 0.318776 0.134959 0.990850 -0.001385
0.977951 -0.134280 0.931189 -0.132278 -0.991203 -0.004415
0.973247 -0.134350 1.073248 0.131842 0.991257 0.005148
0.973288 -0.134478 1.096133 0.131663 0.991281 0.005264
0.972305 -0.134471 1.118384 0.131450 0.991308 0.005402
0.976131 -0.135136 1.146801 0.130851 0.991386 0.005685
0.976283 -0.135298 1.171593 0.130413 0.991444 0.005616
0.984681 -0.136769 1.233233 -0.128563 -0.991684 -0.005860
0.967323 -0.134690 1.264857 -0.127972 -0.991760 -0.005997
1.007305 -0.136201 0.055803 0.137659 0.990476 0.002712
1.000624 -0.135743 0.319117 0.134391 0.990927 -0.001441
1.004563 -0.136410 0.416532 -0.133351 -0.991069 0.000673
0.999278 -0.137039 0.912330 -0.132278 -0.991203 -0.004415
1.003190 -0.137837 0.975466 0.132252 0.991206 0.004558
0.996692 -0.137138 1.010626 0.132203 0.991211 0.004751
0.991675 -0.136552 1.026831 0.132134 0.991220 0.004799
0.998743 -0.137634 1.056060 0.131985 0.991239 0.005021
0.991768 -0.137595 1.215811 0.128881 0.991643 0.005770
1.020138 -0.138249 0.221438 0.134773 0.990874 -0.002122
1.021626 -0.139397 0.736344 0.113239 0.993562 -0.003313
1.045136 -0.142656 0.770094 0.132152 0.991222 0.003851
1.048614 -0.143241 0.807170 -0.132179 -0.991218 -0.003958
1.041406 -0.142442 0.855152 -0.132258 -0.991206 -0.004246
1.037804 -0.142017 0.870583 -0.132258 -0.991206 -0.004246
1.031476 -0.141296 0.902805 -0.132258 -0.991206 -0.004246
1.021771 -0.140208 0.952694 -0.132278 -0.991203 -0.004415
1.058292 -0.143149 0.081081 -0.138673 -0.990334 -0.002776
1.057742 -0.143378 0.253092 0.133268 0.991078 -0.002018
1.079101 -0.146290 0.270274 0.133391 0.991062 -0.001848
1.077299 -0.146178 0.368774 0.133754 0.991013 -0.001589
1.064083 -0.145297 0.801428 -0.132179 -0.991218 -0.003958
1.051899 -0.143749 0.827426 0.132211 0.991213 0.004084
1.051002 -0.143689 0.844724 0.132211 0.991213 0.004084
1.085778 -0.146840 0.071658 0.137939 0.990439 0.002099
1.090472 -0.147865 0.297713 0.133171 0.991092 -0.001434
1.083507 -0.146937 0.308133 0.133171 0.991092 -0.001434
1.089197 -0.147742 0.334744 0.133171 0.991092 -0.001434
1.094919 -0.148586 0.387751 0.133754 0.991013 -0.001589
1.090834 -0.148050 0.399297 0.133754 0.991013 -0.001589
1.099868 -0.149312 0.429108 -0.132746 -0.991150 0.000400
1.073504 -0.146081 0.069995 0.137939 0.990439 0.002099
1.071920 -0.145874 0.078324 0.137939 0.990439 0.002099
1.067290 -0.145247 0.086365 0.137939 0.990439 0.002099
1.066524 -0.145150 0.094704 0.137939 0.990439 0.002099
1.058777 -0.144092 0.102280 -0.137617 -0.990484 -0.001969
1.078506 -0.146811 0.113010 -0.137617 -0.990484 -0.001969
1.068621 -0.145458 0.120310 -0.137617 -0.990484 -0.001969
1.056712 -0.143826 0.127133 -0.137617 -0.990484 -0.001969
1.055525 -0.143668 0.135358 -0.137617 -0.990484 -0.001969
1.036649 -0.141076 0.140697 -0.137617 -0.990484 -0.001969
1.040203 -0.141568 0.149559 -0.137617 -0.990484 -0.001969
1.026117 -0.139634 0.155265 -0.137617 -0.990484 -0.001969
1.002271 -0.136357 0.158783 -0.139292 -0.990249 -0.002305
1.001729 -0.136285 0.166632 -0.138155 -0.990410 -0.001105
1.006914 -0.136999 0.175752 -0.138155 -0.990410 -0.001105
1.011989 -0.137698 0.184998 0.137735 0.990469 -0.000290
1.017914 -0.138513 0.194599 -0.136498 -0.990640 0.000061
1.026604 -0.139708 0.205070 0.134621 0.990895 -0.002011
1.026528 -0.139698 0.213476 0.134773 0.990874 -0.002122
1.035921 -0.140989 0.224521 0.134735 0.990879 -0.002269
1.032772 -0.140556 0.232250 0.134735 0.990879 -0.002269
1.036199 -0.141026 0.241909 0.134858 0.990862 -0.002230
1.031928 -0.140438 0.249327 0.134858 0.990862 -0.002230
1.031364 -0.140360 0.257888 0.134858 0.990862 -0.002230
1.016587 -0.138327 0.261782 0.135019 0.990841 -0.002166
1.021509 -0.139003 0.272152 0.135138 0.990825 -0.002087
0.882291 -0.121127 0.843965 0.082912 0.995944 -0.034955
0.861497 -0.118307 0.833283 0.076582 0.996571 -0.031332
0.874695 -0.120242 0.870450 0.082912 0.995944 -0.034955
0.844978 -0.116175 0.846267 0.079108 0.995976 -0.042108
0.864043 -0.118944 0.893657 0.088322 0.995774 -0.025147
0.844541 -0.116310 0.883949 0.076588 0.996474 -0.034274
0.843559 -0.116279 0.902498 0.078504 0.996378 -0.032681
0.839084 -0.115761 0.916044 0.078420 0.996698 -0.021044
0.820888 -0.113313 0.907454 0.077512 0.996618 -0.027288
0.838661 -0.115944 0.958564 0.082878 0.996560 -0.000514
1.017401 -0.141359 1.288655 0.127879 0.991771 0.006156
1.022867 -0.142318 1.329371 0.127528 0.991815 0.006321
1.039169 -0.144828 1.391283 0.538914 0.841528 0.037457
1.040981 -0.145297 1.429101 0.523213 0.850822 0.048468
1.029529 -0.143890 1.443273 0.464788 0.883421 0.059487
1.005553 -0.140699 1.433392 0.400387 0.915322 0.043302
0.999736 -0.140107 1.458858 -0.127048 -0.991874 -0.006685
1.005281 -0.141156 1.508574 -0.126642 -0.991926 -0.006734
1.008585 -0.141902 1.555856 0.445053 0.891274 0.086933
0.991722 -0.139757 1.561689 0.414600 0.906896 0.075146
0.971543 -0.137136 1.560051 0.371748 0.926065 0.064863
0.976267 -0.138131 1.614870 0.400529 0.913476 0.071683
0.982268 -0.139337 1.675469 0.419230 0.906438 0.051148
0.967665 -0.137559 1.689291 -0.418429 -0.907009 -0.047462
0.958790 -0.136629 1.717818 0.390385 0.919866 0.038019
0.957711 -0.136862 1.767749 0.344781 0.938444 0.021171
0.950038 -0.136146 1.802885 0.328959 0.944303 0.008843
0.937604 -0.134741 1.826790 0.222354 0.974886 0.012511
0.932389 -0.134429 1.872289 0.120546 0.992697 0.004624
0.929524 -0.134494 1.927327 0.122246 0.992500 0.000713
0.915580 -0.132922 1.952145 0.126042 0.992008 -0.005839
0.910274 -0.132676 2.005435 -0.119254 -0.992110 0.038687
0.901293 -0.131903 2.050225 0.116498 0.987993 -0.101478
0.889469 -0.130723 2.088334 0.226666 0.965602 -0.127422
0.884563 -0.130641 2.153324 -0.029481 -0.988795 -0.146342
0.859437 -0.127452 2.149029 0.001017 0.989904 0.141733
0.834973 -0.124366 2.146372 -0.043110 -0.991442 -0.123221
0.810385 -0.121260 2.142465 -0.046085 -0.989700 -0.135538
0.786637 -0.118289 2.141188 0.013475 0.994436 0.104476
0.764311 -0.115548 2.145489 0.057926 0.967579 0.245836
0.739613 -0.112425 2.138811 0.073369 0.980392 0.182888
0.716726 -0.109598 2.139675 -0.193602 -0.952612 -0.234624
0.694256 -0.106844 2.142251 0.131402 0.976867 0.168717
0.670870 -0.103939 2.139673 0.168398 0.967847 0.186852
0.648442 -0.101199 2.141757 0.170190 0.966338 0.192939
0.626175 -0.098492 2.144588 0.147601 0.962572 0.227310
0.604041 -0.095815 2.148171 0.101859 0.970536 0.218369
0.581871 -0.093138 2.151520 0.089578 0.965931 0.242802
0.559666 -0.090462 2.154634 0.093113 0.979674 0.177676
0.536707 -0.087643 2.151560 0.093908 0.979123 0.180274
0.515054 -0.085088 2.159167 0.126237 0.989196 0.074529
0.492772 -0.082415 2.161577 0.104615 0.993479 0.045340
0.470734 -0.079804 2.166738 0.111232 0.992585 0.049012
0.447505 -0.076926 2.157717 0.119731 0.992272 0.032567
0.425721 -0.074391 2.166396 0.126926 0.991461 0.029905
0.402783 -0.071565 2.157882 0.120771 0.992174 0.031696
0.380566 -0.068932 2.160106 0.113851 0.992340 0.047948
0.358279 -0.066286 2.161097 0.121492 0.990447 0.065229
0.336063 -0.063681 2.164852 0.131267 0.988900 0.069617
0.313677 -0.061004 2.162375 0.106636 0.992959 0.051595
0.291368 -0.058369 2.162661 0.117968 0.988526 0.094336
0.269056 -0.055738 2.162711 0.124841 0.987922 0.091790
0.246745 -0.053112 2.162526 0.116864 0.984298 0.132292
0.224437 -0.050491 2.162107 0.107078 0.988718 0.104744
0.202133 -0.047874 2.161452 0.099914 0.985068 0.140206
0.179837 -0.045263 2.160561 0.093817 0.990779 0.097747
0.157439 -0.042664 2.161433 0.110309 0.988812 0.100414
0.135078 -0.040064 2.161070 0.103233 0.988686 0.108826
0.113018 -0.037466 2.156482 0.108698 0.992198 0.061058
0.090777 -0.034880 2.154652 0.113095 0.992004 0.056020
0.068457 -0.032298 2.153584 0.112221 0.990606 0.078148
0.046247 -0.029724 2.151285 0.112010 0.987504 0.110855
0.024062 -0.027158 2.148752 0.114626 0.992692 0.037732
0.001904 -0.024600 2.145986 0.114848 0.992889 0.031320
-0.020225 -0.022049 2.142985 0.117249 0.991576 0.055051
-0.042322 -0.019506 2.139752 0.111463 0.991986 0.059499
-0.064385 -0.016973 2.136287 0.116380 0.991978 0.049347
-0.087937 -0.014354 2.141457 0.120181 0.991160 0.056204
-0.109297 -0.011873 2.133576 0.112847 0.991365 0.066792
-0.132053 -0.009310 2.133332 0.111034 0.991970 0.060552
-0.154647 -0.006760 2.131860 0.112543 0.991252 0.068944
-0.175993 -0.004304 2.124278 0.102062 0.991282 0.083329
-0.197890 -0.001816 2.119405 0.106182 0.990242 0.090255
-0.219967 0.000679 2.115273 0.099774 0.991607 0.082220
-0.242251 0.003184 2.111878 0.109148 0.991405 0.072127
-0.263516 0.005605 2.104371 0.107679 0.993313 0.041646
-0.286508 0.008155 2.103402 0.097205 0.994936 0.025572
-0.309540 0.010705 2.102176 0.093574 0.995225 0.027773
-0.331765 0.013185 2.097815 0.096398 0.994678 0.036387
-0.355419 0.015779 2.097997 0.094068 0.994735 0.040659
-0.379745 0.018427 2.099814 0.103318 0.993356 0.050685
-0.400760 0.020793 2.090895 0.099213 0.994321 0.038494
-0.428075 0.023690 2.100697 0.121382 0.988507 0.090108
-0.449719 0.026100 2.093169 0.127478 0.989296 0.071015
-0.475367 0.028852 2.096692 0.086313 0.986083 0.142095
-0.499768 0.031495 2.096156 0.081438 0.994025 0.072686
-0.521362 0.033886 2.087872 0.094631 0.989965 0.104946
-0.546195 0.036558 2.087720 0.103326 0.993660 0.044310
-0.572249 0.039338 2.090046 0.084270 0.991465 0.099477
-0.597664 0.042058 2.090207 0.106129 0.991388 0.076717
-0.619591 0.044460 2.081810 0.091808 0.994080 0.058109
-0.645110 0.047183 2.081389 0.111999 0.988819 0.098458
-0.666128 0.049492 2.070668 0.111388 0.992907 0.041563
-0.691718 0.052214 2.069670 0.085811 0.995892 0.028891
-0.717390 0.054940 2.068357 0.106729 0.993494 0.039735
-0.738242 0.057217 2.056890 -0.090625 -0.993368 -0.070760
-0.763966 0.059940 2.054994 0.104298 0.992129 0.069296
-0.792545 0.062926 2.058088 -0.087896 -0.993333 -0.074585
-0.820357 0.065838 2.059042 0.098301 0.989833 0.102804
-0.849269 0.068850 2.061384 0.109128 0.983526 0.144112
-0.875893 0.071646 2.058989 0.081723 0.988187 0.129648
-0.902591 0.074445 2.056258 0.100095 0.989718 0.102172
-0.926811 0.077007 2.048891 0.098344 0.991872 0.080740
-0.954117 0.079856 2.046360 0.113307 0.988847 0.096659
-0.975176 0.082109 2.033296 0.075676 0.995532 0.056480
-1.001458 0.084853 2.028438 -0.105642 -0.994402 0.001874
-1.028321 0.087648 2.024084 0.107730 0.994113 0.011571
-1.055232 0.090444 2.019384 -0.063234 -0.997967 -0.008014
-1.086684 0.093670 2.020939 -0.112949 -0.993575 -0.007114
-1.118884 0.096965 2.022870 0.055930 0.998002 0.029400
-1.150115 0.100164 2.022714 0.115642 0.992704 -0.034139
-1.173858 0.102642 2.011625 0.100664 0.994488 -0.029331
-1.203485 0.105680 2.008266 0.123061 0.991030 -0.052102
-1.233200 0.108724 2.004500 0.126241 0.989463 -0.070892
-1.269735 0.112421 2.008998 0.097745 0.992775 -0.069592
-1.300943 0.115601 2.005905 0.155351 0.987351 -0.031677
-1.336026 0.119153 2.007025 0.126518 0.991817 -0.017084
-1.372579 0.122844 2.009159 0.094147 0.995555 0.002433
-1.402904 0.125930 2.003121 0.105221 0.993205 -0.049714
-1.424148 0.128131 1.986091 0.116423 0.993067 -0.016215
-1.486836 0.134479 1.974321 0.089946 0.992378 -0.084240
-1.514558 0.137295 1.963729 0.114138 0.990189 -0.080616
-1.589953 0.144854 1.962308 0.109025 0.992900 -0.047569
-2.140293 0.199569 1.890285 0.069414 0.992815 -0.097464
-2.184305 0.203908 1.883419 0.091351 0.989008 -0.116272
-2.234042 0.208803 1.879989 0.112882 0.989355 -0.091834
-2.276713 0.213003 1.870444 0.111045 0.989704 -0.090308
-2.329213 0.218160 1.867128 0.092537 0.993725 -0.062832
-2.376189 0.222773 1.858929 0.095604 0.992766 -0.072637
-2.428225 0.227877 1.853301 -0.094463 -0.992407 0.078773
-2.483754 0.233319 1.848982 0.085150 0.992016 -0.093023
-2.535304 0.238368 1.840981 0.104228 0.988784 -0.106974
-2.588671 0.243590 1.833162 0.116689 0.989717 -0.082731
-2.648111 0.249403 1.828089 0.164398 0.983161 -0.079795
-2.710314 0.255481 1.823509 0.167918 0.982389 -0.081944
-2.774454 0.261745 1.818829 0.160452 0.985324 -0.058236
-2.837956 0.267943 1.812498 0.112713 0.990795 -0.074972
-2.898182 0.273816 1.803071 -0.101760 -0.990468 0.092829
-2.965537 0.280382 1.796406 -0.093479 -0.975656 0.198384
-3.034853 0.287135 1.789457 0.107505 0.966917 -0.231333
-3.108791 0.294337 1.783546 0.111957 0.967417 -0.227090
-3.173195 0.300602 1.771304 0.112740 0.965849 -0.233292
-3.238603 0.306961 1.758340 0.111709 0.966150 -0.232540
-3.309498 0.313852 1.746787 0.107215 0.966786 -0.232014
-3.390450 0.321722 1.738586 0.113158 0.966852 -0.228893
-3.471619 0.329609 1.728868 0.177881 0.960107 -0.215761
-3.555712 0.337777 1.718841 -0.207108 -0.957241 0.201981
-3.659204 0.347836 1.715516 0.204727 0.959398 -0.194019
-3.751097 0.356757 1.705192 0.176242 0.966822 -0.184915
-3.856114 0.366955 1.698371 0.133280 0.979515 -0.150955
-3.960495 0.377087 1.689157 -0.045501 -0.992888 0.110009
-4.070708 0.387783 1.680062 -0.021753 -0.992721 0.118453
-4.294178 0.409530 1.710691 0.143454 0.988060 -0.056191
-4.415630 0.421312 1.699818 0.133360 0.990771 -0.024235
-4.550518 0.434400 1.691139 0.092633 0.995694 -0.003661
-4.697056 0.448621 1.683599 0.076333 0.997075 -0.003888
-4.840164 0.462500 1.671930 0.054232 0.998511 0.005829
-5.016830 0.479648 1.667803 0.043626 0.999045 -0.002416
-5.185371 0.495998 1.657558 0.069567 0.997518 -0.010847
-5.375306 0.514428 1.650023 0.067222 0.997616 -0.015628
-5.560868 0.532426 1.637336 0.064437 0.997806 -0.015218
-5.717905 0.547638 1.613234 0.066029 0.997700 -0.015304
-5.736149 0.549321 1.550574 0.066029 0.997700 -0.015304
-5.120225 0.489214 1.333210 0.042587 0.999029 -0.011313
-5.199587 0.496862 1.291707 0.049993 0.998711 -0.008796
-5.182449 0.495109 1.227345 0.051337 0.998666 -0.005462
-5.171392 0.493950 1.164921 0.032130 0.999428 -0.010546
-5.100088 0.486927 1.090969 -0.030942 -0.999401 0.015523
-5.090451 0.485912 1.030466 -0.031618 -0.999370 0.016152
-5.130127 0.489700 0.979179 -0.031618 -0.999370 0.016152
-5.462880 0.522015 0.976230 -0.067895 -0.997641 0.010148
-5.540427 0.529488 0.926406 -0.069021 -0.997590 0.007155
-5.772206 0.551969 0.897568 -0.069535 -0.997579 -0.000284
-5.755411 0.550263 0.830427 -0.070488 -0.997506 0.003716
-5.743808 0.549067 0.764473 -0.070488 -0.997506 0.003716
-5.196439 0.495760 0.638124 -0.076805 -0.996937 0.014776
-4.972908 0.473965 0.556885 -0.069978 -0.997209 0.026042
-4.781016 0.455255 0.483436 -0.163512 -0.986273 -0.023019
-4.790565 0.456141 0.430608 -0.064919 -0.997223 0.036501
-4.782688 0.455337 0.376431 -0.072196 -0.996959 0.029319
-4.762317 0.453323 0.321744 -0.062729 -0.997535 0.031436
-4.648914 0.442269 0.262907 0.112892 0.993028 0.033913
-4.615407 0.438988 0.209664 0.178250 0.981079 0.075569
-4.607201 0.438172 0.157901 0.170649 0.981110 0.091118
-4.621341 0.439533 0.106753 0.242552 0.941405 0.234359
-4.616039 0.439010 0.055174 0.242552 0.941405 0.234359
-4.614180 0.438827 0.003706 0.242552 0.941405 0.234359
-4.605813 0.438018 -0.047640 0.242552 0.941405 0.234359
-3.453623 0.326016 -0.071693 -0.080877 0.986302 -0.143759
-3.121250 0.293716 -0.099590 0.081884 0.996279 0.026896
-3.065162 0.288278 -0.132883 0.081808 0.996202 0.029810
-3.035591 0.285423 -0.166495 0.080226 0.996221 0.033289
1.489079 -0.238451 0.057912 -0.133000 -0.991063 0.010253
1.464587 -0.234897 0.072122 -0.133463 -0.991001 0.010229
1.451829 -0.232940 0.086615 -0.133463 -0.991001 0.010229
1.449799 -0.232436 0.101688 -0.133463 -0.991001 0.010229
1.448600 -0.232044 0.116815 -0.133447 -0.991000 0.010528
1.445272 -0.231364 0.131733 -0.133231 -0.991028 0.010672
1.461497 -0.233319 0.148750 -0.133009 -0.991060 0.010469
1.459810 -0.232855 0.163997 -0.132714 -0.991095 0.010863
1.436343 -0.229458 0.176397 0.129437 0.991496 -0.013447
1.451056 -0.231199 0.193738 0.129075 0.991545 -0.013342
1.436163 -0.228959 0.206930 0.125759 0.991961 -0.014062
1.443658 -0.229724 0.223502 0.122051 0.992391 -0.016242
1.464639 -0.232290 0.242634 0.124205 0.992093 -0.018019
1.464904 -0.232077 0.258447 0.129183 0.991399 -0.020968
1.465973 -0.231969 0.274484 0.132261 0.990969 -0.022097
1.487258 -0.234555 0.294789 0.133478 0.990767 -0.023744
1.493746 -0.235162 0.312408 0.133819 0.990706 -0.024359
1.510662 -0.237151 0.332630 0.135367 0.990474 -0.025259
1.532141 -0.239739 0.354401 0.138130 0.990079 -0.025761
1.527359 -0.238833 0.370137 0.140236 0.989810 -0.024688
1.555994 -0.242354 0.394624 0.141071 0.989768 -0.021390
1.736409 -0.265943 0.461398 0.122839 0.992385 -0.009097
1.760092 -0.268758 0.487685 0.120594 0.992666 -0.008429
1.752028 -0.267373 0.505215 0.120007 0.992733 -0.008897
1.747584 -0.266467 0.523796 0.119745 0.992769 -0.008415
1.741999 -0.265409 0.542036 0.119243 0.992821 -0.009342
1.740935 -0.264946 0.561777 0.117867 0.992961 -0.011654
1.730263 -0.263220 0.578335 0.117747 0.992979 -0.011308
1.725048 -0.262211 0.596720 -0.119176 -0.992755 0.015333
1.717775 -0.260933 0.614375 0.117548 0.992938 -0.015985
1.713108 -0.259995 0.632997 -0.120101 -0.992603 0.017749
1.713788 -0.259755 0.653756 -0.122764 -0.992275 0.017889
1.716064 -0.259720 0.675340 -0.121951 -0.992315 0.020958
1.713493 -0.259051 0.695140 -0.128532 -0.991497 0.020330
1.720739 -0.259656 0.719254 -0.312282 -0.944714 -0.099982
1.722216 -0.259508 0.741197 0.858599 0.401280 0.319033
1.720709 -0.258971 0.762020 0.963284 0.138261 0.230148
1.716254 -0.258051 0.781635 -0.610771 -0.784912 -0.104270
1.722332 -0.258489 0.806383 -0.254187 -0.967145 -0.004367
1.722731 -0.258192 0.828715 -0.232743 -0.971606 -0.042569
1.717531 -0.257171 0.848460 -0.218896 -0.975346 -0.028006
1.713871 -0.256348 0.869099 0.382313 0.917283 0.111487
1.710847 -0.255605 0.890219 0.577924 0.805162 0.133110
1.709315 -0.255052 0.912322 0.490939 0.866082 0.094242
1.699698 -0.253465 0.930129 0.627762 0.778351 -0.009172
1.689035 -0.251745 0.947339 0.964134 -0.188204 -0.187150
1.686774 -0.251097 0.969453 0.891329 -0.409579 -0.194367
1.681679 -0.250087 0.990087 0.833908 -0.532220 -0.146080
1.679726 -0.249476 1.012803 0.869017 -0.487558 -0.084243
1.676641 -0.248719 1.035056 0.886750 -0.458308 -0.060239
1.686652 -0.249617 1.065969 0.872435 -0.488369 -0.018776
1.675441 -0.247829 1.083525 0.877989 -0.478402 0.016319
1.683840 -0.248513 1.114303 0.795246 -0.604987 0.039688
1.676222 -0.247177 1.134649 0.696025 -0.718006 -0.004105
1.683810 -0.247750 1.165847 0.675835 -0.736749 -0.021160
1.677211 -0.246538 1.187438 -0.545787 0.827039 0.134624
1.664738 -0.244591 1.204885 -0.626843 0.777179 0.055331
1.655264 -0.243022 1.224594 0.728510 -0.685020 -0.004683
1.649503 -0.241916 1.247269 -0.694157 0.719760 0.009595
1.643450 -0.240773 1.269957 0.686222 -0.726788 0.029634
1.642535 -0.240268 1.297018 -0.517968 0.853113 -0.062512
1.666624 -0.242857 1.345042 -0.292847 0.952213 0.086784
1.651751 -0.240614 1.361726 -0.349127 0.936706 -0.026299
1.638981 -0.238633 1.380187 -0.399620 0.895942 -0.193885
1.632000 -0.237368 1.403773 -0.406548 0.885547 -0.224778
1.616538 -0.235059 1.420064 -0.394550 0.894673 -0.209499
1.613420 -0.234269 1.447595 -0.412233 0.889552 -0.196878
1.611362 -0.233606 1.476572 -0.383109 0.914443 -0.130470
1.608874 -0.232887 1.505664 -0.282185 0.944011 -0.170926
1.615244 -0.233244 1.543889 -0.148245 0.981552 -0.120747
1.604726 -0.231540 1.566270 -0.158861 0.975208 -0.154054
1.603016 -0.230905 1.597818 -0.137380 0.988303 -0.066217
1.591129 -0.229035 1.619468 -0.126735 0.987293 -0.095870
1.591294 -0.228621 1.654069 -0.095512 0.989221 -0.110992
1.594299 -0.228545 1.692505 -0.066231 0.990687 -0.118968
1.592657 -0.227902 1.726755 -0.034707 0.990814 -0.130703
1.581204 -0.226079 1.750721 -0.030388 0.993269 -0.111771
1.574660 -0.224843 1.780651 0.003046 -0.994376 0.105861
1.565078 -0.223242 1.807597 -0.015876 -0.994274 0.105677
1.571712 -0.223572 1.854443 -0.053887 -0.994167 0.093425
1.568709 -0.222746 1.890810 -0.054013 -0.994769 0.086705
1.562005 -0.221477 1.923419 0.092536 0.989663 -0.109564
1.554179 -0.220073 1.955307 0.111352 0.991101 -0.072939
1.559804 -0.220251 2.005454 0.137291 0.990331 0.019894
1.550796 -0.218698 2.037568 0.119522 0.992273 0.033301
1.517694 -0.214320 2.037529 0.230073 0.970991 0.065140
1.485342 -0.210043 2.037827 -0.089400 -0.995979 -0.005810
1.454294 -0.205931 2.039302 -0.131271 -0.989485 0.060718
1.421682 -0.201650 2.037879 -0.130973 -0.990715 0.036477
1.393704 -0.197919 2.042623 -0.071406 -0.995175 0.067288
1.366876 -0.194331 2.048670 0.117838 0.990657 -0.068645
1.335224 -0.190198 2.046815 0.163752 0.985836 -0.036240
1.303228 -0.186039 2.043673 0.171172 0.983491 0.058702
1.273005 -0.182097 2.042637 0.157454 0.987417 0.014678
1.241919 -0.178069 2.039475 0.127929 0.978059 0.164425
1.217076 -0.174763 2.046230 0.145482 0.986969 0.068754
1.192720 -0.171522 2.053554 0.140454 0.987213 0.075391
1.169314 -0.168396 2.062334 0.157937 0.987345 -0.014355
1.147281 -0.165432 2.073479 -0.134317 -0.990936 -0.002015
1.117201 -0.161574 2.069381 0.209255 0.976392 -0.053573
1.093283 -0.158416 2.076416 -0.040951 -0.965927 0.255553
1.062159 -0.154467 2.068897 0.111542 0.993757 0.002135
1.036581 -0.151145 2.071716 0.198467 0.978168 0.061626
1.006327 -0.147320 2.064306 0.129047 0.982217 0.136373
0.977180 -0.143630 2.058300 0.165964 0.979864 0.111003
0.954846 -0.140697 2.066475 0.142972 0.983644 0.109560
0.931643 -0.137676 2.072575 0.136139 0.986808 -0.087608
0.908414 -0.134661 2.078414 -0.160386 -0.986641 0.028577
0.886694 -0.131816 2.087683 0.196491 0.978920 -0.055747
0.861520 -0.128608 2.088379 0.141177 0.983585 -0.112381
0.837153 -0.125497 2.090636 -0.063439 -0.994793 0.079765
0.813538 -0.122474 2.094479 -0.096067 -0.964515 0.245932
0.788900 -0.119353 2.095240 0.176932 0.982150 0.063852
0.763330 -0.116145 2.092886 -0.054254 -0.976884 0.206772
0.741461 -0.113331 2.100623 0.262659 0.964614 0.023043
0.711646 -0.109709 2.084413 -0.050842 -0.995516 0.079765
0.692000 -0.107141 2.098268 0.182851 0.983125 -0.005472
0.667717 -0.104107 2.097612 0.161290 0.983701 -0.079483
0.642096 -0.100951 2.091884 0.147002 0.983495 -0.105486
0.617490 -0.097909 2.088732 0.032858 -0.999457 0.002615
0.594341 -0.095021 2.090111 -0.008178 -0.984107 -0.177389
0.571484 -0.092171 2.092199 -0.046245 -0.997911 -0.045118
0.549870 -0.089449 2.098882 0.087236 0.993524 -0.072796
0.526063 -0.086525 2.096592 0.108646 0.991386 -0.073142
0.504159 -0.083790 2.101826 -0.098564 -0.994383 -0.038575
0.482416 -0.081076 2.107805 -0.082909 -0.976725 -0.197825
0.459374 -0.078251 2.107685 0.139098 0.941997 0.305438
0.436384 -0.075441 2.107311 0.057192 0.950085 0.306704
0.415290 -0.072805 2.116513 -0.096442 -0.978411 -0.182788
0.391963 -0.069983 2.113685 -0.152283 -0.970525 -0.186792
0.370047 -0.067289 2.118490 -0.084652 -0.971208 -0.222685
0.348224 -0.064608 2.124054 -0.106132 -0.991056 -0.080893
0.326037 -0.061904 2.127411 0.102115 0.991771 0.077218
0.303416 -0.059175 2.127560 0.091607 0.990914 0.098479
0.281193 -0.056483 2.130445 0.089105 0.985935 0.141392
0.258828 -0.053788 2.132101 0.128335 0.982154 0.137491
0.236558 -0.051107 2.134515 0.114658 0.983227 0.141839
0.214446 -0.048440 2.138686 0.096972 0.987085 0.127517
0.192027 -0.045763 2.139635 0.089468 0.989057 0.117310
0.169609 -0.043095 2.140347 -0.118760 -0.987694 -0.101767
0.146832 -0.040430 2.134833 0.097851 0.991382 0.087108
0.124435 -0.037787 2.134069 -0.107721 -0.988846 -0.102860
0.102503 -0.035139 2.144059 0.115770 0.992628 0.035861
0.079818 -0.032528 2.134829 -0.114624 -0.989659 -0.086232
0.057654 -0.029881 2.142355 0.110098 0.987802 0.110118
0.035246 -0.027283 2.138648 0.112873 0.992249 0.051971
0.012917 -0.024695 2.135706 0.117094 0.990918 0.066107
-0.009400 -0.022092 2.136528 0.112573 0.991058 0.071640
-0.031940 -0.019415 2.146111 0.116889 0.992504 0.035680
-0.054021 -0.016924 2.135466 -0.112194 -0.993222 -0.030360
-0.076888 -0.014208 2.147570 0.116111 0.992955 0.023633
-0.099152 -0.011668 2.143450 0.113982 0.992998 0.031019
-0.121279 -0.009160 2.138099 0.113832 0.990562 0.076353
-0.143158 -0.006700 2.130524 0.111836 0.991038 0.073048
-0.166427 -0.003976 2.140658 0.108532 0.987710 0.112472
-0.188876 -0.001424 2.139585 0.112064 0.988406 0.102445
-0.210901 0.001047 2.134298 0.108842 0.990423 0.084948
-0.233188 0.003558 2.131762 0.111787 0.991325 0.069125
-0.255448 0.006058 2.128992 0.105788 0.991900 0.070305
-0.278226 0.008634 2.129948 0.104939 0.991858 0.072148
-0.300025 0.011047 2.123737 0.098970 0.993853 0.049617
-0.322201 0.013513 2.120263 0.093707 0.994078 0.055024
-0.344173 0.015941 2.115570 0.099539 0.993810 0.049338
-0.366974 0.018486 2.115566 0.098806 0.993659 0.053660
-0.388312 0.020808 2.107461 0.100292 0.993088 0.060970
-0.410515 0.023251 2.104038 0.104107 0.992190 0.068712
-0.432693 0.025683 2.100379 0.118236 0.989807 0.079392
-0.456154 0.028288 2.102337 0.101887 0.987292 0.121961
-0.476961 0.030512 2.092355 0.096653 0.985713 0.137939
-0.501196 0.033207 2.096724 0.081791 0.993996 0.072673
-0.522590 0.035499 2.089198 0.084109 0.991663 0.097622
-0.544403 0.037843 2.083382 0.110725 0.992845 0.044716
-0.567770 0.040390 2.083112 0.095417 0.990467 0.099354
-0.592588 0.043121 2.087376 0.094243 0.995038 0.031886
-0.616694 0.045745 2.088476 0.104389 0.991146 0.082057
-0.641188 0.048410 2.090251 0.093642 0.994239 0.052146
-0.665790 0.051078 2.091739 -0.116446 -0.992201 -0.044460
-0.691771 0.053915 2.096726 0.112446 0.993494 0.018034
-0.716617 0.056592 2.097620 0.111590 0.992405 0.051778
-0.737838 0.058790 2.087881 0.089592 0.995054 0.042897
-0.766248 0.061905 2.097591 0.115442 0.992130 0.048488
-0.789576 0.064356 2.092940 0.107776 0.993806 0.027080
-0.814732 0.067031 2.092673 0.106770 0.992148 0.065128
-0.835067 0.069087 2.080082 0.088955 0.994154 0.061193
-0.861422 0.071895 2.082028 0.121644 0.990359 0.066266
-0.883551 0.074162 2.073562 0.087186 0.994857 0.051554
-0.908443 0.076767 2.071248 0.098187 0.994988 0.018928
-0.935879 0.079677 2.074086 0.104839 0.993846 0.035750
-0.956677 0.081755 2.062113 0.108391 0.994102 0.003587
-0.986452 0.084932 2.068815 0.134829 0.989306 -0.055628
-1.016029 0.088070 2.074220 0.101462 0.993657 -0.048486
-1.044018 0.091001 2.075670 0.138761 0.989072 -0.049816
-1.074462 0.094218 2.081182 0.095624 0.995400 0.005981
-1.099952 0.096821 2.076599 0.140812 0.989208 -0.040499
-1.123545 0.099185 2.068207 0.127513 0.991818 0.006052
-1.147576 0.101595 2.060418 0.094003 0.995065 -0.031768
-1.170075 0.103812 2.049755 0.137394 0.989643 -0.041583
-1.193496 0.106133 2.040565 0.136424 0.981503 -0.134315
-1.219956 0.108807 2.036232 0.142953 0.984482 -0.101785
-1.249086 0.111789 2.035809 0.081155 0.990125 -0.114310
-1.275137 0.114395 2.029937 0.125775 0.981964 -0.141164
-1.312608 0.118337 2.041324 0.105763 0.986657 -0.123786
-1.343838 0.121529 2.042165 0.102529 0.982611 -0.154800
-1.370188 0.124135 2.035140 0.110206 0.990148 -0.086383
-1.397110 0.126799 2.028605 0.111940 0.988072 -0.105748
-1.428091 0.129926 2.027423 0.127861 0.987224 -0.095086
-1.463303 0.133532 2.031463 0.094232 0.991543 -0.089234
-1.496381 0.136875 2.031778 0.112328 0.990214 -0.082822
-1.531436 0.140434 2.034004 0.122009 0.989575 -0.076513
-1.566091 0.143931 2.034926 0.076595 0.993132 -0.088445
-1.599079 0.147223 2.032994 0.153443 0.982733 -0.103397
-1.620912 0.149224 2.016629 0.111561 0.987122 -0.114649
-1.648933 0.151926 2.007719 0.080411 0.991623 -0.101088
-1.720581 0.159074 2.006923 0.128439 0.983154 -0.130045
-1.752055 0.162133 2.000482 0.108898 0.982989 -0.147898
-1.784252 0.165263 1.994341 0.149511 0.978007 -0.145428
-2.439238 0.228993 1.939698 0.096366 0.982519 -0.159281
-2.483844 0.233244 1.932670 0.081514 0.986832 -0.139705
-2.538885 0.238611 1.932751 0.104291 0.987671 -0.116745
-2.590202 0.243554 1.928913 0.104949 0.986254 -0.127625
-2.643329 0.248672 1.925378 0.159321 0.979372 -0.124288
-2.690984 0.253182 1.916893 0.154040 0.978977 -0.133701
-2.704406 0.253995 1.883727 -0.184285 -0.977028 0.107033
-2.706728 0.253617 1.843209 0.163188 0.981236 -0.102696
-2.702700 0.252563 1.798992 0.167236 0.983798 -0.064611
-2.704733 0.252163 1.759407 0.207896 0.976643 -0.054289
-2.711286 0.252248 1.723183 0.226457 0.967977 -0.108336
-2.713999 0.251927 1.684918 0.240286 0.959616 -0.146284
-2.711957 0.251104 1.644207 0.288694 0.951875 -0.102908
-2.713653 0.250682 1.606263 0.170471 0.977788 -0.121944
-2.716585 0.250394 1.569462 0.064909 0.988441 -0.137011
-2.719918 0.250152 1.533268 0.148793 0.969955 -0.192477
-2.729779 0.250599 1.501017 -0.066741 -0.985485 0.156091
-2.729616 0.249993 1.463553 0.044446 0.997752 -0.050150
-2.728092 0.249249 1.425799 0.169775 0.985301 -0.018919
-2.731408 0.249016 1.390952 0.009914 0.999102 0.041185
-2.732516 0.248554 1.355310 -0.005273 0.996897 0.078545
-2.726909 0.247397 1.316767 -0.018375 0.995327 0.094795
-2.739722 0.248160 1.287393 0.118553 -0.987650 -0.102434
-2.738644 0.247481 1.251682 0.114192 -0.986951 -0.113522
-2.739854 0.247043 1.217351 -0.219740 0.970133 0.102743
-2.743394 0.246848 1.184321 -0.153454 0.982171 0.108591
-2.741959 0.246143 1.149425 -0.300653 0.950230 0.081669
-2.749320 0.246347 1.118449 -0.283050 0.956149 0.075249
-2.739675 0.244805 1.080858 -0.032315 0.998039 0.053603
-2.735129 0.243792 1.045733 0.060825 0.998148 0.000016
-2.736687 0.243410 1.013250 0.060253 0.998182 0.001163
-2.730376 0.242226 0.978159 0.064448 0.997919 0.001815
-2.737741 0.242443 0.948216 0.069112 0.997606 0.002579
-2.743840 0.242532 0.917911 0.069884 0.997547 0.003994
-2.750556 0.242684 0.887890 0.088428 0.996078 0.002936
-2.750300 0.242130 0.855752 0.095897 0.995391 -0.000238
-2.752538 0.241832 0.824580 0.111620 0.993751 0.000970
-2.751562 0.241211 0.792627 0.127579 0.991820 -0.004165
-2.755977 0.241138 0.762388 0.182619 0.983095 -0.013201
-2.755259 0.240550 0.730861 0.202700 0.979020 -0.020810
-2.752259 0.239736 0.698942 0.216074 0.975998 -0.027211
-2.752766 0.239278 0.668115 0.226698 0.973385 -0.033619
-2.760688 0.239565 0.639165 0.237804 0.970488 -0.040033
-2.754710 0.238464 0.607100 0.254388 0.965978 -0.046627
-2.761027 0.238594 0.577908 0.700172 0.711312 -0.061598
-2.760208 0.238015 0.547283 0.688048 0.722782 -0.064630
-2.764924 0.237989 0.517853 0.688048 0.722782 -0.064630
-2.767371 0.237740 0.488035 0.688048 0.722782 -0.064630
-2.772446 0.237754 0.458719 -0.046275 -0.998521 0.028540
-2.768366 0.236864 0.427963 -0.038031 -0.998849 0.029229
-2.773800 0.236917 0.398784 -0.034800 -0.998843 0.033186
-2.778931 0.236942 0.369540 -0.034055 -0.998829 0.034359
-2.782770 0.236841 0.340111 -0.033679 -0.998988 0.029796
-2.779380 0.236033 0.309854 -0.028730 -0.999042 0.033022
-2.788537 0.236459 0.281039 -0.027409 -0.999154 0.030663
-1.102743 0.071069 0.094727 0.086727 0.996118 -0.015051
-1.043274 0.065075 0.077967 -0.119384 -0.992638 0.020437
-1.049105 0.065468 0.067166 -0.114781 -0.993247 0.016915
-1.043899 0.064787 0.055584 -0.123742 -0.992275 0.008809
-1.066402 0.066801 0.045528 -0.109217 -0.993956 0.011139
-1.131575 0.072948 0.036717 -0.100106 -0.994975 0.001943
-1.130019 0.072614 0.024575 -0.102825 -0.994683 0.005720
-0.986025 0.058508 0.009774 -0.103842 -0.994491 0.014306
-1.026992 0.062305 -0.000432 -0.121665 -0.992564 0.003715
-0.970305 0.056678 -0.011294 -0.113103 -0.993554 0.007639
-0.993137 0.058722 -0.021965 -0.108462 -0.994075 0.007113
-0.968085 0.056160 -0.032013 -0.113103 -0.993554 0.007639
-0.938957 0.053216 -0.041401 -0.106043 -0.994181 0.018928
2.395223 -0.360567 0.146203 0.990539 -0.113988 -0.076412
2.417403 -0.362991 0.176878 0.999416 0.013230 -0.031507
2.440238 -0.365488 0.208108 -0.134027 0.025459 0.990651
2.451859 -0.366509 0.238931 -0.143478 0.356861 0.923073
2.443401 -0.364902 0.268164 0.954123 -0.083003 0.287679
2.436619 -0.363513 0.297449 0.944291 0.124584 0.304621
2.424611 -0.361443 0.326050 0.948981 0.178579 0.259892
2.411335 -0.359209 0.354304 0.860535 0.309028 0.404946
2.378125 -0.354389 0.379624 0.771655 0.341656 0.536489
2.357453 -0.351203 0.406162 0.796963 0.324259 0.509614
2.331634 -0.347355 0.431529 0.818004 0.364244 0.445192
2.318304 -0.345126 0.458545 0.852281 0.387263 0.351631
2.309592 -0.343494 0.486204 0.856040 0.451644 0.251422
2.311319 -0.343207 0.515775 0.864577 0.474592 0.165133
2.317589 -0.343500 0.546416 0.886573 0.449231 0.110363
2.322545 -0.343618 0.577036 0.901450 0.430913 0.041247
2.319413 -0.342693 0.606085 0.914184 0.400591 0.061601
2.319838 -0.342222 0.636037 0.937802 0.346680 0.018457
2.318007 -0.341458 0.665588 0.964021 0.263343 -0.036256
2.322586 -0.341510 0.696900 0.977576 0.210558 0.003168
2.322973 -0.341021 0.727349 0.987077 0.117886 0.108541
2.319200 -0.340000 0.756810 0.989563 0.086486 0.115265
2.323688 -0.340026 0.788769 0.997924 0.063299 -0.011883
2.323055 -0.339397 0.819464 0.875621 0.444028 -0.190074
2.325868 -0.339201 0.851422 0.806529 0.549629 -0.217756
2.335863 -0.339908 0.885988 0.770226 0.623996 -0.131835
2.339790 -0.339841 0.918950 0.688398 0.725279 0.008823
2.348016 -0.340310 0.953727 0.735294 0.662737 -0.141853
2.362353 -0.341541 0.991137 0.942185 0.294609 -0.159663
2.435758 -0.350179 1.051178 0.872113 0.168181 -0.459494
2.449821 -0.351342 1.090375 0.818730 -0.071203 -0.569747
2.432914 -0.348620 1.117876 0.791758 -0.122198 -0.598487
2.435969 -0.348394 1.153422 0.469634 -0.678192 -0.565243
2.444998 -0.348908 1.191855 -0.561586 0.734614 -0.380740
2.411617 -0.344134 1.212393 0.675682 -0.217483 0.704383
2.363604 -0.337552 1.225870 0.837067 0.463213 0.291124
2.348122 -0.335022 1.253406 0.943618 0.145960 0.297120
2.346745 -0.334242 1.287539 0.956810 0.173640 0.233159
2.357473 -0.334953 1.327854 0.990170 0.113092 -0.082302
2.363213 -0.335040 1.366316 0.921318 0.387256 0.034728
2.384380 -0.337020 1.413190 0.164129 0.985148 -0.050451
2.361738 -0.333600 1.438018 0.341838 0.937344 -0.067331
2.328378 -0.328871 1.456866 0.222557 0.974609 0.024631
2.354120 -0.331390 1.507840 -0.010909 -0.998334 0.056663
2.332360 -0.328087 1.533071 0.010297 0.999861 -0.013098
2.301770 -0.323712 1.553020 0.039666 0.995622 -0.084631
2.374538 -0.331927 1.633932 0.126163 0.989686 -0.067855
2.571695 -0.355214 1.793022 0.108889 0.994012 -0.009174
2.586804 -0.356327 1.844984 0.187769 0.980677 0.054919
2.570110 -0.353580 1.877677 -0.122953 -0.991846 0.033535
2.587231 -0.354917 1.932497 0.147670 0.985839 -0.079472
2.575388 -0.352750 1.969106 -0.128824 -0.990653 0.044844
2.522830 -0.345686 1.978193 -0.118956 -0.992131 0.039055
2.461429 -0.337582 1.980123 0.117817 0.992210 -0.040475
2.397875 -0.329245 1.979242 -0.134228 -0.990256 0.037086
2.347519 -0.322511 1.986624 -0.145561 -0.988461 0.041920
2.286938 -0.314579 1.985427 0.151461 0.987732 -0.038012
2.231433 -0.307274 1.986791 0.100774 0.994379 -0.032470
2.183262 -0.300864 1.992709 -0.153286 -0.986423 0.058927
2.128241 -0.293661 1.992250 -0.140524 -0.989700 0.027321
2.077373 -0.286972 1.993990 -0.138528 -0.988742 0.056558
2.018316 -0.279339 1.987879 0.149915 0.988619 0.012584
1.968011 -0.272761 1.987830 -0.128150 -0.991755 0.000740
1.920981 -0.266588 1.989548 -0.143734 -0.989615 0.001360
1.881632 -0.261334 1.997095 0.161392 0.986072 -0.040187
1.834246 -0.255157 1.996682 0.148314 0.988691 -0.022221
1.785652 -0.248859 1.994138 0.116187 0.990700 -0.070818
1.747506 -0.243796 2.000358 0.159056 0.986968 0.024394
1.712338 -0.239093 2.008756 -0.141974 -0.989361 -0.031765
1.665855 -0.233097 2.005455 0.140784 0.989825 0.020639
1.627408 -0.228047 2.009162 -0.147243 -0.988971 -0.016024
1.598157 -0.224070 2.021552 -0.163545 -0.986346 0.019345
1.564047 -0.219546 2.028500 -0.130479 -0.991131 0.025180
1.525238 -0.214498 2.029855 -0.158755 -0.986144 -0.048139
1.484592 -0.209257 2.028410 0.101253 0.994834 0.007320
1.446182 -0.204289 2.028557 0.156287 0.987699 -0.005029
1.411922 -0.199808 2.032613 0.136832 0.986290 0.092241
1.379728 -0.195574 2.038436 -0.149263 -0.988354 -0.029608
1.339254 -0.190420 2.033887 -0.125387 -0.990945 -0.048018
1.308586 -0.186386 2.040253 -0.142267 -0.989372 -0.030063
1.274840 -0.182020 2.042313 0.167170 0.985512 0.028641
1.248657 -0.178512 2.053279 0.103441 0.993271 0.052079
1.222426 -0.175008 2.063916 0.136917 0.980213 -0.142956
1.194946 -0.171375 2.072633 0.126343 0.989286 -0.073150
1.166271 -0.167620 2.079393 -0.170232 -0.985184 0.020837
1.130600 -0.163105 2.076078 -0.080606 -0.980615 0.178599
1.092279 -0.158316 2.068170 0.111516 0.962873 -0.245847
1.058268 -0.154018 2.065425 0.086221 0.994479 0.059804
1.028395 -0.150186 2.067973 0.091007 0.991998 0.087506
0.999177 -0.146438 2.070949 0.123232 0.986569 0.107220
0.972221 -0.142947 2.076888 -0.170857 -0.985173 -0.015558
0.939949 -0.138893 2.074051 0.130127 0.991319 0.018796
0.914187 -0.135554 2.080951 -0.158826 -0.982214 0.100154
0.877061 -0.131010 2.068735 0.109590 0.990703 -0.080602
0.850483 -0.127608 2.073165 0.151727 0.988050 -0.027142
0.819958 -0.123799 2.070339 0.145524 0.989183 0.018435
0.794522 -0.120541 2.075802 0.130499 0.991318 0.016059
0.772948 -0.117698 2.087959 -0.106189 -0.992266 0.064276
0.749833 -0.114700 2.097246 0.151348 0.981390 -0.118185
0.725724 -0.111606 2.104503 0.202481 0.953113 -0.224892
0.701586 -0.108518 2.111482 0.158980 0.986828 -0.029927
0.672984 -0.104980 2.109232 0.143832 0.978449 0.148152
0.642807 -0.101295 2.103013 0.325289 0.945202 -0.027935
0.614148 -0.097780 2.099103 -0.049347 0.849853 -0.524705
0.589007 -0.094635 2.102088 -0.010611 0.968003 -0.250715
0.562286 -0.091342 2.101122 0.182093 0.981377 -0.061167
0.533309 -0.087836 2.094321 -0.075326 -0.994333 -0.075016
0.510771 -0.084984 2.101880 0.315245 0.942406 0.111767
0.486285 -0.081948 2.104566 0.227737 0.943421 0.241025
0.464047 -0.079141 2.112541 -0.202081 -0.947040 -0.249559
0.445679 -0.076715 2.130540 -0.109856 -0.991863 -0.064341
0.414823 -0.073092 2.115598 -0.096442 -0.978411 -0.182788
0.391822 -0.070237 2.120927 0.140959 0.973014 0.182684
0.366821 -0.067202 2.120340 0.147819 0.964416 0.219207
0.337445 -0.063770 2.106199 -0.138107 -0.985058 -0.102898
0.315869 -0.061079 2.114484 0.158950 0.981421 0.107464
0.293899 -0.058358 2.121591 -0.132065 -0.986783 -0.093906
0.267510 -0.055245 2.114114 -0.134662 -0.987778 -0.078492
0.245264 -0.052517 2.119751 -0.094390 -0.990005 -0.104785
0.219463 -0.049485 2.112636 -0.122697 -0.988925 -0.083503
0.197513 -0.046801 2.118727 0.059390 0.989298 0.133273
0.171006 -0.043737 2.107160 0.109933 0.989181 0.097143
0.149592 -0.041118 2.114681 -0.082059 -0.987367 -0.135543
0.127163 -0.038420 2.118089 0.080673 0.988825 0.125367
0.102963 -0.035589 2.113452 0.095860 0.989259 0.110350
0.081842 -0.033013 2.122225 -0.115955 -0.987991 -0.102116
0.059396 -0.030340 2.124905 -0.097122 -0.990626 -0.096056
0.036187 -0.027618 2.123416 -0.108783 -0.989732 -0.092721
0.014305 -0.025003 2.128558 0.109275 0.990756 0.080379
-0.008482 -0.022332 2.128543 0.119063 0.990236 0.072501
-0.030595 -0.019716 2.132230 0.113699 0.992053 0.053887
-0.052747 -0.017103 2.135685 -0.112194 -0.993222 -0.030360
-0.074659 -0.014511 2.140886 0.113147 0.993135 0.029678
-0.096900 -0.011905 2.143875 0.114837 0.992826 0.033303
-0.119405 -0.009294 2.144643 0.113191 0.993162 0.028592
-0.141685 -0.006701 2.147161 0.109508 0.991077 0.075986
-0.164087 -0.004110 2.148448 0.105068 0.989581 0.098438
-0.186405 -0.001530 2.150495 0.106653 0.990704 0.084449
-0.208518 0.001042 2.155297 0.106098 0.991987 0.068600
-0.231103 0.003612 2.153882 0.108331 0.992051 0.064029
-0.253970 0.006156 2.146235 0.105172 0.992256 0.066085
-0.276264 0.008699 2.147335 0.109593 0.992002 0.062623
-0.298570 0.011235 2.148200 0.104304 0.993232 0.051106
-0.320790 0.013785 2.152829 0.107301 0.993575 0.036002
-0.343048 0.016362 2.161223 0.108382 0.993792 0.025097
-0.365530 0.018796 2.149384 0.102413 0.994346 0.028051
-0.387856 0.021299 2.149309 0.103745 0.994511 0.013614
-0.410145 0.023774 2.146999 0.110240 0.993872 0.008127
-0.432275 0.026191 2.140457 0.113286 0.993425 0.016503
-0.454934 0.028793 2.150670 0.121930 0.992447 0.013457
-0.477125 0.031223 2.146657 0.122910 0.992411 0.003557
-0.499719 0.033754 2.150396 0.107547 0.994199 0.001058
-0.521774 0.036144 2.144918 0.110137 0.993905 -0.004869
-0.544051 0.038582 2.143198 0.112804 0.993551 -0.011507
-0.566583 0.041063 2.144230 0.100208 0.994927 -0.008898
-0.589460 0.043598 2.148006 0.100604 0.994787 -0.016677
-0.611211 0.045912 2.140605 0.096143 0.995360 0.003915
-0.634052 0.048417 2.142905 0.102483 0.994492 -0.021961
-0.656571 0.050854 2.141984 0.112727 0.993527 -0.014043
-0.678959 0.053261 2.139834 0.111375 0.993697 0.012714
-0.699959 0.055435 2.128555 0.099023 0.994971 0.015087
-0.723368 0.057991 2.132850 0.117919 0.992795 0.021314
-0.744998 0.060257 2.126055 0.106389 0.993516 0.040087
-0.767076 0.062587 2.121986 0.107903 0.992304 0.060746
-0.789499 0.064962 2.119645 0.109724 0.992905 0.045834
-0.811306 0.067238 2.114130 0.108996 0.991588 0.069807
-0.833688 0.069591 2.111316 0.095493 0.991879 0.084007
-0.855163 0.071806 2.104366 0.099523 0.994432 0.034638
-0.879827 0.074469 2.110798 0.107981 0.991973 0.065795
-0.902967 0.076901 2.110155 0.107914 0.993890 0.023180
-0.925386 0.079224 2.106357 0.118014 0.992575 0.029467
-0.947257 0.081463 2.100391 0.098965 0.994789 0.024497
-0.970988 0.083949 2.100920 0.108907 0.993818 -0.021567
-0.994224 0.086357 2.099264 0.124173 0.992229 -0.007873
-1.020144 0.089114 2.105940 0.102502 0.994727 -0.003390
-1.042314 0.091357 2.099928 0.137549 0.989291 -0.048812
-1.049652 0.091641 2.049106 0.102244 0.994608 0.017381
-1.063466 0.092792 2.020101 0.098504 0.995117 -0.006192
-1.066395 0.092538 1.961844 0.101507 0.994263 -0.033724
-1.072659 0.092739 1.915947 -0.192172 -0.969471 0.152302
-1.082644 0.093434 1.882284 -0.206494 -0.952776 0.222662
-1.079651 0.092486 1.816987 0.241928 0.912481 -0.329924
-1.088809 0.093105 1.785324 0.213953 0.902131 -0.374678
-1.098534 0.093804 1.756439 0.228058 0.947013 -0.226177
-1.093225 0.092628 1.693562 0.128954 0.973339 0.189691
-1.100752 0.093077 1.662998 0.102134 0.976551 0.189517
-1.116772 0.094585 1.652485 0.122794 0.972303 0.198866
-1.109931 0.093273 1.592911 0.165562 0.968739 0.184755
-1.109248 0.092741 1.548990 -0.092658 -0.987469 -0.127748
-1.130151 0.094856 1.550988 0.143511 0.979885 0.138675
-1.136364 0.095178 1.523282 0.102539 0.991805 0.076216
-1.127880 0.093730 1.468116 -0.094763 -0.995307 -0.019574
-1.127215 0.093245 1.430064 -0.094441 -0.995150 -0.027509
-1.151576 0.095769 1.439565 0.097160 0.995029 0.021851
-1.161162 0.096517 1.421668 -0.106012 -0.994198 -0.018210
-1.157103 0.095645 1.380319 -0.092181 -0.995684 0.010812
-1.131617 0.092252 1.303882 -0.188362 -0.981462 0.035392
-1.127189 0.091374 1.265825 -0.267832 -0.962861 0.034139
-1.140310 0.092568 1.257791 0.292226 0.956204 -0.016666
-1.133189 0.091391 1.217493 -0.315521 -0.948647 -0.022719
-1.160366 0.094224 1.232074 0.176790 0.984248 -0.000819
-1.090937 0.085828 1.098584 -0.514106 -0.851902 0.099793
-1.152974 0.092701 1.166313 0.183012 0.982205 0.042189
-1.144709 0.091428 1.128411 0.418768 0.907857 -0.020696
-1.113938 0.087583 1.059793 0.683104 0.729024 0.043520
-1.127244 0.088813 1.055154 0.708234 0.684797 0.171630
-1.146442 0.090710 1.058391 0.708234 0.684797 0.171630
-1.146620 0.090436 1.035809 0.846719 0.470931 0.247570
-1.128194 0.088058 0.989597 0.891248 0.332784 0.308109
-1.131668 0.088173 0.972937 0.942668 0.207467 0.261410
-1.086228 0.082784 0.895591 0.930748 0.156573 0.330443
-0.976083 0.070170 0.742131 0.129917 0.991366 -0.017721
-0.981197 0.070531 0.732662 0.132678 0.990980 -0.018841
-0.977112 0.069865 0.712549 0.129654 0.991423 -0.016454
-1.006115 0.072884 0.730931 0.132678 0.990980 -0.018841
-0.951305 0.066597 0.654217 -0.102715 -0.994630 0.012645
-0.915107 0.062405 0.600872 -0.085333 -0.996244 0.014729
-0.970190 0.068298 0.647706 -0.116502 -0.993115 0.012225
-0.961093 0.067106 0.624731 -0.104690 -0.994421 0.012926
-0.909252 0.061240 0.558345 -0.085095 -0.996257 0.015170
-0.931847 0.063540 0.569659 -0.085246 -0.996251 0.014705
-0.922134 0.062309 0.548300 0.085077 0.996255 -0.015398
-0.916335 0.061511 0.531373 0.085279 0.996239 -0.015336
-0.931218 0.062959 0.534527 0.085375 0.996226 -0.015635
-0.951339 0.064966 0.542174 0.085291 0.996241 -0.015149
-0.961356 0.065874 0.540064 0.085293 0.996238 -0.015341
-0.935663 0.062941 0.505980 0.085668 0.996213 -0.014873
-0.926606 0.061808 0.487566 0.085599 0.996221 -0.014696
-0.948307 0.063969 0.495933 0.085599 0.996221 -0.014696
-0.949595 0.063943 0.486638 0.085498 0.996239 -0.014036
-0.973123 0.066282 0.495670 0.105080 0.994215 -0.022257
-1.079910 0.070160 0.156552 0.106850 0.993592 -0.036849
-1.104888 0.072404 0.153896 0.102024 0.994217 -0.033527
-1.124022 0.074082 0.149592 0.093672 0.995189 -0.028696
-1.114745 0.073051 0.139696 0.092508 0.995368 -0.026162
-1.123006 0.073689 0.133058 0.087588 0.995731 -0.029135
-1.125312 0.073760 0.125308 0.085211 0.995923 -0.029593
-1.125570 0.073638 0.117226 0.075135 0.996966 -0.020312
-1.128700 0.073787 0.109568 0.069700 0.997376 -0.019551
-1.114966 0.072348 0.099683 0.086727 0.996118 -0.015051
-1.104077 0.071183 0.090452 -0.088632 -0.995915 0.017279
-1.121785 0.072705 0.084564 0.077234 0.996954 -0.010815
-1.132512 0.073567 0.077637 -0.090290 -0.995886 0.007649
-1.121353 0.072382 0.068598 -0.094510 -0.995483 0.009009
-1.122996 0.072396 0.060787 -0.096621 -0.995268 0.010274
-1.103694 0.070461 0.051577 0.099741 0.994921 -0.013539
-1.109139 0.070832 0.044151 0.100073 0.994977 -0.002567
-1.054824 0.065663 0.033953 -0.122359 -0.992440 0.009524
-1.012323 0.061608 0.025308 -0.126761 -0.991907 0.007162
-1.015513 0.061787 0.018641 -0.121747 -0.992536 0.007056
-1.011663 0.061317 0.011818 -0.114210 -0.993429 0.007406
-1.015709 0.061575 0.005098 -0.116399 -0.993188 0.005365
-1.016697 0.061552 -0.001682 -0.116399 -0.993188 0.005365
-1.011640 0.060976 -0.008372 -0.108462 -0.994075 0.007113
-1.011492 0.060851 -0.015101 -0.108462 -0.994075 0.007113
-1.012268 0.060812 -0.021866 -0.108462 -0.994075 0.007113
1.543048 -0.245647 0.017877 0.126694 0.991917 -0.007023
1.514039 -0.241457 0.033531 -0.133000 -0.991063 0.010253
1.532413 -0.243699 0.050258 0.132562 0.991121 -0.010353
1.553576 -0.246311 0.067513 0.132225 0.991163 -0.010562
1.571579 -0.248487 0.085052 0.133604 0.990965 -0.011751
1.566646 -0.247557 0.101450 0.134016 0.990895 -0.012880
1.561546 -0.246603 0.117753 0.132291 0.991137 -0.012078
1.588860 -0.250018 0.136841 0.133159 0.990983 -0.014879
1.630743 -0.255382 0.157984 0.138055 0.990261 -0.018024
1.661521 -0.259237 0.178837 0.138252 0.990228 -0.018290
1.661537 -0.258951 0.196681 -0.137580 -0.990325 0.018105
1.663330 -0.258901 0.214803 0.137478 0.990340 -0.018049
1.666894 -0.259085 0.233262 -0.137991 -0.990268 0.018089
1.660456 -0.257929 0.250323 -0.137226 -0.990383 0.017637
1.660698 -0.257665 0.268393 -0.137984 -0.990284 0.017259
1.665630 -0.258024 0.287347 -0.138319 -0.990253 0.016328
1.655728 -0.256405 0.303725 -0.138133 -0.990306 0.014587
1.661238 -0.256837 0.322979 -0.136720 -0.990495 0.015066
1.643225 -0.254140 0.337554 -0.137203 -0.990432 0.014843
1.646410 -0.254260 0.356436 -0.137638 -0.990377 0.014458
1.638749 -0.252941 0.372983 -0.138764 -0.990208 0.015261
1.634784 -0.252111 0.390334 -0.139576 -0.990085 0.015835
1.631601 -0.251385 0.407884 0.140889 0.989895 -0.016086
1.633990 -0.251392 0.426923 0.141171 0.989857 -0.015928
1.622768 -0.249604 0.442384 0.141958 0.989719 -0.017469
1.611406 -0.247801 0.457655 0.143026 0.989519 -0.019907
1.601808 -0.246231 0.473299 0.142917 0.989527 -0.020292
1.621455 -0.248498 0.497855 0.144228 0.989404 -0.016644
1.608635 -0.246504 0.512595 0.144541 0.989355 -0.016839
1.641841 -0.250531 0.542426 0.144091 0.989442 -0.015585
3.908628 -0.546114 1.340140 -0.473532 0.871310 -0.128790
3.904847 -0.544850 1.385050 -0.408323 0.902390 -0.137713
3.908016 -0.544487 1.432761 -0.399407 0.910686 -0.105478
3.902267 -0.542960 1.477522 -0.342739 0.934095 -0.099984
3.896017 -0.541365 1.522316 -0.210431 0.977080 -0.032148
3.893868 -0.540300 1.568995 0.149504 0.988547 -0.020580
3.895762 -0.539753 1.617699 0.159993 0.986969 -0.017165
3.891592 -0.538418 1.664267 -0.149919 -0.988654 0.009376
3.884156 -0.536658 1.709722 -0.119889 -0.990407 0.068710
3.882534 -0.535645 1.758069 0.124789 0.983998 -0.127182
3.882134 -0.534785 1.807406 0.102492 0.984195 -0.144412
3.885615 -0.534417 1.859069 0.137833 0.980118 -0.142726
3.772551 -0.519115 1.854012 0.091555 0.978590 -0.184335
3.673327 -0.505624 1.853491 0.145433 0.973426 -0.176891
3.589530 -0.494141 1.858854 -0.137724 -0.975331 0.172513
3.509538 -0.483173 1.864518 -0.123528 -0.980607 0.152157
3.428953 -0.472160 1.868224 0.135544 0.978536 -0.155228
3.365164 -0.463310 1.879648 0.137996 0.978303 -0.154536
3.297203 -0.453954 1.887461 -0.130334 -0.979417 0.154129
3.232024 -0.444975 1.895557 0.133090 0.978861 -0.155303
3.156813 -0.434752 1.896341 -0.133276 -0.979467 0.151270
3.098035 -0.426631 1.905647 0.127399 0.979434 -0.156458
3.034362 -0.417915 1.910743 0.140570 0.977071 -0.159913
2.972598 -0.409462 1.915782 -0.127661 -0.977568 0.167522
2.911063 -0.401062 1.919730 -0.113764 -0.979613 0.165577
2.850599 -0.392819 1.923147 0.127409 0.984505 -0.120489
2.789566 -0.384528 1.924936 0.183778 0.976120 -0.115829
2.741817 -0.377918 1.934826 0.116421 0.989026 -0.090963
2.688521 -0.370634 1.939845 -0.159533 -0.983161 0.089129
2.632220 -0.362997 1.941592 0.171146 0.981030 -0.091039
2.580947 -0.356006 1.945959 0.147482 0.984560 -0.094288
2.503854 -0.345837 1.929417 0.146425 0.986643 -0.071375
2.462586 -0.340128 1.939168 -0.140324 -0.987051 0.077711
2.419064 -0.334155 1.946389 -0.152637 -0.982168 0.109763
2.367202 -0.327172 1.945954 0.137075 0.987056 -0.083251
2.318665 -0.320619 1.947200 0.141322 0.987273 -0.072938
2.275656 -0.314762 1.952173 0.130752 0.989458 -0.062264
2.229052 -0.308481 1.953174 -0.122105 -0.988045 0.094114
2.180450 -0.301976 1.951416 -0.132253 -0.988850 0.068446
2.144634 -0.297047 1.960266 -0.134497 -0.989218 0.057946
2.106687 -0.291872 1.966537 0.139301 0.989745 -0.031632
2.063076 -0.286025 1.966728 -0.145123 -0.989083 0.025568
2.026119 -0.281001 1.972467 0.149902 0.988211 -0.031128
1.994927 -0.276687 1.983259 0.122967 0.992360 -0.010054
1.959534 -0.271877 1.989354 -0.139582 -0.989974 0.021632
1.920773 -0.266677 1.991336 -0.143734 -0.989615 0.001360
1.885610 -0.261923 1.996340 -0.138857 -0.988531 0.059370
1.839717 -0.255899 1.989121 0.154036 0.987586 -0.030772
1.805567 -0.251296 1.993708 0.134575 0.990785 -0.015298
1.772185 -0.246798 1.998539 -0.136950 -0.990514 -0.011224
1.738247 -0.242247 2.002133 -0.164662 -0.986008 -0.025991
1.703782 -0.237647 2.004472 -0.145940 -0.989126 -0.018225
1.668183 -0.232926 2.004773 0.140784 0.989825 0.020639
1.643483 -0.229505 2.017679 0.151861 0.988389 -0.005125
1.615585 -0.225716 2.026388 -0.104097 -0.994191 0.027341
1.591373 -0.222369 2.039444 -0.121077 -0.992643 -0.000968
1.558580 -0.218026 2.041121 0.121206 0.991745 0.041839
1.519350 -0.212946 2.033547 0.196859 0.979987 0.029538
1.491651 -0.209224 2.040663 0.083006 0.996465 0.012952
1.454670 -0.204437 2.034443 -0.142392 -0.988254 0.055477
1.422566 -0.200230 2.034205 0.119910 0.992479 -0.024634
1.395704 -0.196640 2.040921 0.082999 0.995175 -0.052334
1.370526 -0.193254 2.049781 -0.099166 -0.993428 0.057162
1.342582 -0.189559 2.054161 0.128856 0.990142 -0.054905
1.310389 -0.185391 2.051453 0.107044 0.993095 -0.048000
1.279459 -0.181380 2.049985 0.101076 0.993347 0.055192
1.247661 -0.177284 2.046388 0.125689 0.991282 0.039533
1.219663 -0.173632 2.048346 0.159933 0.984467 0.072437
1.192264 -0.170058 2.050801 0.117966 0.992931 0.013101
1.168900 -0.166949 2.059845 0.157684 0.987261 0.021242
1.144508 -0.163732 2.066876 0.132207 0.991030 0.019490
1.122002 -0.160734 2.077130 0.110795 0.992792 -0.045706
1.095674 -0.157319 2.080073 0.148623 0.965047 -0.215860
1.063915 -0.153314 2.072037 0.096521 0.984837 -0.144150
1.040066 -0.150195 2.078733 -0.083911 -0.990564 0.108358
1.011803 -0.146601 2.076183 0.154676 0.978727 -0.134790
0.984137 -0.143085 2.074168 -0.137725 -0.990458 -0.005009
0.959567 -0.139917 2.078141 0.176120 0.982949 -0.052840
0.930911 -0.136318 2.072719 -0.157747 -0.984082 0.081839
0.909701 -0.133532 2.083389 -0.107736 -0.992110 0.064107
0.883667 -0.130237 2.082811 0.111345 0.990257 -0.083626
0.861951 -0.127412 2.092067 -0.098359 -0.992552 0.071878
0.836037 -0.124149 2.090895 -0.012395 -0.996446 0.083322
0.813512 -0.121254 2.097787 0.114507 0.988360 -0.100168
0.789873 -0.118251 2.101628 0.184447 0.979969 -0.075095
0.762462 -0.114864 2.094880 0.089741 0.893034 -0.440949
0.738952 -0.111894 2.098147 0.272635 0.958107 0.087762
0.713512 -0.108735 2.095476 0.112495 0.993599 0.010296
0.691038 -0.105890 2.101039 0.083214 0.992893 0.085086
0.665785 -0.102772 2.097789 -0.085367 0.993097 -0.080437
0.642148 -0.099828 2.099015 0.174411 0.958936 -0.223655
0.617420 -0.096785 2.096140 0.116210 0.878417 -0.463551
0.591998 -0.093687 2.090092 -0.018665 0.990151 -0.138753
0.568622 -0.090801 2.090487 0.116637 0.978387 0.170746
0.547339 -0.088125 2.098353 -0.023857 0.988862 -0.146912
0.525466 -0.085399 2.104061 -0.067999 -0.993509 0.091187
0.501657 -0.082498 2.101763 -0.096696 -0.992560 -0.073988
0.479973 -0.079805 2.107963 0.075796 0.935491 0.345126
0.457572 -0.077052 2.111006 0.096934 0.880583 0.463872
0.434139 -0.074216 2.108915 -0.123717 -0.966285 -0.225804
0.411769 -0.071484 2.111467 -0.096697 -0.962478 -0.253545
0.389577 -0.068775 2.114761 0.141145 0.951098 0.274757
0.367708 -0.066100 2.119789 0.147819 0.964416 0.219207
0.345451 -0.063399 2.122615 0.160769 0.983764 0.079760
0.323327 -0.060717 2.126192 0.129438 0.986911 0.096194
0.299740 -0.057931 2.119639 0.127709 0.983488 0.128226
0.278972 -0.055363 2.132646 0.111906 0.982569 0.148445
0.256745 -0.052693 2.135522 0.152893 0.977968 0.142138
0.234712 -0.050041 2.140151 -0.107389 -0.985831 -0.128863
0.212103 -0.047361 2.139576 0.089667 0.987785 0.127437
0.188894 -0.044662 2.131788 0.082765 0.990009 0.114157
0.166596 -0.042022 2.132718 0.106641 0.988410 0.108040
0.144511 -0.039397 2.136405 -0.121994 -0.987740 -0.097403
0.122307 -0.036772 2.138861 -0.108339 -0.990281 -0.087209
0.099918 -0.034153 2.138088 0.111358 0.991131 0.072513
0.077636 -0.031541 2.139077 0.112393 0.990556 0.078533
0.055374 -0.028935 2.140830 0.111123 0.986115 0.123407
0.033065 -0.026336 2.141349 0.112363 0.991665 0.063049
0.010750 -0.023746 2.141633 0.119397 0.992429 0.028789
-0.011567 -0.021163 2.141682 0.117983 0.992582 0.029344
-0.033909 -0.018574 2.143495 0.116889 0.992504 0.035680
-0.056199 -0.016023 2.141074 0.114585 0.993073 0.025997
-0.078610 -0.013436 2.143415 0.116111 0.992955 0.023633
-0.101120 -0.010839 2.146518 0.116023 0.992699 0.032981
-0.123649 -0.008254 2.148383 0.113691 0.989837 0.085423
-0.145453 -0.005836 2.138035 0.112284 0.988729 0.099035
-0.167730 -0.003315 2.136439 0.107718 0.987808 0.112394
-0.190333 -0.000740 2.138592 0.108794 0.989100 0.099222
-0.212136 0.001679 2.131546 0.109058 0.990565 0.082988
-0.234770 0.004241 2.133224 0.111790 0.991299 0.069492
-0.257695 0.006840 2.136645 0.120518 0.990714 0.062933
-0.279323 0.009215 2.128908 0.105209 0.991956 0.070389
-0.302189 0.011785 2.130853 0.097793 0.993973 0.049533
-0.324979 0.014331 2.131561 0.088096 0.995347 0.039028
-0.346556 0.016683 2.124125 0.098644 0.994277 0.041028
-0.368182 0.019039 2.117455 0.092887 0.994219 0.053853
-0.390777 0.021532 2.116464 0.097337 0.993923 0.051402
-0.412827 0.023938 2.112285 0.097057 0.994091 0.048618
-0.434833 0.026331 2.107874 0.107979 0.990270 0.087781
-0.458254 0.028918 2.110074 0.103051 0.992162 0.070675
-0.480236 0.031292 2.105184 0.106893 0.992412 0.060770
-0.503313 0.033811 2.104928 0.081610 0.995811 0.041227
-0.525480 0.036195 2.100535 0.089615 0.993759 0.066426
-0.546115 0.038365 2.090100 0.107685 0.993154 0.045265
-0.572039 0.041243 2.099729 0.107026 0.993942 0.024977
-0.595797 0.043817 2.100378 0.086770 0.996060 0.018317
-0.618794 0.046279 2.097879 0.101947 0.994010 0.039392
-0.642094 0.048773 2.096083 0.110775 0.993597 0.022237
-0.666322 0.051379 2.096886 -0.116446 -0.992201 -0.044460
-0.693421 0.054348 2.105959 0.112795 0.993467 0.017316
-0.715356 0.056635 2.098594 0.106890 0.993264 0.044745
-0.740505 0.059328 2.100433 0.105512 0.994151 0.023058
-0.766108 0.062068 2.102911 0.111295 0.992946 0.040889
-0.791147 0.064725 2.103207 0.106171 0.994061 0.023898
-0.813052 0.066975 2.094814 0.106770 0.992148 0.065128
-0.837445 0.069532 2.092692 0.082030 0.993998 0.072377
-0.860373 0.071895 2.086586 0.128080 0.988223 0.083735
-0.886363 0.074633 2.087593 0.096287 0.992984 0.068648
-0.908897 0.076931 2.080032 0.098187 0.994988 0.018928
-0.934216 0.079566 2.078612 0.101075 0.994847 0.007994
-0.959189 0.082148 2.075978 0.115577 0.992681 -0.035014
-0.982933 0.084570 2.070336 0.103917 0.993969 -0.035030
-1.008839 0.087247 2.068917 0.099907 0.994874 0.015662
-1.037042 0.090194 2.071651 0.111993 0.993091 -0.035034
-1.064960 0.093093 2.073127 0.105054 0.994445 0.006586
-1.093484 0.096054 2.075127 0.113989 0.991900 -0.056048
-1.120751 0.098851 2.074113 0.109661 0.993941 -0.007414
-1.146675 0.101477 2.070127 0.094003 0.995065 -0.031768
-1.148630 0.101233 2.023203 0.078553 0.996302 -0.034803
-1.151232 0.101077 1.979064 0.088368 0.995813 -0.023383
-1.153043 0.100835 1.935097 -0.101635 -0.993661 0.048049
-1.162337 0.101486 1.904975 -0.064851 -0.991458 0.113164
-1.167976 0.101710 1.869783 0.055371 0.975976 -0.210723
-1.166596 0.101115 1.824571 -0.047087 -0.949536 0.310105
-1.170380 0.101134 1.788806 0.032197 0.976556 -0.212841
-1.182934 0.102181 1.767299 0.069928 0.997021 -0.032533
-1.190123 0.102604 1.738295 0.042859 -0.997957 -0.047385
-1.196838 0.102975 1.709337 -0.091475 -0.980634 -0.173173
-1.197304 0.102627 1.672297 -0.060542 -0.971629 -0.228630
-1.202993 0.102887 1.643511 0.097675 0.968710 0.228167
-1.216539 0.104053 1.626008 -0.080382 -0.966943 -0.241993
-1.215986 0.103601 1.590121 -0.112845 -0.968232 -0.223141
-1.222765 0.103993 1.564677 -0.113213 -0.984092 -0.136913
-1.221716 0.103495 1.529883 0.119128 0.989302 0.084204
-1.221960 0.103151 1.497613 0.083105 0.995012 0.055183
-1.228658 0.103543 1.473965 0.054181 0.997556 0.044126
-0.666383 0.037256 0.590099 -0.516222 0.853156 0.075100
-0.623964 0.032453 0.540267 -0.477956 0.870876 0.114601
-0.952460 0.068122 0.812508 0.863833 0.483984 0.139828
-0.961694 0.068893 0.803147 0.795571 0.572519 0.198214
-0.967766 0.069320 0.791140 -0.132571 -0.990996 0.018764
-0.972144 0.069561 0.777840 -0.132571 -0.990996 0.018764
-0.981036 0.070291 0.768250 -0.132370 -0.991015 0.019171
-0.982748 0.070245 0.753062 0.133120 0.990930 -0.018355
-0.994569 0.071287 0.745755 0.132678 0.990980 -0.018841
-1.002345 0.071892 0.735312 0.132678 0.990980 -0.018841
-1.010819 0.072570 0.725374 0.132684 0.990997 -0.017890
-0.981027 0.069155 0.688216 0.123660 0.992235 -0.013325
-1.014382 0.072492 0.696112 0.131224 0.991212 -0.016710
-0.987035 0.069353 0.661950 -0.122255 -0.992370 0.016003
-0.986471 0.069075 0.646632 -0.119889 -0.992697 0.013404
-1.000735 0.070370 0.641163 -0.120889 -0.992562 0.014353
-1.009104 0.071037 0.631730 -0.119576 -0.992696 0.016009
-0.993681 0.069190 0.607501 -0.113957 -0.993420 0.011415
-1.017058 0.071439 0.607392 -0.120228 -0.992624 0.015564
-0.974522 0.066750 0.567839 -0.085246 -0.996251 0.014705
-1.020990 0.071419 0.581010 0.120118 0.992642 -0.015265
-1.008826 0.069931 0.560041 -0.115006 -0.993301 0.011266
-1.005939 0.069419 0.544668 -0.110433 -0.993755 0.015988
-1.019521 0.070627 0.538351 -0.116105 -0.993095 0.016795
-0.965116 0.064755 0.496317 0.100061 0.994808 -0.018562
-0.996031 0.067770 0.499299 0.110776 0.993586 -0.022718
-1.017298 0.069773 0.496819 0.116204 0.992989 -0.021682
-0.997374 0.067507 0.474035 0.113576 0.993204 -0.025430
-1.001419 0.067725 0.463158 0.117226 0.992748 -0.026642
-1.021646 0.069612 0.459700 0.120628 0.992380 -0.025130
-1.027351 0.069998 0.449397 0.127757 0.991498 -0.024677
-1.017416 0.068777 0.432315 0.126490 0.991631 -0.025861
-1.029271 0.069795 0.424735 0.133877 0.990607 -0.027833
-1.029092 0.069578 0.412073 0.138590 0.990010 -0.025942
-1.042651 0.070766 0.404948 0.145814 0.989041 -0.023156
-1.035719 0.069861 0.389752 0.152489 0.988060 -0.022016
-1.039785 0.070079 0.378902 0.154829 0.987709 -0.021423
-1.031558 0.069049 0.363638 0.154518 0.987764 -0.021111
-1.030651 0.068765 0.351202 0.157684 0.987301 -0.019305
-1.033372 0.068850 0.340091 0.150680 0.988489 -0.013580
-1.026504 0.067967 0.325897 -0.144610 -0.989441 0.009699
-1.047008 0.069846 0.320487 0.148097 0.988904 -0.011701
-1.011269 0.066061 0.297774 -0.143088 -0.989652 0.010741
-1.035415 0.068304 0.293271 -0.143603 -0.989581 0.010379
-1.047107 0.069292 0.284829 -0.143603 -0.989581 0.010379
-1.045270 0.068922 0.272585 -0.143592 -0.989569 0.011641
-1.033649 0.067578 0.257949 -0.139051 -0.990176 0.014679
-0.973490 0.061398 0.231787 -0.127201 -0.991813 0.011277
-0.987545 0.062628 0.224313 -0.129052 -0.991577 0.010954
-0.977257 0.061436 0.211177 0.125709 0.991972 -0.013706
-0.994073 0.062937 0.204036 0.122961 0.992284 -0.015928
-1.032317 0.066556 0.200859 0.124775 0.992057 -0.015946
-1.039305 0.067073 0.190982 0.113545 0.993315 -0.020819
-1.039339 0.066902 0.179760 -0.116098 -0.993013 0.021152
-1.018638 0.064690 0.165108 0.119821 0.992512 -0.023716
-1.005613 0.063241 0.152144 0.122909 0.992162 -0.022536
-1.007204 0.063233 0.141628 0.119066 0.992693 -0.019597
-1.037289 0.066020 0.134959 0.110766 0.993477 -0.027105
-1.024872 0.064637 0.122390 0.112002 0.993441 -0.023018
-1.021206 0.064116 0.111111 0.116357 0.992973 -0.021580
-1.046130 0.066385 0.102883 0.116752 0.992917 -0.022034
-1.046214 0.066229 0.091852 0.116435 0.992896 -0.024519
-1.037254 0.065195 0.080101 -0.122566 -0.992287 0.018525
-1.039085 0.065213 0.069327 -0.121417 -0.992433 0.018280
-0.995102 0.060791 0.055750 -0.084474 -0.996129 0.024319
-0.990717 0.060215 0.045101 -0.085378 -0.996033 0.025057
-0.914328 0.052280 0.003045 -0.085343 -0.995997 0.026584
-0.901427 0.050909 -0.006469 0.089654 0.995669 -0.024614
1.876180 -0.293966 -0.002196 0.156200 0.987724 -0.001951
1.898074 -0.296875 0.011356 0.156200 0.987724 -0.001951
1.885184 -0.294781 0.025040 0.154954 0.987910 -0.004790
1.755371 -0.275933 0.036103 -0.150082 -0.988561 -0.014909
1.558194 -0.247490 0.042358 0.128454 0.991703 -0.004872
1.465872 -0.234110 0.048772 -0.133463 -0.991001 0.010229
1.448667 -0.231487 0.057134 -0.133463 -0.991001 0.010229
1.439290 -0.229986 0.065628 -0.133463 -0.991001 0.010229
1.451555 -0.231569 0.075516 -0.133463 -0.991001 0.010229
1.469628 -0.233972 0.086164 -0.133463 -0.991001 0.010229
1.524046 -0.241527 0.100643 -0.133000 -0.991063 0.010253
1.538866 -0.243445 0.112141 0.132562 0.991121 -0.010353
1.707004 -0.267065 0.141721 -0.137538 -0.990494 0.002281
1.599529 -0.251648 0.140079 0.135393 0.990661 -0.016126
1.873890 -0.290185 0.188544 0.122790 0.992429 -0.002545
1.772099 -0.275576 0.187291 0.126718 0.991832 -0.014533
1.862210 -0.288025 0.214352 0.126952 0.991908 0.001543
1.898173 -0.292824 0.234222 0.109984 0.993903 -0.007825
1.906566 -0.293736 0.249947 0.099557 0.994959 -0.012025
1.923532 -0.295845 0.267548 -0.094072 -0.995359 0.020269
1.937363 -0.297507 0.284943 0.097722 0.995025 -0.019386
1.925785 -0.295610 0.297281 0.099471 0.994782 -0.022656
1.879294 -0.288844 0.301591 0.101042 0.994580 -0.024533
1.585945 -0.247697 0.246780 -0.132639 -0.990998 0.018144
1.518381 -0.237097 0.293725 0.134217 0.990664 -0.023897
1.523955 -0.237664 0.306174 0.135221 0.990510 -0.024602
1.537854 -0.239373 0.321541 0.135677 0.990456 -0.024243
1.526174 -0.237560 0.328652 -0.136547 -0.990317 0.025037
1.529427 -0.237800 0.340794 -0.136547 -0.990317 0.025037
1.520406 -0.236356 0.348649 0.136377 0.990340 -0.025040
1.516900 -0.235669 0.358434 0.138926 0.989969 -0.025699
1.504038 -0.233706 0.364608 0.137571 0.990154 -0.025883
1.518800 -0.235512 0.381558 0.140867 0.989729 -0.024338
1.498431 -0.232529 0.384543 -0.135261 -0.990488 0.025250
1.498208 -0.232292 0.395638 -0.136877 -0.990284 0.024530
1.498765 -0.232159 0.407164 -0.144570 -0.989248 0.022077
1.512768 -0.233845 0.424827 -0.144495 -0.989257 0.022184
1.503964 -0.232440 0.432449 -0.145503 -0.989145 0.020521
1.491513 -0.230547 0.438231 -0.146518 -0.989007 0.019939
1.489757 -0.230099 0.449006 -0.146230 -0.989044 0.020227
1.494093 -0.230469 0.462893 -0.146336 -0.989047 0.019268
1.482333 -0.228675 0.468767 -0.146090 -0.989087 0.019111
1.474944 -0.227472 0.476753 -0.147777 -0.988855 0.018094
1.474481 -0.227196 0.488404 -0.147171 -0.988962 0.017166
1.480825 -0.227828 0.503940 -0.145437 -0.989224 0.016857
1.479166 -0.227390 0.515253 -0.145755 -0.989182 0.016548
1.457609 -0.224304 0.515110 -0.144397 -0.989390 0.015997
1.456647 -0.223961 0.526756 -0.144125 -0.989430 0.016001
1.458932 -0.224048 0.540505 -0.144295 -0.989410 0.015739
1.442474 -0.221653 0.542788 -0.140353 -0.989941 0.017846
1.436955 -0.220709 0.551733 -0.140990 -0.989859 0.017362
1.429679 -0.219535 0.559532 -0.142205 -0.989699 0.016523
1.415721 -0.217484 0.562818 -0.142487 -0.989664 0.016235
1.419024 -0.217704 0.577649 -0.142809 -0.989622 0.015929
1.416404 -0.217144 0.588622 -0.143370 -0.989548 0.015510
1.420118 -0.217412 0.604227 -0.143370 -0.989548 0.015510
1.394689 -0.213876 0.598850 -0.143370 -0.989548 0.015510
1.394965 -0.213696 0.612046 -0.143370 -0.989548 0.015510
1.387937 -0.212567 0.619880 -0.142720 -0.989637 0.015812
1.386326 -0.212141 0.631914 -0.142720 -0.989637 0.015812
1.373658 -0.210284 0.635298 -0.142720 -0.989637 0.015812
1.388014 -0.211920 0.660471 0.790723 0.529008 0.308070
1.379744 -0.210632 0.667559 0.790723 0.529008 0.308070
1.363830 -0.208364 0.668098 0.790723 0.529008 0.308070
1.369040 -0.208812 0.686640 0.803554 0.507657 0.310782
1.373948 -0.209215 0.705362 0.680651 0.707439 0.190377
1.365267 -0.207880 0.712234 0.736446 0.647756 0.195087
1.361646 -0.207191 0.723729 0.774486 0.605761 0.182278
1.368008 -0.207770 0.744792 0.903060 0.428774 -0.025191
1.416319 -0.213659 0.806843 0.626025 -0.413753 -0.660985
1.523048 -0.226900 0.928673 -0.542839 0.612653 0.574440
1.825451 -0.264750 1.251950 0.104891 -0.987119 -0.120804
1.826466 -0.264493 1.279159 0.106113 -0.989540 -0.097728
1.833928 -0.265040 1.313730 0.152459 -0.987567 -0.038307
1.819036 -0.262780 1.325299 0.114736 -0.993253 0.016874
1.817495 -0.262191 1.351397 0.239725 -0.969801 0.044925
1.817539 -0.261795 1.379831 0.256752 -0.963447 0.076472
1.823700 -0.262153 1.415901 -0.236056 0.969821 -0.061036
1.824048 -0.261782 1.446199 0.417060 0.908663 0.019804
1.814917 -0.260234 1.465975 0.489843 0.870879 0.040296
1.799171 -0.257871 1.478018 -0.261449 0.959534 -0.104594
1.794572 -0.256882 1.503858 0.229481 0.971052 0.066303
1.800686 -0.257201 1.543850 0.554275 0.826762 0.096148
1.801832 -0.256902 1.578605 0.623765 0.778533 0.069303
1.796976 -0.255865 1.606388 0.633535 0.772632 0.040909
1.755497 -0.250379 1.585320 0.155107 0.984320 0.083994
1.765459 -0.251140 1.633862 -0.449921 -0.892951 -0.014479
1.807389 -0.255739 1.729194 0.610206 0.792163 0.011250
1.797493 -0.254069 1.753392 0.594640 0.803821 0.016586
1.782192 -0.251749 1.770130 -0.563558 -0.826073 -0.002190
1.772732 -0.250130 1.795888 0.511474 0.858645 -0.033520
1.772625 -0.249621 1.836718 0.372005 0.924560 -0.082472
1.776064 -0.249522 1.884484 0.300509 0.943128 -0.142136
1.767097 -0.247944 1.913837 0.237981 0.962409 -0.130900
1.761775 -0.246790 1.950040 -0.196469 -0.970974 0.136413
1.761910 -0.246269 1.996655 0.135006 0.990843 0.002009
1.762698 -0.245810 2.046075 -0.161864 -0.985648 0.047940
1.756229 -0.244494 2.084408 -0.092246 -0.970910 0.220961
1.724614 -0.240259 2.078170 0.128367 0.976588 -0.172618
1.698435 -0.236668 2.081179 0.106330 0.986664 -0.123241
1.668161 -0.232617 2.075893 0.126507 0.980170 -0.152523
1.642189 -0.229074 2.078209 -0.126198 -0.975849 0.178304
1.612741 -0.225147 2.073043 -0.156425 -0.980207 0.121352
1.587852 -0.221751 2.076479 -0.124510 -0.983132 0.133973
1.561730 -0.218226 2.076904 -0.108863 -0.990658 0.082134
1.537367 -0.214911 2.080639 -0.071985 -0.987919 0.137240
1.513843 -0.211698 2.085912 0.115766 0.953033 -0.279869
1.489520 -0.208406 2.089080 -0.153187 -0.940971 0.301839
1.467551 -0.205383 2.097490 -0.135895 -0.948007 0.287776
1.445127 -0.202318 2.104739 -0.190520 -0.959748 0.206364
1.421544 -0.199134 2.108954 0.127259 0.963054 -0.237344
1.394746 -0.195613 2.104504 0.098682 0.968499 -0.228628
1.369871 -0.192312 2.104404 -0.120598 -0.904749 0.408516
1.345084 -0.189033 2.104008 0.136286 0.901918 -0.409842
1.319076 -0.185636 2.099543 0.126975 0.978846 -0.160428
1.296110 -0.182571 2.103285 0.109086 0.968350 -0.224497
1.272528 -0.179452 2.104870 0.144118 0.972390 -0.183541
1.248091 -0.176255 2.103326 0.170372 0.971623 -0.164081
1.225784 -0.173286 2.108194 0.161153 0.958926 -0.233433
1.201771 -0.170154 2.107061 0.149608 0.968372 -0.199684
1.177580 -0.167017 2.104689 0.165061 0.984161 -0.064670
1.155579 -0.164106 2.109761 0.106496 0.960610 -0.256686
1.132039 -0.161054 2.108788 0.169586 0.971282 -0.166891
1.111211 -0.158271 2.118227 -0.163815 -0.957215 0.238544
1.086580 -0.155137 2.111885 0.154253 0.972177 0.176287
1.064544 -0.152256 2.115985 0.219406 0.974962 -0.036184
1.042685 -0.149399 2.120829 0.159639 0.945578 -0.283545
1.021372 -0.146595 2.128381 0.056589 0.943863 -0.325455
0.999385 -0.143738 2.132768 0.304715 0.940730 -0.148915
0.976817 -0.140839 2.133971 -0.039096 0.993342 -0.108370
0.954604 -0.137979 2.136902 -0.084346 -0.985970 0.144048
0.931108 -0.135028 2.131697 0.235858 0.966934 -0.097001
0.887579 -0.129416 2.142295 -0.098245 -0.989507 -0.105940
0.866083 -0.126632 2.150229 0.019192 -0.987112 -0.158878
0.843986 -0.123813 2.153969 0.052601 0.980172 0.191038
0.821628 -0.120986 2.155489 0.036880 0.990443 0.132900
0.799648 -0.118183 2.160753 0.064611 0.979980 0.188321
0.776897 -0.115355 2.157817 0.005613 0.989215 0.146366
0.754079 -0.112543 2.152643 0.071125 0.967693 0.241892
0.731841 -0.109758 2.154209 0.051898 0.972969 0.225027
0.709533 -0.106980 2.154541 0.106712 0.969465 0.220796
0.687320 -0.104206 2.156636 0.119205 0.980001 0.159335
0.665177 -0.101427 2.161495 0.126276 0.976710 0.173468
0.642754 -0.098683 2.158123 0.137435 0.964151 0.226990
0.620460 -0.095934 2.158514 0.117686 0.960526 0.252071
0.598187 -0.093124 2.167670 0.103190 0.958484 0.265818
0.575864 -0.090458 2.158591 0.100428 0.964333 0.244900
0.553529 -0.087714 2.160277 0.134094 0.969438 0.205446
0.531271 -0.085018 2.157728 0.115206 0.983481 0.139619
0.508983 -0.082311 2.156944 -0.104420 -0.992627 -0.061548
0.486554 -0.079573 2.158920 0.098106 0.994171 0.044723
0.464313 -0.076897 2.156666 0.138404 0.988826 0.055383
0.442107 -0.074234 2.154179 0.106069 0.994050 0.024789
0.419936 -0.071583 2.151458 0.105269 0.994234 0.020405
0.396806 -0.068740 2.159457 0.102652 0.994173 0.032898
0.374501 -0.066082 2.157255 0.100368 0.993829 0.047214
0.352218 -0.063436 2.154818 0.108333 0.992061 0.063861
0.329596 -0.060734 2.155123 0.116229 0.991645 0.055960
0.307337 -0.058108 2.152213 0.099633 0.990331 0.096531
0.284111 -0.055319 2.155995 0.098549 0.989550 0.105261
0.263216 -0.052944 2.143714 -0.119244 -0.984413 -0.129277
0.240587 -0.050275 2.143064 0.120882 0.984776 0.124915
0.218454 -0.047698 2.139216 0.107546 0.986038 0.127133
0.196544 -0.045163 2.134153 0.067862 0.989764 0.125547
0.174697 -0.042644 2.128862 -0.076634 -0.989239 -0.124635
0.150471 -0.039757 2.135084 0.099386 0.990815 0.091700
0.128635 -0.037256 2.129311 -0.088766 -0.989291 -0.115859
0.106198 -0.034669 2.126233 -0.096324 -0.989977 -0.103284
0.083773 -0.032092 2.122913 -0.111188 -0.989481 -0.092550
0.060140 -0.029342 2.124198 -0.114100 -0.989533 -0.088346
0.037696 -0.026780 2.120383 -0.115396 -0.989260 -0.089717
0.012892 -0.023877 2.124999 -0.101532 -0.989917 -0.098769
-0.010971 -0.021127 2.125478 -0.119961 -0.989544 -0.080077
-0.037185 -0.018046 2.133349 0.113700 0.990919 0.071776
-0.061275 -0.015287 2.133258 0.119472 0.991526 0.051017
-0.083607 -0.012790 2.127182 0.122914 0.989293 0.078682
-0.109027 -0.009862 2.130352 0.117836 0.990790 0.066712
-0.137180 -0.006562 2.140776 0.105640 0.991114 0.080830
-0.158617 -0.004219 2.131065 0.117147 0.989769 0.081453
-0.184400 -0.001277 2.133329 0.109840 0.988277 0.106038
-0.206780 0.001183 2.125939 0.104242 0.989738 0.097740
-0.230182 0.003775 2.121101 0.098301 0.991503 0.085200
-0.254317 0.006460 2.117855 0.110128 0.991307 0.071983
-0.277711 0.009034 2.112485 0.107031 0.993360 0.042206
-0.301871 0.011704 2.108690 0.106417 0.993538 0.039479
-0.324443 0.014150 2.100959 0.103992 0.993935 0.035748
-0.350240 0.017022 2.100262 0.109109 0.992967 0.045960
-0.377386 0.020062 2.101966 0.110171 0.992269 0.057134
-0.404671 0.023108 2.103326 0.093808 0.993231 0.068497
-0.433848 0.026391 2.107924 0.110942 0.989979 0.087365
-0.462782 0.029629 2.111244 0.103051 0.992162 0.070675
-0.487321 0.032276 2.105312 0.111192 0.992808 0.044376
-0.516055 0.035462 2.107032 0.092806 0.995237 0.029851
-0.540184 0.038036 2.099602 0.115008 0.992982 0.027559
-0.563795 0.040535 2.091022 0.095522 0.990888 0.094955
-0.589329 0.043275 2.085641 0.098542 0.994465 0.036446
-0.613873 0.045877 2.078226 0.101281 0.992896 0.062453
-0.640954 0.048796 2.074802 0.107689 0.991188 0.077127
-0.674871 0.052577 2.082095 -0.104983 -0.993578 -0.042216
-0.707485 0.056175 2.086362 0.117342 0.992023 0.046058
-0.737633 0.059446 2.085967 0.089592 0.995054 0.042897
-0.762990 0.062098 2.077658 0.123946 0.991440 0.041048
-0.789432 0.064878 2.070699 0.094419 0.994185 0.051783
-0.822091 0.068429 2.072452 0.092306 0.993537 0.066066
-0.862963 0.072994 2.085169 0.126638 0.990153 0.059661
-0.898437 0.076865 2.089147 0.109008 0.993625 0.028768
-0.935924 0.080970 2.095014 0.103674 0.994584 0.007376
-0.991117 0.086682 2.078145 0.126547 0.990515 -0.053526
-1.016859 0.089294 2.066825 0.094407 0.995321 0.020566
-1.315427 0.116561 1.749681 0.381052 0.918533 -0.105339
-1.294029 0.113500 1.694346 0.158795 0.924756 0.345848
-1.307714 0.114591 1.671096 -0.158094 -0.921644 -0.354370
-1.310522 0.114401 1.638685 -0.067858 -0.950266 -0.303957
-1.296057 0.112190 1.592341 0.090253 0.980605 0.173977
-1.312434 0.113601 1.572352 0.061537 0.989178 0.133193
-1.312282 0.113078 1.539113 0.060145 0.997721 0.030591
-1.313216 0.112688 1.507281 0.051885 0.996772 -0.061264
-1.316858 0.112617 1.478024 -0.003977 -0.999647 0.026279
-1.331249 0.113795 1.457226 0.019408 -0.998377 0.053547
-1.328565 0.112996 1.423908 0.068177 -0.997497 0.018747
-1.330251 0.112707 1.394293 0.046209 -0.998641 0.024081
-1.339679 0.113314 1.370524 0.138828 -0.990073 -0.021951
-1.348823 0.113887 1.346708 -0.746107 0.657651 0.104023
-1.351074 0.113670 1.318410 -0.599872 0.799543 -0.029739
-1.364598 0.114747 1.297862 0.806010 -0.590400 -0.042133
-1.373720 0.115319 1.274484 0.776594 -0.625820 -0.072462
-1.353897 0.112591 1.233080 0.978113 -0.199053 -0.060608
-1.348709 0.111541 1.201592 0.978700 -0.200042 -0.046155
-1.345643 0.110739 1.171881 0.991426 -0.107071 -0.074899
-1.351627 0.110967 1.147888 0.989910 -0.140978 -0.014238
-1.355595 0.110968 1.122912 0.999842 0.000101 0.017778
-1.370564 0.112212 1.104265 0.997583 -0.047152 -0.051035
-1.388857 0.113828 1.087323 0.637703 -0.725609 -0.258509
-1.390299 0.113545 1.061277 0.985387 -0.145613 -0.088365
-1.393186 0.113428 1.036231 0.866286 -0.475016 -0.154626
-1.395770 0.113278 1.011242 0.699499 -0.703303 -0.126751
-1.397157 0.112998 0.985874 0.953541 -0.280459 -0.110010
-1.398236 0.112686 0.960588 0.971909 -0.235055 -0.011925
-1.392688 0.111639 0.932460 0.958502 0.253020 -0.131360
-1.392215 0.111162 0.907006 0.952329 0.275035 -0.132003
-1.391432 0.110654 0.881665 0.976612 0.184321 -0.110698
-1.393086 0.110419 0.857608 0.979177 0.162964 -0.121057
-1.396295 0.110358 0.834372 0.992903 0.056394 -0.104703
-1.396469 0.109965 0.810052 0.987874 0.059889 -0.143244
-1.404700 0.110461 0.789064 0.975461 0.147803 -0.163185
-1.412713 0.110933 0.767990 0.985164 -0.001186 -0.171613
-1.420505 0.111381 0.746834 0.964249 -0.125415 -0.233441
-1.417758 0.110675 0.721957 0.949293 -0.176324 -0.260295
-1.434486 0.112101 0.703962 0.970291 -0.122101 -0.208872
-1.440666 0.112373 0.682270 0.900882 -0.360609 -0.241603
-1.438085 0.111692 0.657814 0.838080 -0.512725 -0.186371
-1.444729 0.112017 0.636399 0.796207 -0.584062 -0.157881
-1.448287 0.112008 0.614072 0.686078 -0.696596 -0.209885
-1.448733 0.111664 0.590927 -0.530162 0.831944 0.163701
-1.453720 0.111814 0.569144 -0.582030 0.807881 0.092572
-1.458477 0.111939 0.547320 -0.511269 0.852489 0.108931
-1.463005 0.112042 0.525457 -0.309764 0.943535 0.117422
-1.457626 0.111080 0.501254 0.098569 0.995101 0.007554
-1.460699 0.111031 0.479204 0.234200 0.971700 -0.030805
-1.460620 0.110645 0.456514 0.231270 0.972499 -0.027555
-1.461269 0.110341 0.434077 0.223394 0.974351 -0.027120
-1.462652 0.110117 0.411865 0.218958 0.975494 -0.021639
-1.466733 0.110183 0.390210 0.216247 0.976155 -0.018964
-1.462747 0.109393 0.367161 0.212695 0.976989 -0.015925
-1.461452 0.108893 0.344714 0.212599 0.976989 -0.017140
-1.451065 0.107432 0.321000 0.209192 0.977730 -0.016834
-1.453214 0.107305 0.299335 -0.208953 -0.977756 0.018235
-1.456122 0.107260 0.277787 0.205099 0.978614 -0.015770
-1.456830 0.106985 0.255975 0.203124 0.978997 -0.017479
-1.458297 0.106792 0.234286 0.202411 0.979128 -0.018370
-1.463496 0.106995 0.212978 0.202411 0.979128 -0.018370
-1.460549 0.106343 0.190899 -0.339802 -0.938433 0.062278
-1.459352 0.105879 0.169055 0.416102 0.903388 -0.103679
-1.464871 0.106121 0.147712 -0.449171 -0.884192 0.128253
-1.469177 0.106238 0.126216 -0.449171 -0.884192 0.128253
-1.469286 0.105918 0.104469 0.474514 0.872280 -0.118170
-1.474138 0.106096 0.082901 0.474514 0.872280 -0.118170
-1.485727 0.106976 0.061404 0.537055 0.825507 -0.173523
1.807902 -0.282771 0.045765 0.161812 0.986725 0.013812
1.786860 -0.279520 0.053312 0.148449 0.988813 0.014558
1.789461 -0.279751 0.061677 0.148449 0.988813 0.014558
1.784075 -0.278808 0.069596 -0.149170 -0.988720 -0.013461
1.801306 -0.281180 0.079094 -0.140654 -0.990033 -0.007204
1.779971 -0.277900 0.085691 -0.144341 -0.989461 -0.011551
1.759572 -0.274765 0.091938 -0.142963 -0.989683 -0.009444
1.757827 -0.274359 0.099749 -0.141106 -0.989979 -0.005489
1.768780 -0.275804 0.109026 -0.137298 -0.990526 0.002829
1.761952 -0.274655 0.116285 -0.129281 -0.991602 0.003494
1.735447 -0.270649 0.120691 -0.135940 -0.990715 0.002007
1.751032 -0.272761 0.130834 -0.129154 -0.991573 0.010097
1.725432 -0.268897 0.134743 -0.133012 -0.991092 0.006653
1.746672 -0.271821 0.146131 -0.122364 -0.992372 0.014966
1.736584 -0.270208 0.152311 -0.125228 -0.992036 0.013512
1.726449 -0.268592 0.158291 -0.128114 -0.991586 0.018569
1.742466 -0.270747 0.169409 -0.127732 -0.991661 0.017089
1.756394 -0.272593 0.180465 0.121838 0.992417 -0.016249
1.752785 -0.271914 0.187903 -0.127683 -0.991683 0.016197
1.764522 -0.273436 0.198936 -0.129248 -0.991508 0.014355
1.757847 -0.272315 0.205702 -0.126444 -0.991842 0.016172
1.766455 -0.273381 0.216326 -0.130716 -0.991320 0.014049
1.754844 -0.271556 0.221715 -0.129572 -0.991453 0.015231
1.750833 -0.270819 0.229031 -0.131685 -0.991152 0.016604
1.761962 -0.272237 0.240749 -0.134074 -0.990865 0.014535
1.757765 -0.271471 0.248099 -0.136093 -0.990586 0.014744
1.754442 -0.270830 0.255683 -0.136464 -0.990543 0.014254
1.751044 -0.270178 0.263222 -0.136464 -0.990543 0.014254
1.635617 -0.244787 0.734267 0.909021 0.069673 0.410886
1.634897 -0.243741 0.796516 -0.183392 -0.982952 -0.013107
1.620668 -0.241710 0.795220 -0.159251 -0.987160 0.012419
1.625393 -0.242053 0.818199 -0.159483 -0.987135 0.011400
1.615904 -0.240619 0.823044 -0.176509 -0.984273 0.007125
1.612891 -0.239991 0.836604 -0.160685 -0.986029 -0.043904
1.596241 -0.237675 0.831584 -0.221044 -0.970909 -0.092066
1.601042 -0.238010 0.856457 -0.169115 -0.971223 -0.167709
1.595189 -0.237029 0.866739 -0.129218 -0.983540 -0.126301
1.605375 -0.238008 0.900968 0.027698 0.972726 0.230298
1.584685 -0.235212 0.889700 -0.067754 -0.957872 -0.279087
1.552393 -0.231023 0.859646 -0.382966 0.909581 0.161246
1.580398 -0.234142 0.923555 0.653862 -0.516219 -0.553157
1.573109 -0.232981 0.932908 -0.484348 0.666438 0.566804
1.757133 -0.254737 1.260335 0.179677 -0.968470 -0.172577
1.758919 -0.254559 1.293089 0.141836 -0.976267 -0.163660
1.776997 -0.256304 1.355452 0.160949 -0.982685 0.091790
1.784105 -0.256721 1.400907 0.159880 -0.984052 0.077978
1.783649 -0.256229 1.434387 0.117556 -0.992431 0.035506
1.774127 -0.254663 1.452145 -0.148751 0.988107 -0.038948
1.750964 -0.251508 1.444159 0.073117 -0.996252 0.046214
1.757387 -0.251793 1.493748 -0.065136 0.994389 -0.083353
1.758880 -0.251488 1.535562 0.138124 -0.981780 0.130497
1.750066 -0.249984 1.557760 -0.077725 0.992709 -0.092127
1.729439 -0.247131 1.555510 -0.075056 0.992469 -0.096804
1.732538 -0.246973 1.604811 -0.004842 0.999922 -0.011507
1.739545 -0.247230 1.665300 0.166573 0.986025 0.002936
1.726805 -0.245253 1.682976 0.054262 0.998296 -0.021480
1.715704 -0.243455 1.705170 -0.057281 -0.998149 -0.020407
1.721891 -0.243554 1.770817 0.221670 0.974776 -0.025967
1.711037 -0.241757 1.796798 0.204217 0.978892 -0.008117
1.697936 -0.239709 1.818071 0.166870 0.985958 0.006398
1.699391 -0.239217 1.879557 -0.288855 -0.957197 0.018367
1.691885 -0.237739 1.919625 -0.145022 -0.988979 0.029803
1.685586 -0.236370 1.965399 -0.134462 -0.990491 0.029131
1.679046 -0.234951 2.013138 0.149544 0.987737 0.044861
1.668199 -0.233063 2.050486 0.105908 0.994284 -0.013511
1.669165 -0.232360 2.127891 0.080538 0.961305 -0.263449
1.645835 -0.229164 2.129912 0.078648 0.965894 -0.246707
1.620865 -0.225815 2.125911 0.094186 0.971446 -0.217763
1.598996 -0.222785 2.132208 0.101572 0.966333 -0.236396
1.577062 -0.219755 2.138273 0.166204 0.957504 -0.235715
1.550846 -0.216328 2.127643 -0.130291 -0.970174 0.204419
1.528007 -0.213235 2.129316 0.156948 0.962851 -0.219738
1.506331 -0.210257 2.135606 0.096252 0.963413 -0.250144
1.483055 -0.207143 2.134838 0.097601 0.978831 -0.179901
1.459224 -0.203994 2.130877 0.104165 0.990970 -0.084423
1.436909 -0.200987 2.133506 0.121189 0.991601 -0.045168
1.414962 -0.198019 2.137860 0.157255 0.987552 -0.003562
1.393147 -0.195067 2.142966 -0.120579 -0.992196 0.031737
1.371102 -0.192104 2.146857 -0.151296 -0.964451 0.216666
1.348860 -0.189133 2.149528 -0.137104 -0.963977 0.227929
1.326746 -0.186179 2.152951 0.114806 0.969278 -0.217531
1.304870 -0.183245 2.158121 0.132896 0.957103 -0.257472
1.282416 -0.180283 2.159096 0.100195 0.961687 -0.255186
1.260204 -0.177342 2.161817 -0.113793 -0.956509 0.268590
1.236910 -0.174365 2.154359 0.094853 0.972327 -0.213502
1.214937 -0.171454 2.158591 -0.119303 -0.964113 0.237177
1.192984 -0.168546 2.163590 -0.141556 -0.962641 0.230832
1.170354 -0.165634 2.160380 0.082807 0.976562 -0.198670
1.148129 -0.162737 2.161919 0.152205 0.971617 -0.181090
1.125888 -0.159846 2.163223 0.181059 0.968325 -0.171945
1.103590 -0.156967 2.163292 0.192583 0.972912 -0.127885
1.081368 -0.154087 2.165125 0.166869 0.967577 -0.189602
1.059048 -0.151232 2.163725 -0.184093 -0.971315 0.150525
1.036801 -0.148367 2.165088 0.125404 0.985440 -0.114813
1.014532 -0.145489 2.168217 0.128245 0.986835 -0.098539
0.992226 -0.142644 2.168111 0.118089 0.992992 -0.004637
0.969960 -0.139832 2.165769 0.110682 0.987218 -0.114673
0.947679 -0.137008 2.165193 0.059643 0.998103 -0.015269
0.925405 -0.134193 2.164382 0.059180 0.997587 0.036311
0.903139 -0.131389 2.163335 -0.019514 -0.992708 -0.118951
0.880885 -0.128595 2.162054 -0.039086 -0.974766 -0.219779
0.858572 -0.125793 2.161535 0.087126 0.977623 0.191474
0.836336 -0.123020 2.159784 0.158575 0.961579 0.224099
0.814119 -0.120257 2.157799 0.085416 0.977274 0.194010
0.791820 -0.117484 2.156573 0.088482 0.980796 0.173812
0.769861 -0.114791 2.152132 0.080038 0.969223 0.232811
0.747600 -0.112040 2.150438 0.134685 0.969216 0.206109
0.724816 -0.109195 2.152471 0.078412 0.978459 0.190970
0.702102 -0.106378 2.153267 0.079929 0.974142 0.211326
0.680567 -0.103792 2.145915 -0.081289 -0.985203 -0.150886
0.657839 -0.100990 2.146232 0.141084 0.962372 0.232240
0.636111 -0.098379 2.140396 0.160362 0.961506 0.223135
0.614280 -0.095754 2.135318 -0.129504 -0.978142 -0.162688
0.591346 -0.092945 2.135894 0.077923 0.972486 0.219540
0.569583 -0.090346 2.130349 -0.060473 -0.988192 -0.140781
0.547673 -0.087729 2.125552 -0.112046 -0.992033 -0.057582
0.523339 -0.084717 2.131236 0.096345 0.985864 0.137079
0.501185 -0.082078 2.126923 0.019904 0.984354 0.175073
0.479556 -0.079531 2.120437 0.122874 0.843370 0.523095
0.456473 -0.076758 2.119522 0.144721 0.911898 0.384056
0.434942 -0.074241 2.112571 0.083094 0.941058 0.327880
0.409640 -0.071139 2.118841 0.189934 0.971307 0.143136
0.385855 -0.068289 2.119062 0.167704 0.957534 0.234528
0.361407 -0.065348 2.120919 0.152605 0.977554 0.145260
0.336547 -0.062358 2.123441 0.145783 0.986073 0.080041
0.310932 -0.059267 2.127563 0.139348 0.984714 0.104502
0.288728 -0.056705 2.120985 -0.116980 -0.988166 -0.099216
0.264576 -0.053858 2.119816 -0.141417 -0.981906 -0.125948
0.236236 -0.050401 2.129618 0.125316 0.986939 0.101229
0.213983 -0.047861 2.122241 -0.106177 -0.986845 -0.121916
0.191069 -0.045230 2.116487 0.098280 0.988592 0.114134
0.168559 -0.042667 2.109554 0.114690 0.987640 0.106835
0.141124 -0.039399 2.114364 0.124062 0.983804 0.129377
0.118991 -0.036909 2.105971 -0.109904 -0.991455 -0.070272
0.095730 -0.034265 2.100082 -0.109851 -0.993351 -0.034438
0.066731 -0.030812 2.106664 0.116772 0.989638 0.083551
0.046335 -0.028596 2.093854 0.113618 0.993520 -0.002977
0.018352 -0.025314 2.097054 -0.117954 -0.992675 -0.026122
-0.007604 -0.022331 2.095411 -0.113076 -0.993140 -0.029789
-0.035881 -0.019035 2.097903 -0.112537 -0.992607 -0.045458
-0.065698 -0.015541 2.102685 0.116900 0.990996 0.065273
-0.092457 -0.012485 2.100893 0.107801 0.991834 0.068151
-0.117867 -0.009629 2.096135 0.113058 0.992489 0.046728
-0.142329 -0.006913 2.089326 -0.106017 -0.994135 -0.021372
-0.167764 -0.004073 2.083961 0.096405 0.995339 -0.002523
-0.190696 -0.001585 2.073981 0.112097 0.993146 -0.033089
-0.214062 0.000955 2.064599 -0.119672 -0.990840 0.062561
-0.241019 0.003972 2.060903 0.115829 0.991508 -0.059119
-0.273868 0.007771 2.066152 0.111889 0.993144 -0.033838
-0.304808 0.011297 2.067576 -0.092333 -0.995438 0.024024
-0.334822 0.014683 2.066903 -0.116584 -0.992882 0.024346
-0.364411 0.017999 2.064993 -0.099404 -0.994845 0.020048
-0.388457 0.020565 2.054468 0.096563 0.995100 -0.021229
-0.421614 0.024329 2.056709 -0.133095 -0.991082 0.006489
-0.450315 0.027489 2.051996 -0.132273 -0.990899 0.024956
-0.491477 0.032275 2.063770 -0.107072 -0.993870 -0.027531
-0.524061 0.035914 2.062941 -0.096889 -0.995248 -0.009661
-0.562864 0.040351 2.069554 0.107375 0.991181 0.077657
-0.589666 0.043204 2.059888 -0.133374 -0.990187 -0.041734
-0.614570 0.045800 2.047549 -0.108471 -0.992882 -0.049184
-0.647603 0.049441 2.044931 0.154509 0.986424 0.055626
-0.669888 0.051678 2.028845 -0.092494 -0.995460 -0.022470
-0.706267 0.055724 2.029178 -0.124531 -0.991671 -0.032883
-1.329781 0.123377 1.974739 0.100844 0.992047 0.075319
-1.378561 0.128670 1.973256 0.049523 0.993010 0.107140
-1.426788 0.133873 1.970337 0.112722 0.993232 -0.027986
-1.468163 0.138217 1.961092 0.088808 0.995693 -0.026618
-1.515142 0.143227 1.955424 0.105339 0.992190 -0.066797
-1.571036 0.149305 1.955544 0.097171 0.993272 -0.063002
-1.618378 0.154317 1.948223 0.102976 0.985687 -0.133480
-1.670703 0.159914 1.943596 0.102368 0.984985 -0.139018
-1.722405 0.165413 1.937504 0.121869 0.979408 -0.160957
-1.781657 0.171802 1.935597 0.159290 0.976203 -0.147155
-1.837863 0.177799 1.930434 0.123822 0.982015 -0.142531
-1.895098 0.183894 1.924839 0.145911 0.985189 -0.090074
-1.956716 0.190491 1.920930 0.121041 0.991862 -0.039493
-2.020257 0.197292 1.916985 0.086129 0.995536 -0.038594
-2.077248 0.203284 1.907757 0.068356 0.995627 -0.063671
-2.142066 0.210184 1.902123 0.076217 0.992154 -0.099108
-2.208822 0.217288 1.896330 0.090497 0.988673 -0.119732
-2.283584 0.225312 1.893760 0.103163 0.990380 -0.092222
-2.349944 0.232311 1.884993 0.103028 0.991374 -0.081009
-2.415606 0.239200 1.874558 -0.100841 -0.991782 0.078736
-2.496372 0.247841 1.870833 0.079930 0.991576 -0.101924
-2.566819 0.255236 1.860149 0.115582 0.986882 -0.112719
-2.655210 0.264706 1.857093 0.162821 0.981455 -0.101166
-2.743031 0.274073 1.851937 -0.181400 -0.979124 0.091705
-2.838330 0.284276 1.848543 -0.110541 -0.988446 0.103704
-2.939382 0.295110 1.845843 -0.109893 -0.982680 0.149209
-3.048958 0.306893 1.844880 0.110706 0.969475 -0.218777
-3.141629 0.316668 1.834243 0.116502 0.967935 -0.222551
-3.249165 0.328127 1.828066 0.110765 0.970441 -0.214418
-3.463670 0.351907 1.863757 0.143468 0.971130 -0.190587
-3.591661 0.365612 1.860059 -0.176952 -0.977280 0.116667
-3.725621 0.379952 1.856019 0.144415 0.983475 -0.109184
-3.887919 0.397492 1.859842 0.064810 0.992974 -0.099004
-4.130233 0.424139 1.889316 0.052092 0.990835 -0.124628
-4.177658 0.428380 1.844946 -0.094672 -0.987190 0.128427
-4.352742 0.447187 1.843293 0.128715 0.988555 -0.078680
-4.536852 0.466951 1.840939 0.093669 0.995532 -0.011948
-4.730970 0.487778 1.837903 0.071931 0.997366 -0.009283
-4.912308 0.507075 1.826912 0.058306 0.998262 -0.008618
-5.030125 0.519103 1.793538 0.046320 0.998872 -0.010463
-5.032121 0.517990 1.725218 0.047185 0.998870 -0.005619
-5.049671 0.518640 1.661471 0.050350 0.998726 -0.003248
-5.050198 0.517374 1.593299 0.048446 0.998804 -0.006614
-5.050936 0.516140 1.525539 0.040460 0.999114 -0.011581
-5.050930 0.514831 1.457939 0.038370 0.999213 -0.010072
-5.055030 0.513990 1.391604 0.037502 0.999265 -0.007950
-5.048695 0.511989 1.323253 -0.023787 -0.999650 0.011593
-5.047448 0.510566 1.256382 -0.022648 -0.999722 0.006569
-4.978126 0.501572 1.176680 -0.021875 -0.999560 0.020050
-4.999745 0.502723 1.115325 -0.025066 -0.999528 0.017785
-5.010944 0.502717 1.051966 -0.024237 -0.999606 0.014152
-5.024427 0.502967 0.988967 -0.023575 -0.999610 0.014987
-5.022511 0.501519 0.923591 -0.023718 -0.999614 0.014467
-5.035650 0.501739 0.860555 -0.031933 -0.999239 0.022407
-5.021516 0.498959 0.793929 -0.034831 -0.998945 0.029943
-5.000734 0.495462 0.727000 -0.040133 -0.998642 0.033226
-5.022715 0.496673 0.665245 -0.047000 -0.998366 0.032504
-5.030214 0.496297 0.601774 -0.051402 -0.998034 0.035858
-5.029128 0.494987 0.537540 -0.069978 -0.997209 0.026042
-4.895519 0.479224 0.463502 -0.081614 -0.996120 0.032921
-4.890009 0.477475 0.400650 -0.113334 -0.993474 0.012852
-4.891781 0.476528 0.338394 -0.083584 -0.996177 0.025399
-4.843241 0.470127 0.273993 -0.065425 -0.997443 0.028747
-4.793015 0.463569 0.210619 -0.058968 -0.997815 0.029786
-4.761001 0.459008 0.148753 -0.056232 -0.998032 0.027744
-4.758161 0.457617 0.087935 -0.056232 -0.998032 0.027744
-4.886920 0.470421 0.027350 -0.058968 -0.997815 0.029786
-4.893746 0.470063 -0.034803 -0.059687 -0.997808 0.028573
-4.884017 0.467933 -0.096781 -0.056232 -0.998032 0.027744
1.778828 -0.276416 -0.018064 -0.164268 -0.986131 -0.023691
1.823258 -0.282651 -0.004358 0.160304 0.987021 0.009600
1.887324 -0.291706 0.010801 0.156200 0.987724 -0.001951
1.897800 -0.293009 0.025365 0.154954 0.987910 -0.004790
1.890324 -0.291721 0.039314 0.154954 0.987910 -0.004790
1.868872 -0.288422 0.052312 0.151477 0.988454 -0.003592
1.855201 -0.286247 0.065402 -0.147735 -0.988978 0.009812
1.886798 -0.290576 0.081797 0.144114 0.989404 -0.017618
1.881715 -0.289632 0.095598 0.144338 0.989372 -0.017622
1.827241 -0.281610 0.104364 0.133854 0.990994 -0.003807
1.877038 -0.288529 0.123566 -0.138138 -0.990272 0.016681
1.800772 -0.277408 0.128525 -0.120452 -0.992487 0.021466
1.789336 -0.275568 0.140466 -0.118374 -0.992798 0.018442
1.815038 -0.279028 0.157517 0.129218 0.991522 -0.013684
1.852265 -0.284119 0.176936 0.132419 0.991157 -0.008556
1.803242 -0.276924 0.182988 -0.130819 -0.991340 0.011498
1.882016 -0.287908 0.210476 0.114537 0.993419 -0.000148
1.914594 -0.292305 0.231111 0.103458 0.994559 -0.012187
1.906078 -0.290864 0.244397 0.099557 0.994959 -0.012025
1.892589 -0.288719 0.256519 0.099557 0.994959 -0.012025
1.929309 -0.293680 0.279433 0.097737 0.995061 -0.017353
1.912608 -0.291079 0.290905 0.099851 0.994747 -0.022539
1.920858 -0.292004 0.308112 0.095202 0.995050 -0.028486
1.931783 -0.293301 0.326256 0.095780 0.994974 -0.029206
1.977925 -0.299549 0.354033 0.133071 0.990589 -0.032034
2.287310 -0.342783 0.455493 0.849407 0.401079 0.342991
2.277524 -0.341097 0.472489 0.864619 0.422152 0.272438
2.281823 -0.341387 0.493581 0.867619 0.442026 0.227706
2.277353 -0.340446 0.512176 0.873018 0.450580 0.186595
2.269857 -0.339081 0.529821 0.896174 0.430151 0.108826
2.264064 -0.337956 0.547993 0.885907 0.448317 0.119084
2.259021 -0.336935 0.566426 0.918959 0.390831 0.052585
2.256586 -0.336278 0.585814 0.924900 0.378229 0.038777
2.255796 -0.335849 0.605899 0.932977 0.359925 0.002706
2.258483 -0.335901 0.627446 0.935089 0.354192 0.012517
2.259987 -0.335786 0.648754 0.947036 0.320258 -0.023629
2.262155 -0.335761 0.670536 0.956955 0.289053 -0.026189
2.263143 -0.335570 0.692055 0.981037 0.192698 -0.020819
2.264784 -0.335466 0.714060 0.989222 0.144854 0.021403
2.275229 -0.336575 0.740192 0.995383 0.091706 0.028346
2.266352 -0.335016 0.757993 0.985401 0.158452 0.062268
2.274374 -0.335784 0.783679 0.989556 0.067319 0.127462
2.269528 -0.334778 0.803598 0.982186 0.180918 0.050794
2.254667 -0.332399 0.818671 0.955403 0.011364 0.295086
2.254735 -0.332068 0.841147 0.425430 -0.821415 0.379851
2.248357 -0.330854 0.860509 -0.409086 0.852781 -0.324674
2.245268 -0.330089 0.881700 -0.312813 0.891086 -0.328806
2.240184 -0.329052 0.901968 -0.242824 0.918824 -0.311126
2.208014 -0.324326 0.907168 -0.387807 0.871795 -0.299297
2.194006 -0.322081 0.922183 -0.413980 0.871430 -0.263117
2.190994 -0.321332 0.943554 0.430164 -0.861558 0.269586
2.184316 -0.320086 0.962912 0.535229 -0.809654 0.240813
2.184179 -0.319725 0.986409 0.532913 -0.812917 0.234881
2.173654 -0.317958 1.003640 -0.522159 0.832714 -0.184220
2.169625 -0.317070 1.025076 -0.424913 0.900066 -0.096594
2.157042 -0.315029 1.041053 0.363281 -0.930130 0.053717
2.159119 -0.314963 1.066908 -0.375261 0.925417 -0.052755
2.154297 -0.313968 1.088394 -0.433080 0.900709 -0.034130
2.157318 -0.314023 1.115641 -0.429067 0.903272 0.001438
2.158339 -0.313807 1.141905 -0.361652 0.932280 0.007868
2.166982 -0.314606 1.174228 0.262298 -0.964929 -0.010535
2.187025 -0.316919 1.215856 -0.185314 0.982012 -0.036200
2.191430 -0.317139 1.246480 0.183508 -0.982639 0.027317
2.196159 -0.317396 1.277946 0.156817 -0.983846 0.086350
2.196542 -0.317073 1.306526 -0.083961 0.986846 -0.138149
2.190371 -0.315877 1.330192 0.210872 -0.976389 0.046887
2.183888 -0.314640 1.353872 0.185140 -0.980786 0.061497
2.189163 -0.314955 1.387943 0.196599 -0.979763 0.037603
2.190170 -0.314703 1.418989 -0.006904 -0.999949 -0.007381
2.197378 -0.315262 1.456191 0.183865 0.982231 0.037620
2.197388 -0.314869 1.487648 0.237952 0.971270 0.003537
2.186021 -0.312982 1.509063 0.266354 0.962093 0.058595
2.177269 -0.311438 1.533153 -0.218831 -0.975476 -0.023664
2.175322 -0.310784 1.564178 0.251912 0.963441 0.091226
2.179962 -0.310985 1.602358 0.249193 0.968447 0.003765
2.176307 -0.310101 1.632993 0.223206 0.974748 0.006801
2.179101 -0.310052 1.670903 0.214616 0.976527 -0.018277
2.168303 -0.308237 1.695279 -0.212961 -0.976850 -0.020307
2.158528 -0.306555 1.721074 0.203093 0.979159 -0.000092
2.161088 -0.306464 1.760892 0.185336 0.981511 -0.047820
2.161675 -0.306114 1.799459 0.169487 0.984032 -0.054357
2.162289 -0.305763 1.838984 0.164824 0.982886 -0.082266
2.151296 -0.303917 1.865800 0.168543 0.984224 -0.053813
2.157118 -0.304224 1.913285 0.181575 0.980950 -0.069048
2.160870 -0.304258 1.959549 -0.125304 -0.990913 0.048890
2.124721 -0.299199 1.956966 0.145158 0.989255 -0.017408
2.094316 -0.294886 1.960916 0.137048 0.988846 -0.058323
2.062188 -0.290365 1.962064 0.164409 0.986305 -0.013085
2.032591 -0.286177 1.965948 0.131912 0.989466 -0.059632
2.003666 -0.282085 1.970230 0.132619 0.988915 -0.066784
1.974235 -0.277940 1.973309 0.144114 0.988040 -0.054854
1.949469 -0.274392 1.982527 -0.145195 -0.988390 0.044767
1.915100 -0.269649 1.977438 0.135247 0.990603 -0.020360
1.882099 -0.265092 1.973505 -0.149829 -0.988383 0.025521
1.850966 -0.260781 1.971601 0.136683 0.988783 -0.060213
1.827534 -0.257441 1.981034 0.129279 0.990742 -0.041450
1.802463 -0.253905 1.987651 0.130526 0.990477 -0.043793
1.779991 -0.250699 1.998220 -0.139150 -0.990111 0.017832
1.756416 -0.247365 2.006818 -0.179938 -0.983576 -0.014188
1.730288 -0.243724 2.010826 -0.147503 -0.988341 -0.037739
1.704701 -0.240160 2.015373 -0.142617 -0.989114 -0.036251
1.676248 -0.236254 2.014363 -0.146231 -0.987384 -0.060745
1.643671 -0.231857 2.005072 0.113337 0.993506 -0.010037
1.619321 -0.228475 2.010335 0.128106 0.991116 0.035747
1.592700 -0.224826 2.010865 0.158568 0.985946 0.052593
1.567079 -0.221309 2.012842 0.151331 0.988430 0.010290
1.543280 -0.218021 2.018093 -0.147678 -0.988105 -0.042890
1.523767 -0.215255 2.032086 -0.185744 -0.982330 -0.022963
1.496949 -0.211622 2.030477 0.125920 0.988749 0.080740
1.473956 -0.208454 2.036727 0.172926 0.981990 -0.076109
1.452137 -0.205434 2.045463 0.148688 0.988796 0.013215
1.426721 -0.201996 2.045689 0.125375 0.991978 -0.016140
1.397971 -0.198176 2.037294 0.089616 0.995156 -0.040409
1.376547 -0.195227 2.046142 0.140642 0.988244 -0.059940
1.351052 -0.191811 2.044519 0.134121 0.990846 -0.015330
1.327792 -0.188665 2.048196 0.128425 0.990554 -0.048053
1.304202 -0.185488 2.050670 0.127004 0.991782 0.015422
1.280311 -0.182287 2.051931 0.102798 0.994181 0.032209
1.255508 -0.178990 2.050078 0.112546 0.991461 0.065865
1.232701 -0.175931 2.053625 0.108354 0.991221 0.075759
1.208078 -0.172675 2.051203 0.112280 0.993645 0.007951
1.184752 -0.169575 2.052313 0.108589 0.993985 0.014222
1.163457 -0.166710 2.059867 0.142429 0.982351 0.121245
1.141527 -0.163781 2.065276 0.177794 0.983894 0.018483
1.118235 -0.160710 2.065629 0.170233 0.985376 0.007452
1.094240 -0.157572 2.062819 0.122048 0.990981 0.055333
1.073040 -0.154746 2.070398 0.162312 0.983853 -0.075423
1.050809 -0.151815 2.073869 0.095104 0.991596 -0.087710
1.028785 -0.148914 2.078075 0.116013 0.984081 -0.134633
1.006941 -0.146038 2.083023 0.157132 0.978406 -0.134284
0.984843 -0.143143 2.086760 0.208994 0.957916 -0.196769
0.963487 -0.140331 2.094187 -0.201154 -0.941425 0.270658
0.940929 -0.137403 2.095495 0.172516 0.952186 -0.252151
0.918905 -0.134536 2.099515 0.144401 0.919376 -0.365917
0.896839 -0.131671 2.103301 0.160684 0.907380 -0.388384
0.874734 -0.128809 2.106855 -0.119247 -0.907433 0.402922
0.852593 -0.125951 2.110175 0.130800 0.859460 -0.494186
0.830417 -0.123096 2.113261 0.129738 0.887290 -0.442588
0.807001 -0.120143 2.106187 -0.130366 -0.991348 -0.015265
0.785973 -0.117399 2.118730 0.308433 0.932019 0.190290
0.763007 -0.114504 2.114148 0.098615 0.956990 0.272845
0.741330 -0.111713 2.122265 0.090436 0.994880 0.045105
0.718315 -0.108838 2.115205 -0.117299 -0.976106 -0.182916
0.696088 -0.106024 2.116874 -0.060172 -0.989935 -0.128091
0.674079 -0.103226 2.122301 -0.074989 -0.975442 -0.207100
0.651538 -0.100414 2.118509 0.181870 0.977370 0.108030
0.629353 -0.097619 2.121472 0.286433 0.951651 0.110976
0.607284 -0.094817 2.130199 0.108091 0.982272 0.153159
0.584765 -0.092047 2.122697 0.026680 0.987969 0.152335
0.562524 -0.089233 2.131956 0.017308 0.983738 0.178772
0.540142 -0.086481 2.126981 0.039433 0.996742 0.070364
0.517795 -0.083716 2.126770 0.115158 0.987099 0.111243
0.495427 -0.080951 2.127323 0.079567 0.989877 0.117531
0.473250 -0.078248 2.121643 0.112667 0.934090 0.338795
0.450959 -0.075514 2.120727 0.127487 0.943188 0.306827
0.428069 -0.072658 2.130558 0.142459 0.989677 0.015637
0.405817 -0.069954 2.127169 -0.136268 -0.990240 -0.029266
0.383394 -0.067222 2.126538 -0.134811 -0.989906 -0.043716
0.361572 -0.064607 2.118697 0.154730 0.978106 0.139169
0.338732 -0.061815 2.122574 0.139276 0.986847 0.082073
0.316541 -0.059145 2.119245 0.139816 0.984207 0.108572
0.294277 -0.056469 2.116677 0.121395 0.982997 0.137771
0.271657 -0.053743 2.116848 0.133143 0.986437 0.095990
0.249418 -0.051086 2.113807 -0.115868 -0.990675 -0.071672
0.227508 -0.048487 2.108553 -0.085839 -0.990610 -0.106416
0.205516 -0.045880 2.104060 -0.083577 -0.994787 -0.058428
0.183242 -0.043237 2.101307 -0.119912 -0.992777 0.003898
0.161345 -0.040658 2.096351 -0.112304 -0.993580 0.013659
0.137996 -0.037870 2.099018 0.110462 0.993859 0.006509
0.114946 -0.035137 2.099466 0.093328 0.995265 0.027174
0.092681 -0.032527 2.095750 -0.091944 -0.995764 0.000964
0.069784 -0.029833 2.094723 0.133348 0.991069 -0.000095
0.048009 -0.027308 2.088582 0.115080 0.993345 -0.004630
0.022945 -0.024325 2.095797 -0.091161 -0.995708 -0.016005
-0.001073 -0.021501 2.097876 0.118244 0.992509 0.030727
-0.025453 -0.018637 2.100644 0.106311 0.993238 0.046640
-0.048870 -0.015917 2.099282 -0.105722 -0.992469 -0.061871
-0.075686 -0.012740 2.109169 0.098913 0.992070 0.077541
-0.097839 -0.010212 2.102466 0.113206 0.991522 0.063783
-0.122024 -0.007415 2.102202 -0.106141 -0.992569 -0.059510
-0.150306 -0.004076 2.114008 -0.110669 -0.991985 -0.060974
-0.173789 -0.001395 2.110305 0.106093 0.993188 0.048193
-0.197601 0.001322 2.107284 -0.099044 -0.994015 -0.046093
-0.222110 0.004123 2.105875 -0.101048 -0.994387 -0.031378
-0.245973 0.006829 2.102309 -0.091989 -0.995005 -0.038759
-0.264462 0.008818 2.084492 -0.104797 -0.994488 0.003350
-0.293362 0.012172 2.093440 -0.102260 -0.994560 -0.019812
-0.316105 0.014706 2.086294 -0.115622 -0.993245 -0.009795
-0.343060 0.017783 2.089024 0.120483 0.992589 0.015832
-0.368974 0.020713 2.088667 0.110009 0.993793 0.016554
-0.396608 0.023855 2.091643 0.109127 0.992465 0.055727
-0.426070 0.027222 2.097897 0.121382 0.988507 0.090108
-0.454063 0.030387 2.100148 0.101659 0.987233 0.122623
-0.483081 0.033672 2.103837 0.088531 0.991316 0.097237
-0.501170 0.035551 2.084798 0.094852 0.994065 0.053280
-0.532140 0.039065 2.091399 0.090971 0.991435 0.093707
-0.551785 0.041129 2.075468 0.109809 0.991797 0.065422
-0.578775 0.044118 2.073426 0.075041 0.994451 0.073728
-0.602474 0.046682 2.064924 0.112330 0.993607 0.011273
-0.632006 0.049971 2.066583 0.093720 0.993478 0.064943
-0.663197 0.053457 2.070440 0.111388 0.992907 0.041563
-0.698666 0.057465 2.080737 0.123921 0.991389 0.042315
-0.722582 0.060017 2.070888 0.107939 0.993402 0.038761
-0.755377 0.063666 2.075178 0.131565 0.990462 0.040926
-0.782515 0.066600 2.069740 0.093322 0.994900 0.038269
-0.813489 0.070000 2.069816 0.122013 0.990239 0.067373
-0.847374 0.073746 2.073621 0.093448 0.991444 0.091138
-0.879804 0.077300 2.074465 0.096926 0.993992 0.050853
-0.909556 0.080513 2.070760 0.092134 0.995722 0.007012
-0.948060 0.084787 2.078850 0.085028 0.996153 -0.021186
-0.981612 0.088440 2.079095 0.133206 0.989513 -0.055857
-1.009384 0.091377 2.070858 0.099907 0.994874 0.015662
-1.034740 0.094012 2.059090 0.137555 0.990334 0.017827
-1.069806 0.097815 2.059620 0.114154 0.993407 0.010533
-1.103818 0.101478 2.058076 0.127581 0.991128 0.037247
-1.139230 0.105298 2.057592 0.077776 0.996808 -0.018035
-1.778033 0.173153 2.024387 0.146956 0.981239 -0.124794
-1.827176 0.178350 2.023834 0.137003 0.978510 -0.154107
-1.871234 0.182939 2.017970 0.115024 0.980751 -0.157787
-1.921571 0.188242 2.016478 0.122122 0.984164 -0.128484
-1.976013 0.194002 2.017278 0.109504 0.987020 -0.117472
-2.028398 0.199506 2.015299 0.122514 0.983301 -0.134571
-2.074719 0.204292 2.007558 0.106732 0.987320 -0.117506
-2.131476 0.210266 2.006885 0.081524 0.988182 -0.129806
-2.182906 0.215607 2.001084 0.103402 0.984110 -0.144347
-2.239344 0.221506 1.997929 0.116992 0.979467 -0.164187
-2.296825 0.227505 1.994382 0.103529 0.981012 -0.164002
-2.359444 0.234072 1.993248 -0.092526 -0.981177 0.169500
-2.417405 0.240087 1.987662 -0.096686 -0.980422 0.171534
-2.485523 0.247240 1.987676 0.071787 0.983662 -0.165095
-2.553127 0.254311 1.985932 0.113362 0.976248 -0.184630
-2.621025 0.261394 1.982982 0.133360 0.976490 -0.169359
-2.679888 0.267430 1.973059 -0.163721 -0.969398 0.182927
-2.681813 0.267008 1.927623 0.154040 0.978977 -0.133701
-2.692577 0.267588 1.887931 -0.184285 -0.977028 0.107033
-2.692521 0.266948 1.842268 0.200208 0.975291 -0.093406
-2.694475 0.266540 1.798282 0.167236 0.983798 -0.064611
-2.694997 0.265975 1.753982 0.178018 0.981983 -0.063387
-2.696709 0.265547 1.710813 0.332006 0.933415 -0.136048
-2.696997 0.264964 1.667345 0.266947 0.954111 -0.135687
-2.706497 0.265415 1.629020 0.288694 0.951875 -0.102908
-2.701286 0.264224 1.583622 0.283948 0.947700 -0.145732
-2.618399 0.254389 1.501377 0.474968 0.867368 -0.148587
-2.292734 0.217593 1.307857 0.216505 0.976199 0.012702
-2.312828 0.219304 1.280759 0.304084 0.952644 0.001720
-2.328122 0.220479 1.251367 0.361734 0.932281 0.000610
-2.292866 0.216059 1.200143 -0.274634 -0.961416 0.015962
-2.306420 0.217047 1.170545 0.402536 0.914987 -0.027622
-2.292941 0.215053 1.129939 0.272811 0.961429 0.035054
-2.286335 0.213823 1.092667 0.247144 0.968584 0.027670
-2.301569 0.215001 1.064181 -0.290327 -0.956882 0.009328
-2.313723 0.215839 1.034462 -0.350334 -0.935135 0.052810
-2.319950 0.216027 1.002596 0.412381 0.908083 -0.072989
-2.319249 0.215457 0.968438 -0.345587 -0.935130 0.078107
-2.312491 0.214230 0.932517 0.278803 0.958486 -0.059777
-2.333699 0.216060 0.906013 0.358344 0.932689 -0.040994
-2.366064 0.219100 0.882715 -0.357714 -0.933806 -0.006872
-2.389683 0.221183 0.856268 0.362870 0.928986 -0.072872
-2.428361 0.224896 0.833831 0.197308 0.975635 -0.095950
-2.662430 0.249785 0.864816 0.062979 0.998008 0.003781
-2.748460 0.258574 0.851391 0.095897 0.995391 -0.000238
-2.751663 0.258387 0.815168 0.127579 0.991820 -0.004165
-2.755440 0.258264 0.779210 0.159332 0.987207 -0.005983
-2.757861 0.257998 0.743041 0.182619 0.983095 -0.013201
-2.765719 0.258321 0.708198 0.202700 0.979020 -0.020810
-2.767373 0.257978 0.672048 0.226698 0.973385 -0.033619
-2.771564 0.257912 0.636528 0.237804 0.970488 -0.040033
-2.776356 0.257912 0.601180 0.254388 0.965978 -0.046627
-2.778818 0.257666 0.565458 0.688048 0.722782 -0.064630
-2.783843 0.257697 0.530244 0.688048 0.722782 -0.064630
-2.806187 0.259579 0.497741 0.688048 0.722782 -0.064630
-1.587113 0.129194 0.285127 0.204769 0.978581 -0.021199
-1.523221 0.122080 0.253652 0.203110 0.978996 -0.017719
-1.460887 0.115153 0.223801 0.202411 0.979128 -0.018370
-1.465364 0.115335 0.202868 0.202411 0.979128 -0.018370
-0.966043 0.062138 0.130483 0.108855 0.993862 -0.019743
-0.754662 0.039555 0.095077 -0.110963 0.250950 0.961619
-0.685469 0.032058 0.075674 -0.202262 0.934906 0.291618
-0.650743 0.028221 0.060181 -0.075868 0.985032 0.154776
-0.696244 0.032849 0.050228 0.166148 0.644250 0.746550
-0.478435 0.009753 0.026402 0.127794 0.991614 -0.019229
-0.502769 0.012171 0.016519 0.150818 0.988306 -0.022461
-0.486247 0.010294 0.004987 0.154997 0.987589 -0.025389
-0.326408 -0.006603 -0.008695 -0.187655 -0.981086 -0.047489
-0.393166 0.000273 -0.017432 0.084181 0.996389 -0.011080
3.145108 -0.464956 0.157443 -0.209152 -0.966207 0.150667
3.140725 -0.463977 0.186181 -0.243783 -0.964059 0.105640
3.107474 -0.458952 0.211915 0.105080 0.987904 -0.114038
3.208822 -0.472764 0.252269 0.291000 0.956721 -0.002223
3.210342 -0.472591 0.282466 -0.165204 -0.985862 0.027994
3.216451 -0.473055 0.313391 -0.284544 -0.958525 -0.016268
3.137923 -0.461708 0.332201 0.766575 -0.639656 0.056592
2.941869 -0.434002 0.331015 -0.131700 -0.990970 0.025160
3.057855 -0.449786 0.377883 0.278149 0.933360 0.226877
3.099008 -0.455128 0.414034 0.893064 -0.319571 0.316720
3.143594 -0.460930 0.451838 0.931591 -0.272199 0.240926
3.130362 -0.458693 0.479166 0.960013 -0.229887 0.159771
3.113955 -0.456016 0.505656 0.980347 -0.036751 0.193826
3.129222 -0.457726 0.538949 0.965740 0.159974 0.204338
3.123826 -0.456570 0.567898 0.930459 0.312777 0.190830
3.133256 -0.457044 0.631047 0.951778 0.296344 0.079365
3.164250 -0.460897 0.670030 0.940302 0.333178 0.069459
2.997991 -0.437573 0.655013 0.349972 0.936547 0.019998
2.955199 -0.431281 0.672139 0.262455 0.964752 0.019276
3.070882 -0.446773 0.736168 -0.518205 -0.854193 0.042635
3.073836 -0.446754 0.767811 -0.563827 -0.822531 0.074453
3.076425 -0.446681 0.799603 0.562660 0.818689 -0.114726
3.081466 -0.446940 0.832486 0.876604 0.476014 -0.070547
3.081432 -0.446500 0.863941 0.780532 0.621204 -0.069823
3.095972 -0.448047 0.900860 0.707008 0.706790 -0.024239
3.095160 -0.447492 0.932660 0.659500 0.751666 0.007615
3.102319 -0.448019 0.967744 0.589101 0.806905 0.043187
3.105352 -0.447980 1.001627 0.548591 0.834691 0.048356
3.115327 -0.448879 1.038683 -0.522191 -0.852005 -0.037468
3.120253 -0.449087 1.074142 0.470435 0.882196 0.020525
3.027286 -0.436017 1.067666 0.355299 0.923618 0.143851
2.935663 -0.423158 1.059756 0.091543 -0.994563 0.049645
2.922105 -0.420885 1.085569 0.061821 -0.994290 0.086984
2.962177 -0.425855 1.136579 -0.050828 0.996882 -0.060362
2.916559 -0.419251 1.147504 -0.111736 0.990368 -0.081770
3.116417 -0.445724 1.279467 0.407657 0.911784 -0.049651
3.119187 -0.445611 1.316568 -0.368209 -0.926106 0.082159
3.104765 -0.443184 1.345130 0.349627 0.928991 -0.121393
3.021790 -0.431561 1.336914 0.312605 0.944983 -0.096359
2.935804 -0.419562 1.325189 0.018402 0.999018 -0.040298
2.982727 -0.425373 1.386451 0.190063 0.981745 0.007216
3.081119 -0.438038 1.479168 0.315610 0.945951 -0.074616
3.074415 -0.436643 1.512881 -0.286555 -0.956161 0.060355
3.059657 -0.434173 1.541984 0.258712 0.965005 -0.042825
3.045430 -0.431775 1.571472 0.274582 0.958744 -0.073586
3.056047 -0.432679 1.616819 0.415659 0.909105 -0.027498
3.086007 -0.436142 1.675569 0.305883 0.951500 -0.032900
3.077793 -0.434532 1.710359 -0.231022 -0.972607 0.025797
3.059286 -0.431560 1.738453 -0.210654 -0.977154 -0.028193
3.056809 -0.430708 1.777707 -0.176781 -0.984047 -0.019993
3.037604 -0.427647 1.805575 -0.131449 -0.988805 0.070613
3.035801 -0.426880 1.846107 0.124092 0.985120 -0.118912
3.033443 -0.426037 1.886802 -0.122636 -0.982454 0.140518
3.061409 -0.429171 1.951125 -0.136772 -0.985382 0.101569
3.063971 -0.428960 1.997333 0.130536 0.989089 -0.068291
3.007421 -0.421008 1.997433 0.132028 0.988455 -0.074339
2.955024 -0.413619 1.999700 0.134804 0.989121 -0.058880
2.895970 -0.405378 1.995376 0.116627 0.992024 -0.047817
2.844883 -0.398196 1.996461 -0.119109 -0.991623 0.049975
2.793294 -0.390965 1.996043 0.128981 0.991080 -0.033532
2.727058 -0.381851 1.981591 0.144948 0.986766 -0.072679
2.677650 -0.374941 1.980632 0.140125 0.988329 -0.059761
2.634376 -0.368842 1.984250 0.153253 0.986203 -0.062592
2.591277 -0.362779 1.987180 0.149811 0.988615 -0.014012
2.545487 -0.356385 1.986666 0.125361 0.991054 -0.045781
2.502082 -0.350313 1.987504 0.124018 0.989037 -0.080156
2.464525 -0.345007 1.993288 0.133674 0.989809 -0.049093
2.421505 -0.339014 1.992809 0.116856 0.992220 -0.042952
2.378720 -0.333065 1.991649 0.140437 0.989245 -0.040877
2.338226 -0.327424 1.991992 0.156611 0.985751 -0.061391
2.309400 -0.323285 2.004180 -0.147992 -0.988397 0.034196
2.271202 -0.317962 2.005613 0.134755 0.989886 -0.044346
2.236475 -0.313093 2.010207 0.141035 0.986952 -0.077686
2.195349 -0.307425 2.006748 0.144124 0.985208 -0.092701
2.160282 -0.302538 2.009504 0.122077 0.987434 -0.100352
2.124719 -0.297601 2.010979 0.099005 0.991327 -0.086426
2.092453 -0.293092 2.015807 -0.129129 -0.989182 0.069605
2.055941 -0.288060 2.014711 0.108882 0.993030 -0.045127
2.022690 -0.283450 2.017013 0.112955 0.993437 -0.017992
1.988970 -0.278793 2.018048 0.136824 0.989270 -0.051222
1.957783 -0.274465 2.021802 0.158670 0.986996 -0.025749
1.936069 -0.271328 2.038038 -0.109943 -0.991591 0.068259
1.907832 -0.267386 2.045099 -0.127310 -0.989303 0.071220
1.879615 -0.263455 2.051795 -0.122388 -0.991726 0.038730
1.842449 -0.258426 2.044927 -0.132984 -0.990358 0.038809
1.807244 -0.253654 2.040001 -0.155399 -0.987716 0.016363
1.773929 -0.249129 2.037074 0.114150 0.992199 -0.050114
1.742433 -0.244839 2.036204 0.116937 0.990511 -0.072213
1.715313 -0.241098 2.041683 0.130236 0.989397 -0.064285
1.688224 -0.237370 2.046821 0.127211 0.989073 -0.074506
1.657104 -0.233159 2.044747 0.180911 0.983497 0.002236
1.627166 -0.229104 2.043977 -0.144845 -0.989413 -0.009097
1.597870 -0.225139 2.043678 0.155910 0.987771 0.000717
1.564381 -0.220677 2.035120 -0.159687 -0.986513 -0.035958
1.536395 -0.216893 2.035765 0.121850 0.992443 0.014475
1.512691 -0.213634 2.044010 0.119564 0.992280 0.032931
1.485307 -0.209941 2.044870 -0.159290 -0.986407 0.040356
1.465141 -0.207121 2.059689 -0.103241 -0.994655 0.001517
1.439123 -0.203608 2.062629 0.126363 0.991898 -0.013085
1.412733 -0.200061 2.064350 0.125249 0.991998 -0.015911
1.388504 -0.196779 2.070287 0.165505 0.984801 -0.052687
1.358150 -0.192784 2.062265 0.166413 0.985094 -0.043538
1.330855 -0.189160 2.060253 0.126777 0.986428 -0.104341
1.303705 -0.185565 2.057898 -0.123965 -0.984102 0.127186
1.276704 -0.181998 2.055204 0.109482 0.993306 0.036838
1.249856 -0.178460 2.052174 0.110404 0.991173 0.073401
1.226401 -0.175324 2.057201 -0.057438 -0.997067 -0.050573
1.202584 -0.172155 2.061029 0.125691 0.991758 -0.024869
1.180135 -0.169150 2.068345 -0.132621 -0.982078 0.133923
1.158281 -0.166219 2.077307 0.137621 0.986851 -0.084773
1.132479 -0.162848 2.074682 -0.112275 -0.973200 0.200689
1.107123 -0.159538 2.072699 0.110132 0.986913 -0.117789
1.082188 -0.156285 2.071369 0.109273 0.975072 -0.193117
1.056775 -0.152989 2.067835 0.109192 0.993839 0.019019
1.035159 -0.150124 2.076470 0.175719 0.981789 -0.072207
1.010454 -0.146925 2.074298 0.177433 0.981454 -0.072562
0.984819 -0.143636 2.067981 0.138476 0.988663 0.058057
0.960634 -0.140516 2.066197 0.138881 0.990188 -0.015464
0.935826 -0.137339 2.061226 0.185329 0.980628 0.063423
0.913488 -0.134436 2.065694 -0.169571 -0.985061 -0.030000
0.889570 -0.131374 2.063098 0.113278 0.989666 -0.087911
0.865549 -0.128312 2.059253 0.125574 0.991708 -0.027317
0.842462 -0.125356 2.059055 0.124449 0.986719 -0.104392
0.819999 -0.122473 2.061547 0.133512 0.989260 -0.059496
0.798070 -0.119651 2.066748 -0.180609 -0.983419 0.016377
0.775059 -0.116729 2.065808 0.168584 0.985398 -0.023867
0.752747 -0.113884 2.068564 -0.147050 -0.987891 0.049463
0.729969 -0.111002 2.068117 -0.102295 -0.993955 0.039858
0.707515 -0.108159 2.069404 -0.164474 -0.986344 0.008645
0.685712 -0.105381 2.075410 -0.100885 -0.994227 -0.036548
0.663224 -0.102550 2.076224 -0.067680 -0.997022 -0.036954
0.640857 -0.099736 2.077793 0.043344 0.997623 0.053561
0.618582 -0.096937 2.080120 -0.091073 -0.993812 -0.063585
0.596282 -0.094143 2.082212 -0.091582 -0.990715 -0.100478
0.574193 -0.091368 2.087059 0.202642 0.967620 0.150494
0.550889 -0.088531 2.074714 0.108958 0.991215 0.074978
0.529266 -0.085792 2.087074 0.074666 0.990270 0.117433
0.506849 -0.083019 2.087225 -0.259951 -0.964203 -0.052316
0.484300 -0.080256 2.083141 0.044023 0.994278 0.097336
0.461971 -0.077505 2.083816 -0.044659 -0.998979 0.006863
0.439635 -0.074761 2.084256 -0.160215 -0.986417 0.036243
0.417278 -0.072040 2.080460 0.116349 0.979406 -0.165004
0.394978 -0.069316 2.080429 0.113439 0.980807 -0.158582
0.372645 -0.066586 2.082162 0.031835 0.986914 -0.158075
0.350382 -0.063891 2.079660 0.059277 0.991433 -0.116388
0.327942 -0.061155 2.082921 0.091528 0.995669 -0.016289
0.305855 -0.058511 2.076953 0.153997 0.974463 -0.163423
0.283593 -0.055831 2.075747 0.179862 0.979902 -0.086271
0.260660 -0.053030 2.084282 -0.145754 -0.989305 -0.005531
0.239030 -0.050484 2.073628 0.085560 0.996295 -0.008727
0.216358 -0.047754 2.076697 0.093827 0.994874 0.037713
0.194596 -0.045188 2.069573 0.125560 0.991911 0.018654
0.172412 -0.042556 2.067195 0.119286 0.992856 0.002718
0.148692 -0.039687 2.077486 -0.107159 -0.992984 -0.050003
0.126557 -0.037081 2.073632 -0.092875 -0.994982 -0.037204
0.104472 -0.034489 2.069546 -0.073864 -0.996497 -0.039227
0.083044 -0.032002 2.061277 0.092671 0.995638 0.010829
0.061109 -0.029444 2.056736 0.115113 0.992611 0.038381
0.037688 -0.026674 2.060830 0.114447 0.993180 0.022275
0.015779 -0.024134 2.055816 0.099195 0.995068 0.000626
-0.005876 -0.021637 2.049591 0.102363 0.994724 -0.006770
-0.027850 -0.019100 2.045101 0.109418 0.993585 -0.028559
-0.048503 -0.016756 2.034519 0.101890 0.992964 -0.060334
-0.071654 -0.014067 2.035427 -0.096508 -0.992269 0.078025
-0.093479 -0.011571 2.030245 -0.101404 -0.988534 0.111887
-0.115493 -0.009056 2.025802 0.106698 0.985742 -0.130111
-0.138229 -0.006449 2.024026 0.103195 0.985913 -0.131630
-0.159935 -0.003990 2.018143 -0.141125 -0.981299 0.130905
-0.183216 -0.001326 2.017800 0.118110 0.983030 -0.140366
-0.205705 0.001223 2.014318 -0.132209 -0.981468 0.138715
-0.228187 0.003763 2.010591 -0.096763 -0.984198 0.148291
-0.249752 0.006174 2.003761 0.126532 0.979444 -0.157099
-0.275621 0.009146 2.009990 -0.116384 -0.983937 0.135360
-0.298791 0.011751 2.007389 0.124077 0.979358 -0.159571
-0.323643 0.014568 2.009237 0.105501 0.984114 -0.142788
-0.348613 0.017390 2.010788 -0.123699 -0.985053 0.119873
-0.373343 0.020170 2.011104 -0.086137 -0.989005 0.120208
-0.372862 0.019693 1.945940 -0.130225 -0.983638 0.124492
-0.384103 0.020735 1.913479 0.085098 0.995219 -0.047923
-0.387521 0.020781 1.863460 0.063869 0.993854 0.090420
-0.389988 0.020716 1.813591 0.089724 0.986877 0.134255
-0.401105 0.021759 1.785851 0.088507 0.990398 0.106202
-0.399861 0.021241 1.731670 0.128113 0.989345 0.069170
-0.396743 0.020498 1.675910 0.070349 -0.996951 -0.033757
-0.414398 0.022377 1.666424 0.093301 -0.995402 -0.021665
-0.410938 0.021608 1.613678 -0.099621 0.995009 0.005742
-0.406920 0.020781 1.562093 -0.058077 0.998187 -0.015775
-0.423365 0.022511 1.552521 -0.069850 0.997533 -0.006989
-0.422478 0.022086 1.510103 0.005419 -0.999184 0.040019
-0.408936 0.020105 1.445930 -0.028636 -0.998156 0.053518
-0.419308 0.021089 1.427627 -0.027117 -0.998262 0.052322
-0.441710 0.023552 1.430973 0.011980 -0.996589 0.081653
-0.439682 0.023010 1.391733 -0.024817 0.997331 -0.068668
-0.422632 0.020638 1.328696 -0.030340 0.999539 0.000678
-0.431910 0.021494 1.311342 -0.074106 0.997223 -0.007390
-0.448317 0.023216 1.305797 -0.113010 0.992318 -0.050336
-0.470075 0.025581 1.308465 -0.049755 0.998226 -0.032706
-0.458128 0.023860 1.259045 -0.051129 0.998144 0.033078
-0.431383 0.020366 1.189299 -0.074084 0.997135 -0.015263
-0.424691 0.019306 1.151561 -0.101819 0.994102 -0.037328
-0.424171 0.018994 1.123914 -0.213241 0.976580 -0.028616
-0.446963 0.021479 1.129682 -0.175662 0.982569 -0.060832
-0.444648 0.020955 1.100473 -0.285521 0.958320 0.010000
-0.439432 0.020090 1.068251 -0.298690 0.954275 -0.012007
-0.445144 0.020530 1.051331 0.322065 -0.946688 -0.007453
-0.429734 0.018465 1.007684 0.128916 0.991578 -0.012389
-0.396722 0.014328 0.943437 0.122223 0.992408 -0.013699
-0.430498 0.018099 0.963505 0.123728 0.992231 -0.012975
-0.367814 0.010490 0.866473 0.998182 0.001139 -0.060268
-0.427217 0.017267 0.916740 0.386431 0.919964 -0.065852
-0.367456 0.010040 0.827333 0.996967 -0.063108 -0.045549
-0.408474 0.014640 0.854915 0.995376 -0.091355 -0.029674
-0.365818 0.009450 0.788629 0.996846 -0.069359 -0.038562
-0.194605 -0.010696 0.585777 0.291638 0.953596 0.074848
-0.316367 0.003311 0.701124 -0.193019 -0.980616 -0.033691
-0.239886 -0.005742 0.605934 0.267030 0.963046 0.035178
-0.213273 -0.008982 0.564990 -0.282559 -0.956376 -0.074198
-0.229002 -0.007316 0.567544 0.261605 0.963389 0.058687
-0.187004 -0.012311 0.513530 0.373710 0.927023 -0.031129
-0.164875 -0.014999 0.480415 0.205157 0.975198 -0.083059
-0.191663 -0.012059 0.494068 0.356580 0.931608 -0.070413
-0.176134 -0.013979 0.468226 0.338552 0.934045 -0.113765
-0.167560 -0.015095 0.449420 0.350260 0.928301 -0.124800
-0.201377 -0.011368 0.468278 0.338552 0.934045 -0.113765
-0.211448 -0.010361 0.465721 0.338552 0.934045 -0.113765
-0.255865 -0.005452 0.491839 0.198732 0.979007 -0.045285
-0.213158 -0.010446 0.444965 -0.293506 -0.946727 0.132524
-0.239405 -0.007614 0.455253 0.228513 0.964003 -0.135944
-0.287846 -0.002283 0.482297 0.135391 0.990744 -0.009758
-0.285633 -0.002686 0.468858 0.190583 0.981595 -0.012228
-0.342069 0.003515 0.499896 -0.087440 -0.996117 0.010277
-0.359950 0.005361 0.500833 -0.086463 -0.996221 0.008211
-0.385201 0.008026 0.506698 0.089023 0.996002 -0.007394
-0.408216 0.010432 0.510370 0.091689 0.995766 -0.006581
-0.452703 0.015228 0.528323 0.094188 0.995551 0.002661
-0.404372 0.009658 0.482472 0.091194 0.995624 -0.020425
-0.473221 0.017148 0.515547 0.096865 0.995277 -0.006397
-0.487608 0.018562 0.511628 0.101543 0.994818 -0.005208
-0.469151 0.016331 0.486780 0.101673 0.994798 -0.006259
-0.491828 0.018659 0.487946 0.104206 0.994537 -0.006101
-0.439526 0.012698 0.443578 -0.102925 -0.994553 0.016485
-0.494600 0.018598 0.463838 0.117856 0.992967 -0.011283
-0.508717 0.019969 0.459251 0.134632 0.990782 -0.015021
-0.481124 0.016753 0.431122 0.133759 0.990883 -0.016085
-0.476647 0.016085 0.416494 0.127203 0.991769 -0.014616
-0.478117 0.016070 0.405284 0.118914 0.992810 -0.013709
-0.453821 0.013240 0.380823 -0.106606 -0.994224 0.012366
-0.466433 0.014446 0.375760 0.116076 0.993148 -0.013510
-0.470995 0.014772 0.366530 0.116239 0.993102 -0.015371
-0.476359 0.015184 0.357682 0.114542 0.993348 -0.011835
-0.480733 0.015487 0.348348 0.124276 0.992132 -0.015168
-0.477757 0.014994 0.335684 0.121502 0.992515 -0.012267
-0.480081 0.015076 0.325535 0.122214 0.992373 -0.016109
-0.474056 0.014257 0.311858 0.116396 0.993050 -0.017431
-0.473358 0.014015 0.300643 0.122222 0.992350 -0.017426
-0.454989 0.011874 0.282415 0.106577 0.994188 -0.015232
-0.485455 0.014983 0.283820 0.134412 0.990657 -0.023085
-0.488128 0.015103 0.274044 0.132630 0.990959 -0.020245
-0.482290 0.014313 0.261164 0.123777 0.992123 -0.019254
-0.505349 0.016611 0.258767 0.177301 0.983732 -0.028923
-0.486106 0.014392 0.241382 0.135599 0.990532 -0.021421
-0.481714 0.013762 0.229450 0.135645 0.990552 -0.020166
-0.511285 0.016742 0.228557 0.172635 0.984590 -0.027912
-0.503855 0.015789 0.215641 0.147906 0.988739 -0.022770
-0.501980 0.015427 0.204612 0.147259 0.988786 -0.024851
-0.520065 0.017176 0.199389 0.165871 0.985728 -0.028773
-0.518951 0.016894 0.188555 0.149987 0.988439 -0.022192
-0.522524 0.017107 0.179039 0.148779 0.988611 -0.022647
-0.504776 0.015077 0.164135 0.143793 0.989447 -0.017826
-0.517773 0.016282 0.157074 0.156974 0.987465 -0.016478
-0.519086 0.016259 0.147097 0.155496 0.987713 -0.015626
-0.510574 0.015209 0.134995 0.156360 0.987577 -0.015611
-0.517498 0.015775 0.126327 0.155696 0.987719 -0.013050
-0.523365 0.016229 0.117344 0.155271 0.987790 -0.012746
-0.535015 0.017284 0.109347 0.152020 0.988279 -0.013953
-0.520141 0.015578 0.096506 0.151946 0.988298 -0.013365
-0.464853 0.009684 0.077407 -0.115586 -0.993187 0.014824
-0.476142 0.010709 0.069719 0.131972 0.991080 -0.018544
-0.511002 0.014169 0.065170 0.152021 0.988239 -0.016552
-0.506410 0.013543 0.054715 0.150087 0.988509 -0.018012
-0.517503 0.014538 0.046280 0.148685 0.988689 -0.019661
-0.533464 0.016030 0.038170 0.147026 0.988931 -0.019988
-0.516689 0.014154 0.026486 0.149701 0.988480 -0.022288
-0.515629 0.013896 0.016575 0.150818 0.988306 -0.022461
-0.536284 0.015866 0.008406 0.146623 0.988949 -0.021960
-0.518159 0.013861 -0.002810 0.145662 0.989103 -0.021417
-0.533674 0.015300 -0.011706 0.149427 0.988563 -0.020370
-0.526247 0.014395 -0.021986 0.146396 0.989077 -0.017179
-0.549531 0.016622 -0.030993 0.146396 0.989077 -0.017179
-0.534934 0.014989 -0.041449 -0.140396 -0.990042 0.010314
-0.531168 0.014462 -0.051430 -0.140396 -0.990042 0.010314
-0.521329 0.013322 -0.061355 -0.140396 -0.990042 0.010314
-0.521335 0.013182 -0.071132 -0.140396 -0.990042 0.010314
-0.522234 0.013134 -0.080924 -0.120018 -0.992715 0.010624
-0.467335 0.007453 -0.089226 -0.109175 -0.993956 0.011467
-0.467053 0.007295 -0.098433 -0.109175 -0.993956 0.011467
-0.428909 0.003328 -0.105816 0.101268 0.994814 -0.009480
-0.383757 -0.001332 -0.111992 0.094977 0.995457 -0.006711
-0.268094 -0.013054 -0.112340 0.155201 0.987365 0.031972
2.095956 -0.320049 0.000884 -0.159234 -0.987070 0.018345
2.088490 -0.318750 0.017247 -0.159234 -0.987070 0.018345
2.091735 -0.318981 0.034013 0.159153 0.987079 -0.018590
2.087886 -0.318196 0.050426 0.158998 0.987096 -0.018975
2.092757 -0.318655 0.067409 0.159158 0.987068 -0.019117
2.105341 -0.320208 0.085160 0.157518 0.987348 -0.018238
2.098998 -0.319063 0.101435 0.154463 0.987826 -0.018453
2.090522 -0.317615 0.117385 0.151325 0.988328 -0.017577
2.123205 -0.322009 0.137920 0.150253 0.988481 -0.018154
2.157598 -0.326634 0.159411 0.150253 0.988481 -0.018154
2.096541 -0.317729 0.168663 -0.148501 -0.988750 0.017907
4.821021 -0.702875 0.586673 -0.031616 -0.982341 0.184409
4.819213 -0.701931 0.632862 0.038630 0.983540 -0.176513
4.820825 -0.701465 0.679740 0.050743 0.987398 -0.149903
4.813162 -0.699686 0.725147 0.066878 0.989159 -0.130732
4.809894 -0.698523 0.771398 0.088650 0.990503 -0.105098
4.808080 -0.697561 0.818053 -0.121558 -0.990177 0.069091
4.808675 -0.696934 0.865375 -0.177646 -0.984011 0.012833
4.808758 -0.696229 0.912802 -0.177539 -0.984032 0.012710
4.803504 -0.694772 0.959197 -0.153759 -0.988094 -0.005263
4.797758 -0.693243 1.005583 -0.145953 -0.989242 -0.009928
4.796318 -0.692313 1.053189 0.079089 0.996787 0.012662
4.797230 -0.691708 1.101649 -0.082370 -0.996513 -0.013284
4.787106 -0.689558 1.147309 -0.068952 -0.997537 -0.012863
4.786971 -0.688798 1.195927 0.091886 0.995475 0.024236
4.781552 -0.687299 1.243234 0.121824 0.992320 0.021427
4.780347 -0.686382 1.292046 -0.169774 -0.984990 -0.031185
4.771054 -0.684339 1.338514 -0.165369 -0.985693 -0.032601
4.769719 -0.683397 1.387784 -0.164175 -0.985967 -0.030274
4.765018 -0.681985 1.436194 -0.151222 -0.988395 -0.014425
4.762577 -0.680882 1.485670 -0.162781 -0.986657 -0.003316
4.761431 -0.679954 1.535947 -0.158206 -0.987394 0.004973
4.748600 -0.677410 1.582087 -0.148054 -0.988053 0.042791
4.751869 -0.677083 1.634720 0.136180 0.988527 -0.065343
4.749917 -0.676033 1.685717 -0.142864 -0.986042 0.085506
4.743714 -0.674394 1.735312 0.128629 0.986289 -0.103389
4.742405 -0.673424 1.787334 -0.119139 -0.987286 0.105228
4.747725 -0.673357 1.842761 0.127549 0.983345 -0.129478
4.668500 -0.661723 1.859951 0.111762 0.982356 -0.149955
4.541825 -0.643635 1.853205 0.120035 0.977100 -0.175690
4.433609 -0.628107 1.852663 0.130843 0.975707 -0.175714
4.334733 -0.613888 1.854474 0.121997 0.972906 -0.196392
4.238904 -0.600117 1.855763 0.124639 0.972117 -0.198630
4.152260 -0.587626 1.859852 -0.128826 -0.971524 0.198859
4.078182 -0.576868 1.868912 0.147146 0.967614 -0.205113
4.002577 -0.565928 1.875656 0.157833 0.971902 -0.174626
3.926361 -0.554931 1.880526 0.151209 0.975756 -0.158225
3.859879 -0.545273 1.889478 -0.112787 -0.983010 0.144809
3.791878 -0.535433 1.896224 -0.101284 -0.981202 0.164270
3.730896 -0.526561 1.905876 0.117629 0.977139 -0.177093
3.662482 -0.516711 1.909727 0.133052 0.980352 -0.145628
3.590991 -0.506472 1.910212 0.140914 0.980529 -0.136768
3.528992 -0.497529 1.915375 0.134953 0.978994 -0.152837
3.467223 -0.488639 1.919444 0.129496 0.979576 -0.153823
3.406522 -0.479912 1.922985 0.135287 0.976677 -0.166730
3.346072 -0.471241 1.925461 0.137341 0.978470 -0.154057
3.285079 -0.462518 1.926299 0.126505 0.981555 -0.143340
3.233215 -0.455030 1.932514 0.129664 0.980185 -0.149745
3.176743 -0.446950 1.934283 0.126528 0.982693 -0.135297
3.128441 -0.439971 1.941107 0.123456 0.985096 -0.119766
3.073228 -0.432095 1.941628 0.113301 0.987429 -0.110209
2.999612 -0.421810 1.926333 0.123372 0.984699 -0.123073
2.950522 -0.414786 1.929163 0.123638 0.982989 -0.135819
2.907767 -0.408612 1.936261 -0.119320 -0.988005 0.098028
2.859821 -0.401772 1.938165 0.116116 0.989391 -0.087312
2.815857 -0.395471 1.942534 -0.121862 -0.989419 0.078744
2.771314 -0.389110 1.945534 0.147517 0.986464 -0.071609
2.724007 -0.382404 1.945142 -0.112157 -0.987267 0.112807
2.675493 -0.375558 1.942619 0.160179 0.982775 -0.092173
2.638862 -0.370277 1.950220 0.133805 0.988599 -0.069052
2.601593 -0.364926 1.956576 -0.151657 -0.987612 0.040271
2.555902 -0.358496 1.953986 -0.097481 -0.990305 0.098962
2.521739 -0.353575 1.961941 -0.138702 -0.988794 0.055216
2.482764 -0.348044 1.964404 -0.133873 -0.989529 0.053948
2.448086 -0.343082 1.970587 -0.137821 -0.989839 0.034980
2.410092 -0.337706 1.972620 0.141426 0.989584 -0.026875
2.375631 -0.332797 1.977747 -0.137395 -0.989721 0.039685
2.335283 -0.327146 1.975692 0.123590 0.991498 -0.040717
2.298469 -0.321963 1.976752 -0.127326 -0.989493 0.068503
2.267679 -0.317562 1.984058 0.113523 0.992959 -0.033852
2.230512 -0.312360 1.983311 -0.139293 -0.989262 0.044253
2.199259 -0.307924 1.988925 0.143519 0.989553 -0.013711
2.166197 -0.303270 1.991775 -0.137367 -0.989243 0.050281
2.135732 -0.298956 1.997280 0.095830 0.992426 -0.076857
2.111430 -0.295432 2.010254 -0.150309 -0.986986 0.057148
2.086433 -0.291827 2.022143 0.102195 0.993208 -0.055623
2.054242 -0.287327 2.024111 0.109022 0.991361 -0.072918
2.021012 -0.282708 2.024011 0.145995 0.988350 -0.042999
1.982186 -0.277401 2.015299 0.161922 0.986040 -0.038802
1.955067 -0.273573 2.022394 0.152350 0.988047 -0.023491
1.917888 -0.268501 2.014277 -0.132584 -0.990782 0.027799
1.890951 -0.264717 2.020575 -0.146735 -0.988841 0.025716
1.864579 -0.261012 2.027367 -0.132533 -0.991177 -0.001524
1.835013 -0.256922 2.028770 0.158171 0.987351 0.010925
1.800841 -0.252276 2.022139 -0.127397 -0.991640 0.020506
1.774690 -0.248630 2.027829 -0.124457 -0.991771 0.029999
1.742982 -0.244312 2.023737 -0.150163 -0.987265 0.052520
1.714983 -0.240461 2.025259 0.121200 0.992267 -0.026756
1.690022 -0.236990 2.031638 -0.136715 -0.990323 0.023852
1.664097 -0.233411 2.035967 0.143579 0.989639 0.000058
1.641507 -0.230245 2.046138 0.134594 0.990895 -0.003268
1.617907 -0.226964 2.054290 -0.134235 -0.990799 0.017262
1.589278 -0.223086 2.052383 -0.126731 -0.991619 0.025128
1.563026 -0.219504 2.054576 -0.102270 -0.993268 0.054398
1.537279 -0.215993 2.057345 0.136767 0.988930 -0.057556
1.507339 -0.211993 2.050762 0.132913 0.990660 -0.030435
1.477231 -0.207986 2.042871 -0.206182 -0.978514 0.000005
1.451860 -0.204552 2.044615 0.148688 0.988796 0.013215
1.426557 -0.201136 2.046053 0.183873 0.978141 -0.097110
1.400938 -0.197693 2.046265 0.118844 0.986375 -0.113759
1.380696 -0.194887 2.059116 0.129262 0.991409 -0.020007
1.355134 -0.191469 2.058763 -0.077046 -0.996996 0.007954
1.331463 -0.188279 2.062766 0.126777 0.986428 -0.104341
1.306057 -0.184898 2.061818 -0.033305 -0.989235 0.142497
1.284145 -0.181927 2.069967 0.133185 0.973200 -0.187467
1.257544 -0.178429 2.064673 -0.087327 -0.992955 0.080090
1.233689 -0.175255 2.066626 -0.175708 -0.970632 0.164317
1.208945 -0.171989 2.065457 0.110982 0.987357 -0.113175
1.183703 -0.168678 2.062091 0.158097 0.981078 0.111762
1.162080 -0.165780 2.069904 0.112972 0.988078 -0.104588
1.134774 -0.162262 2.058299 -0.121437 -0.987805 -0.097442
1.112632 -0.159324 2.063677 0.152064 0.988160 -0.020404
1.088367 -0.156163 2.061095 0.106472 0.987926 0.112545
1.065468 -0.153160 2.063073 0.117837 0.991921 0.046976
1.042109 -0.150116 2.062858 -0.139747 -0.983749 -0.112734
1.020419 -0.147257 2.069192 0.104035 0.982788 0.152656
0.996899 -0.144214 2.067497 0.132811 0.983820 0.120252
0.974933 -0.141341 2.072381 -0.111668 -0.990706 -0.077671
0.951323 -0.138308 2.069195 -0.053759 -0.998436 0.015363
0.928962 -0.135411 2.071634 -0.070666 -0.994437 0.078105
0.884900 -0.129705 2.079736 0.185187 0.981717 -0.044016
0.862649 -0.126840 2.082450 0.226054 0.973140 -0.043572
0.840529 -0.123995 2.085916 0.213231 0.976869 -0.016129
0.817684 -0.121092 2.084197 -0.157208 -0.987555 0.004448
0.796182 -0.118315 2.092148 0.240180 0.970711 0.005859
0.773961 -0.115481 2.094913 -0.031063 -0.987011 0.157618
0.751712 -0.112651 2.097442 0.107352 0.975623 -0.191404
0.729437 -0.109826 2.099737 -0.093766 -0.960968 0.260285
0.706278 -0.106949 2.091834 0.087697 0.984885 -0.149368
0.684061 -0.104147 2.093650 -0.048018 0.986941 -0.153759
0.661826 -0.101350 2.095232 0.009897 -0.999511 0.029647
0.639575 -0.098560 2.096579 -0.042898 -0.942193 0.332312
0.617265 -0.095775 2.096692 0.075158 0.897756 -0.434033
0.595033 -0.092998 2.098568 0.098633 0.842598 -0.529434
0.572843 -0.090218 2.103209 0.117969 0.980205 -0.159000
0.550456 -0.087463 2.099617 0.110422 0.985359 -0.129906
0.528161 -0.084706 2.099789 0.073807 0.918122 -0.389364
0.505849 -0.081946 2.101726 -0.098564 -0.994383 -0.038575
0.483514 -0.079195 2.102427 -0.079054 -0.990592 -0.111702
0.461274 -0.076484 2.098894 0.237935 0.953018 0.187468
0.438987 -0.073761 2.098125 -0.211624 -0.968626 -0.130301
0.416709 -0.071046 2.097122 -0.177364 -0.957443 -0.227693
0.394263 -0.068303 2.098878 0.122067 0.967167 0.222908
0.371907 -0.065590 2.098400 -0.104796 -0.975849 -0.191669
0.349786 -0.062928 2.094696 0.101313 0.989996 0.098207
0.327634 -0.060265 2.091756 0.105666 0.992639 0.059188
0.305423 -0.057598 2.089579 0.109729 0.991278 0.072985
0.282902 -0.054886 2.090149 -0.101752 -0.994732 -0.012446
0.259858 -0.052098 2.094447 0.105561 0.989444 0.099283
0.237751 -0.049472 2.090563 0.094736 0.991344 0.090897
0.216548 -0.046994 2.080511 0.091527 0.994235 0.055857
0.193389 -0.044216 2.084080 -0.095907 -0.995365 0.007099
0.171747 -0.041680 2.077529 0.121789 0.988657 0.087896
0.149167 -0.039008 2.076663 -0.107159 -0.992984 -0.050003
0.127115 -0.036423 2.072605 -0.101836 -0.994394 -0.028447
0.106265 -0.034020 2.062431 -0.115680 -0.992960 -0.025481
0.082734 -0.031233 2.065751 0.089468 0.995693 0.024324
0.061010 -0.028716 2.060018 0.117827 0.992119 0.042627
0.039355 -0.026214 2.054058 0.087385 0.993982 0.066065
0.017072 -0.023630 2.050788 0.100970 0.994887 -0.002193
-0.007148 -0.020783 2.055031 0.103167 0.993984 -0.036767
-0.029989 -0.018138 2.053194 0.118687 0.991432 -0.054559
-0.051795 -0.015645 2.047250 0.112137 0.992186 -0.054697
-0.073812 -0.013129 2.042037 0.108437 0.991570 -0.070927
-0.100330 -0.010007 2.051918 -0.111613 -0.989672 0.089958
-0.122415 -0.007500 2.046188 -0.112225 -0.990010 0.085351
-0.147185 -0.004638 2.048788 -0.103280 -0.992728 0.061841
-0.171767 -0.001811 2.050146 -0.121002 -0.991380 0.050247
-0.194186 0.000717 2.044599 -0.114239 -0.991502 0.062236
-0.219234 0.003586 2.046343 0.107985 0.992555 -0.056336
-0.244054 0.006415 2.046848 -0.113089 -0.991652 0.061939
-0.269673 0.009339 2.048928 0.125165 0.991292 -0.040911
-0.295057 0.012221 2.049766 -0.102517 -0.994524 0.020304
-0.317195 0.014670 2.041956 0.106817 0.994018 -0.022752
-0.340407 0.017252 2.036678 0.113915 0.993410 -0.012622
-0.367517 0.020330 2.040327 0.097537 0.995222 -0.004479
-0.389985 0.022798 2.032657 0.091729 0.995733 0.010035
-0.416498 0.025779 2.033845 0.103337 0.993966 -0.036787
-0.435996 0.027851 2.019300 0.136716 0.983540 -0.118144
-0.457872 0.030223 2.009983 0.126804 0.985743 -0.110600
-0.461229 0.030233 1.962763 -0.118771 -0.975976 0.182657
-0.468196 0.030710 1.924624 -0.096756 -0.988918 0.112600
-0.472192 0.030817 1.882126 0.102845 0.993088 0.056553
-0.478680 0.031245 1.845941 0.067583 0.991675 0.109607
-0.491188 0.032433 1.822120 0.004478 0.993899 0.110204
-0.497977 0.032904 1.788648 -0.013867 0.995140 0.097491
-0.499738 0.032753 1.747435 -0.072777 0.996660 0.037055
-0.506790 0.033266 1.716735 -0.096327 0.994760 -0.034268
-0.513317 0.033717 1.686085 -0.115031 0.993189 -0.018515
-0.518800 0.034042 1.654643 -0.146015 0.989199 -0.012816
-0.521096 0.033977 1.619049 0.157039 -0.987552 0.008939
-0.517383 0.033178 1.575196 0.172707 -0.984567 -0.028292
-0.528194 0.034170 1.554971 0.184358 -0.982765 -0.013598
-0.538699 0.035124 1.534697 0.203947 -0.977324 -0.056957
-0.543819 0.035420 1.506975 0.189574 -0.981865 0.001620
-0.537595 0.034336 1.463804 -0.216932 0.969451 -0.114480
-0.534080 0.033590 1.425803 0.259387 -0.961027 0.095636
-0.551125 0.035344 1.417003 0.268729 -0.959648 0.082826
-0.560327 0.036144 1.397630 0.358019 -0.933217 0.030483
-0.574703 0.037568 1.385350 0.349723 -0.936422 -0.028412
-0.565586 0.036160 1.343084 -0.308461 0.950767 0.029896
-0.553221 0.034372 1.298055 -0.342939 0.934775 -0.092672
-0.554551 0.034235 1.271205 -0.357359 0.923186 -0.141501
-0.567580 0.035500 1.259021 0.396166 -0.906289 0.147287
-0.592763 0.038212 1.261123 -0.479394 0.864406 -0.151602
-0.606980 0.039609 1.250055 0.421479 -0.885914 0.193680
-0.597902 0.038236 1.212759 -0.426812 0.871606 -0.241111
-0.018433 -0.030985 0.524033 0.102785 0.873796 0.475306
-0.047908 -0.027650 0.542665 0.158123 0.682703 0.713382
-0.183199 -0.013390 0.544107 0.382032 0.922491 0.055333
-0.241699 -0.006812 0.579586 0.251807 0.966492 0.049859
-0.288581 -0.001595 0.603919 0.227127 0.973802 0.011062
-0.293751 -0.001181 0.594116 0.221563 0.975133 0.005054
-0.299596 -0.000691 0.584882 0.193550 0.980917 -0.018430
-0.324442 0.001970 0.589958 -0.088460 -0.996075 0.002949
-0.326219 0.001990 0.577469 0.089368 0.995999 -0.000110
-0.321363 0.001256 0.560360 0.092132 0.995745 -0.002075
-0.322759 0.001236 0.548007 0.094276 0.995524 -0.006678
-0.336295 0.002593 0.544157 0.088225 0.996100 -0.000801
-0.334973 0.002264 0.530085 0.090723 0.995858 -0.005980
-0.331790 0.001726 0.515012 0.095083 0.995426 -0.009269
-0.345138 0.003056 0.510834 0.084265 0.996418 -0.007099
-0.334042 0.001630 0.491086 0.094793 0.995428 -0.011749
-0.340452 0.002176 0.482563 0.096258 0.995273 -0.012911
-0.352755 0.003382 0.477544 0.089005 0.995960 -0.011880
-0.349582 0.002852 0.463280 0.089365 0.995886 -0.015027
-0.346209 0.002302 0.449142 0.102008 0.994646 -0.016545
-0.285247 -0.004671 0.403173 0.250209 0.959333 -0.130673
-0.348491 0.002214 0.426476 0.092128 0.995588 -0.017782
-0.363933 0.003762 0.422874 0.088444 0.995922 -0.017804
-0.356403 0.002755 0.407130 0.090469 0.995753 -0.017091
-0.309527 -0.002608 0.371922 0.258160 0.961863 -0.090410
-0.363892 0.003247 0.387660 0.088566 0.995965 -0.014453
-0.376459 0.004467 0.382165 0.091250 0.995776 -0.010179
-0.339366 0.000209 0.353415 0.155030 0.987709 -0.019904
-0.377050 0.004194 0.359471 0.088368 0.996017 -0.011883
-0.367572 0.002986 0.343988 0.088322 0.996029 -0.011239
-0.389907 0.005271 0.342405 0.094128 0.995497 -0.011162
-0.373694 0.003329 0.324413 0.086725 0.996171 -0.011060
-0.381211 0.003987 0.316447 0.090071 0.995819 -0.015199
-0.375683 0.003220 0.303309 0.082476 0.996512 -0.012704
-0.389526 0.004567 0.297705 0.088193 0.995966 -0.016522
-0.393072 0.004790 0.288091 -0.091227 -0.995740 0.013399
-0.386201 0.003881 0.274794 -0.084992 -0.996256 0.015822
-0.388567 0.003978 0.264895 -0.089124 -0.995854 0.018223
-0.383270 0.003245 0.252488 -0.084450 -0.996284 0.016903
-0.350327 -0.000473 0.231475 -0.068491 -0.997478 0.018614
-0.395027 0.004199 0.235118 -0.083853 -0.996255 0.021110
-0.381704 0.002606 0.220661 -0.074613 -0.997015 0.019872
-0.383491 0.002644 0.210864 -0.072651 -0.997141 0.020757
-0.358303 -0.000214 0.193733 -0.060304 -0.998027 0.017467
-0.373278 0.001244 0.187725 -0.059789 -0.998050 0.017930
-0.407522 0.004759 0.186255 -0.088005 -0.995922 0.019877
-0.372178 0.000828 0.167444 0.059502 0.998090 -0.016579
-0.364670 -0.000121 0.155812 -0.060077 -0.998065 0.016009
-0.367711 0.000058 0.146681 0.059133 0.998121 -0.016078
-0.369685 0.000123 0.137308 0.067391 0.997639 -0.013227
-0.369609 -0.000029 0.127534 0.067350 0.997645 -0.013013
-0.371383 0.000016 0.118142 0.064664 0.997823 -0.012978
-0.400500 0.002958 0.113483 0.072947 0.997273 -0.011201
-0.385437 0.001219 0.101059 0.073695 0.997221 -0.010964
-0.375135 -0.000011 0.089714 0.073269 0.997226 -0.013146
-0.363711 -0.001355 0.078465 -0.070162 -0.997435 0.014135
-0.377796 -0.000009 0.070806 -0.070162 -0.997435 0.014135
-0.379967 0.000081 0.061450 -0.068873 -0.997518 0.014635
-0.371164 -0.000980 0.050879 0.077516 0.996864 -0.015942
-0.381049 -0.000078 0.042350 -0.079956 -0.996659 0.016696
-0.383916 0.000087 0.033017 -0.078460 -0.996743 0.018660
-0.383713 -0.000069 0.023406 -0.084403 -0.996228 0.020169
-0.383410 -0.000234 0.013807 -0.082066 -0.996435 0.019551
-0.364136 -0.002375 0.003172 -0.077360 -0.996823 0.018968
-0.384487 -0.000385 -0.005256 0.080568 0.996574 -0.018678
-0.383883 -0.000577 -0.014830 -0.081799 -0.996541 0.014634
-0.354342 -0.003773 -0.025080 -0.076413 -0.996947 0.016051
-0.293939 -0.010271 -0.043706 0.193908 0.980094 0.042617
-0.317804 -0.007916 -0.052468 0.130119 0.991409 0.013281
-0.310742 -0.008760 -0.061176 0.127905 0.991753 0.008135
2.397521 -0.365780 -0.058674 -0.474891 -0.127579 0.870748
2.345169 -0.357791 -0.042191 0.611202 -0.170767 0.772833
2.315404 -0.353153 -0.026518 -0.006791 0.232326 0.972614
1.811741 -0.278617 -0.022766 0.160304 0.987021 0.009600
1.787737 -0.274921 -0.013162 -0.164268 -0.986131 -0.023691
1.767598 -0.271799 -0.003885 -0.164363 -0.986173 -0.021142
1.759227 -0.270414 0.005628 -0.166734 -0.985781 -0.020876
1.748788 -0.268727 0.014837 -0.149882 -0.988531 -0.018505
1.780683 -0.273252 0.027092 -0.164824 -0.986201 -0.015493
1.760180 -0.270088 0.035455 -0.150082 -0.988561 -0.014909
1.777032 -0.272397 0.047067 0.148449 0.988813 0.014558
1.730782 -0.265475 0.052189 -0.160241 -0.986921 -0.017595
1.778867 -0.272342 0.067623 -0.151038 -0.988431 -0.013842
2.440108 -0.368615 0.164021 0.995917 -0.083219 0.034972
2.447682 -0.369439 0.182459 -0.240385 -0.093384 0.966175
2.458964 -0.370799 0.201674 -0.179519 0.004624 0.983744
2.423129 -0.365306 0.213521 0.999190 0.038143 0.012813
2.115108 -0.320318 0.177401 -0.148501 -0.988750 0.017907
2.055312 -0.311422 0.180420 -0.146474 -0.989068 0.017014
2.012118 -0.304949 0.185427 -0.136424 -0.990500 0.017259
1.971865 -0.298916 0.190146 -0.119195 -0.992749 0.015587
1.966480 -0.297932 0.201613 0.112445 0.993556 -0.014246
1.985117 -0.300415 0.218508 -0.113345 -0.993268 0.023916
1.986193 -0.300359 0.231668 -0.108741 -0.993890 0.018950
1.961185 -0.296549 0.238372 -0.097448 -0.995060 0.018972
1.965868 -0.297013 0.252363 -0.100711 -0.994784 0.016199
1.957964 -0.295668 0.263088 -0.100711 -0.994784 0.016199
1.971876 -0.297452 0.279918 0.091460 0.995581 -0.021305
1.955165 -0.294846 0.288070 0.091460 0.995581 -0.021305
1.962085 -0.295623 0.303190 0.094260 0.995179 -0.027085
1.956544 -0.294617 0.314574 0.094260 0.995179 -0.027085
1.958418 -0.294670 0.328369 0.097317 0.994848 -0.028401
1.943254 -0.292295 0.336459 0.097886 0.994778 -0.028909
1.954203 -0.293637 0.353543 0.125974 0.991565 -0.030482
1.933276 -0.290448 0.359302 0.096545 0.994776 -0.033175
1.945731 -0.291999 0.377296 0.121436 0.992091 -0.031772
1.937617 -0.290631 0.387661 0.122135 0.991958 -0.033216
1.933089 -0.289773 0.399382 -0.123215 -0.991890 0.031186
1.931187 -0.289286 0.412194 -0.123406 -0.991865 0.031208
1.931877 -0.289164 0.426184 -0.128580 -0.991261 0.029483
1.930581 -0.288761 0.439439 -0.136857 -0.990341 0.022233
1.926421 -0.287955 0.451490 -0.137570 -0.990249 0.021937
1.925728 -0.287635 0.465180 -0.138920 -0.990088 0.020656
1.908762 -0.285033 0.471205 -0.128472 -0.991432 0.023606
1.908713 -0.284806 0.485239 -0.127404 -0.991628 0.021025
1.899630 -0.283314 0.494859 -0.121204 -0.992378 0.022239
1.901043 -0.283289 0.509819 -0.122927 -0.992222 0.019621
1.897880 -0.282625 0.522540 -0.124770 -0.992000 0.019202
1.898057 -0.282426 0.537153 0.126203 0.991836 -0.018280
1.882445 -0.280031 0.543121 -0.118020 -0.992831 0.018945
1.890957 -0.280989 0.562627 0.121975 0.992392 -0.016729
1.883760 -0.279766 0.573339 0.121960 0.992402 -0.016271
1.876457 -0.278529 0.583964 0.119483 0.992713 -0.015638
1.869050 -0.277280 0.594503 0.117005 0.993026 -0.014445
1.869945 -0.277178 0.610243 0.118832 0.992836 -0.012463
1.876474 -0.277849 0.629836 0.123990 0.992224 -0.010902
1.881880 -0.278361 0.649091 0.138368 0.990244 -0.016463
1.869700 -0.276456 0.656870 0.123035 0.992353 -0.009912
1.935192 -0.285198 0.718053 0.138982 0.990170 -0.015750
2.015771 -0.295973 0.792144 0.802212 0.591970 0.077640
2.303751 -0.335034 1.018549 0.478121 0.877490 0.037579
2.336683 -0.339188 1.066529 0.937900 0.208803 0.277030
2.324311 -0.337159 1.081822 0.959793 -0.096476 0.263611
2.320454 -0.336289 1.103647 -0.934088 0.152553 -0.322810
2.310054 -0.334531 1.120593 0.958116 0.274902 -0.080263
2.297915 -0.332540 1.136198 0.967071 0.254506 0.001141
2.281772 -0.330011 1.148518 0.494188 0.860636 -0.122815
2.292208 -0.331073 1.183000 0.557054 0.824100 -0.102713
2.302841 -0.332154 1.218476 0.598420 0.797740 -0.074184
2.303164 -0.331840 1.245792 0.555781 0.830531 0.036398
2.297146 -0.330672 1.267946 0.587704 0.805625 0.074652
2.287889 -0.329070 1.287429 0.404955 0.914315 -0.006316
2.282756 -0.328021 1.310931 0.497317 0.861283 0.104250
2.278736 -0.327120 1.335841 0.454396 0.881907 0.125556
2.280069 -0.326931 1.366363 0.447998 0.892708 0.048692
2.268914 -0.325076 1.385140 0.447573 0.894247 -0.001263
2.266619 -0.324400 1.413048 0.489150 0.865662 0.106595
2.262518 -0.323482 1.439630 0.498119 0.842613 0.204648
2.254599 -0.322057 1.462666 -0.489433 -0.872035 -0.003169
2.238911 -0.319608 1.477660 0.495785 0.866437 0.059024
2.207672 -0.315116 1.475521 0.393395 0.907402 0.147860
2.240820 -0.319095 1.545124 -0.435383 -0.899709 -0.031073
2.283137 -0.324254 1.627612 -0.172126 -0.982334 0.073430
2.278014 -0.323178 1.657307 -0.180440 -0.979374 0.090932
2.273071 -0.322124 1.687841 0.147655 0.983841 -0.101266
2.275217 -0.321991 1.727717 -0.170521 -0.977592 0.123438
2.273580 -0.321359 1.763931 -0.138313 -0.986127 0.091781
2.267049 -0.320089 1.794807 0.128291 0.986260 -0.104081
2.257610 -0.318440 1.822574 0.118761 0.989566 -0.081573
2.258512 -0.318125 1.864702 -0.096918 -0.992494 0.074584
2.262233 -0.318166 1.911876 -0.138564 -0.987019 0.081194
2.255830 -0.316898 1.946367 -0.141359 -0.987368 0.071566
2.250585 -0.315775 1.983384 0.133846 0.988395 -0.071833
2.224413 -0.311973 1.990897 -0.134965 -0.987707 0.078865
2.189904 -0.307118 1.985655 -0.152909 -0.988172 0.011637
2.162221 -0.303146 1.989919 -0.124485 -0.990304 0.061662
2.130292 -0.298645 1.987102 -0.123503 -0.992239 0.014481
2.098566 -0.294184 1.983835 -0.136043 -0.990433 0.023115
2.071739 -0.290354 1.987781 0.135002 0.990657 -0.019323
2.044969 -0.286542 1.991384 -0.173155 -0.984158 0.038095
2.023795 -0.283441 2.004124 -0.104928 -0.993399 0.046345
1.998040 -0.279774 2.008837 -0.137536 -0.989723 0.039145
1.977656 -0.276787 2.022825 0.135793 0.990578 -0.017738
1.949489 -0.272837 2.022569 0.141930 0.989477 -0.028125
1.924256 -0.269263 2.027240 0.159390 0.987215 -0.001037
1.895385 -0.265248 2.024508 -0.170045 -0.985403 0.008067
1.868035 -0.261434 2.024070 0.133831 0.990996 0.004001
1.840812 -0.257646 2.023281 0.154305 0.988005 0.005971
1.811997 -0.253676 2.018541 0.161634 0.986738 -0.014898
1.786757 -0.250153 2.020666 -0.130181 -0.991128 0.026793
1.761580 -0.246648 2.022485 -0.123058 -0.991886 0.031913
1.739282 -0.243501 2.030400 0.152039 0.987489 -0.041839
1.713782 -0.239975 2.030722 -0.126562 -0.991140 0.040298
1.691821 -0.236884 2.039037 -0.091293 -0.993734 0.064488
1.668662 -0.233657 2.044336 -0.120422 -0.992698 0.007008
1.645124 -0.230393 2.048444 0.126140 0.992007 0.003151
1.623716 -0.227389 2.057890 0.136181 0.990538 -0.016998
1.596692 -0.223732 2.052105 -0.146301 -0.989238 -0.002081
1.569541 -0.220073 2.045039 0.117589 0.992981 0.012743
1.548464 -0.217133 2.054643 -0.163229 -0.985203 0.052270
1.520655 -0.213421 2.044113 0.197394 0.980086 -0.021638
1.496194 -0.210109 2.042745 0.143806 0.989572 -0.008135
1.473607 -0.207021 2.046819 0.202010 0.979362 0.006542
1.449296 -0.203746 2.044897 -0.174980 -0.984309 0.022768
1.426196 -0.200617 2.046536 -0.150085 -0.987661 0.044730
1.403129 -0.197502 2.047917 0.147225 0.983444 -0.105655
1.380353 -0.194427 2.050007 0.157823 0.986478 -0.044189
1.358086 -0.191417 2.053784 0.143528 0.988905 -0.038305
1.336271 -0.188464 2.059263 0.190479 0.977242 -0.093357
1.312374 -0.185294 2.055745 0.121942 0.986314 -0.110975
1.290323 -0.182331 2.059766 0.147278 0.984908 -0.090911
1.268651 -0.179414 2.065508 -0.118897 -0.973125 0.197207
1.246910 -0.176497 2.071023 0.128526 0.971342 -0.199941
1.224917 -0.173560 2.075327 -0.107188 -0.991583 0.072621
1.202530 -0.170590 2.077430 -0.104315 -0.989578 0.099270
1.180307 -0.167645 2.080279 -0.038833 -0.994196 0.100335
1.158218 -0.164719 2.083880 -0.149118 -0.985815 0.077029
1.136092 -0.161797 2.087247 0.219389 0.975517 -0.015347
1.113931 -0.158878 2.090381 0.132192 0.989765 -0.053766
1.091738 -0.155963 2.093280 -0.073804 -0.994931 0.068304
1.069515 -0.153052 2.095945 0.148929 0.988788 -0.010895
1.047163 -0.150138 2.097381 0.051031 0.979098 -0.196883
1.024069 -0.147179 2.090613 -0.048361 -0.950717 0.306264
1.002038 -0.144306 2.094557 0.100589 0.918300 -0.382894
0.979589 -0.141415 2.093283 0.035388 0.931628 -0.361687
0.957732 -0.138559 2.100753 -0.114321 -0.937354 0.329087
0.935130 -0.135679 2.096011 0.105678 0.971583 -0.211796
0.913000 -0.132820 2.100020 -0.019212 -0.952001 0.305491
0.890709 -0.129965 2.100798 0.030988 0.950032 -0.310612
0.868371 -0.127122 2.099342 0.125330 0.958981 -0.254258
0.846087 -0.124283 2.099649 -0.094906 -0.949418 0.299330
0.823799 -0.121447 2.100721 0.136116 0.990068 -0.035181
0.801513 -0.118629 2.099558 -0.110594 -0.938268 0.327752
0.779006 -0.115733 2.109157 0.089270 0.982361 -0.164309
0.756881 -0.112989 2.100525 -0.012438 0.962584 -0.270696
0.734672 -0.110211 2.097658 0.069140 0.997385 0.021051
0.712354 -0.107410 2.097553 0.074562 0.960724 -0.267301
0.689327 -0.104469 2.108189 0.029140 0.998401 0.048434
0.666953 -0.101683 2.106607 0.092195 0.978919 0.182256
0.645270 -0.099035 2.096818 0.305024 0.933371 -0.189153
0.622541 -0.096193 2.099749 0.252643 0.955063 -0.155003
0.600676 -0.093516 2.093485 0.142885 0.982002 -0.123518
0.577994 -0.090702 2.094941 0.150776 0.947820 -0.280898
0.555759 -0.087973 2.092186 0.178063 0.977916 -0.109424
0.533417 -0.085233 2.090186 -0.103885 -0.988319 -0.111504
0.511378 -0.082550 2.085972 -0.163301 -0.973257 -0.161564
0.489237 -0.079856 2.082514 -0.144336 -0.988235 -0.050591
0.466799 -0.077123 2.080794 0.123965 0.988132 -0.090709
0.444889 -0.074479 2.075883 -0.164520 -0.985991 -0.027477
0.422853 -0.071822 2.071725 -0.128757 -0.991353 -0.025312
0.400269 -0.069088 2.070274 0.140559 0.989324 -0.038487
0.378708 -0.066516 2.063690 0.116558 0.993180 -0.002735
0.355711 -0.063737 2.063713 -0.137142 -0.990397 0.017470
0.332664 -0.060960 2.063480 0.095657 0.989183 -0.111209
0.311234 -0.058427 2.056198 0.103913 0.994233 -0.026509
0.287669 -0.055592 2.057409 -0.147883 -0.982143 0.116302
0.263246 -0.052644 2.061249 -0.150143 -0.979235 0.136224
0.238952 -0.049725 2.063840 -0.125078 -0.973661 0.190628
0.216766 -0.047116 2.058471 0.115992 0.975650 -0.186152
0.189153 -0.043750 2.071044 -0.105477 -0.993336 -0.046451
0.164191 -0.040771 2.073727 -0.094389 -0.995263 -0.023303
0.142490 -0.038255 2.065659 0.022932 0.999731 0.003583
0.117069 -0.035232 2.068732 -0.101637 -0.994674 -0.017139
0.091509 -0.032200 2.071499 0.092750 0.995636 0.010354
0.066488 -0.029253 2.072078 -0.084595 -0.996400 0.005479
0.042414 -0.026446 2.069551 0.096922 0.994820 -0.030653
0.020093 -0.023885 2.062084 0.102747 0.994536 -0.018465
-0.002159 -0.021340 2.054378 0.090278 0.994839 -0.046319
-0.028855 -0.018203 2.057535 0.117413 0.988249 -0.097869
-0.049922 -0.015833 2.046542 0.112137 0.992186 -0.054697
-0.075599 -0.012853 2.046340 -0.101747 -0.992394 0.069288
-0.096914 -0.010462 2.035785 -0.110942 -0.989702 0.090456
-0.125984 -0.007050 2.042271 0.110143 0.989484 -0.093759
-0.149780 -0.004347 2.036618 -0.107678 -0.989088 0.100554
-0.179629 -0.000856 2.043284 -0.125957 -0.990150 0.061134
-0.206627 0.002248 2.043285 -0.103128 -0.993432 0.049581
-0.236446 0.005711 2.048284 -0.110759 -0.991176 0.072823
-0.261872 0.008588 2.044029 -0.121335 -0.991509 0.046778
-0.288738 0.011644 2.042109 0.113045 0.992636 -0.043534
-0.309451 0.013892 2.028470 0.115841 0.990941 -0.067951
-0.335378 0.016808 2.024198 0.111958 0.991999 -0.058336
-0.359849 0.019528 2.017010 0.106544 0.991947 -0.068483
-0.385311 0.022367 2.011253 0.105242 0.986709 -0.123812
-0.416453 0.025925 2.014584 0.109111 0.989445 -0.095357
-0.445701 0.029229 2.014086 -0.150982 -0.981904 0.114316
-0.483071 0.033556 2.025847 0.111081 0.989435 -0.093165
-0.512156 0.036814 2.023640 -0.106244 -0.992675 0.057525
-0.542440 0.040213 2.022710 0.093873 0.995571 0.005146
-0.569497 0.043193 2.016412 -0.136875 -0.986986 0.084407
-0.597709 0.046309 2.011410 -0.112895 -0.990559 0.077767
-0.638647 0.051016 2.023948 -0.120183 -0.992719 0.008049
-0.674740 0.055098 2.028574 0.093967 0.995339 0.021682
-0.709903 0.059049 2.031061 -0.124531 -0.991671 -0.032883
-0.740472 0.062413 2.026669 0.077425 0.996195 0.040001
-0.766850 0.065244 2.016336 0.117335 0.992898 0.019642
-0.795040 0.068291 2.008022 0.128539 0.991247 0.030114
-0.824484 0.071485 2.000892 0.105678 0.993754 0.035858
-0.926920 0.077476 1.538556 -0.267741 -0.956035 -0.119632
-0.951293 0.079581 1.494061 0.251970 0.967566 0.018080
-0.952822 0.079357 1.462994 -0.274418 -0.960902 0.036897
-0.946240 0.078169 1.425705 0.288847 0.956608 -0.038323
-0.942943 0.077379 1.391862 -0.275284 -0.957910 0.081408
-0.946931 0.077460 1.364451 -0.252669 -0.959987 0.120760
-0.953687 0.077870 1.339562 0.178208 0.975396 -0.129785
-0.959328 0.078150 1.314084 0.204051 0.968198 -0.144763
-0.971021 0.079145 1.293399 0.225223 0.960622 -0.162724
-0.972023 0.078878 1.264994 0.309395 0.939336 -0.148062
-0.978306 0.079235 1.240763 0.335175 0.923955 -0.184298
-0.972852 0.078213 1.208573 0.388286 0.904569 -0.176035
-0.975151 0.078107 1.182249 -0.493104 -0.857284 0.148027
-0.975445 0.077768 1.154911 0.733564 0.652509 -0.190039
-0.979538 0.077876 1.130420 0.666421 0.733808 -0.131939
-0.980802 0.077655 1.104372 0.903095 0.294458 -0.312593
-0.991018 0.078479 1.084210 0.845116 0.452340 -0.284899
-1.005266 0.079771 1.066542 0.711557 0.648558 -0.270295
-1.005652 0.079451 1.040577 0.812748 0.528096 -0.246081
-1.015172 0.080192 1.020211 0.792987 0.600351 -0.103689
-1.018405 0.080205 0.996338 0.816021 0.577722 -0.018617
-1.022216 0.080286 0.972996 0.831605 0.554602 -0.029133
-1.025744 0.080336 0.949689 0.858173 0.484225 0.170487
-1.028109 0.080253 0.925959 0.969121 0.148178 0.197097
-1.029299 0.080037 0.901837 0.959157 0.138960 0.246390
-1.030191 0.079789 0.877797 0.968452 0.097670 0.229263
-1.031681 0.079611 0.854278 0.975571 -0.171857 0.136846
-1.031088 0.079198 0.829981 0.964249 -0.218753 0.149567
-1.040137 0.079888 0.810360 -0.001297 0.999984 0.005588
-1.038083 0.079312 0.785782 -0.129119 -0.991484 0.016975
-1.045760 0.079846 0.765694 0.138825 0.990088 -0.021308
-1.048640 0.079835 0.743607 0.139155 0.990025 -0.022069
-1.054949 0.080215 0.723055 0.138341 0.990170 -0.020606
-1.061961 0.080675 0.702823 0.138713 0.990140 -0.019558
-1.062260 0.080375 0.680031 0.134594 0.990722 -0.018835
-1.058565 0.079626 0.655928 0.132579 0.991023 -0.017201
-1.069544 0.080536 0.637379 0.136205 0.990523 -0.017663
-1.071893 0.080473 0.615730 0.133923 0.990836 -0.017553
-1.069287 0.079855 0.592520 0.130579 0.991317 -0.015509
-1.071136 0.079740 0.570976 0.130427 0.991320 -0.016550
-1.072744 0.079600 0.549464 0.131287 0.991208 -0.016447
-1.073161 0.079328 0.527699 0.134781 0.990716 -0.017773
-1.080972 0.079885 0.508212 0.134804 0.990659 -0.020552
-1.078052 0.079244 0.485682 0.141458 0.989723 -0.020931
-1.080634 0.079220 0.464819 0.141815 0.989624 -0.023061
-1.086844 0.079601 0.444950 0.147022 0.988882 -0.022284
-1.090917 0.079746 0.424532 0.153633 0.987879 -0.022160
-1.093808 0.079760 0.403857 0.156252 0.987489 -0.021218
-1.086775 0.078676 0.381006 0.158038 0.987238 -0.019610
-1.087258 0.078428 0.360005 0.160984 0.986800 -0.017599
-1.096286 0.079127 0.340807 0.161880 0.986666 -0.016887
-1.093404 0.078511 0.319234 0.161714 0.986709 -0.015958
-1.096155 0.078520 0.298818 0.164078 0.986325 -0.015526
-1.097711 0.078399 0.278219 0.149264 0.988603 -0.019611
-1.088247 0.077069 0.255922 0.131843 0.991034 -0.021638
-1.090333 0.077011 0.235596 0.127414 0.991521 -0.025512
-1.094177 0.077149 0.215528 0.119606 0.992399 -0.028960
-1.094853 0.076941 0.195039 0.113678 0.993004 -0.031940
-1.096301 0.076819 0.174679 0.107839 0.993360 -0.040094
-1.083692 0.075166 0.152872 0.105250 0.993842 -0.034663
-1.090638 0.075650 0.133209 0.098659 0.994706 -0.028739
-1.101346 0.076545 0.113751 -0.090849 -0.995532 0.025740
-1.094011 0.075478 0.092795 -0.095634 -0.995241 0.018702
-1.104311 0.076330 0.073116 -0.097882 -0.995132 0.011478
-1.104483 0.076084 0.052728 0.099741 0.994921 -0.013539
-1.100469 0.075387 0.032187 -0.105317 -0.994387 0.010166
-1.104188 0.075530 0.011983 -0.109099 -0.994006 0.007030
2.133756 -0.327746 -0.063109 0.159334 0.987049 -0.018639
2.141796 -0.328844 -0.055197 0.159334 0.987049 -0.018639
2.131966 -0.327182 -0.047141 0.159334 0.987049 -0.018639
2.128970 -0.326576 -0.039211 0.159334 0.987049 -0.018639
2.123917 -0.325653 -0.031390 0.159334 0.987049 -0.018639
2.140518 -0.328060 -0.022954 0.159334 0.987049 -0.018639
2.129375 -0.326200 -0.015376 0.159334 0.987049 -0.018639
2.128030 -0.325847 -0.007495 0.159334 0.987049 -0.018639
2.116739 -0.323970 -0.000280 0.159334 0.987049 -0.018639
2.114253 -0.323443 0.007370 0.159334 0.987049 -0.018639
2.114644 -0.323356 0.015228 0.159334 0.987049 -0.018639
2.111018 -0.322655 0.022718 0.159334 0.987049 -0.018639
2.098469 -0.320597 0.029185 -0.158948 -0.987114 0.018495
2.114344 -0.322865 0.038766 0.159153 0.987079 -0.018590
2.112445 -0.322427 0.046411 0.158998 0.987096 -0.018975
2.104592 -0.321085 0.053202 0.158911 0.987109 -0.019057
2.098636 -0.320033 0.060132 0.159158 0.987068 -0.019117
2.133623 -0.325177 0.073571 0.159168 0.987068 -0.019054
2.130395 -0.324533 0.081208 0.156668 0.987453 -0.019796
2.145578 -0.326666 0.092178 0.155232 0.987686 -0.019477
2.145078 -0.326429 0.100464 0.153882 0.987912 -0.018714
2.141583 -0.325742 0.108158 0.153710 0.987943 -0.018476
2.126408 -0.323300 0.113283 0.153826 0.987929 -0.018273
2.126649 -0.323176 0.121615 0.153146 0.988030 -0.018540
2.142200 -0.325345 0.133642 0.152285 0.988160 -0.018682
2.139340 -0.324753 0.141461 0.150253 0.988481 -0.018154
2.122994 -0.322146 0.145739 0.150253 0.988481 -0.018154
2.123834 -0.322109 0.154373 0.150253 0.988481 -0.018154
2.131243 -0.323050 0.164936 0.150253 0.988481 -0.018154
2.127121 -0.322271 0.172316 -0.148501 -0.988750 0.017907
2.128607 -0.322326 0.181372 -0.148501 -0.988750 0.017907
2.120552 -0.320964 0.187481 -0.148501 -0.988750 0.017907
2.125619 -0.321548 0.197787 -0.148501 -0.988750 0.017907
2.122118 -0.320863 0.205344 -0.146697 -0.989012 0.018329
2.120410 -0.320443 0.213514 -0.146697 -0.989012 0.018329
2.113023 -0.319017 0.228426 -0.146389 -0.989045 0.019007
2.061061 -0.308572 0.359816 0.139532 0.990043 -0.018606
2.065282 -0.309000 0.372186 0.138828 0.990151 -0.018120
2.071844 -0.309759 0.386273 0.140137 0.989973 -0.017728
2.059811 -0.307867 0.388734 0.139190 0.990088 -0.018776
2.060249 -0.307751 0.399172 0.140159 0.989970 -0.017758
2.041591 -0.304928 0.396917 0.139537 0.990026 -0.019457
2.050878 -0.306065 0.413459 0.140317 0.989940 -0.018180
2.079392 -0.309911 0.443963 0.139796 0.990005 -0.018612
2.077505 -0.309457 0.453651 0.139461 0.990048 -0.018856
2.067488 -0.307858 0.457466 0.139403 0.990053 -0.019013
2.069385 -0.307935 0.470080 0.138932 0.990119 -0.019031
2.065577 -0.307211 0.478551 0.140875 0.989874 -0.017403
2.082780 -0.309425 0.503568 0.983987 0.121050 0.130830
2.068519 -0.307237 0.504125 -0.141504 -0.989782 0.017533
2.065089 -0.306563 0.513263 -0.141554 -0.989773 0.017657
2.073745 -0.307569 0.532600 0.970978 -0.150487 0.185889
2.067713 -0.306532 0.539901 0.969479 -0.149552 0.194279
2.072094 -0.306937 0.556296 0.944933 -0.151516 0.290077
2.059877 -0.305045 0.558280 0.944933 -0.151516 0.290077
2.048430 -0.303265 0.560743 0.944933 -0.151516 0.290077
2.047935 -0.302995 0.573194 0.937401 -0.134758 0.321124
2.040760 -0.301807 0.579533 0.937401 -0.134758 0.321124
2.027813 -0.299831 0.580245 -0.140711 -0.989880 0.018369
2.027652 -0.299607 0.593359 -0.196515 -0.980478 -0.006729
2.034988 -0.300403 0.614324 0.922723 0.036280 0.383754
2.026724 -0.299070 0.619777 0.916357 0.059553 0.395909
2.019788 -0.297921 0.626574 0.891513 0.171876 0.419122
2.012782 -0.296764 0.633296 -0.260001 -0.964089 -0.054139
2.013077 -0.296594 0.648048 -0.227753 -0.973584 -0.016241
2.017772 -0.297013 0.668086 -0.407405 -0.910092 -0.075853
2.016882 -0.296676 0.682291 0.809378 0.521845 0.269415
2.001535 -0.294401 0.679887 -0.139566 -0.990080 0.016192
1.993976 -0.293174 0.686412 -0.297596 -0.953446 -0.048760
2.001496 -0.293957 0.711363 0.745274 0.642954 0.176571
1.996726 -0.293099 0.721774 0.745274 0.642954 0.176571
1.993653 -0.292466 0.734520 0.824881 0.543728 0.154699
1.982493 -0.290763 0.737003 0.719475 0.686139 0.107558
1.988111 -0.291274 0.761656 0.824881 0.543728 0.154699
1.980294 -0.290013 0.768836 0.780680 0.622364 0.056583
1.969484 -0.288362 0.771891 0.780680 0.622364 0.056583
1.977033 -0.289112 0.800909 0.801107 0.598395 0.012256
1.951829 -0.285589 0.783337 0.675531 0.737182 0.014849
1.956557 -0.285965 0.809191 0.736276 0.676617 0.009353
1.964098 -0.286696 0.840233 0.774046 0.620531 -0.125674
2.164707 -0.312298 1.172787 0.262298 -0.964929 -0.010535
2.173260 -0.313050 1.214795 -0.223091 0.974790 -0.003913
2.191466 -0.315021 1.274120 0.156817 -0.983846 0.086350
2.205448 -0.316430 1.328826 0.050046 0.998141 -0.034777
2.196701 -0.314928 1.346934 -0.112088 0.987706 -0.108960
2.177267 -0.312072 1.346811 -0.188304 0.981872 -0.021674
2.169109 -0.310647 1.366478 -0.244654 0.967893 -0.057695
2.183536 -0.312056 1.428206 -0.078505 -0.996343 -0.033718
2.179915 -0.311181 1.458646 -0.105983 -0.993435 -0.043071
2.161980 -0.308517 1.462568 -0.066158 0.997667 0.016817
2.152596 -0.306920 1.483214 -0.093203 0.995301 -0.026247
2.165775 -0.308104 1.550421 0.140983 0.989540 0.030563
2.162120 -0.307191 1.585641 0.217982 0.973831 0.064323
2.148958 -0.305106 1.601947 0.193223 0.980653 0.031394
2.152043 -0.304995 1.654535 -0.206345 -0.978448 0.007791
2.149686 -0.304206 1.697310 -0.196595 -0.980398 0.013024
2.139046 -0.302405 1.722773 0.226402 0.974027 -0.003732
2.140635 -0.302061 1.778631 0.189168 0.981266 -0.036494
2.138525 -0.301254 1.828227 0.184440 0.980965 -0.060741
2.131089 -0.299798 1.866812 0.151351 0.986321 -0.065291
2.126842 -0.298702 1.915713 -0.156239 -0.986437 0.050316
2.121661 -0.297478 1.964728 -0.137531 -0.989565 0.042959
2.118565 -0.296474 2.022314 -0.117284 -0.986389 0.115242
2.095119 -0.293112 2.024314 -0.134505 -0.987809 0.078363
2.073293 -0.289944 2.030786 0.144541 0.987567 -0.061796
2.051409 -0.286777 2.037024 0.128412 0.989179 -0.070958
2.024430 -0.283049 2.026801 0.119238 0.992081 -0.039470
2.003181 -0.279971 2.034431 0.124819 0.987041 -0.100845
1.980182 -0.276709 2.036076 0.130057 0.987897 -0.084524
1.959084 -0.273661 2.044207 -0.125827 -0.987428 0.095673
1.933774 -0.270170 2.036662 -0.109943 -0.991591 0.068259
1.912629 -0.267134 2.044314 0.105447 0.992607 -0.060109
1.890675 -0.264018 2.048832 0.124464 0.991328 -0.042162
1.868458 -0.260883 2.052142 -0.127612 -0.988524 0.080845
1.846660 -0.257799 2.057165 0.139166 0.985160 -0.100458
1.824809 -0.254715 2.061957 -0.141810 -0.967807 0.207939
1.802713 -0.251615 2.065537 0.111413 0.981705 -0.154409
1.780776 -0.248537 2.069864 -0.123080 -0.974451 0.187874
1.758970 -0.245477 2.074943 -0.158820 -0.976142 0.148062
1.735942 -0.242316 2.072890 0.140333 0.979729 -0.142960
1.713152 -0.239188 2.071573 -0.129949 -0.978169 0.162165
1.691442 -0.236160 2.076931 0.160094 0.974958 -0.154362
1.668174 -0.233017 2.071165 -0.100394 -0.987873 0.118436
1.647673 -0.230088 2.085976 -0.106395 -0.962282 0.250388
1.624839 -0.226998 2.082703 0.115166 0.972175 -0.203990
1.603035 -0.223982 2.088133 -0.173392 -0.962377 0.209205
1.580864 -0.220950 2.090349 0.142175 0.952554 -0.269122
1.558670 -0.217924 2.092331 0.059283 0.976743 -0.206054
1.536747 -0.214910 2.098067 0.141768 0.966005 -0.216187
1.514098 -0.211888 2.093594 -0.123485 -0.957537 0.260526
1.491818 -0.208884 2.093872 -0.140753 -0.933674 0.329306
1.469713 -0.205880 2.097910 -0.153937 -0.964807 0.213191
1.447441 -0.202886 2.098718 0.131707 0.976706 -0.169408
1.425119 -0.199910 2.097290 0.088087 0.938027 -0.335179
1.402853 -0.196934 2.097627 0.108280 0.961986 -0.250718
1.380584 -0.193966 2.097728 -0.044405 -0.966682 0.252100
1.358194 -0.190895 2.109593 0.130312 0.968439 -0.212473
1.335984 -0.188025 2.100224 0.185156 0.957873 -0.219537
1.313750 -0.185104 2.097620 0.128397 0.983685 -0.126010
1.291523 -0.182184 2.095782 0.156938 0.986369 -0.049468
1.269222 -0.179247 2.095707 0.164887 0.985485 -0.040401
1.246850 -0.176302 2.096393 0.143476 0.989461 0.019546
1.224089 -0.173273 2.101828 0.176414 0.983407 -0.042301
1.202107 -0.170445 2.096056 0.123524 0.992342 -0.000036
1.179856 -0.167557 2.094039 0.095897 0.995126 0.022969
1.157212 -0.164594 2.095764 -0.066777 -0.991326 0.113198
1.134964 -0.161723 2.093272 0.150089 0.987945 -0.037925
1.112989 -0.158913 2.088562 0.093911 0.995164 -0.028793
1.090144 -0.155942 2.090557 -0.029710 -0.998352 0.049098
1.068239 -0.153158 2.085380 0.048865 0.968999 -0.242186
1.045945 -0.150308 2.082937 0.124979 0.974331 -0.187244
1.023830 -0.147498 2.079272 -0.169061 -0.973479 0.154134
1.000877 -0.144547 2.080294 -0.112318 -0.965969 0.232999
0.978049 -0.141629 2.080082 0.057013 0.998150 -0.021109
0.955573 -0.138781 2.077661 0.193718 0.971232 -0.138497
0.932691 -0.135874 2.076955 -0.232089 -0.969923 0.073376
0.908912 -0.132827 2.079902 0.140339 0.990045 0.010743
0.884795 -0.129737 2.083552 0.125754 0.989492 -0.071349
0.862203 -0.126910 2.080128 -0.157232 -0.981235 0.111608
0.837903 -0.123815 2.083240 0.080620 0.996290 0.030118
0.812967 -0.120632 2.088003 -0.232394 -0.966863 0.105687
0.787606 -0.117395 2.093436 0.103660 0.994483 0.016052
0.765385 -0.114667 2.087044 -0.108430 -0.992265 0.060441
0.741512 -0.111687 2.086162 -0.229802 -0.973172 -0.011268
0.717886 -0.108756 2.084055 0.257840 0.965074 -0.046381
0.691171 -0.105361 2.091192 -0.153829 -0.981681 0.112423
0.666130 -0.102236 2.092311 0.073697 -0.997143 0.016558
0.644573 -0.099652 2.082751 0.150643 0.984475 0.090090
0.620786 -0.096737 2.079555 -0.137474 -0.990327 -0.018795
0.595602 -0.093621 2.079838 -0.041853 -0.997060 -0.064179
0.570329 -0.090504 2.079823 -0.111067 -0.982517 -0.149412
0.546427 -0.087602 2.075789 -0.074730 -0.987956 -0.135490
0.522894 -0.084763 2.070558 -0.126556 -0.991952 -0.003719
0.496305 -0.081484 2.072436 0.196774 0.980055 -0.027767
0.465253 -0.077566 2.084076 0.056450 0.997786 0.035172
0.439907 -0.074496 2.081592 -0.167669 -0.982505 0.081059
0.409974 -0.070772 2.088806 0.017616 -0.998375 -0.054189
0.384851 -0.067757 2.084765 0.108534 0.981850 -0.155533
0.357980 -0.064502 2.084027 0.236784 0.967710 -0.086428
0.333657 -0.061622 2.077583 0.218377 0.968215 -0.121945
0.310256 -0.058882 2.069078 -0.190280 -0.968920 0.158071
0.283701 -0.055702 2.066514 0.155649 0.971192 -0.180443
0.261765 -0.053186 2.054811 0.123373 0.959065 -0.254900
0.229445 -0.049215 2.062150 -0.079485 -0.979283 0.186243
0.204148 -0.046245 2.055972 0.174926 0.975199 -0.135601
0.170427 -0.042106 2.064209 0.086543 0.995410 -0.040851
0.139938 -0.038435 2.065940 0.026415 0.999113 0.032791
0.108252 -0.034612 2.068968 -0.085429 -0.996090 -0.022496
0.081592 -0.031499 2.063062 0.088029 0.995933 0.019176
0.052789 -0.028100 2.060201 -0.097100 -0.992215 -0.077979
0.021742 -0.024405 2.060316 0.098918 0.994901 -0.019663
-0.010550 -0.020553 2.061672 0.118252 0.990507 -0.070085
-0.043578 -0.016614 2.063404 -0.118452 -0.991119 0.060438
-0.081321 -0.012047 2.071235 -0.107680 -0.993573 0.034901
-0.111342 -0.008548 2.067092 0.101027 0.994333 -0.033095
-0.139689 -0.005288 2.060120 0.106160 0.992876 -0.054105
-0.167463 -0.002115 2.051980 -0.104399 -0.992414 0.064928
-0.200033 0.001693 2.049855 0.096306 0.993948 -0.052847
-0.227865 0.004852 2.040953 -0.099359 -0.992266 0.074409
-0.267391 0.009567 2.046578 0.132321 0.990158 -0.045583
-0.806427 0.071942 2.020255 -0.135811 -0.988999 -0.058621
-0.899189 0.082639 2.019135 -0.078368 -0.996012 -0.042634
-0.949633 0.088482 2.020749 0.086046 0.995371 0.042811
-0.992098 0.093281 2.014339 0.068249 0.997332 0.025893
-1.036200 0.098273 2.008550 0.120370 0.992726 -0.002555
-1.093439 0.104926 2.012886 -0.092343 -0.995550 0.018782
-1.141006 0.110323 2.008062 0.122663 0.992297 -0.017310
-1.198076 0.116911 2.009908 0.101965 0.993546 -0.049704
-1.246834 0.122420 2.004036 0.104024 0.991970 -0.071934
-1.300494 0.128532 2.000986 0.142299 0.989445 -0.027383
-1.356768 0.134953 1.998814 0.142875 0.988940 0.039805
-1.416500 0.141789 1.998029 0.073896 0.996670 -0.034462
-1.478133 0.148841 1.997365 0.072462 0.993379 -0.089152
-1.546575 0.156725 2.000186 0.080282 0.990365 -0.112835
-1.609642 0.163907 1.997853 0.115149 0.985723 -0.122842
-1.674633 0.171306 1.995519 0.151103 0.980765 -0.123563
-1.740732 0.178818 1.992581 0.115894 0.983674 -0.137672
-1.809618 0.186653 1.990078 0.119914 0.983780 -0.133407
-1.876261 0.194182 1.984763 0.132605 0.981982 -0.134639
-1.951631 0.202770 1.983443 0.119629 0.988275 -0.094877
-2.026473 0.211265 1.980245 0.098155 0.991680 -0.083287
-2.100752 0.219661 1.975189 0.072605 0.991404 -0.108843
-2.178755 0.228490 1.970750 0.100316 0.984128 -0.146388
-2.270092 0.238934 1.972108 0.107694 0.981945 -0.155517
-2.354845 0.248533 1.967981 0.090560 0.987569 -0.128478
-2.457503 0.260300 1.971546 0.089439 0.983250 -0.158806
-2.555334 0.271436 1.970441 0.113362 0.976248 -0.184630
-2.658003 0.283128 1.969715 0.173643 0.967632 -0.183130
-2.760191 0.294723 1.966607 0.173509 0.969714 -0.171898
-2.966953 0.319036 2.010924 0.119738 0.976597 -0.178667
-3.091129 0.333210 2.012403 0.106153 0.978179 -0.178601
-3.229411 0.349054 2.017584 0.108293 0.978426 -0.175942
-3.367373 0.364806 2.019673 0.112205 0.978274 -0.174330
-3.515029 0.381683 2.022950 0.145343 0.975582 -0.164664
-3.680731 0.400687 2.030511 0.140038 0.983420 -0.115215
-3.831425 0.417818 2.028546 0.095586 0.988670 -0.115737
-4.019703 0.439424 2.037954 0.064131 0.992551 -0.103580
-4.210598 0.461275 2.044312 0.096194 0.984497 -0.146669
-4.387259 0.481348 2.041453 0.125979 0.986626 -0.103435
-4.510074 0.494903 2.016034 0.108277 0.991671 -0.069753
-4.512522 0.494014 1.947454 0.104639 0.993494 -0.044951
-4.535912 0.495634 1.886155 0.093306 0.995270 -0.027046
-4.517927 0.492320 1.811734 0.090831 0.995761 -0.014479
-4.530416 0.492650 1.747440 0.092633 0.995694 -0.003661
-4.532680 0.491769 1.680301 0.092633 0.995694 -0.003661
-4.538021 0.491261 1.614390 -0.122465 -0.990651 0.060102
-4.555111 0.492153 1.551921 0.136204 0.986594 -0.089891
-4.550388 0.490466 1.483810 -0.214166 -0.969699 0.117548
-4.555510 0.489952 1.418598 0.316790 0.939408 -0.130985
-4.556057 0.488906 1.352537 0.328002 0.934114 -0.140875
-4.571391 0.489609 1.290116 0.318794 0.932980 -0.167087
-4.572475 0.488640 1.224619 0.338254 0.926106 -0.167068
-4.582586 0.488739 1.161224 -0.334413 -0.910237 0.244208
-4.589104 0.488422 1.097196 0.345548 0.888811 -0.301017
-4.578325 0.486088 1.030159 -0.324851 -0.922610 0.207998
-4.592270 0.486654 0.967809 0.331779 0.923508 -0.192497
-4.596741 0.486120 0.903880 0.322314 0.944564 -0.062557
-4.324413 0.453348 0.798961 -0.072411 0.992901 0.094359
-4.239530 0.442482 0.725925 -0.259230 0.921431 0.289422
-4.267092 0.444714 0.669171 -0.318273 0.905634 0.280231
-4.252643 0.442072 0.607101 0.413244 -0.846780 -0.334952
-4.295811 0.446116 0.551577 0.445367 -0.842849 -0.302082
-4.232617 0.437855 0.485161 0.404047 -0.882152 -0.241979
-4.342893 0.449654 0.434851 0.398312 -0.718012 -0.570794
-4.300154 0.443781 0.371016 -0.351558 0.839932 0.413426
-4.263657 0.438649 0.308576 -0.399787 0.697310 0.594919
-4.296925 0.441560 0.250662 0.310606 -0.650449 -0.693137
-4.326625 0.444058 0.191963 -0.270757 0.647464 0.712377
-4.298130 0.439883 0.130856 0.345414 0.278588 -0.896146
2.390019 -0.361540 -0.085422 -0.291105 -0.144775 0.945673
2.450620 -0.370590 -0.072752 0.030456 -0.190961 0.981125
2.819536 -0.426574 -0.060316 0.208134 0.966280 -0.151601
2.838350 -0.429183 -0.042059 0.179156 0.973404 -0.142788
2.830284 -0.427698 -0.023839 -0.170932 -0.974471 0.145560
2.833891 -0.427987 -0.005471 -0.161167 -0.980718 0.110533
2.840270 -0.428693 0.013087 0.154197 0.986171 -0.060752
2.841517 -0.428617 0.031547 0.151926 0.988228 -0.018001
2.843559 -0.428660 0.050097 0.152068 0.988207 -0.017942
2.847380 -0.428970 0.068835 -0.150122 -0.988540 0.015848
2.846075 -0.428502 0.087271 0.150690 0.988459 -0.015524
2.863291 -0.430829 0.107387 0.152105 0.988247 -0.015261
2.853716 -0.429109 0.125191 0.149245 0.988702 -0.013954
2.864605 -0.430472 0.145120 0.154651 0.987861 -0.014602
2.866437 -0.430468 0.164214 0.154722 0.987787 -0.018358
2.862184 -0.429547 0.182583 0.154620 0.987803 -0.018403
2.861660 -0.429186 0.201449 0.154492 0.987822 -0.018437
2.859960 -0.428647 0.220177 -0.153803 -0.987929 0.018452
2.853186 -0.427347 0.238087 0.152239 0.988188 -0.017552
2.865717 -0.428936 0.259326 -0.155478 -0.987693 0.017027
2.870220 -0.429319 0.279402 -0.147398 -0.988881 0.019730
2.875471 -0.429811 0.299798 -0.146769 -0.988984 0.019209
2.866933 -0.428244 0.317498 -0.145281 -0.989230 0.017814
2.869819 -0.428379 0.337615 -0.145344 -0.989229 0.017359
2.864769 -0.427332 0.356044 0.144295 0.989409 -0.015799
2.860492 -0.426399 0.374642 0.144302 0.989418 -0.015133
2.856022 -0.425437 0.393193 0.144308 0.989426 -0.014529
2.852318 -0.424589 0.411949 -0.146169 -0.989177 0.012823
2.846509 -0.423429 0.430146 0.145921 0.989223 -0.012047
2.841465 -0.422383 0.448544 0.151740 0.988335 -0.012999
2.837180 -0.421449 0.467172 0.152830 0.988163 -0.013277
2.841208 -0.421743 0.488412 0.146065 0.989143 -0.016134
2.843101 -0.421718 0.509184 0.145921 0.989175 -0.015462
2.842874 -0.421380 0.529426 0.146073 0.989161 -0.014946
2.845226 -0.421419 0.550696 0.143017 0.989611 -0.014673
2.855720 -0.422652 0.575084 -0.112932 -0.993471 0.016190
2.855679 -0.422334 0.595976 0.135372 0.990666 -0.015963
2.858173 -0.422386 0.617996 0.122808 0.992297 -0.016286
2.859480 -0.422262 0.639774 0.122747 0.992307 -0.016127
2.860527 -0.422097 0.661653 0.123521 0.992215 -0.015898
2.857656 -0.421359 0.682096 0.073879 0.997164 0.014347
2.855464 -0.420720 0.702949 -0.081169 -0.996671 -0.007609
2.855749 -0.420440 0.725040 -0.083083 -0.996534 -0.004065
2.848553 -0.419071 0.743926 -0.079179 -0.996313 -0.033026
2.845644 -0.418325 0.764849 -0.085125 -0.994775 -0.056369
2.836241 -0.416637 0.782782 -0.083710 -0.995468 -0.045122
2.831989 -0.415697 0.803245 0.178094 0.979892 0.089972
2.820429 -0.413700 0.820113 0.186668 0.978800 0.084288
2.789362 -0.408886 0.826735 -0.193759 -0.977529 -0.083038
2.817820 -0.412674 0.864626 -0.269298 0.961406 0.056371
2.828281 -0.413855 0.893666 0.227460 -0.970124 -0.084390
2.821895 -0.412605 0.913782 0.259167 -0.961113 -0.095364
2.817000 -0.411571 0.934856 -0.049900 0.995450 0.081172
2.821256 -0.411850 0.961483 -0.020826 0.998328 0.053925
2.828544 -0.412561 0.990361 0.068747 -0.997234 -0.028248
2.825293 -0.411758 1.013230 0.003036 0.999815 0.019009
2.815047 -0.409955 1.031891 0.045944 0.998105 -0.040923
2.813765 -0.409433 1.056395 0.099290 0.993160 -0.061438
2.808853 -0.408393 1.078793 -0.120463 -0.987651 0.100168
2.805306 -0.407547 1.102322 -0.161910 -0.984170 0.072077
2.802273 -0.406774 1.126465 0.150771 0.988110 -0.030105
2.818364 -0.408715 1.164471 -0.188170 -0.982085 0.010093
2.813751 -0.407713 1.188353 -0.152106 -0.985803 0.071102
2.809629 -0.406780 1.212860 -0.256306 -0.966424 -0.018215
2.799642 -0.405017 1.233211 -0.231351 -0.972583 -0.023638
2.798060 -0.404443 1.260186 -0.213690 -0.976163 -0.037966
2.782078 -0.401838 1.276157 0.290232 0.956361 -0.033757
2.716495 -0.392256 1.251913 -0.559842 -0.828548 -0.009233
2.802550 -0.404009 1.351223 0.238210 0.970653 -0.032996
2.803155 -0.403733 1.381918 0.143844 0.988889 -0.037508
2.795778 -0.402336 1.406281 -0.154906 -0.986692 0.049423
2.785096 -0.400478 1.428014 -0.151647 -0.986406 0.063294
2.787457 -0.400444 1.461655 0.195443 0.980671 0.009267
2.790768 -0.400538 1.496851 -0.227095 -0.973860 -0.004852
2.797159 -0.401057 1.535684 0.175522 0.984292 -0.019015
2.795026 -0.400385 1.567246 0.153572 0.987468 -0.036371
2.788866 -0.399153 1.595454 0.162801 0.986498 -0.017833
2.778784 -0.397377 1.620190 0.172979 0.984662 -0.022789
2.780914 -0.397292 1.657687 0.171556 0.984249 -0.042681
2.785895 -0.397596 1.699000 0.148728 0.988627 -0.022271
2.782700 -0.396768 1.732622 0.152275 0.988326 -0.004970
2.778990 -0.395867 1.766365 0.145715 0.988827 -0.031426
2.779430 -0.395534 1.805401 0.153710 0.988022 -0.013604
2.789786 -0.396558 1.856588 -0.116267 -0.989551 0.085274
2.782981 -0.395223 1.889353 0.119773 0.984112 -0.131061
2.742863 -0.389334 1.883398 -0.150598 -0.982437 0.110170
2.709409 -0.384370 1.884482 0.146085 0.984197 -0.100079
2.672973 -0.379012 1.881203 0.139474 0.984751 -0.103981
2.645454 -0.374881 1.888292 0.134415 0.985394 -0.104558
2.619182 -0.370928 1.896587 0.123280 0.983148 -0.134989
2.592907 -0.366983 1.904538 0.172637 0.975993 -0.132797
2.561276 -0.362323 1.904951 0.105425 0.987034 -0.121038
2.528626 -0.357538 1.903298 -0.142463 -0.976525 0.161563
2.497327 -0.352947 1.902795 0.122713 0.978024 -0.168553
2.469612 -0.348850 1.906755 -0.118659 -0.979650 0.161880
2.446459 -0.345374 1.916936 0.127967 0.979549 -0.155268
2.420479 -0.341527 1.922693 0.146567 0.978970 -0.141901
2.396158 -0.337911 1.930623 0.132257 0.981933 -0.135333
2.372887 -0.334443 1.939939 0.136608 0.985221 -0.103330
2.348510 -0.330836 1.947286 -0.135251 -0.985830 0.099233
2.319974 -0.326685 1.947515 0.141322 0.987273 -0.072938
2.294116 -0.322900 1.951651 -0.141334 -0.985944 0.089102
2.261300 -0.318204 1.943373 -0.119413 -0.989135 0.085749
2.235664 -0.314469 1.946783 -0.131783 -0.987900 0.081767
2.209601 -0.310686 1.948997 0.153950 0.984531 -0.083660
2.187400 -0.307420 1.957909 0.122061 0.990554 -0.062486
2.161886 -0.303727 1.960386 0.130388 0.990389 -0.046129
2.138257 -0.300289 1.966098 -0.159288 -0.985750 0.054071
2.112397 -0.296570 1.967064 -0.145521 -0.989072 0.023651
2.091866 -0.293551 1.978482 0.152323 0.988126 -0.020128
2.069071 -0.290246 1.985174 -0.136387 -0.990253 0.028252
2.045410 -0.286837 1.989793 0.160608 0.986115 -0.042221
2.020533 -0.283279 1.991401 0.139610 0.990154 0.010197
1.995326 -0.279688 1.991792 -0.138405 -0.990336 -0.008816
1.970599 -0.276168 1.992794 -0.144566 -0.989339 0.017564
1.948606 -0.273006 1.999965 -0.109275 -0.993756 0.022529
1.920637 -0.269092 1.992051 -0.143734 -0.989615 0.001360
1.899772 -0.266089 2.001474 -0.139510 -0.990023 0.019793
1.877748 -0.262947 2.007873 -0.148412 -0.988921 0.003148
1.851243 -0.259248 2.001823 -0.140502 -0.989728 0.026426
1.826935 -0.255836 2.001096 0.149984 0.988334 -0.026462
1.804974 -0.252726 2.006704 0.127749 0.991297 -0.031800
1.782974 -0.249618 2.012073 0.090981 0.995709 0.016930
1.760033 -0.246401 2.014344 -0.137570 -0.990303 -0.019327
1.737994 -0.243303 2.019225 -0.148422 -0.988104 0.040267
1.715925 -0.240209 2.023866 0.133057 0.990629 -0.030805
1.693827 -0.237119 2.028268 0.163341 0.986409 -0.017808
1.672228 -0.234096 2.034359 -0.134570 -0.990272 0.035392
1.650314 -0.231042 2.039255 0.152715 0.988257 -0.005082
1.627149 -0.227845 2.039066 0.154983 0.987746 0.018378
1.605439 -0.224830 2.044453 -0.128774 -0.991481 0.019576
1.583895 -0.221841 2.050584 0.106782 0.993374 -0.042487
1.561854 -0.218801 2.054535 -0.102270 -0.993268 0.054398
1.539782 -0.215763 2.058251 0.160520 0.986299 -0.038059
1.517107 -0.212664 2.058788 0.153111 0.988170 -0.008795
1.496643 -0.209824 2.070876 -0.134827 -0.990577 0.024072
1.472894 -0.206619 2.065031 0.140039 0.990049 0.013880
1.452041 -0.203745 2.075694 0.130683 0.991226 -0.019840
1.429802 -0.200723 2.078239 0.127222 0.988310 -0.084017
1.407827 -0.197737 2.082528 -0.093320 -0.991234 0.093522
1.384887 -0.194656 2.079646 0.051077 0.995271 -0.082630
1.363596 -0.191753 2.089419 -0.151980 -0.975649 0.158148
1.340709 -0.188695 2.086055 0.108589 0.988480 -0.105436
1.318514 -0.185714 2.088412 -0.027959 -0.996780 0.075153
1.296738 -0.182777 2.095515 0.143698 0.988664 -0.043517
1.274445 -0.179798 2.097408 0.169522 0.981496 -0.089043
1.251384 -0.176767 2.088091 0.126974 0.991805 0.014123
1.229226 -0.173817 2.090503 0.107560 0.993910 -0.023944
1.206985 -0.170868 2.091683 0.089606 0.995976 0.001269
1.184733 -0.167925 2.092628 0.117046 0.992420 0.037444
1.162524 -0.164988 2.095337 0.074510 0.989339 -0.125126
1.140364 -0.162043 2.103811 0.128837 0.976003 -0.175556
1.117934 -0.159133 2.095052 0.328670 0.943730 -0.036735
1.095607 -0.156177 2.104057 0.157518 0.985616 0.061231
1.073227 -0.153255 2.103825 0.154670 0.940828 0.301528
1.051103 -0.150412 2.093361 0.190202 0.938262 -0.288943
1.028478 -0.147437 2.102653 0.204602 0.965935 -0.158453
1.006114 -0.144540 2.101713 0.122876 0.897635 -0.423266
0.983760 -0.141652 2.100537 0.059661 0.873749 -0.482704
0.961418 -0.138774 2.099125 -0.114321 -0.937354 0.329087
0.939091 -0.135905 2.097477 0.202080 0.934899 -0.291765
0.916781 -0.133045 2.095594 0.169921 0.932475 -0.318776
0.894394 -0.130180 2.094470 0.197322 0.900454 -0.387617
0.872008 -0.127322 2.093110 0.197699 0.970602 -0.137283
0.849863 -0.124511 2.089526 0.175664 0.981193 -0.080015
0.827508 -0.121672 2.087693 -0.179798 -0.982011 0.057672
0.805580 -0.118907 2.082652 -0.161874 -0.984694 0.064611
0.783127 -0.116067 2.081338 0.198551 0.977430 -0.072170
0.759391 -0.113040 2.087679 -0.062584 -0.996141 0.061536
0.737186 -0.110255 2.083900 0.152265 0.987963 -0.027269
0.714300 -0.107375 2.083820 0.118282 0.990474 -0.070497
0.692135 -0.104609 2.079566 -0.165954 -0.984808 0.051103
0.669613 -0.101799 2.077036 0.149026 0.987229 0.056303
0.645624 -0.098782 2.081105 0.183330 0.980810 0.066349
0.621281 -0.095725 2.085874 -0.129186 -0.990980 -0.035628
0.597019 -0.092690 2.089390 0.057147 0.990144 0.127864
0.574798 -0.089955 2.083898 0.120767 0.984752 0.125214
0.547865 -0.086560 2.096552 -0.023857 0.988862 -0.146912
0.522960 -0.083464 2.100187 -0.023094 -0.990136 0.138194
0.499273 -0.080549 2.098723 -0.000143 -0.996797 0.079979
0.472741 -0.077245 2.106583 -0.062096 0.994190 0.087921
0.449470 -0.074406 2.102646 0.157153 0.979425 0.126608
0.426813 -0.071660 2.096550 -0.131708 -0.971624 -0.196467
0.402966 -0.068756 2.094010 0.253489 0.950201 0.181278
0.377174 -0.065593 2.096880 0.189080 0.964393 0.184917
0.354548 -0.062873 2.090011 0.093903 0.995096 0.031069
0.329602 -0.059844 2.089476 0.090286 0.994923 0.044459
0.307035 -0.057147 2.082099 0.150840 0.982063 -0.113134
0.279499 -0.053784 2.087527 -0.101008 -0.993912 -0.043995
0.255456 -0.050904 2.083326 0.143032 0.989546 -0.018456
0.225724 -0.047266 2.092713 -0.105362 -0.994237 -0.019779
0.197646 -0.043862 2.097104 -0.138169 -0.988941 -0.053891
0.167788 -0.040232 2.104800 0.110263 0.993199 0.037387
0.143376 -0.037339 2.099339 -0.121056 -0.992578 -0.011630
0.115221 -0.033956 2.101763 0.112000 0.992670 0.045414
0.092879 -0.031354 2.091190 0.088971 0.995925 -0.014759
0.065418 -0.028082 2.091160 0.124329 0.992199 -0.009181
0.044079 -0.025627 2.078275 0.121159 0.991847 -0.039499
0.019711 -0.022778 2.071398 0.121128 0.990754 -0.061115
-0.011586 -0.019029 2.077498 -0.119641 -0.991867 0.043418
-0.040765 -0.015569 2.078775 -0.117437 -0.992187 0.042105
-0.074430 -0.011533 2.087534 -0.113892 -0.993486 0.003637
-0.101038 -0.008430 2.082782 0.115958 0.993109 -0.016978
-0.132678 -0.004681 2.086338 -0.114549 -0.993394 -0.006886
-0.159943 -0.001511 2.081736 -0.107538 -0.994138 0.011192
-0.189320 0.001924 2.080203 -0.110213 -0.993842 0.011500
-0.226179 0.006314 2.090147 -0.104317 -0.994434 -0.014772
-0.256424 0.009838 2.088602 0.105646 0.994404 0.000508
-0.294403 0.014346 2.098357 -0.116908 -0.992932 -0.020448
-0.327204 0.018175 2.099241 0.103992 0.993935 0.035748
-0.359055 0.021872 2.098019 0.094404 0.994701 0.040725
-0.383056 0.024556 2.084902 -0.101601 -0.994549 -0.023437
-0.412154 0.027882 2.078826 -0.126566 -0.991741 -0.020760
-0.440114 0.031055 2.070758 -0.123349 -0.992332 -0.007863
-0.479980 0.035730 2.078332 -0.082915 -0.996182 -0.027311
-1.155515 0.112881 2.066929 0.118468 0.992954 -0.002693
-1.203143 0.118276 2.066536 0.161672 0.978748 -0.126156
-1.241380 0.122503 2.056716 0.132018 0.984358 -0.116665
-1.293123 0.128375 2.058161 0.113367 0.983075 -0.143917
-1.346660 0.134449 2.060044 0.122667 0.980198 -0.155447
-1.395931 0.139985 2.057175 0.071254 0.987257 -0.142291
-1.444642 0.145438 2.052864 0.110610 0.985682 -0.127265
-1.497408 0.151371 2.050884 0.118835 0.987720 -0.101430
-1.550411 0.157315 2.048020 0.097357 0.992501 -0.073914
-1.606787 0.163654 2.046704 0.123269 0.987453 -0.098694
-1.659457 0.169525 2.041423 0.146517 0.980144 -0.133608
-1.728309 0.177340 2.047109 0.120012 0.984088 -0.131024
-1.790325 0.184307 2.046314 0.152121 0.979297 -0.133555
-1.853446 0.191389 2.045015 0.117774 0.982024 -0.147509
-1.916036 0.198388 2.042046 0.131937 0.981216 -0.140739
-1.997010 0.207579 2.050265 0.113646 0.988534 -0.099420
-2.058572 0.214415 2.043816 0.111279 0.986074 -0.123592
-2.012594 0.208338 1.966547 0.100623 0.991285 -0.085027
-1.997312 0.205957 1.910694 -0.104653 -0.994132 0.027360
-2.020991 0.208243 1.879968 0.076123 0.997024 0.012216
-2.005191 0.205812 1.825314 0.167379 0.974537 -0.149204
-2.022025 0.207282 1.790904 -0.145552 -0.975825 0.163036
-2.021240 0.206652 1.746428 -0.149506 -0.973477 0.173179
-2.021609 0.206163 1.703146 0.230911 0.946711 -0.224542
-2.031892 0.206855 1.665788 0.242428 0.939023 -0.243853
-2.034722 0.206664 1.624659 0.262232 0.949952 -0.169781
-2.050275 0.207983 1.590549 0.182133 0.982246 -0.044951
-2.046838 0.207055 1.546850 0.098555 0.989092 0.109475
-2.057996 0.207855 1.510893 0.157079 -0.939785 -0.303530
-2.056207 0.207129 1.468843 0.266528 -0.928184 -0.259688
-2.061096 0.207194 1.430377 -0.425313 0.873012 0.238660
-2.067342 0.207421 1.392801 -0.546091 0.814648 0.195278
-2.071337 0.207385 1.354452 -0.453936 0.879021 0.145821
-2.078536 0.207728 1.317750 0.051790 -0.998505 -0.017469
-2.082568 0.207701 1.279903 0.009866 -0.999945 0.003675
-2.093533 0.208487 1.245111 0.007448 0.999893 0.012590
-2.109676 0.209879 1.212418 0.035643 0.999267 -0.013990
-2.102265 0.208523 1.170676 0.013766 -0.999849 -0.010590
-2.111127 0.209068 1.135428 0.022100 -0.999647 -0.014729
-2.117735 0.209352 1.099460 0.016180 0.999593 -0.023475
-2.127707 0.210028 1.064782 0.054060 0.998094 -0.029750
-2.137310 0.210663 1.030021 0.051654 0.998665 -0.000670
-2.175875 0.214655 1.004625 0.127210 0.991871 -0.003130
-2.140222 0.210051 0.955552 0.109362 0.991002 -0.077170
-2.140099 0.209567 0.918165 0.129419 0.987050 -0.094778
-2.125226 0.207385 0.876774 0.448389 0.883704 -0.134221
-2.148171 0.209571 0.846385 0.427715 0.899880 -0.085303
-2.205424 0.215705 0.824774 -0.238002 -0.970546 0.037349
-2.212485 0.216055 0.789352 -0.220041 -0.975491 0.000365
-2.216274 0.216031 0.753176 -0.195246 -0.980731 0.006688
-2.216771 0.215632 0.716342 0.084319 0.994733 0.058280
-2.220747 0.215636 0.680442 0.066458 0.996074 0.058486
-2.217531 0.214820 0.643119 0.038019 0.993930 0.103236
-2.224628 0.215188 0.608071 -0.026781 0.993261 0.112761
-2.227452 0.215071 0.572219 -0.096032 0.995238 -0.016707
-2.233809 0.215360 0.537072 -0.085652 0.994383 0.062173
-2.230977 0.214605 0.500399 -0.104445 0.993195 -0.051527
-2.169807 0.207216 0.454886 -0.151936 0.988370 -0.006304
-2.200519 0.210292 0.424035 -0.020673 0.999519 0.023099
-2.217154 0.211766 0.390757 0.002318 0.992835 0.119474
-2.231486 0.212980 0.356939 0.114369 0.992943 0.031382
-2.237577 0.213260 0.321985 0.097511 0.991725 0.083509
-2.242317 0.213391 0.286848 0.086506 0.989775 0.113412
-2.241743 0.212924 0.251205 0.105244 0.991078 0.081782
0.030562 -0.044126 0.034023 -0.115870 -0.993167 0.013894
0.012860 -0.042254 0.023865 0.115876 0.993180 -0.012921
0.138104 -0.056498 0.004948 0.112525 0.993602 -0.009646
0.149464 -0.057887 -0.005818 -0.110926 -0.993788 0.008943
0.171865 -0.060515 -0.016749 -0.110926 -0.993788 0.008943
3.627096 -0.541838 0.042738 0.003424 -0.999847 0.017178
3.621727 -0.540697 0.071269 0.005228 -0.999718 0.023149
3.626922 -0.541112 0.100440 0.003119 -0.999132 0.041537
3.701839 -0.551801 0.135253 -0.008407 -0.999679 0.023909
3.710300 -0.552678 0.165765 0.007457 0.999910 -0.011182
3.714497 -0.552923 0.196085 0.009496 0.999949 -0.003508
3.647563 -0.542706 0.218674 0.015479 0.999804 -0.012382
3.559845 -0.529450 0.237371 -0.062091 0.997585 -0.031128
3.712401 -0.551474 0.286034 0.027286 0.999623 -0.002932
3.707483 -0.550366 0.315537 -0.031881 -0.999476 0.005660
3.703239 -0.549355 0.345127 -0.032362 -0.999464 0.004897
3.708455 -0.549727 0.376277 -0.032353 -0.999467 0.004353
3.702608 -0.548476 0.405701 -0.027633 -0.999453 0.018145
3.704243 -0.548316 0.436502 -0.033575 -0.998679 0.038886
3.704574 -0.547963 0.467198 -0.031898 -0.998750 0.038483
3.696823 -0.546429 0.496342 -0.030513 -0.998751 0.039577
3.701346 -0.546680 0.528139 -0.030591 -0.998705 0.040643
3.692008 -0.544912 0.556980 -0.030332 -0.998725 0.040349
3.527423 -0.520583 0.548234 -0.001252 -0.999439 0.033455
3.642699 -0.536927 0.606738 -0.027993 -0.998999 0.034901
3.641189 -0.536297 0.637138 -0.025110 -0.999186 0.031569
3.640303 -0.535755 0.667843 -0.022676 -0.999418 0.025484
3.643839 -0.535850 0.699973 0.011047 0.999435 -0.031759
3.635619 -0.534242 0.728861 0.005512 0.999721 -0.022955
3.628992 -0.532864 0.758245 -0.008375 -0.999768 0.019835
3.619225 -0.531032 0.786668 -0.010203 -0.999758 0.019506
3.622327 -0.531055 0.819360 -0.013302 -0.999625 0.023922
3.625985 -0.531153 0.852534 -0.017021 -0.999569 0.023921
3.640452 -0.532802 0.889879 -0.018555 -0.999490 0.025982
3.645142 -0.533039 0.924202 -0.019650 -0.999499 0.024800
3.645714 -0.532681 0.957318 -0.030527 -0.999370 0.018118
3.558253 -0.519706 0.956124 -0.027741 -0.999208 0.028514
3.637425 -0.530606 1.020559 0.041482 0.999003 -0.016515
3.569159 -0.520399 1.025679 -0.043474 -0.998824 0.021474
3.583074 -0.521947 1.064714 0.050062 0.998546 -0.020002
3.658134 -0.532209 1.131440 0.053191 0.998433 -0.017406
3.642735 -0.529556 1.159214 0.073752 0.997203 -0.012115
3.645928 -0.529550 1.195620 0.244174 0.968975 -0.038290
3.646877 -0.529222 1.231368 -0.309393 -0.949739 0.047668
3.563769 -0.516958 1.225996 0.087957 0.995913 -0.020491
3.625321 -0.525230 1.292120 -0.287974 -0.957638 -0.000437
3.634733 -0.526095 1.333129 -0.324086 -0.945975 -0.009961
3.622579 -0.523903 1.363274 -0.324809 -0.945669 -0.014446
3.609228 -0.521543 1.392840 -0.310465 -0.950530 -0.010240
3.605083 -0.520484 1.427622 -0.295656 -0.955271 -0.006690
3.623748 -0.522637 1.475831 0.306420 0.951471 -0.028470
3.634863 -0.523718 1.520568 0.276348 0.959606 -0.052800
3.619840 -0.521118 1.550325 0.246192 0.968515 -0.036989
3.612102 -0.519543 1.584634 0.165254 0.986248 0.002479
3.609825 -0.518733 1.622671 0.143812 0.989039 0.033470
3.612057 -0.518553 1.664077 0.162614 0.985605 0.046262
3.578938 -0.513425 1.682688 0.155576 0.986779 0.045423
3.584390 -0.513692 1.726968 0.157581 0.987313 0.019537
3.585130 -0.513297 1.768725 0.141171 0.987418 -0.071243
3.575566 -0.511463 1.803803 -0.142189 -0.981163 0.130771
3.629153 -0.518413 1.884918 0.160218 0.974683 -0.155958
3.570308 -0.509723 1.885184 0.119653 0.980141 -0.158133
3.514134 -0.501422 1.886222 0.130064 0.978850 -0.157913
3.461379 -0.493613 1.888723 0.142487 0.976058 -0.164343
3.411198 -0.486177 1.892174 0.141081 0.978862 -0.148073
3.356584 -0.478145 1.891036 0.132529 0.978650 -0.157098
3.294597 -0.469113 1.882635 -0.130334 -0.979417 0.154129
3.243703 -0.461631 1.882113 -0.132018 -0.979508 0.152105
3.200622 -0.455240 1.887219 0.137269 0.979936 -0.144508
3.159933 -0.449191 1.893601 0.134857 0.979333 -0.150732
3.109738 -0.441851 1.890701 0.123040 0.982520 -0.139700
3.070854 -0.436077 1.897044 0.130163 0.980618 -0.146442
3.029899 -0.430032 1.900741 0.124644 0.979924 -0.155607
2.988386 -0.423925 1.903104 -0.116879 -0.981383 0.152406
2.949905 -0.418244 1.907589 -0.126408 -0.978829 0.160979
2.913675 -0.412882 1.913587 -0.120210 -0.979595 0.161067
2.880335 -0.407925 1.921879 0.113691 0.984497 -0.133567
2.842210 -0.402329 1.924663 0.123422 0.984368 -0.125645
2.803561 -0.396674 1.926138 0.132292 0.986364 -0.097898
2.766444 -0.391240 1.928482 0.133516 0.982935 -0.126537
2.724144 -0.385118 1.924351 0.134352 0.983388 -0.122055
2.693354 -0.380563 1.932229 -0.090588 -0.990007 0.108072
2.659991 -0.375671 1.936666 0.128665 0.986038 -0.105706
2.630597 -0.371323 1.945177 0.171146 0.981030 -0.091039
2.590397 -0.365536 1.940259 0.141765 0.984020 -0.107735
2.559917 -0.361064 1.946313 0.088115 0.992613 -0.083403
2.529495 -0.356610 1.951946 0.166348 0.980824 -0.101548
2.505262 -0.352991 1.965021 -0.150490 -0.987070 0.055189
2.480329 -0.349286 1.977015 -0.125535 -0.991020 0.046049
2.447574 -0.344549 1.978318 -0.146663 -0.988816 0.027062
2.414375 -0.339765 1.978351 -0.143348 -0.989447 0.021103
2.378448 -0.334631 1.973852 -0.150071 -0.987487 0.048449
2.341066 -0.329317 1.966369 0.143700 0.987387 -0.066457
2.311312 -0.325024 1.969030 0.155466 0.984375 -0.082684
2.289413 -0.321775 1.982899 0.153514 0.987006 -0.047470
2.258110 -0.317297 1.982331 -0.113914 -0.992933 0.033273
2.226433 -0.312781 1.980488 -0.132295 -0.990006 0.048841
2.199692 -0.308922 1.985823 0.130155 0.991325 -0.018277
2.168313 -0.304466 1.983150 0.122042 0.992362 -0.017965
2.137131 -0.300048 1.980043 -0.117311 -0.992937 0.017727
2.106150 -0.295668 1.976505 0.125795 0.991615 -0.029584
2.079808 -0.291900 1.980353 -0.129889 -0.991374 0.017513
2.059316 -0.288898 1.994349 -0.154401 -0.987667 0.025984
2.036765 -0.285636 2.004625 0.151447 0.987891 -0.033696
2.011799 -0.282070 2.010235 0.155566 0.986918 -0.042339
1.983649 -0.278103 2.009330 0.154527 0.986980 -0.044634
1.959657 -0.274679 2.016098 0.135516 0.990701 -0.012090
1.930831 -0.270645 2.012714 0.163609 0.986437 -0.013159
1.899621 -0.266318 2.003541 0.141338 0.989683 -0.023478
1.873737 -0.262681 2.004819 0.143902 0.989421 -0.018398
1.845888 -0.258804 2.001225 -0.145247 -0.989192 0.020075
1.820618 -0.255264 2.002764 -0.117662 -0.991919 0.047465
1.795417 -0.251741 2.003998 -0.134167 -0.990221 0.038237
1.775241 -0.248858 2.016933 -0.105682 -0.993765 0.035531
1.751551 -0.245541 2.021324 0.147993 0.986287 -0.073055
1.727864 -0.242232 2.025446 0.112359 0.993211 -0.030127
1.702424 -0.238713 2.024622 -0.111247 -0.993713 0.012551
1.679827 -0.235555 2.031003 -0.168341 -0.984972 0.038630
1.657515 -0.232440 2.038079 0.126513 0.991939 0.007188
1.628366 -0.228491 2.025056 -0.141810 -0.989892 0.001717
1.606762 -0.225479 2.033481 0.149990 0.988294 0.027889
1.582032 -0.222093 2.032157 0.158414 0.987325 0.009764
1.556819 -0.218657 2.028632 0.117468 0.993003 0.012113
1.532319 -0.215318 2.026725 0.119600 0.991924 0.042223
1.510386 -0.212297 2.033186 -0.147154 -0.984086 -0.099606
1.485492 -0.208928 2.028808 0.101253 0.994834 0.007320
1.459741 -0.205468 2.020269 0.126838 0.991676 0.022144
1.437147 -0.202393 2.023054 0.130684 0.988934 0.070216
1.415487 -0.199435 2.029482 0.129648 0.988272 0.080685
1.391967 -0.196266 2.027886 0.142989 0.988770 0.043456
1.369811 -0.193265 2.031888 0.086503 0.995859 0.027964
1.347219 -0.190220 2.033694 0.136880 0.989918 0.036421
1.323676 -0.187075 2.030351 0.112291 0.993196 0.030857
1.302073 -0.184158 2.036573 0.193117 0.980860 0.024894
1.279869 -0.181181 2.039616 0.165253 0.984371 0.060866
1.257644 -0.178207 2.042423 0.149554 0.986582 0.065487
1.235552 -0.175256 2.045981 0.130139 0.989460 0.063498
1.213564 -0.172321 2.050296 0.127552 0.990432 0.052672
1.191391 -0.169374 2.053388 -0.089778 -0.994842 -0.047215
1.169064 -0.166418 2.055254 0.143910 0.987377 0.066151
1.146951 -0.163489 2.058870 0.127664 0.990114 0.058099
1.124288 -0.160515 2.057279 0.111178 0.992022 0.059422
1.102492 -0.157629 2.064408 -0.073232 -0.991836 0.104397
1.080015 -0.154687 2.064333 0.113401 0.984902 0.130802
1.057420 -0.151744 2.062024 0.104707 0.988663 0.107616
1.034892 -0.148817 2.059474 -0.122348 -0.987036 -0.103883
1.012528 -0.145913 2.058682 0.103686 0.988656 0.108664
0.990651 -0.143036 2.069645 0.124401 0.982894 0.135805
0.968002 -0.140138 2.060386 -0.100245 -0.987147 -0.124467
0.945744 -0.137259 2.061886 0.097104 0.978870 0.179955
0.923439 -0.134392 2.060150 0.174185 0.984238 -0.030575
0.901146 -0.131506 2.066179 -0.133316 -0.991024 0.009945
0.878881 -0.128670 2.060973 0.103858 0.992723 -0.060939
0.856625 -0.125828 2.059533 0.138862 0.983847 -0.112973
0.834083 -0.122926 2.066851 0.088065 0.995059 -0.045842
0.811742 -0.120086 2.065937 -0.087657 -0.996147 -0.002663
0.789521 -0.117275 2.062790 0.084497 0.994209 -0.066401
0.767552 -0.114515 2.056418 0.123961 0.987357 -0.098796
0.745168 -0.111684 2.056796 0.102248 0.976345 -0.190517
0.723105 -0.108916 2.052952 0.115163 0.979564 -0.164901
0.699942 -0.105974 2.060819 0.083029 0.984667 -0.153416
0.677666 -0.103187 2.058490 0.083907 0.995361 -0.047066
0.655414 -0.100411 2.055926 -0.107137 -0.991022 0.079984
0.633188 -0.097645 2.053127 0.124578 0.986709 -0.104332
0.610993 -0.094891 2.050094 0.134475 0.977356 -0.163378
0.588384 -0.092082 2.049794 0.120768 0.976936 -0.176099
0.566699 -0.089418 2.043327 0.113351 0.973789 -0.197198
0.544606 -0.086699 2.039593 0.114886 0.978412 -0.171789
0.521835 -0.083889 2.039561 0.122757 0.982815 -0.137863
0.500160 -0.081245 2.033391 0.121002 0.985078 -0.122396
0.478171 -0.078562 2.028956 0.121164 0.985261 -0.120750
0.456438 -0.075922 2.023312 0.122093 0.982153 -0.143068
0.432137 -0.072926 2.029143 0.127282 0.985775 -0.109757
0.412492 -0.070593 2.014264 0.123911 0.991022 -0.050222
0.388543 -0.067664 2.017638 -0.126542 -0.990566 0.052603
0.366719 -0.065039 2.012026 0.124276 0.991447 -0.039855
0.343653 -0.062250 2.011010 0.122445 0.991805 -0.036482
0.319738 -0.059352 2.012623 -0.102906 -0.994341 0.026380
0.296287 -0.056527 2.012042 0.099539 0.992644 -0.068921
0.272492 -0.053664 2.012153 0.102448 0.992275 -0.069960
0.250727 -0.051084 2.005318 0.109023 0.993871 -0.018304
0.222216 -0.047602 2.019152 0.116422 0.989967 -0.080073
0.198781 -0.044814 2.016520 0.107006 0.989125 -0.100899
0.197404 -0.044983 1.950436 0.095492 0.995314 0.015222
0.187819 -0.044046 1.910868 0.061114 0.998049 -0.012743
0.175180 -0.043023 1.820633 0.032162 0.999210 -0.023365
0.164618 -0.041943 1.789575 -0.015608 -0.999156 0.038008
0.167475 -0.042625 1.727077 -0.029205 0.998298 -0.050488
0.161855 -0.042184 1.687860 -0.026675 0.998792 -0.041259
0.151007 -0.041056 1.662471 0.037460 -0.998845 0.030085
0.151180 -0.041363 1.613338 -0.024074 0.999634 0.012331
0.149792 -0.041459 1.569851 0.094960 -0.994002 -0.054246
0.135177 -0.039835 1.556332 0.058605 -0.995587 -0.073293
0.132938 -0.039814 1.517524 0.063925 -0.997156 -0.039906
0.145195 -0.041655 1.451138 -0.126454 0.990001 0.062510
0.128351 -0.039742 1.444775 0.114068 -0.993274 -0.019877
0.108778 -0.037484 1.443532 -0.098594 0.995119 0.004254
0.111331 -0.038063 1.400707 -0.186791 0.982013 0.027573
0.130562 -0.040763 1.329249 -0.197639 0.980100 -0.018523
0.111479 -0.038569 1.328786 -0.139957 0.989787 -0.027102
0.087328 -0.035739 1.336716 0.098899 -0.994986 -0.014866
0.088336 -0.036106 1.301348 0.082706 -0.995293 0.050512
0.095158 -0.037203 1.257627 -0.180812 0.983394 -0.015581
0.116999 -0.040187 1.191313 -0.224512 0.971064 -0.081425
0.120339 -0.040827 1.156780 -0.223209 0.974433 -0.025668
0.107461 -0.039424 1.148396 -0.166964 0.985878 -0.012966
0.116757 -0.040804 1.106642 -0.048873 0.997098 0.058373
0.096548 -0.038486 1.109773 -0.048873 0.997098 0.058373
0.108640 -0.040207 1.065923 -0.009354 0.994196 0.107175
0.094394 -0.038638 1.060673 -0.009211 0.996194 0.086671
0.121795 -0.042250 0.997965 -0.085089 -0.969261 0.230854
0.127811 -0.043193 0.966389 -0.047069 -0.981030 0.188055
0.122337 -0.042708 0.950947 -0.090243 -0.981969 0.166114
0.128710 -0.043687 0.920537 -0.077071 -0.969852 0.231188
0.233486 -0.056795 0.766918 0.095849 0.981941 0.163111
0.128025 -0.043977 0.879072 -0.074143 -0.940684 0.331085
0.147900 -0.046603 0.834684 -0.224507 0.962396 -0.152941
0.198208 -0.052948 0.755800 -0.756609 0.629014 -0.178561
0.205777 -0.054038 0.729397 -0.850788 -0.401774 -0.338728
0.323239 -0.068545 0.579137 0.199110 0.979968 -0.004189
0.279675 -0.063367 0.613665 0.168258 0.985703 -0.008910
0.345967 -0.071574 0.527032 0.192631 0.980830 0.029414
0.330074 -0.069769 0.531236 0.216894 0.976003 0.019365
0.364383 -0.074056 0.482668 0.167087 0.985818 -0.015626
0.309699 -0.067556 0.526731 -0.216783 -0.976103 -0.015085
0.365363 -0.074410 0.458386 0.154649 0.986502 -0.053820
0.342649 -0.071788 0.469358 0.161459 0.984718 -0.065276
0.337626 -0.071303 0.462671 0.206677 0.976181 -0.065995
0.334858 -0.071091 0.453893 0.193190 0.975485 -0.105388
0.318277 -0.069221 0.457928 0.193511 0.976138 -0.098526
0.323018 -0.069912 0.442344 0.191701 0.975589 -0.107126
0.289163 -0.065985 0.461168 0.199315 0.975896 -0.088881
0.267673 -0.063546 0.468272 -0.139919 -0.986167 0.088864
0.260423 -0.062812 0.462770 -0.151832 -0.984639 0.086217
0.254751 -0.062268 0.455907 -0.146689 -0.984724 0.093814
0.177171 -0.053187 0.507249 0.109008 0.993989 -0.010191
0.172601 -0.052790 0.498270 -0.110102 -0.993862 0.010790
0.135088 -0.048495 0.514882 0.116854 0.993066 -0.012819
0.105083 -0.045102 0.524747 0.116214 0.993149 -0.012197
0.115560 -0.046494 0.503784 0.116499 0.993096 -0.013734
0.061938 -0.040332 0.529900 0.115691 0.993215 -0.011812
0.050706 -0.039174 0.524401 0.115623 0.993219 -0.012136
0.056664 -0.040037 0.506809 0.115592 0.993217 -0.012622
0.039836 -0.038226 0.505066 0.115220 0.993251 -0.013322
0.052805 -0.039907 0.483218 -0.115814 -0.993176 0.013763
0.050268 -0.039770 0.472001 -0.115814 -0.993176 0.013763
0.105026 -0.046317 0.424563 0.117967 0.992902 -0.015120
0.034611 -0.038265 0.456408 0.116084 0.993147 -0.013568
0.037528 -0.038765 0.442018 0.116948 0.993034 -0.014393
0.040647 -0.039286 0.427750 -0.117474 -0.992974 0.014256
0.058622 -0.041527 0.405159 0.117967 0.992918 -0.014053
0.063096 -0.042198 0.390810 -0.118462 -0.992860 0.013984
0.058179 -0.041781 0.381874 -0.118301 -0.992876 0.014190
0.053355 -0.041376 0.372887 0.118096 0.992897 -0.014423
0.038924 -0.039865 0.368912 0.117761 0.992932 -0.014750
0.036009 -0.039683 0.358822 0.117985 0.992902 -0.015022
0.065300 -0.043200 0.332828 -0.118687 -0.992803 0.015972
0.034107 -0.039770 0.336881 0.118433 0.992841 -0.015472
0.029753 -0.039423 0.327644 0.118103 0.992877 -0.015698
0.087021 -0.046121 0.290273 0.118491 0.992834 -0.015531
0.057696 -0.042914 0.292895 0.118029 0.992873 -0.016472
0.035533 -0.040532 0.291788 0.117993 0.992872 -0.016823
0.027061 -0.039716 0.284490 0.117881 0.992888 -0.016644
0.028780 -0.040059 0.272935 0.117607 0.992918 -0.016783
0.007513 -0.037793 0.270579 0.117461 0.992935 -0.016830
0.020570 -0.039422 0.254675 0.117464 0.992935 -0.016781
0.002150 -0.037485 0.250826 0.117521 0.992935 -0.016399
0.019287 -0.039570 0.233879 0.117481 0.992940 -0.016365
-0.003726 -0.037119 0.231330 0.117273 0.992968 -0.016182
-0.006038 -0.037006 0.221387 0.117117 0.992990 -0.015974
0.002165 -0.038076 0.208067 0.116636 0.993054 -0.015511
-0.011291 -0.036710 0.201756 0.116171 0.993107 -0.015584
0.004810 -0.038662 0.186337 0.116787 0.993044 -0.014985
-0.006575 -0.037530 0.179283 0.116445 0.993084 -0.014987
-0.006413 -0.037692 0.168832 0.116694 0.993058 -0.014781
-0.018626 -0.036471 0.161735 0.116459 0.993086 -0.014717
0.001968 -0.038912 0.146067 0.116901 0.993035 -0.014689
0.004430 -0.039326 0.135330 0.116916 0.993035 -0.014552
0.003143 -0.039321 0.125570 0.116381 0.993101 -0.014336
-0.006777 -0.038357 0.117740 0.117027 0.993026 -0.014309
0.000880 -0.039345 0.106043 0.116055 0.993140 -0.014272
0.022329 -0.041858 0.091810 -0.115864 -0.993160 0.014427
-0.013668 -0.038007 0.088906 0.116318 0.993109 -0.014285
-0.024249 -0.036975 0.080747 0.116396 0.993101 -0.014252
0.013289 -0.041254 0.064379 -0.115996 -0.993147 0.014305
-0.016714 -0.038079 0.059381 0.116292 0.993117 -0.013983
-0.019162 -0.037943 0.049771 0.116275 0.993122 -0.013757
-0.020526 -0.037927 0.039994 0.116291 0.993120 -0.013747
-0.011922 -0.039004 0.028983 0.116350 0.993111 -0.013872
0.000761 -0.040525 0.017722 0.115658 0.993212 -0.012347
-0.009171 -0.039565 0.009067 0.115658 0.993212 -0.012347
-0.025951 -0.037858 0.000849 0.115503 0.993227 -0.012607
-0.005996 -0.040166 -0.010682 0.115592 0.993226 -0.011885
-0.016647 -0.039130 -0.019618 -0.115557 -0.993227 0.012122
-0.018281 -0.039078 -0.029305 0.115592 0.993226 -0.011885
-0.030736 -0.037848 -0.038480 -0.114403 -0.993368 0.011466
-0.021246 -0.039005 -0.048758 -0.114597 -0.993350 0.011070
0.004255 -0.041895 -0.059279 -0.113991 -0.993442 0.008861
0.004026 -0.041989 -0.068802 -0.113991 -0.993442 0.008861
0.042669 -0.046291 -0.078604 0.113737 0.993484 -0.007315
0.047611 -0.046936 -0.087705 0.113676 0.993492 -0.007131
0.112295 -0.054033 -0.095870 0.112549 0.993628 -0.005962
0.137292 -0.056830 -0.103646 0.112290 0.993655 -0.006399
0.217011 -0.065516 -0.108984 0.144522 0.989492 -0.004420
2.608390 -0.393783 -0.072501 0.169110 0.985364 -0.021442
2.589491 -0.390715 -0.055988 -0.160332 -0.986812 0.022257
2.588221 -0.390297 -0.039435 0.160718 0.986757 -0.021915
2.590733 -0.390445 -0.022767 -0.157798 -0.987306 0.018058
2.597023 -0.391157 -0.005861 -0.161726 -0.986670 0.018103
2.591286 -0.390065 0.010513 0.161358 0.986723 -0.018468
2.591303 -0.389833 0.027171 0.160541 0.986856 -0.018513
2.638481 -0.396646 0.047521 0.171446 0.984928 -0.022874
2.658803 -0.399434 0.066526 0.164414 0.986236 -0.017492
2.673987 -0.401449 0.085487 -0.156565 -0.987530 0.016473
2.653556 -0.398151 0.100896 -0.154061 -0.987939 0.015539
5.302485 -0.792063 0.437649 -0.205186 -0.978505 0.020658
5.298969 -0.790874 0.483165 -0.187425 -0.981855 0.028869
5.299877 -0.790337 0.529356 -0.187887 -0.981826 0.026747
5.298342 -0.789434 0.575327 -0.187065 -0.982044 0.024410
5.297299 -0.788600 0.621490 0.183255 0.982880 -0.019103
5.293819 -0.787400 0.667359 0.177866 0.983964 -0.013374
5.291802 -0.786415 0.713591 0.177866 0.983964 -0.013374
5.293181 -0.785927 0.760622 -0.177897 -0.983958 0.013405
5.285331 -0.784072 0.805958 -0.177897 -0.983958 0.013405
5.286680 -0.783572 0.853330 -0.177872 -0.983962 0.013448
5.290408 -0.783417 0.901490 -0.182166 -0.983248 0.006253
5.285906 -0.782047 0.947974 0.183114 0.983084 -0.003917
5.288588 -0.781729 0.996403 0.180678 0.983540 -0.002055
5.282116 -0.780063 1.042731 0.173699 0.984799 -0.000623
5.278971 -0.778883 1.090086 0.172138 0.985069 0.002797
5.280071 -0.778321 1.138856 0.170647 0.985320 0.004850
5.273982 -0.776703 1.185799 0.163956 0.986443 0.006961
5.268332 -0.775148 1.233036 -0.160915 -0.986936 -0.008044
5.267829 -0.774341 1.282103 0.159703 0.987147 0.005983
5.268653 -0.773723 1.331925 -0.154163 -0.988012 -0.008072
5.269846 -0.773155 1.382233 -0.155999 -0.987756 0.001246
5.265793 -0.771820 1.431058 -0.155999 -0.987756 0.001246
5.260264 -0.770267 1.479612 -0.148123 -0.988413 0.033166
5.259750 -0.769440 1.530322 -0.131747 -0.989007 0.067136
5.254036 -0.767856 1.579382 -0.137924 -0.986886 0.083858
5.252363 -0.766854 1.630351 -0.134932 -0.986459 0.093225
5.255586 -0.766555 1.683748 -0.126645 -0.985888 0.109477
5.239942 -0.763530 1.729586 0.122344 0.986465 -0.109177
5.087753 -0.740835 1.715251 -0.136748 -0.983126 0.121504
4.978767 -0.724408 1.717158 0.164830 0.980382 -0.108080
4.882771 -0.709884 1.722830 -0.151715 -0.983816 0.095334
4.785307 -0.695181 1.725813 -0.135298 -0.986769 0.089336
4.705113 -0.682985 1.735260 -0.116379 -0.987841 0.103086
4.619827 -0.670086 1.740524 0.093531 0.988905 -0.115410
4.543644 -0.658517 1.748754 0.107631 0.984179 -0.140739
4.472067 -0.647631 1.757905 0.132414 0.978350 -0.159051
4.402430 -0.637044 1.766694 0.126734 0.980250 -0.151819
4.336454 -0.627002 1.776152 -0.138331 -0.978572 0.152513
4.273238 -0.617374 1.785898 0.139815 0.979024 -0.148200
4.199915 -0.606332 1.788478 0.139026 0.979434 -0.146224
4.138805 -0.597047 1.796880 0.144157 0.978261 -0.149075
4.077025 -0.587686 1.803674 -0.148341 -0.978717 0.141801
4.016287 -0.578495 1.809898 -0.183455 -0.968838 0.166424
3.947413 -0.568174 1.809659 0.171462 0.972530 -0.157437
3.896277 -0.560379 1.819668 -0.157113 -0.977996 0.137257
3.829617 -0.550415 1.818237 0.076627 0.985711 -0.150005
3.785369 -0.543625 1.830855 0.074052 0.979609 -0.186771
3.724940 -0.534578 1.831278 0.129245 0.978037 -0.163519
3.672056 -0.526610 1.835872 0.151392 0.975865 -0.157378
3.621770 -0.519024 1.841329 -0.158007 -0.974076 0.161894
3.544695 -0.507711 1.825574 0.129713 0.981579 -0.140277
3.500499 -0.501014 1.833297 0.125935 0.981369 -0.145106
3.457199 -0.494458 1.840910 0.130025 0.981260 -0.142202
3.406271 -0.486855 1.841582 -0.144161 -0.977944 0.151138
3.359436 -0.479839 1.844548 -0.127850 -0.980082 0.151965
3.320412 -0.473923 1.853134 -0.122880 -0.980901 0.150775
3.274676 -0.467090 1.855275 -0.122462 -0.979542 0.159689
3.225409 -0.459786 1.853383 0.128315 0.977540 -0.167183
3.186802 -0.453971 1.859955 0.134668 0.981162 -0.138514
3.146098 -0.447880 1.863908 0.137407 0.981076 -0.136417
3.103368 -0.441525 1.865177 0.131438 0.977236 -0.166535
3.068765 -0.436301 1.873312 0.145978 0.980523 -0.131396
3.033507 -0.431000 1.880235 -0.111160 -0.984450 0.136021
2.999036 -0.425818 1.887328 -0.124977 -0.984160 0.125739
2.967432 -0.421040 1.896746 -0.130404 -0.979926 0.150797
2.928938 -0.415333 1.898544 0.124185 0.981817 -0.143576
2.887203 -0.409198 1.896126 -0.126597 -0.984295 0.123027
2.852487 -0.404033 1.900355 0.106034 0.987894 -0.113235
2.815881 -0.398624 1.901853 -0.122125 -0.982568 0.140165
2.782749 -0.393699 1.906521 -0.151179 -0.978573 0.139786
2.750369 -0.388888 1.911459 0.114166 0.983173 -0.142606
2.720015 -0.384361 1.918208 -0.130111 -0.985132 0.112190
2.690984 -0.380023 1.926065 -0.130431 -0.986514 0.098883
2.667010 -0.376375 1.939708 0.141556 0.985038 -0.098293
2.637343 -0.371970 1.946051 -0.128538 -0.987322 0.093127
2.597913 -0.366268 1.939418 0.137479 0.986257 -0.091636
2.573923 -0.362646 1.951977 -0.121826 -0.987662 0.098402
2.535522 -0.357108 1.945088 0.143842 0.986508 -0.078173
2.503318 -0.352410 1.945659 -0.145234 -0.987814 0.055946
2.473588 -0.348054 1.949015 0.137551 0.986488 -0.089002
2.444521 -0.343796 1.952782 -0.144023 -0.986508 0.077841
2.418351 -0.339932 1.960272 -0.166473 -0.983793 0.066624
2.386080 -0.335271 1.958314 0.125284 0.989152 -0.076692
2.357277 -0.331080 1.960907 -0.123107 -0.989672 0.073447
2.329645 -0.327053 1.964796 -0.126881 -0.988397 0.083502
2.292032 -0.321727 1.952251 0.144394 0.985403 -0.090177
2.270939 -0.318579 1.965535 -0.121786 -0.991843 0.037619
2.241531 -0.314351 1.964883 -0.150476 -0.988538 0.012235
2.217295 -0.310809 1.972458 0.117375 0.992942 -0.017024
2.193527 -0.307335 1.980612 0.161132 0.986918 0.005395
2.171657 -0.304115 1.991980 0.140250 0.985328 -0.097251
2.149202 -0.300826 2.002233 -0.132356 -0.987543 0.085090
2.117341 -0.296331 1.994582 0.143577 0.987928 -0.058164
2.089872 -0.292414 1.994477 0.150565 0.986482 -0.064682
2.057601 -0.287893 1.984203 -0.146605 -0.989133 0.011052
2.035303 -0.284660 1.993211 -0.122096 -0.992081 0.029457
2.007353 -0.280714 1.990253 0.137002 0.990356 0.020616
1.981253 -0.277015 1.990557 -0.138127 -0.990343 -0.011912
1.957304 -0.273598 1.995089 -0.148184 -0.988960 -0.000355
1.935771 -0.270494 2.004831 -0.169139 -0.984828 0.038796
1.907876 -0.266597 1.999641 0.148801 0.988349 -0.031994
1.885914 -0.263454 2.007937 -0.133091 -0.990370 0.038142
1.861271 -0.259984 2.009507 0.151643 0.988349 -0.013028
1.839226 -0.256847 2.017302 0.139102 0.990260 0.005955
1.811112 -0.252964 2.008970 -0.134249 -0.990542 0.028347
1.788749 -0.249803 2.015289 0.101323 0.994846 0.003881
1.763674 -0.246317 2.013829 0.146637 0.988999 0.019436
1.742919 -0.243369 2.024359 -0.150163 -0.987265 0.052520
1.716690 -0.239760 2.018551 0.148313 0.987018 0.061639
1.690357 -0.236150 2.011469 0.131393 0.990904 0.029064
1.668068 -0.233040 2.016478 0.129495 0.990929 0.035917
1.643474 -0.229661 2.013579 0.115892 0.992905 0.026618
1.619559 -0.226373 2.012314 -0.126507 -0.991845 -0.015450
1.597321 -0.223294 2.016557 0.147569 0.989035 0.005815
1.575568 -0.220279 2.022494 -0.109995 -0.993931 0.001452
1.552289 -0.217093 2.022383 0.120419 0.991553 0.048188
1.530477 -0.214085 2.027843 0.120792 0.988863 0.086948
1.507936 -0.211001 2.030150 0.109968 0.991064 0.075494
1.484332 -0.207803 2.027328 0.092762 0.995428 0.022785
1.463079 -0.204881 2.035006 0.055081 0.997496 -0.044351
1.440556 -0.201822 2.036580 -0.068223 -0.995618 0.063955
1.418597 -0.198833 2.040859 0.070549 0.995792 -0.058493
1.396593 -0.195846 2.044905 0.103529 0.983549 -0.148033
1.375037 -0.192914 2.051679 0.125714 0.991443 -0.035169
1.352464 -0.189880 2.052300 -0.091183 -0.994476 0.051994
1.330200 -0.186885 2.054657 0.140826 0.990022 -0.004928
1.306865 -0.183791 2.048849 -0.113071 -0.993495 -0.013545
1.285877 -0.180939 2.060647 0.120849 0.977229 -0.174411
1.263669 -0.177971 2.063291 0.080372 0.985362 -0.150341
1.240624 -0.174935 2.057742 0.160037 0.979900 0.119095
1.218720 -0.172010 2.062895 0.122872 0.988884 -0.083728
1.196168 -0.169037 2.060843 0.108622 0.987275 0.116146
1.174100 -0.166110 2.064534 -0.124586 -0.988484 0.085897
1.151314 -0.163143 2.057013 -0.145596 -0.986165 -0.079248
1.129493 -0.160243 2.065228 0.159078 0.986169 0.046532
1.107239 -0.157324 2.066220 0.098971 0.991813 -0.080692
1.084976 -0.154410 2.066977 0.076915 0.984783 -0.155839
1.062686 -0.151506 2.066499 0.114857 0.991578 0.059833
1.040420 -0.148608 2.066786 -0.158720 -0.978451 -0.132069
1.018147 -0.145708 2.068838 0.132584 0.971742 0.195292
0.995870 -0.142828 2.067655 0.113517 0.985302 0.127649
0.973569 -0.139945 2.068236 0.082321 0.991513 0.100624
0.951186 -0.137050 2.070580 -0.053759 -0.998436 0.015363
0.929010 -0.134215 2.066693 0.131185 0.984893 0.113035
0.906798 -0.131374 2.064571 0.114136 0.992672 -0.039684
0.884489 -0.128520 2.064210 -0.079367 -0.995850 0.044542
0.861949 -0.125632 2.066605 0.088496 0.989279 -0.116174
0.839258 -0.122728 2.069754 -0.087898 -0.996069 0.010983
0.817917 -0.120067 2.057730 0.143994 0.988575 -0.044556
0.794685 -0.117088 2.065376 0.168262 0.981454 -0.091844
0.772434 -0.114284 2.062835 -0.122518 -0.990830 0.056966
0.750716 -0.111573 2.056092 0.119210 0.981978 -0.146658
0.727740 -0.108667 2.059029 0.117615 0.985481 -0.122452
0.707174 -0.106146 2.044905 0.135140 0.977742 -0.160495
0.683719 -0.103182 2.050326 0.123446 0.987793 -0.095005
0.661290 -0.100386 2.048586 0.126768 0.986681 -0.101935
0.639571 -0.097704 2.042671 0.122971 0.983177 -0.135056
0.617369 -0.094955 2.039477 0.112723 0.991077 -0.071129
0.594794 -0.092159 2.038005 0.119037 0.980731 -0.154910
0.571370 -0.089247 2.040200 0.119581 0.971013 -0.206964
0.549164 -0.086521 2.036279 0.117534 0.976926 -0.178329
0.526303 -0.083707 2.035041 0.119798 0.983833 -0.133121
0.503892 -0.080967 2.031612 0.118397 0.983246 -0.138601
0.481000 -0.078165 2.029877 0.119504 0.984458 -0.128694
0.455495 -0.075002 2.037541 0.119953 0.982870 -0.139922
0.433537 -0.072350 2.031424 0.127282 0.985775 -0.109757
0.409132 -0.069362 2.033710 0.120691 0.984903 -0.124098
0.383169 -0.066167 2.040495 -0.118689 -0.988127 0.097560
0.359389 -0.063286 2.039335 0.125082 0.986229 -0.108193
0.337105 -0.060620 2.033154 0.114354 0.991517 -0.061779
0.311690 -0.057531 2.036204 0.129658 0.987973 -0.084246
0.287777 -0.054657 2.034231 0.099688 0.992328 -0.073125
0.260782 -0.051372 2.040444 0.109143 0.989019 -0.099645
0.242626 -0.049299 2.021974 0.104145 0.991338 -0.080020
0.215825 -0.046059 2.026669 -0.117769 -0.990364 0.072863
0.192147 -0.043251 2.022669 0.097968 0.989721 -0.104186
0.166577 -0.040197 2.023024 0.107166 0.987796 -0.113022
0.144775 -0.037657 2.013861 0.136424 0.986432 -0.091323
0.119502 -0.034660 2.012719 -0.113507 -0.986901 0.114642
0.096591 -0.031986 2.005798 -0.114344 -0.988243 0.101500
0.083272 -0.030592 1.977737 0.105754 0.994373 -0.006247
0.071708 -0.029430 1.946915 0.102185 0.994638 -0.015932
0.068491 -0.029368 1.899894 0.136441 0.989084 -0.055653
0.063041 -0.029004 1.859293 -0.078598 -0.995097 0.060029
0.061950 -0.029208 1.811680 0.101604 0.992432 -0.068954
0.042806 -0.027042 1.800543 0.116917 0.990692 -0.069710
0.036033 -0.026495 1.766330 0.037756 0.996890 -0.069177
0.035144 -0.026710 1.722559 0.034366 0.996698 -0.073569
0.026248 -0.025880 1.694633 0.071420 0.995420 -0.063548
0.017823 -0.025110 1.666719 0.106011 0.991550 -0.074762
0.017476 -0.025382 1.625934 0.093436 0.995604 -0.006530
0.011670 -0.024944 1.595585 0.124349 0.991447 -0.039613
0.012159 -0.025313 1.555969 0.125184 0.990476 -0.057328
-0.000520 -0.023988 1.538466 0.838576 0.532933 -0.113020
-0.009149 -0.023182 1.515016 0.831335 0.549508 -0.083210
-0.017405 -0.022425 1.491563 0.892200 0.422946 -0.158419
-0.013531 -0.023212 1.450775 0.926111 0.306238 -0.220310
-0.005515 -0.024519 1.405328 0.863180 0.469486 -0.185747
-0.020899 -0.022849 1.394391 0.939893 0.264141 -0.216403
-0.041436 -0.020531 1.390560 0.939893 0.264141 -0.216403
-0.047167 -0.020089 1.366427 0.952397 0.240535 -0.187302
-0.041678 -0.021061 1.328028 0.940422 0.304216 -0.151852
-0.031239 -0.022650 1.284387 0.882525 0.455774 -0.115838
-0.029906 -0.023086 1.253637 0.498122 0.856866 -0.132872
-0.052484 -0.020521 1.253309 0.916718 0.366098 -0.159999
0.489100 -0.089027 0.516430 0.096011 0.995364 0.005618
0.499780 -0.090475 0.492406 -0.096355 -0.995110 0.021723
0.521800 -0.093318 0.457041 0.111002 0.993123 -0.037207
0.418278 -0.081332 0.491169 0.101731 0.994421 0.027890
0.396936 -0.078992 0.486959 0.115368 0.992919 0.028318
0.322418 -0.070061 0.540982 0.218662 0.975778 0.006702
0.246713 -0.061016 0.593490 0.145073 0.989417 -0.002631
0.243557 -0.060795 0.582047 0.137259 0.990497 -0.008668
0.262784 -0.063283 0.552186 0.144375 0.989477 0.009573
0.182805 -0.053777 0.603725 0.019618 0.986665 0.161578
0.174185 -0.052909 0.596065 -0.025184 0.952148 0.304599
0.199434 -0.056120 0.562031 0.107164 0.994198 -0.009294
0.156356 -0.051107 0.581026 0.012230 0.961675 0.273919
0.159914 -0.051706 0.564127 0.113038 0.993519 -0.011913
0.179824 -0.054261 0.535662 0.108917 0.993990 -0.010985
0.190499 -0.055703 0.514616 -0.106308 -0.994287 0.009544
0.181097 -0.054742 0.508079 0.109008 0.993989 -0.010191
0.164336 -0.052906 0.506448 -0.110888 -0.993782 0.010092
0.158287 -0.052350 0.497361 0.112779 0.993554 -0.011469
0.161509 -0.052897 0.482245 -0.110529 -0.993778 0.013735
0.164111 -0.053368 0.467793 0.108657 0.993981 -0.014003
0.159309 -0.052959 0.458182 0.109909 0.993832 -0.014761
0.156315 -0.052766 0.447499 0.112679 0.993505 -0.015828
0.158584 -0.053193 0.433770 0.111867 0.993598 -0.015759
0.166212 -0.054251 0.417162 0.109657 0.993841 -0.015992
0.155026 -0.053090 0.411522 0.119475 0.992698 -0.016633
0.167396 -0.054700 0.392754 0.114757 0.993265 -0.016000
0.173923 -0.055620 0.377593 0.113162 0.993443 -0.016310
0.166570 -0.054909 0.370000 0.116012 0.993123 -0.015719
0.140674 -0.052030 0.371788 0.119447 0.992731 -0.014777
0.136918 -0.051746 0.362020 0.119538 0.992713 -0.015205
0.178930 -0.056802 0.330141 0.161235 0.986678 -0.021682
0.141421 -0.052579 0.336890 0.119394 0.992721 -0.015788
0.124478 -0.050759 0.333370 -0.118830 -0.992786 0.015985
0.133858 -0.052002 0.317809 0.119147 0.992753 -0.015692
0.132510 -0.051996 0.307231 0.118923 0.992780 -0.015637
0.146869 -0.053809 0.290119 0.118974 0.992776 -0.015536
0.109006 -0.049577 0.294758 -0.118764 -0.992800 0.015581
0.137520 -0.053021 0.272301 0.118499 0.992837 -0.015246
0.117198 -0.050824 0.269357 -0.118653 -0.992818 0.015278
0.113617 -0.050560 0.259791 -0.118128 -0.992883 0.015115
0.120427 -0.051491 0.246488 -0.117865 -0.992920 0.014786
0.124597 -0.052115 0.234345 -0.117806 -0.992935 0.014196
0.127034 -0.052538 0.222960 -0.118365 -0.992874 0.013799
0.110697 -0.050810 0.217794 -0.117507 -0.992971 0.014203
0.120936 -0.052125 0.204009 -0.117320 -0.992994 0.014128
0.141831 -0.054652 0.187321 -0.117664 -0.992953 0.014111
0.098047 -0.049796 0.189915 -0.116541 -0.993085 0.014148
0.117320 -0.052134 0.174022 0.116391 0.993102 -0.014226
0.142582 -0.055146 0.157027 0.116068 0.993149 -0.013545
0.149799 -0.056099 0.145273 0.114484 0.993336 -0.013299
0.158129 -0.057176 0.133461 0.108761 0.993982 -0.013058
0.128859 -0.053989 0.130663 0.116007 0.993158 -0.013410
0.126721 -0.053880 0.121230 0.115861 0.993175 -0.013386
0.133434 -0.054771 0.109925 0.113531 0.993448 -0.013104
0.121767 -0.053584 0.102494 0.114627 0.993322 -0.013126
0.122852 -0.053837 0.092433 0.114033 0.993394 -0.012853
0.129919 -0.054762 0.081366 0.113889 0.993412 -0.012757
0.125354 -0.054376 0.072441 0.113889 0.993412 -0.012757
0.087493 -0.050252 0.068675 0.115073 0.993262 -0.013739
0.124357 -0.054516 0.053206 0.113360 0.993473 -0.012682
0.105298 -0.052507 0.046130 -0.114171 -0.993378 0.012861
0.120808 -0.054368 0.034365 -0.113673 -0.993442 0.012342
0.105849 -0.052819 0.026429 0.114417 0.993360 -0.012035
0.101832 -0.052495 0.017067 -0.114532 -0.993365 0.010397
0.100878 -0.052511 0.007357 -0.114325 -0.993397 0.009639
0.118847 -0.054634 -0.003907 0.113491 0.993498 -0.009021
0.119102 -0.054780 -0.013507 0.113460 0.993504 -0.008757
0.136324 -0.056810 -0.024121 -0.111636 -0.993718 0.007916
0.160615 -0.059618 -0.034714 -0.111537 -0.993726 0.008257
0.174556 -0.061484 -0.062265 -0.111636 -0.993718 0.007916
0.181384 -0.062342 -0.071260 -0.111636 -0.993718 0.007916
2.955696 -0.449671 -0.073316 0.464845 0.872066 -0.153037
2.941619 -0.447243 -0.058075 -0.338864 -0.920998 0.192182
2.991586 -0.454730 -0.040912 0.493300 0.861026 -0.123652
2.484532 -0.376073 -0.047845 0.022913 -0.060077 0.997931
2.395226 -0.362109 -0.042221 -0.535141 0.028404 0.844285
2.394675 -0.361866 -0.032588 -0.477509 0.067448 0.876034
2.415704 -0.364949 -0.021290 -0.456142 0.090511 0.885292
2.400166 -0.362394 -0.012738 0.883913 -0.113230 -0.453736
2.421936 -0.365580 -0.000828 0.899496 -0.063114 -0.432346
2.406216 -0.362999 0.007477 0.946130 -0.165015 -0.278582
2.421837 -0.365231 0.019222 0.982477 0.014626 -0.185810
2.450060 -0.369386 0.032972 -0.054387 0.837511 0.543707
2.512364 -0.378746 0.052175 0.145497 0.989334 -0.006929
3.041629 -0.459456 0.143808 -0.131011 -0.254732 0.958096
3.045968 -0.459833 0.161387 -0.148632 -0.197763 0.968916
3.040370 -0.458692 0.177389 -0.151153 -0.253788 0.955376
3.040448 -0.458415 0.194377 0.234978 0.558443 -0.795567
2.853014 -0.429615 0.174726 0.149409 0.988617 -0.017689
2.670043 -0.401560 0.151941 -0.147268 -0.988942 0.017468
2.627849 -0.394934 0.155838 -0.143001 -0.989530 0.019507
2.619457 -0.393445 0.166595 -0.141400 -0.989702 0.022257
2.615779 -0.392672 0.178356 -0.141157 -0.989743 0.022010
2.569759 -0.385498 0.179458 -0.136503 -0.990379 0.022725
2.608065 -0.391071 0.201725 -0.138750 -0.990016 0.024836
2.602122 -0.389956 0.212809 -0.138011 -0.990164 0.022969
2.577990 -0.386103 0.218641 -0.137285 -0.990273 0.022637
2.581378 -0.386398 0.232160 -0.136872 -0.990340 0.022210
2.574201 -0.385102 0.242577 -0.136526 -0.990399 0.021703
2.578243 -0.385491 0.256495 -0.136215 -0.990465 0.020593
2.570838 -0.384163 0.266797 -0.136834 -0.990404 0.019413
2.580198 -0.385344 0.282765 -0.136255 -0.990486 0.019276
2.593077 -0.387045 0.300295 0.136601 0.990453 -0.018518
2.575962 -0.384266 0.307220 0.136500 0.990459 -0.018955
2.573644 -0.383696 0.319441 0.136417 0.990458 -0.019587
2.576727 -0.383930 0.333821 -0.135992 -0.990489 0.020910
2.572281 -0.383043 0.345347 -0.136184 -0.990444 0.021765
2.567716 -0.382138 0.356824 -0.135196 -0.990562 0.022570
2.563943 -0.381351 0.368642 -0.135016 -0.990542 0.024437
2.560044 -0.380546 0.380429 -0.133497 -0.990758 0.024011
2.561435 -0.380522 0.394637 -0.133969 -0.990702 0.023724
2.558157 -0.379808 0.406833 -0.133895 -0.990713 0.023664
2.545803 -0.377757 0.414731 -0.134614 -0.990626 0.023235
2.542300 -0.377011 0.426797 -0.134341 -0.990666 0.023079
2.536892 -0.375986 0.437950 -0.134407 -0.990659 0.023000
2.535771 -0.375590 0.451326 -0.135026 -0.990568 0.023319
2.534488 -0.375170 0.464736 -0.135485 -0.990491 0.023906
2.521721 -0.373069 0.472005 -0.135311 -0.990509 0.024126
2.520175 -0.372611 0.485357 -0.135048 -0.990549 0.023981
2.508135 -0.370623 0.492819 -0.133629 -0.990744 0.023884
2.515737 -0.371496 0.511640 -0.135315 -0.990515 0.023890
2.504348 -0.369605 0.519438 -0.134693 -0.990601 0.023807
2.499672 -0.368692 0.531222 -0.135036 -0.990574 0.023006
2.493183 -0.367516 0.541915 -0.135078 -0.990541 0.024144
2.499099 -0.368135 0.560608 -0.136606 -0.990376 0.022245
2.491477 -0.366796 0.570747 -0.059231 0.997880 -0.026985
2.482110 -0.365207 0.579684 -0.409782 0.912166 0.005585
2.476755 -0.364198 0.591315 -0.519156 0.854622 -0.009943
2.465587 -0.362355 0.598897 0.615989 -0.785303 -0.062113
2.465647 -0.362125 0.614456 0.542646 -0.837579 -0.063210
2.467091 -0.362091 0.631270 -0.600757 0.790957 0.116093
2.539688 -0.372221 0.702030 -0.491943 0.866399 0.085697
2.813987 -0.411080 0.930890 -0.025943 0.997899 0.059371
2.930616 -0.427351 1.045102 0.084009 -0.994296 0.065707
2.935830 -0.427726 1.074027 0.097339 -0.988544 0.115355
2.932923 -0.426942 1.096872 0.113785 -0.993456 0.009864
2.922087 -0.425034 1.113388 -0.082933 0.995737 -0.040374
2.911821 -0.423208 1.130452 -0.111736 0.990368 -0.081770
2.882659 -0.418719 1.131048 -0.150163 0.986226 -0.069350
2.877359 -0.417601 1.152383 -0.147147 0.986684 -0.069299
2.898937 -0.420260 1.198562 -0.197043 0.977705 -0.072571
2.892798 -0.419016 1.220219 -0.082393 0.994379 -0.066504
2.898609 -0.419444 1.253553 -0.110597 0.992765 -0.046764
2.877495 -0.416103 1.261476 -0.081506 0.996421 -0.022422
2.874726 -0.415327 1.287337 0.057261 0.997178 -0.048560
2.872969 -0.414690 1.314703 0.013747 0.998672 -0.049652
2.871488 -0.414087 1.342896 -0.004898 -0.996567 0.082646
2.870257 -0.413516 1.371933 0.006169 -0.996724 0.080640
2.867221 -0.412690 1.399638 0.013106 -0.994000 0.108596
2.859750 -0.411249 1.423010 -0.026237 -0.995776 0.087982
2.857233 -0.410490 1.452343 -0.093666 -0.994897 0.037497
2.844456 -0.408317 1.470511 -0.093777 -0.995394 0.019924
2.809503 -0.403107 1.462787 0.195443 0.980671 0.009267
2.827150 -0.405106 1.517253 0.142670 0.989262 -0.031729
2.869002 -0.410392 1.603137 0.130946 0.991046 -0.026095
2.870047 -0.410090 1.641019 0.147990 0.988168 -0.040287
2.860638 -0.408360 1.666543 0.142861 0.989563 -0.018865
2.851456 -0.406660 1.692847 0.142489 0.989661 -0.016381
2.853824 -0.406520 1.735107 0.109748 0.993903 -0.010596
2.854875 -0.406193 1.776803 0.127775 0.991744 -0.010827
2.847080 -0.404668 1.807372 0.135967 0.990440 -0.023292
2.836510 -0.402768 1.834712 -0.127478 -0.989382 0.069804
2.837361 -0.402395 1.879307 0.140742 0.984906 -0.100757
2.837434 -0.401908 1.924126 0.124365 0.984276 -0.125439
2.832897 -0.400798 1.963318 0.120797 0.990582 -0.064463
2.810478 -0.397311 1.975754 0.151651 0.987292 -0.047512
2.778421 -0.392556 1.972720 0.150117 0.987260 -0.052748
2.743968 -0.387499 1.964980 0.126356 0.990203 -0.059434
2.712887 -0.382903 1.961880 0.099775 0.990389 -0.095780
2.686533 -0.378939 1.966107 0.131079 0.988080 -0.080728
2.662693 -0.375315 1.974337 -0.136026 -0.988100 0.071804
2.638813 -0.371693 1.982289 -0.121833 -0.990088 0.069868
2.617275 -0.368384 1.994349 0.158841 0.987179 -0.015714
2.594212 -0.364884 2.003534 -0.132585 -0.990697 0.030673
2.564219 -0.360499 1.999150 0.131472 0.988905 -0.069147
2.538023 -0.356615 2.001500 0.125020 0.989987 -0.065539
2.510579 -0.352583 2.000836 0.138947 0.987607 -0.072974
2.479825 -0.348142 1.992611 0.137429 0.989027 -0.054202
2.453557 -0.344285 1.993025 -0.133667 -0.990250 0.039218
2.427799 -0.340503 1.994023 -0.141362 -0.989521 0.029404
2.401724 -0.336693 1.993791 0.152404 0.987843 -0.030661
2.378108 -0.333202 1.998749 0.142390 0.988220 -0.056089
2.354106 -0.329672 2.002514 0.120827 0.991673 -0.044551
2.328630 -0.325968 2.002294 0.142927 0.988724 -0.044677
2.306887 -0.322736 2.011072 -0.148239 -0.988527 0.028967
2.283991 -0.319368 2.016816 0.128194 0.991330 -0.028820
2.259690 -0.315838 2.018554 0.130370 0.990616 -0.041025
2.235773 -0.312364 2.020952 0.138647 0.986885 -0.082669
2.209618 -0.308631 2.016460 0.143638 0.984617 -0.099488
2.184896 -0.305082 2.015442 -0.147472 -0.979998 0.133626
2.159664 -0.301484 2.012230 0.130813 0.986082 -0.102617
2.134869 -0.297950 2.009672 -0.133047 -0.986995 0.090213
2.113050 -0.294776 2.016400 -0.146568 -0.986037 0.079051
2.088411 -0.291282 2.013288 0.120059 0.991176 -0.056173
2.063903 -0.287815 2.009887 -0.123783 -0.991071 0.049550
2.040297 -0.284463 2.009100 -0.151667 -0.987757 0.036515
2.018484 -0.281324 2.014828 -0.123795 -0.991445 0.041382
1.995202 -0.278028 2.014496 0.131507 0.991123 -0.019509
1.973334 -0.274897 2.019747 0.124656 0.991724 -0.030722
1.949047 -0.271512 2.014027 -0.137966 -0.990306 0.016125
1.926980 -0.268377 2.017812 0.189326 0.981525 -0.027649
1.906244 -0.265388 2.028226 0.123884 0.992283 -0.005195
1.883312 -0.262176 2.027623 -0.125290 -0.992064 -0.010573
1.861134 -0.259051 2.030706 0.149351 0.988513 0.023154
1.838934 -0.255931 2.033553 -0.149341 -0.988679 -0.014515
1.816869 -0.252830 2.037152 -0.156214 -0.987639 -0.012925
1.795197 -0.249773 2.043485 0.116876 0.993072 -0.012200
1.772629 -0.246640 2.043648 -0.100520 -0.993261 0.057685
1.750582 -0.243560 2.047538 -0.139484 -0.988195 0.063368
1.728147 -0.240456 2.048214 0.123339 0.989359 -0.077180
1.706032 -0.237384 2.051636 -0.115459 -0.989214 0.090142
1.683780 -0.234307 2.053829 0.148402 0.987885 -0.045382
1.660606 -0.231187 2.044823 0.142330 0.989409 0.028479
1.638496 -0.228141 2.047535 0.124823 0.992101 -0.012457
1.616287 -0.225096 2.049014 -0.128449 -0.991364 0.026421
1.594518 -0.222059 2.059248 0.156656 0.987157 -0.031317
1.571986 -0.219019 2.055266 -0.125697 -0.991544 0.032250
1.549547 -0.216001 2.051045 -0.203202 -0.979074 0.011076
1.527497 -0.212944 2.061583 -0.125720 -0.991483 0.034002
1.505078 -0.209959 2.054890 -0.126297 -0.990857 0.047450
1.482795 -0.206967 2.052960 -0.201265 -0.978951 0.033879
1.460507 -0.203956 2.054795 -0.104148 -0.994453 -0.014709
1.438267 -0.200986 2.052395 0.137392 0.989076 -0.053403
1.415976 -0.197998 2.052759 0.112335 0.986088 -0.122523
1.393671 -0.195016 2.052887 0.111038 0.991438 -0.068711
1.371142 -0.191986 2.056773 0.122467 0.992286 -0.019251
1.349282 -0.189133 2.048444 0.121709 0.992565 -0.001468
1.326991 -0.186178 2.047866 0.153414 0.987965 0.019739
1.304359 -0.183159 2.051038 -0.115186 -0.993111 -0.021519
1.282021 -0.180215 2.049984 -0.067228 -0.996045 -0.058085
1.259683 -0.177278 2.048693 0.126609 0.986750 0.101459
1.236888 -0.174263 2.051138 0.151487 0.982758 0.106009
1.214769 -0.171385 2.047384 -0.113048 -0.991979 -0.056542
1.192835 -0.168547 2.042409 0.112919 0.992432 0.048248
1.170681 -0.165675 2.039183 0.105676 0.992959 0.053530
1.148249 -0.162761 2.037698 0.118783 0.992888 -0.008017
1.126311 -0.159940 2.033016 0.138933 0.988936 -0.051984
1.104255 -0.157105 2.029089 0.109692 0.990750 -0.079891
1.082428 -0.154315 2.023946 0.140329 0.986085 -0.089132
1.060269 -0.151476 2.020536 0.121436 0.986879 -0.106410
1.038344 -0.148683 2.015913 0.122610 0.989326 -0.078745
1.016466 -0.145904 2.011058 0.119157 0.989785 -0.078277
0.992819 -0.142849 2.013757 0.118739 0.989277 -0.085046
0.969301 -0.139826 2.015216 0.128136 0.988387 -0.081685
0.948670 -0.137267 2.004793 0.122717 0.990929 -0.054774
0.924847 -0.134215 2.006716 -0.120552 -0.991632 0.046180
0.902798 -0.131448 2.001626 0.120856 0.992068 -0.034583
0.879959 -0.128567 1.999181 -0.117246 -0.992901 0.020047
0.854805 -0.125341 2.004137 -0.127295 -0.991465 0.028159
0.805526 -0.119083 2.008384 0.129257 0.990798 -0.040147
0.783094 -0.116302 2.002968 0.122087 0.992066 -0.029986
0.755464 -0.112754 2.012407 0.119035 0.992261 -0.035348
0.733626 -0.110080 2.004568 0.124219 0.991708 -0.032949
0.708749 -0.106964 2.004929 0.128304 0.991319 -0.028707
0.681999 -0.103584 2.009657 0.121810 0.992334 -0.020852
0.661288 -0.101100 1.998256 0.124065 0.992238 -0.008412
0.635465 -0.097876 1.999600 0.116768 0.993155 -0.002846
0.613761 -0.095261 1.990496 -0.117323 -0.993093 -0.001502
0.587808 -0.092039 1.991251 -0.115497 -0.993306 0.002104
0.565383 -0.089336 1.983470 -0.119086 -0.992877 0.003728
0.544675 -0.086885 1.971811 -0.117009 -0.993121 0.004457
0.516065 -0.083313 1.977119 -0.127080 -0.991705 0.019280
0.492000 -0.080400 1.972154 0.119770 0.992690 -0.014880
0.465279 -0.077120 1.972277 -0.116983 -0.993027 0.014555
0.437995 -0.073772 1.972951 -0.119575 -0.992569 0.022575
0.408281 -0.070093 1.977702 -0.117997 -0.992822 0.019540
0.379762 -0.066596 1.979409 -0.125025 -0.991764 0.027798
0.350132 -0.062956 1.982491 0.122391 0.992119 -0.026825
0.326170 -0.060119 1.974730 0.117077 0.992978 -0.016988
0.304729 -0.057640 1.962367 0.114656 0.993373 -0.007949
0.284429 -0.055325 1.948058 0.108808 0.994060 0.002230
0.258117 -0.052185 1.943799 0.111795 0.993718 0.005099
0.228096 -0.048544 1.945151 0.106681 0.994250 0.009324
0.203236 -0.045625 1.937658 -0.087401 -0.996143 -0.007802
0.169193 -0.041458 1.944103 0.064857 0.997891 -0.002598
0.134875 -0.037268 1.950051 -0.085068 -0.996345 0.007726
0.108108 -0.034122 1.943932 0.102894 0.994420 -0.023294
0.074515 -0.030059 1.947313 -0.101813 -0.994683 0.015509
0.049334 -0.027149 1.937996 -0.108779 -0.994020 0.009549
0.015431 -0.023070 1.940490 -0.090217 -0.995715 -0.020300
-0.016312 -0.019296 1.939283 0.108272 0.993877 -0.022025
-0.061407 -0.013741 1.955126 -0.097105 -0.992008 0.080571
-0.089945 -0.010427 1.948146 -0.142007 -0.989088 0.039233
-0.122828 -0.006542 1.946265 0.077961 0.995264 -0.058067
-0.150217 -0.003403 1.936929 -0.135239 -0.990778 0.008323
-0.178223 -0.000191 1.928009 -0.065577 -0.997822 -0.007108
-0.208788 0.003351 1.921770 0.008048 0.994569 0.103766
-0.327062 0.010517 1.413161 0.003362 -0.998839 0.048065
-0.331078 0.010577 1.384533 -0.068082 0.996467 -0.049167
-0.331586 0.010191 1.353508 -0.023619 0.999607 -0.015115
-0.346562 0.011651 1.334256 -0.005820 -0.999974 -0.004154
-0.342348 0.010670 1.300371 0.115198 0.993279 -0.011272
-0.341619 0.010137 1.269708 0.115595 0.993225 -0.011937
-0.344473 0.010061 1.242147 0.117404 0.993016 -0.011624
-0.350195 0.010351 1.216988 0.118831 0.992836 -0.012522
-0.354779 0.010498 1.191288 0.120007 0.992695 -0.012438
-0.364783 0.011329 1.169561 0.125648 0.991995 -0.012605
-0.372055 0.011815 1.146108 0.126526 0.991896 -0.011550
-0.371546 0.011326 1.117754 0.129365 0.991519 -0.012460
-0.356394 0.009007 1.080464 0.129227 0.991532 -0.012871
-0.351647 0.007999 1.050461 0.131637 0.991209 -0.013247
-0.355827 0.008110 1.026371 0.129586 0.991500 -0.011635
-0.356288 0.007759 1.000289 0.128916 0.991578 -0.012389
-0.365012 0.008438 0.979307 0.125040 0.992080 -0.011898
-0.377830 0.009625 0.960709 0.123728 0.992231 -0.012975
-0.388722 0.010571 0.940999 0.293652 0.953683 -0.065252
-0.399410 0.011489 0.921175 0.386431 0.919964 -0.065852
-0.400208 0.011186 0.896160 0.983336 0.165273 -0.075734
-0.409544 0.011937 0.875767 0.993204 0.079133 -0.085349
-0.411545 0.011785 0.851740 0.995650 -0.093176 0.000360
-0.415938 0.011928 0.829080 0.996760 -0.079724 0.010623
-0.415575 0.011490 0.804312 0.996338 -0.084194 -0.014867
-0.409486 0.010354 0.777164 0.997561 -0.053716 -0.044567
-0.413933 0.010510 0.755108 0.994548 -0.070818 -0.076540
-0.419040 0.010748 0.733450 0.985547 -0.081469 -0.148523
-0.412917 0.009619 0.707147 0.985709 -0.167331 -0.019454
-0.418414 0.009908 0.685957 0.917182 -0.393555 0.062378
-0.419060 0.009608 0.662907 -0.457519 0.883279 0.102448
-0.424073 0.009840 0.641714 0.019433 0.997513 0.067754
-0.426992 0.009820 0.619805 0.087242 0.996186 -0.001305
-0.435273 0.010449 0.599940 0.091219 0.995829 0.001722
-0.443351 0.011052 0.579978 0.091470 0.995791 0.005761
-0.442751 0.010610 0.557067 0.093335 0.995623 0.004820
-0.447555 0.010821 0.536088 0.093973 0.995572 0.002189
-0.446447 0.010323 0.513295 0.096212 0.995357 -0.002849
-0.449832 0.010366 0.492033 0.097063 0.995238 -0.008991
-0.452987 0.010383 0.470766 0.101177 0.994807 -0.011066
-0.453999 0.010145 0.448964 0.108102 0.994040 -0.014091
-0.453810 0.009766 0.426946 0.109031 0.993917 -0.015538
-0.452414 0.009246 0.404745 -0.106070 -0.994244 0.015081
-0.455593 0.009273 0.383817 -0.105696 -0.994304 0.013726
-0.449845 0.008242 0.360836 -0.103612 -0.994485 0.016251
-0.454497 0.008448 0.340412 -0.106712 -0.994215 0.012180
-0.459908 0.008745 0.320146 0.105914 0.994343 -0.008011
-0.453424 0.007636 0.297462 -0.106472 -0.994172 0.016920
-0.457416 0.007768 0.277005 0.110338 0.993743 -0.017322
-0.457284 0.007416 0.255805 0.108949 0.993933 -0.015059
-0.451047 0.006348 0.233659 0.109732 0.993587 -0.027286
-0.453394 0.006293 0.213076 0.111373 0.993507 -0.023254
-0.466335 0.007483 0.194071 0.123116 0.992092 -0.024405
-0.446613 0.004843 0.170400 0.106791 0.993977 -0.024604
-0.448298 0.004718 0.149900 0.105860 0.994313 -0.011642
-0.445820 0.004108 0.128941 0.103744 0.994541 -0.011180
-0.452997 0.004629 0.109092 0.108712 0.993996 -0.012437
-0.450084 0.003973 0.088190 0.105482 0.994363 -0.010794
-0.441998 0.002719 0.066963 0.100614 0.994895 -0.007815
-0.450526 0.003402 0.047145 0.103434 0.994543 -0.013640
-0.456870 0.003830 0.027043 0.107030 0.994130 -0.015839
-0.457054 0.003545 0.006519 0.110934 0.993559 -0.023097
-0.457025 0.003238 -0.013995 -0.113284 -0.993433 0.016028
-0.456781 0.002910 -0.034497 0.110765 0.993762 -0.012971
-0.468242 0.003935 -0.054751 -0.113341 -0.993530 0.007233
-0.459626 0.002644 -0.075419 -0.109175 -0.993956 0.011467
-0.475630 0.004194 -0.095937 -0.109175 -0.993956 0.011467
2.562184 -0.388985 -0.139449 0.156093 0.987476 -0.022927
2.634494 -0.400627 -0.135437 0.169161 0.985373 -0.020621
2.668307 -0.405982 -0.128821 0.158057 0.987227 -0.020030
2.667518 -0.405707 -0.120893 0.169459 0.985319 -0.020756
2.667634 -0.405578 -0.112991 0.169459 0.985319 -0.020756
2.667668 -0.405435 -0.105089 0.169459 0.985319 -0.020756
2.667621 -0.405278 -0.097186 0.169459 0.985319 -0.020756
2.656636 -0.403354 -0.089558 0.169459 0.985319 -0.020756
2.656429 -0.403172 -0.081774 0.169459 0.985319 -0.020756
2.654169 -0.402659 -0.074085 0.169459 0.985319 -0.020756
2.651830 -0.402133 -0.066441 0.171781 0.984944 -0.019395
2.650399 -0.401754 -0.058776 0.171781 0.984944 -0.019395
2.640030 -0.399939 -0.051832 0.171781 0.984944 -0.019395
2.648286 -0.401114 -0.043440 -0.171940 -0.984907 0.019870
2.655464 -0.402113 -0.034966 0.171861 0.984914 -0.020191
2.644876 -0.400267 -0.028282 0.172030 0.984883 -0.020293
2.651880 -0.401234 -0.019679 0.171930 0.984870 -0.021707
2.650951 -0.400932 -0.011951 0.172481 0.984774 -0.021693
2.667545 -0.403421 -0.001724 0.170491 0.985078 -0.023555
2.662525 -0.402464 0.005568 0.170920 0.985002 -0.023604
2.679857 -0.405059 0.016449 0.170655 0.985046 -0.023710
2.675635 -0.404227 0.023959 0.170991 0.984989 -0.023621
2.679112 -0.404615 0.032838 0.171137 0.984970 -0.023387
2.674731 -0.403758 0.040276 0.171116 0.984982 -0.023021
2.680922 -0.404573 0.049852 0.170029 0.985197 -0.021853
2.666724 -0.402168 0.055130 0.170490 0.985120 -0.021717
2.673691 -0.403102 0.065005 0.168868 0.985437 -0.019949
2.647864 -0.398874 0.067156 0.165228 0.986103 -0.017323
2.686294 -0.404750 0.085004 0.162190 0.986606 -0.017400
2.681414 -0.403815 0.092330 -0.156565 -0.987530 0.016473
2.683141 -0.403915 0.101411 -0.157079 -0.987452 0.016262
2.677157 -0.402809 0.108369 -0.158016 -0.987307 0.016015
2.681539 -0.403323 0.118331 -0.153978 -0.987956 0.015297
2.679183 -0.402784 0.126361 -0.153651 -0.988007 0.015262
2.677685 -0.402378 0.134668 -0.149044 -0.988675 0.017519
2.678915 -0.402397 0.143905 -0.146914 -0.988999 0.017243
2.666941 -0.400363 0.148681 -0.145949 -0.989148 0.016905
2.668000 -0.400356 0.157883 -0.145932 -0.989146 0.017138
2.665235 -0.399755 0.165765 -0.141252 -0.989743 0.021390
2.662389 -0.399141 0.173618 -0.141252 -0.989743 0.021390
2.658540 -0.398374 0.181079 -0.142017 -0.989610 0.022455
2.655535 -0.397737 0.188859 -0.140103 -0.989813 0.025335
2.651537 -0.396948 0.196226 -0.140429 -0.989771 0.025161
2.653834 -0.397128 0.206276 -0.138280 -0.990051 0.026016
2.653286 -0.396869 0.215206 -0.138371 -0.990041 0.025942
2.646322 -0.395626 0.221288 -0.138003 -0.990092 0.025942
2.643799 -0.395065 0.229355 -0.137249 -0.990203 0.025719
2.638509 -0.394082 0.236117 -0.136194 -0.990387 0.024169
2.643820 -0.394716 0.248066 -0.138159 -0.990174 0.021621
2.636587 -0.393438 0.253893 -0.137715 -0.990243 0.021306
2.646019 -0.394694 0.268293 0.138175 0.990209 -0.019841
2.630743 -0.392197 0.269869 0.137406 0.990328 -0.019236
2.640735 -0.393533 0.284959 0.136996 0.990376 -0.019686
2.628873 -0.391558 0.288178 0.136995 0.990385 -0.019227
2.628199 -0.391278 0.297611 0.136822 0.990415 -0.018907
2.655609 -0.395227 0.323675 -0.136230 -0.990461 0.020685
2.651978 -0.394493 0.331925 -0.135575 -0.990539 0.021237
2.652476 -0.394379 0.342750 -0.135551 -0.990534 0.021644
2.638573 -0.392105 0.344623 -0.135270 -0.990574 0.021562
2.637209 -0.391713 0.354333 -0.135547 -0.990513 0.022616
2.629101 -0.390314 0.359683 -0.135249 -0.990555 0.022547
2.632467 -0.390628 0.372700 -0.135100 -0.990547 0.023759
2.627479 -0.389695 0.380188 -0.135642 -0.990484 0.023304
2.619984 -0.388392 0.385902 -0.135741 -0.990456 0.023902
2.616468 -0.387681 0.394421 -0.136269 -0.990389 0.023663
2.614448 -0.387192 0.404100 -0.135882 -0.990441 0.023714
2.605175 -0.385631 0.408399 -0.135578 -0.990490 0.023399
2.607677 -0.385810 0.421669 -0.135015 -0.990567 0.023426
2.615435 -0.386759 0.439357 -0.134528 -0.990646 0.022852
2.595067 -0.383571 0.434805 -0.134438 -0.990663 0.022642
2.595570 -0.383453 0.446948 -0.134523 -0.990655 0.022498
2.614900 -0.386088 0.475164 -0.134918 -0.990582 0.023323
2.612618 -0.385553 0.485698 -0.134534 -0.990630 0.023505
2.602726 -0.383909 0.489686 -0.134900 -0.990578 0.023609
2.595787 -0.382698 0.496186 -0.135209 -0.990546 0.023166
2.580723 -0.380310 0.495214 -0.135319 -0.990529 0.023283
2.593347 -0.381940 0.519810 -0.135710 -0.990491 0.022608
2.583241 -0.380275 0.523436 -0.135665 -0.990494 0.022715
2.583100 -0.380050 0.536642 -0.136167 -0.990448 0.021698
2.574300 -0.378578 0.541487 -0.136377 -0.990422 0.021557
2.567564 -0.377405 0.548346 -0.136630 -0.990381 0.021873
2.552476 -0.375037 0.546529 -0.136630 -0.990381 0.021873
2.553881 -0.375035 0.561845 -0.136570 -0.990398 0.021470
2.566515 -0.376631 0.589694 -0.136961 -0.990374 0.020011
2.551936 -0.374343 0.588343 -0.137563 -0.990278 0.020636
2.563854 -0.375824 0.616579 -0.138792 -0.990146 0.018641
2.568080 -0.376205 0.636863 -0.139617 -0.990024 0.018953
2.558423 -0.374618 0.641370 -0.139179 -0.990083 0.019119
2.565293 -0.375365 0.665671 0.110847 0.992423 0.052996
2.542812 -0.371976 0.654652 -0.121480 -0.989556 -0.077601
2.536766 -0.370906 0.663506 -0.300926 0.945788 0.122180
2.534279 -0.370333 0.677029 -0.491943 0.866399 0.085697
2.532182 -0.369814 0.691375 -0.491943 0.866399 0.085697
2.531643 -0.369509 0.708157 -0.491943 0.866399 0.085697
2.482030 -0.362393 0.658212 -0.586365 0.784667 0.201182
2.510595 -0.366126 0.715177 -0.584210 0.804250 0.108997
2.486640 -0.362588 0.699286 -0.640585 0.755887 0.135224
2.544660 -0.370341 0.802326 -0.831111 -0.002492 -0.556101
2.726942 -0.395080 1.095675 0.697755 0.715319 0.038162
2.745555 -0.397287 1.151691 -0.615721 -0.785751 -0.059023
2.752895 -0.397934 1.192256 0.347578 0.937647 0.002723
2.774798 -0.400545 1.257648 0.248107 0.968733 0.000024
2.761158 -0.398317 1.267429 0.358990 0.932959 -0.026730
2.743323 -0.395526 1.270212 0.421084 0.906810 0.019602
2.741574 -0.394906 1.300368 0.395272 0.918343 -0.020159
2.756041 -0.396451 1.360135 0.288373 0.956473 -0.044733
2.750977 -0.395364 1.387188 0.251409 0.966017 -0.060030
2.728829 -0.392000 1.383564 0.423029 0.905603 -0.030502
2.737573 -0.392739 1.437906 0.246007 0.968336 -0.042489
2.744822 -0.393260 1.491702 0.262703 0.964788 -0.013095
2.737180 -0.391804 1.518147 0.324838 0.945646 -0.015307
2.729078 -0.390283 1.544602 0.287487 0.957765 -0.006122
2.736805 -0.390818 1.605327 0.189603 0.981160 -0.037088
2.728266 -0.389220 1.633766 0.188034 0.981949 -0.020482
2.720864 -0.387762 1.665851 0.176083 0.984088 -0.023792
2.724898 -0.387764 1.725412 -0.196600 -0.980453 0.007785
2.717618 -0.386296 1.761351 -0.195456 -0.980672 0.008890
2.717309 -0.385704 1.815794 -0.154813 -0.987146 0.039697
2.712238 -0.384488 1.861159 0.143577 0.986331 -0.080854
2.705949 -0.383103 1.905690 -0.143285 -0.984638 0.099787
2.703054 -0.382126 1.961516 0.093082 0.990119 -0.104878
2.674396 -0.377933 1.949929 -0.142916 -0.987041 0.072977
2.649727 -0.374249 1.948327 0.140512 0.986469 -0.084471
2.626143 -0.370711 1.949265 0.167887 0.983496 -0.067450
2.604813 -0.367457 1.956571 -0.161839 -0.985920 0.042067
2.583104 -0.364164 1.962700 0.148640 0.987235 -0.057205
2.559578 -0.360661 1.962863 -0.122015 -0.990651 0.061020
2.538391 -0.357445 1.970423 -0.108786 -0.991354 0.073369
2.514375 -0.353905 1.968149 0.119923 0.991773 -0.044778
2.492849 -0.350666 1.974271 0.145524 0.989002 -0.026414
2.470498 -0.347338 1.977266 -0.142991 -0.988455 0.050092
2.448878 -0.344102 1.982923 -0.140070 -0.989754 0.027715
2.426965 -0.340840 1.987380 -0.139586 -0.989720 0.031147
2.405688 -0.337655 1.994525 0.152404 0.987843 -0.030661
2.384103 -0.334442 2.000473 0.134495 0.989248 -0.057437
2.360816 -0.331054 1.998364 0.130186 0.990032 -0.053739
2.339751 -0.327909 2.006783 0.149005 0.987298 -0.055133
2.318192 -0.324718 2.013022 0.119002 0.992128 -0.039003
2.296201 -0.321488 2.017066 0.132351 0.990488 -0.037628
2.273353 -0.318183 2.015945 0.137893 0.989613 -0.040638
2.250568 -0.314896 2.014574 0.152099 0.986606 -0.058938
2.228276 -0.311665 2.015924 -0.110611 -0.990796 0.078032
2.206785 -0.308510 2.022982 -0.131745 -0.986426 0.098021
2.184447 -0.305290 2.023862 -0.145076 -0.980732 0.130837
2.162902 -0.302136 2.031460 -0.114982 -0.980310 0.160533
2.140010 -0.298894 2.026897 0.101523 0.984784 -0.141045
2.117876 -0.295713 2.029057 0.089050 0.985128 -0.146943
2.095719 -0.292537 2.030982 0.120848 0.989677 -0.077042
2.073612 -0.289369 2.033670 0.150951 0.986296 -0.066583
2.051467 -0.286205 2.036125 0.128412 0.989179 -0.070958
2.029237 -0.283044 2.037348 0.128085 0.988019 -0.086096
2.006837 -0.279900 2.034338 0.124819 0.987041 -0.100845
1.984770 -0.276741 2.040087 0.131497 0.986203 -0.100558
1.962499 -0.273601 2.040604 0.131228 0.987497 -0.087343
1.940198 -0.270488 2.037886 -0.109943 -0.991591 0.068259
1.917947 -0.267360 2.038933 0.129589 0.988579 -0.076933
1.895688 -0.264248 2.038744 0.151218 0.987962 -0.032608
1.873386 -0.261122 2.040319 -0.100197 -0.994857 0.014806
1.850814 -0.257912 2.048654 0.129552 0.988444 -0.078702
1.828628 -0.254866 2.043759 -0.141011 -0.989968 0.008889
1.806104 -0.251720 2.046620 0.139154 0.990174 -0.013807
1.784086 -0.248722 2.040259 0.157712 0.987057 -0.029091
1.761963 -0.245695 2.036662 0.156961 0.981922 -0.105797
1.739048 -0.242489 2.042795 0.123154 0.989024 -0.081640
1.717797 -0.239670 2.029767 -0.155502 -0.986966 0.041452
1.694472 -0.236400 2.038400 -0.110346 -0.990993 0.075875
1.672451 -0.233421 2.033864 -0.134570 -0.990272 0.035392
1.649488 -0.230258 2.037032 -0.146894 -0.989065 -0.013123
1.627659 -0.227331 2.031036 0.132047 0.991234 0.004208
1.605483 -0.224340 2.027781 0.145752 0.989309 -0.004942
1.583026 -0.221303 2.026265 0.135842 0.990180 0.033029
1.559395 -0.218060 2.031408 0.112701 0.993536 0.013619
1.536328 -0.214934 2.032350 0.120983 0.992605 0.009924
1.513388 -0.211841 2.032056 0.186112 0.979949 0.071143
1.489026 -0.208509 2.038370 -0.093903 -0.995498 0.012909
1.466150 -0.205451 2.036582 -0.124233 -0.987654 0.095426
1.442172 -0.202212 2.039423 -0.087711 -0.992409 0.086203
1.417172 -0.198812 2.045882 0.075688 0.992478 -0.096225
1.394843 -0.195878 2.040403 -0.101015 -0.994603 0.023701
1.370832 -0.192669 2.041462 -0.079401 -0.996734 0.014707
1.345707 -0.189288 2.046110 0.064656 0.997788 0.015463
1.320424 -0.185894 2.050462 0.110184 0.993449 0.030313
1.294986 -0.182490 2.054514 0.148134 0.988967 0.000658
1.271127 -0.179354 2.052526 0.177768 0.982605 0.053713
1.247239 -0.176223 2.050271 0.133444 0.988306 0.073777
1.224865 -0.173343 2.042997 0.153898 0.983772 0.092239
1.202568 -0.170482 2.035488 0.167059 0.981512 0.093415
1.175432 -0.166864 2.041894 0.163806 0.983640 0.074965
1.149770 -0.163492 2.043261 0.109096 0.993378 0.036031
1.126776 -0.160549 2.036831 -0.096287 -0.995109 0.022069
1.100973 -0.157177 2.037611 0.126542 0.991789 0.018492
1.073966 -0.153630 2.040867 -0.148228 -0.988912 -0.008995
1.044919 -0.149783 2.048409 0.138393 0.986132 0.091607
1.021410 -0.146799 2.041762 -0.147554 -0.988912 0.016773
0.991614 -0.142865 2.049519 0.106912 0.993770 0.031487
0.966012 -0.139583 2.046846 0.111573 0.992956 -0.039881
0.939533 -0.136180 2.045683 0.128983 0.991543 -0.014328
0.913397 -0.132838 2.043294 0.143888 0.987863 -0.058514
0.889367 -0.129824 2.036093 -0.108071 -0.993234 0.042498
0.866259 -0.126955 2.026832 0.114186 0.992937 -0.032204
0.837358 -0.123230 2.028883 0.120834 0.991475 -0.048757
0.808757 -0.119564 2.029672 -0.127180 -0.990976 0.042332
0.775790 -0.115264 2.038009 0.123948 0.990562 -0.058518
0.747319 -0.111644 2.037134 0.124470 0.990355 -0.060854
0.716787 -0.107733 2.039371 0.128654 0.988367 -0.081108
0.685084 -0.103665 2.042925 0.131277 0.980729 -0.144696
0.658237 -0.100319 2.037452 0.112221 0.991524 -0.065475
0.627246 -0.096381 2.038478 0.125003 0.988753 -0.082106
0.593998 -0.092129 2.042477 0.123712 0.979619 -0.158250
0.558394 -0.087551 2.049379 -0.125867 -0.979937 0.154534
0.520875 -0.082715 2.058273 0.110633 0.973093 -0.202115
0.497878 -0.079983 2.044165 0.130540 0.985311 -0.110099
0.463284 -0.075596 2.047143 -0.121585 -0.981462 0.148155
0.437549 -0.072491 2.036514 0.138957 0.979212 -0.147766
0.407267 -0.068745 2.032085 0.120691 0.984903 -0.124098
0.373992 -0.064585 2.031287 0.139182 0.985322 -0.098834
-0.198638 0.006345 2.020598 -0.115134 -0.985195 0.127022
-0.287662 0.017281 2.018791 0.137455 0.986208 -0.092193
-0.335755 0.023211 2.019895 0.106233 0.992739 -0.056429
-0.380455 0.028660 2.016841 0.110844 0.990329 -0.083440
-0.427554 0.034418 2.015077 0.120078 0.987437 -0.102708
-0.480830 0.040995 2.017823 -0.121828 -0.986527 0.109190
-0.528403 0.046779 2.014465 -0.114854 -0.983781 0.137783
-0.586033 0.053903 2.018696 -0.111644 -0.993102 0.035833
-0.634068 0.059711 2.013684 0.119083 0.992802 -0.012797
-0.689222 0.066459 2.013533 0.115519 0.993123 0.019005
-0.742315 0.072909 2.010592 0.121501 0.992453 0.016590
-0.805837 0.080736 2.014699 -0.131266 -0.989876 -0.053992
-0.867360 0.088271 2.015889 -0.113153 -0.990915 -0.072690
-0.928409 0.095718 2.015416 0.099347 0.993947 0.046890
-0.996984 0.104146 2.019155 0.111426 0.993138 0.035515
-1.063518 0.112275 2.019945 0.151068 0.988226 -0.024251
-1.127940 0.120099 2.017857 0.065370 0.997661 -0.019992
-1.200037 0.128916 2.019678 0.165367 0.981976 -0.091526
-1.265886 0.136880 2.015799 0.107214 0.992051 -0.065883
-1.333661 0.145074 2.011847 0.069996 0.996095 -0.053805
-1.412603 0.154714 2.013629 0.128970 0.990878 -0.039074
-1.484339 0.163378 2.009254 0.072462 0.993379 -0.089152
-1.568240 0.173613 2.010815 0.097071 0.992680 -0.071857
-1.665367 0.185551 2.018434 0.167614 0.979527 -0.111504
-1.747549 0.195496 2.015274 0.147639 0.977682 -0.149464
-1.843899 0.207263 2.018427 0.124315 0.980753 -0.150562
-1.940713 0.219056 2.019776 0.129042 0.983329 -0.128112
-2.046716 0.232009 2.024013 0.110495 0.985995 -0.124919
-2.143545 0.243732 2.021173 0.100348 0.984096 -0.146580
-2.359313 0.270854 2.077028 0.096169 0.975189 -0.199393
-2.485058 0.286229 2.083008 0.103199 0.969307 -0.223147
-2.613179 0.301866 2.087435 0.133938 0.962937 -0.234123
-2.751752 0.318807 2.094051 0.137105 0.969776 -0.201833
-2.893662 0.336129 2.099221 -0.133797 -0.973806 0.183850
-3.046163 0.354763 2.106080 0.111718 0.978268 -0.174672
-3.213908 0.375303 2.116272 0.109883 0.978350 -0.175374
-3.388809 0.396701 2.125858 0.125250 0.976143 -0.177360
-3.580091 0.420136 2.138372 0.131789 0.982291 -0.133181
-3.736199 0.439005 2.132831 0.125630 0.985544 -0.113668
-3.790814 0.444861 2.085094 0.113728 0.987196 -0.111846
-3.792008 0.443892 2.016728 0.116726 0.986887 -0.111484
-3.793343 0.442950 1.948917 0.092879 0.991555 -0.090507
-3.802336 0.442991 1.884251 0.118207 0.989852 -0.078873
-3.810612 0.442946 1.819625 0.102909 0.991075 -0.084733
-3.819118 0.442937 1.755351 0.099430 0.990286 -0.097198
-3.825023 0.442605 1.690520 0.107656 0.991282 -0.075959
-3.832113 0.442429 1.626344 0.119731 0.989778 -0.077486
-3.843266 0.442773 1.563602 0.223542 0.971225 -0.082166
-3.837490 0.440988 1.496289 0.264502 0.961743 -0.071335
-3.853965 0.442014 1.435434 0.384001 0.919165 -0.087631
-3.857305 0.441393 1.371211 0.759341 0.642444 -0.103282
-3.865729 0.441418 1.308505 0.787180 0.611096 -0.083124
-3.860918 0.439790 1.242852 0.712140 0.697993 -0.075248
-3.875725 0.440628 1.181985 0.813230 0.577589 -0.071046
-3.868536 0.438722 1.116439 0.807097 0.590271 -0.013241
-3.874247 0.438436 1.053920 0.810902 0.585182 -0.000814
-3.884168 0.438682 0.992342 0.847870 0.529382 -0.029525
-3.895400 0.439097 0.931034 0.823476 0.559852 -0.091942
-3.895226 0.438099 0.867805 0.845739 0.531890 -0.042647
-3.871822 0.434229 0.801158 0.873141 0.487054 0.020097
-3.881065 0.434420 0.739994 0.778848 0.620435 0.091959
-3.894589 0.435148 0.679403 -0.637346 -0.762873 -0.108693
-3.895670 0.434343 0.617149 0.612850 0.777991 0.138363
-3.897080 0.433587 0.555073 0.677782 0.732013 0.069060
-3.908698 0.434098 0.494171 -0.604737 -0.796355 0.010563
-3.911781 0.433564 0.432366 0.546444 0.833277 -0.083958
-3.899378 0.431134 0.369348 0.543297 0.820252 -0.178928
-3.907096 0.431188 0.308138 0.589775 0.718431 -0.368813
-3.915170 0.431293 0.246879 0.574892 0.600709 -0.555561
3.549695 -0.562787 -0.211078 0.029498 0.999242 -0.025401
3.505342 -0.555166 -0.189844 0.050674 0.998489 -0.021248
3.506137 -0.554845 -0.171125 0.050674 0.998489 -0.021248
3.502791 -0.553856 -0.152305 0.050674 0.998489 -0.021248
3.510109 -0.554580 -0.133708 0.045481 0.998762 -0.020131
3.522173 -0.556062 -0.114975 0.027458 0.999492 -0.016199
3.512322 -0.554024 -0.096163 0.027458 0.999492 -0.016199
3.514124 -0.553853 -0.077342 0.027458 0.999492 -0.016199
3.529551 -0.555856 -0.058080 0.027458 0.999492 -0.016199
3.539839 -0.557030 -0.038684 0.037042 -0.999310 0.002584
3.528223 -0.554710 -0.020161 0.033974 -0.999404 0.006181
3.555855 -0.558631 0.000530 0.050951 -0.998643 0.010777
3.547787 -0.556873 0.019272 0.050023 -0.998621 0.015960
3.537562 -0.554775 0.037691 0.049793 -0.998645 0.015102
3.542892 -0.555141 0.057371 0.051463 -0.998451 0.021143
3.541133 -0.554382 0.076464 -0.056993 0.997997 -0.027439
3.539178 -0.553592 0.095537 -0.075685 0.996284 -0.041118
3.530162 -0.551691 0.113729 -0.086422 0.995310 -0.043467
3.525863 -0.550533 0.132416 -0.086676 0.995244 -0.044460
3.523329 -0.549652 0.151322 -0.065840 0.996971 -0.041388
3.520600 -0.548740 0.170199 -0.071368 0.996667 -0.039504
3.520600 -0.548254 0.189538 -0.058589 0.997550 -0.038227
3.515530 -0.546975 0.208033 -0.041570 0.998411 -0.038036
3.512214 -0.545970 0.226823 -0.046526 0.998312 -0.034765
3.507735 -0.544784 0.245380 -0.048279 0.998354 -0.030943
3.506936 -0.544169 0.264698 -0.049841 0.998421 -0.025906
3.501105 -0.542774 0.282960 -0.047463 0.998663 -0.020497
3.506642 -0.543136 0.303846 -0.043164 0.998936 -0.016230
3.507138 -0.542716 0.323712 0.119137 -0.992788 0.013336
3.509333 -0.542554 0.344123 0.101560 -0.994759 0.011812
3.520852 -0.543822 0.367189 0.099348 -0.995013 0.008909
3.520655 -0.543284 0.387351 -0.038129 0.999228 -0.009421
3.520235 -0.542709 0.407559 0.008554 0.999535 -0.029282
3.530957 -0.543835 0.431248 0.008016 0.999538 -0.029311
3.536662 -0.544187 0.453736 -0.001181 -0.999547 0.030069
3.530806 -0.542773 0.472726 0.003195 -0.999502 0.031387
3.533193 -0.542612 0.494499 0.000354 -0.999476 0.032367
3.533457 -0.542125 0.515732 0.002241 -0.999468 0.032534
3.529752 -0.541034 0.535690 -0.001902 -0.999415 0.034159
3.523975 -0.539629 0.554945 -0.001252 -0.999439 0.033455
3.526313 -0.539449 0.577348 0.014394 0.999257 -0.035753
3.519177 -0.537838 0.596217 0.014154 0.999266 -0.035605
3.516429 -0.536888 0.616884 0.014080 0.999374 -0.032469
3.507972 -0.535080 0.635259 0.013015 0.999519 -0.028137
3.513868 -0.535422 0.659846 0.018269 0.999669 -0.018105
3.502260 -0.533143 0.676958 0.020069 0.999622 -0.018786
3.510302 -0.533796 0.703009 0.014373 0.999528 -0.027147
3.455264 -0.525063 0.699688 -0.125887 -0.991907 0.016537
3.491452 -0.529894 0.739426 0.015927 0.999556 -0.025163
3.512807 -0.532502 0.772941 0.015501 0.999645 -0.021665
3.512474 -0.531890 0.796163 0.016145 0.999644 -0.021219
3.510097 -0.530973 0.818550 0.019371 0.999454 -0.026775
3.509197 -0.530271 0.841925 0.020317 0.999474 -0.025264
3.508875 -0.529650 0.865859 -0.016729 -0.999466 0.028081
3.498752 -0.527590 0.884515 -0.021424 -0.999430 0.026092
3.502170 -0.527511 0.911023 -0.024190 -0.999276 0.029365
3.497552 -0.526254 0.933151 -0.027969 -0.999234 0.027363
3.490972 -0.524710 0.954259 0.028727 0.999098 -0.031265
3.490046 -0.523986 0.979012 0.031796 0.999031 -0.030417
3.489634 -0.523332 1.004393 -0.053683 -0.997961 0.034522
3.489720 -0.522746 1.030424 -0.058065 -0.997864 0.029924
3.507629 -0.524722 1.068697 0.063777 0.997642 -0.025367
3.497866 -0.522704 1.089001 0.060744 0.997839 -0.025031
3.487876 -0.520654 1.109226 0.060744 0.997839 -0.025031
3.480084 -0.518920 1.131100 0.063824 0.997742 -0.020923
3.468819 -0.516691 1.150598 0.068337 0.997338 -0.025447
3.403971 -0.506840 1.130204 -0.053756 -0.998255 0.024440
3.496233 -0.519327 1.227824 0.069809 0.997292 -0.023153
3.500397 -0.519270 1.260357 0.070985 0.997182 -0.024265
3.495521 -0.517927 1.286314 0.070303 0.997273 -0.022458
3.491842 -0.516749 1.313570 0.089755 0.995785 -0.018864
3.487790 -0.515515 1.340897 0.091583 0.995589 -0.020358
3.494738 -0.515817 1.377940 0.086170 0.996064 -0.020774
3.500356 -0.515920 1.414634 0.085703 0.996113 -0.020356
3.499446 -0.515102 1.446332 0.088830 0.995858 -0.019396
3.489214 -0.512981 1.470172 0.072675 0.997227 -0.016025
3.484529 -0.511629 1.499361 0.076430 0.996917 -0.017771
3.489567 -0.511614 1.538174 -0.093488 -0.995484 0.016496
3.493992 -0.511502 1.577265 -0.107067 -0.994098 0.017478
3.490697 -0.510317 1.609651 -0.111643 -0.993637 0.014859
3.491137 -0.509635 1.646378 -0.124121 -0.992246 0.006468
3.496571 -0.509625 1.688997 -0.140798 -0.989944 -0.013699
3.501312 -0.509504 1.731919 -0.132505 -0.991067 -0.015146
3.506715 -0.509459 1.776586 0.131297 0.988017 -0.081135
3.474367 -0.504298 1.781194 0.139499 0.986635 -0.084206
3.429474 -0.497466 1.771244 0.156157 0.987482 -0.022242
3.401418 -0.492922 1.779255 -0.145990 -0.988650 0.035459
3.362331 -0.486917 1.774044 -0.152463 -0.987901 0.028408
3.336376 -0.482685 1.783451 0.146041 0.987989 -0.050499
3.304694 -0.477706 1.785598 0.144741 0.987904 -0.055632
3.280029 -0.473671 1.795810 0.144608 0.987522 -0.062356
3.254087 -0.469480 1.804144 0.137680 0.988497 -0.062598
3.226309 -0.465059 1.809773 -0.143206 -0.987238 0.069670
3.190151 -0.459558 1.803899 0.117752 0.988755 -0.092187
3.163776 -0.455353 1.810288 0.127446 0.986660 -0.101290
3.138597 -0.451316 1.817943 0.142206 0.985469 -0.092885
3.112259 -0.447141 1.823648 -0.138684 -0.985495 0.097808
3.089367 -0.443422 1.833924 0.169475 0.979986 -0.104434
3.068652 -0.439991 1.847228 -0.156744 -0.982235 0.103175
3.045600 -0.436269 1.856981 0.151706 0.982123 -0.111446
3.013803 -0.431448 1.853070 0.128809 0.986370 -0.102384
2.987037 -0.427282 1.856286 0.119538 0.985274 -0.122253
2.961394 -0.423271 1.860849 0.123688 0.982471 -0.139472
2.929073 -0.418440 1.853986 0.127987 0.983443 -0.128292
2.903629 -0.414484 1.857826 0.125897 0.982217 -0.139285
2.878235 -0.410548 1.861343 -0.135993 -0.981428 0.135293
2.855344 -0.406932 1.868887 -0.131402 -0.984215 0.118553
2.834344 -0.403556 1.879661 0.132153 0.986383 -0.097894
2.811353 -0.399946 1.886688 0.143058 0.985095 -0.095509
2.786020 -0.396064 1.889024 0.125926 0.984305 -0.123638
2.764838 -0.392692 1.899048 -0.132765 -0.981817 0.135682
2.736894 -0.388523 1.895429 0.137234 0.981591 -0.132841
2.716534 -0.385268 1.906721 -0.142524 -0.980405 0.135991
2.690512 -0.381355 1.906057 -0.142401 -0.985198 0.095431
2.665441 -0.377568 1.906880 0.117122 0.989243 -0.087639
2.644527 -0.374275 1.916517 -0.150681 -0.983499 0.100120
2.619139 -0.370477 1.915850 0.135678 0.984944 -0.107131
2.595802 -0.366926 1.919473 -0.155552 -0.982299 0.104369
2.570214 -0.363135 1.917276 -0.117887 -0.989045 0.088843
2.547346 -0.359662 1.921262 0.109293 0.987356 -0.114820
2.524485 -0.356200 1.924986 -0.151668 -0.983276 0.100822
2.499885 -0.352561 1.923768 0.142937 0.983938 -0.106938
2.478794 -0.349313 1.931652 -0.111117 -0.989049 0.097139
2.457622 -0.346063 1.939312 0.142412 0.988427 -0.052263
2.433486 -0.342510 1.938227 0.133498 0.984141 -0.116811
2.410381 -0.339078 1.939707 0.128994 0.988402 -0.080141
2.389726 -0.335907 1.948549 0.132196 0.988648 -0.071416
2.367505 -0.332584 1.952396 0.142428 0.982483 -0.120169
2.343306 -0.329077 1.949284 0.127818 0.985837 -0.108575
2.326016 -0.326250 1.969943 0.126780 0.991082 -0.041024
2.281807 -0.319680 1.977925 0.137457 0.989850 -0.036088
2.259912 -0.316427 1.982528 0.122311 0.992232 -0.022722
2.237980 -0.313179 1.986896 0.130785 0.990295 -0.047026
2.216233 -0.309954 1.992005 0.132956 0.988653 -0.069920
2.194432 -0.306731 1.996883 0.141195 0.986378 -0.084393
2.172983 -0.303542 2.003490 -0.167418 -0.981172 0.096299
2.151063 -0.300322 2.007910 0.102406 0.989071 -0.106077
2.128556 -0.297067 2.009148 0.109213 0.989441 -0.095282
2.104876 -0.293748 2.003245 0.160152 0.985394 -0.057878
2.084558 -0.290653 2.016816 0.115612 0.991807 -0.054348
2.062349 -0.287444 2.019312 0.134440 0.989882 -0.045379
2.039707 -0.284223 2.018601 0.155483 0.986045 -0.059508
2.016984 -0.281015 2.016653 -0.131111 -0.990495 0.041581
1.995046 -0.277848 2.020416 0.133577 0.990606 -0.029284
1.972949 -0.274681 2.022954 -0.141709 -0.989638 0.023157
1.951023 -0.271522 2.027249 0.152935 0.987978 -0.022598
1.928591 -0.268368 2.026333 -0.179006 -0.983842 -0.003519
1.906511 -0.265220 2.029165 0.131537 0.991262 -0.009910
1.884256 -0.262084 2.029770 0.132195 0.991172 0.010119
1.862517 -0.258912 2.039123 0.130210 0.991386 -0.014133
1.840784 -0.255698 2.052246 -0.139437 -0.988573 0.057284
1.817995 -0.252635 2.043159 0.160021 0.987035 -0.012483
1.795687 -0.249504 2.044824 -0.116996 -0.992804 0.025522
1.773274 -0.246435 2.041255 0.122603 0.991596 -0.041313
1.750986 -0.243274 2.046448 -0.137959 -0.989618 0.040305
1.728618 -0.240178 2.046405 -0.133401 -0.988481 0.071483
1.706344 -0.237184 2.040128 0.140431 0.987187 -0.075763
1.683938 -0.234049 2.043612 0.143190 0.987702 -0.062774
1.661562 -0.230969 2.043861 0.142330 0.989409 0.028479
1.639034 -0.227837 2.046869 0.124823 0.992101 -0.012457
1.617118 -0.224957 2.037658 -0.113304 -0.993525 -0.008383
1.594368 -0.221776 2.043185 -0.139130 -0.990144 -0.016023
1.572267 -0.218824 2.038498 -0.116920 -0.992214 -0.042916
1.549804 -0.215767 2.038560 -0.152857 -0.988221 -0.007302
1.527714 -0.212823 2.034404 0.167258 0.985699 0.020570
1.505362 -0.209814 2.032998 0.112383 0.988214 0.103942
1.483132 -0.206845 2.030362 0.086033 0.996148 0.016980
1.460801 -0.203858 2.028483 0.086623 0.995997 0.022053
1.437221 -0.200593 2.035274 -0.106157 -0.994349 -0.000087
1.414069 -0.197449 2.037847 -0.075762 -0.996882 0.022076
1.391629 -0.194477 2.035233 -0.133601 -0.990149 -0.041901
1.368353 -0.191336 2.037305 0.112829 0.993608 0.003509
1.345718 -0.188344 2.035188 0.100926 0.994848 -0.009550
1.321176 -0.184975 2.042637 0.113116 0.993462 -0.015433
1.297037 -0.181709 2.046865 0.167625 0.984529 0.051032
1.274030 -0.178685 2.044958 0.159776 0.986176 0.043909
1.248579 -0.175198 2.053519 0.103441 0.993271 0.052079
1.223823 -0.171869 2.057890 0.125852 0.992001 0.009739
1.201335 -0.168983 2.052280 0.174551 0.984635 0.005150
1.175887 -0.165556 2.058034 -0.118045 -0.991866 -0.047609
1.151305 -0.162307 2.059631 0.171402 0.985090 -0.014775
1.126356 -0.159007 2.061906 0.176378 0.980057 0.091534
1.103545 -0.156106 2.056225 -0.076958 -0.994846 -0.066020
1.079908 -0.153066 2.053167 -0.112131 -0.989978 -0.085849
1.054757 -0.149771 2.054607 -0.123894 -0.987772 -0.094638
1.031681 -0.146851 2.049111 -0.128691 -0.991422 -0.022826
1.008963 -0.144002 2.042419 0.111639 0.993742 0.003591
0.982004 -0.140435 2.047731 0.104827 0.994485 0.003396
0.955194 -0.136912 2.051770 0.157856 0.987306 -0.017565
0.927164 -0.133201 2.058281 0.128704 0.991648 -0.008343
0.901072 -0.129835 2.058851 0.115213 0.988161 -0.101309
0.871181 -0.125852 2.068378 -0.202246 -0.977695 0.056645
0.845171 -0.122532 2.067354 -0.218774 -0.970894 0.097487
0.815586 -0.118640 2.074291 0.011060 0.999784 -0.017616
0.791335 -0.115637 2.068032 0.103901 0.993517 -0.046139
0.771599 -0.113374 2.051484 0.127961 0.986385 -0.103297
0.743753 -0.109808 2.052884 0.126899 0.979095 -0.158963
0.719185 -0.106781 2.046718 0.132284 0.986503 -0.096505
0.688092 -0.102727 2.053729 0.140710 0.984482 -0.104864
0.659413 -0.099075 2.054962 -0.130616 -0.984714 0.115226
0.626955 -0.094844 2.062929 -0.156183 -0.982551 0.100993
0.600242 -0.091535 2.058967 -0.122465 -0.980159 0.155854
0.568758 -0.087495 2.063459 -0.134490 -0.985573 0.102755
0.540429 -0.083963 2.061412 -0.110326 -0.982849 0.147773
0.509558 -0.080053 2.063344 0.121661 0.986466 -0.109927
0.480514 -0.076442 2.061410 0.160672 0.982308 -0.096209
0.447301 -0.072207 2.065958 0.124398 0.992198 0.008235
0.411265 -0.067562 2.074300 0.132068 0.987240 -0.088971
0.377020 -0.063211 2.078733 0.160068 0.975417 -0.151459
0.346286 -0.059412 2.076796 0.004080 -0.990684 0.136122
0.318708 -0.056103 2.069441 -0.119416 -0.989228 0.084662
0.290022 -0.052639 2.063401 -0.258393 -0.935924 0.239330
0.261867 -0.049268 2.056172 0.111639 0.966962 -0.229175
0.222299 -0.044209 2.064929 -0.127221 -0.982483 0.136168
0.188172 -0.039983 2.064975 -0.041960 -0.997124 0.063105
0.157399 -0.036269 2.059709 0.088453 0.995871 0.020415
-0.448228 0.038109 2.069455 -0.116806 -0.993002 -0.017442
-0.494323 0.043709 2.069137 -0.098415 -0.995063 -0.012840
-0.537774 0.048915 2.065335 -0.094922 -0.994227 -0.050028
-0.592290 0.055645 2.071046 0.128642 0.991587 0.014332
-0.637637 0.061069 2.067109 0.113766 0.989893 0.084667
-0.689823 0.067422 2.068430 0.109593 0.993305 0.036535
-0.742297 0.073788 2.068885 0.105894 0.992510 0.060911
-0.794292 0.080062 2.067822 0.114680 0.987876 0.104642
-0.848060 0.086554 2.067179 0.097398 0.984468 0.146071
-0.900556 0.092845 2.064374 0.075707 0.994774 0.068511
-0.964115 0.100628 2.069435 0.110818 0.993797 -0.009294
-1.032752 0.109072 2.077086 0.148217 0.987830 -0.047159
-1.093187 0.116362 2.076840 0.108185 0.994111 0.006329
-1.149159 0.123015 2.071962 0.094003 0.995065 -0.031768
-1.219732 0.131623 2.076775 0.159331 0.981666 -0.104621
-1.295553 0.140907 2.083829 0.123061 0.979826 -0.157473
-1.380773 0.151422 2.095831 0.085163 0.987983 -0.128981
-1.355381 0.146989 2.029407 0.133702 0.990393 -0.035295
-1.341306 0.144104 1.972115 0.139026 0.983957 0.111801
-1.391060 0.149799 1.958088 0.037902 0.996205 0.078358
-1.369897 0.145985 1.897423 0.067887 0.993086 0.095772
-1.378075 0.146112 1.856524 -0.185724 -0.973840 0.130926
-1.376440 0.144936 1.809941 -0.238273 -0.948859 0.207105
-1.389505 0.145725 1.772834 -0.207736 -0.961390 0.180485
-1.381582 0.143733 1.723585 0.119000 0.990304 -0.071673
-1.382462 0.142919 1.680151 0.125429 -0.982594 -0.137031
-1.386251 0.142498 1.638843 -0.307710 0.942277 0.132021
-1.393884 0.142590 1.600033 -0.261997 0.955120 0.138216
-1.406317 0.143317 1.564058 -0.307042 0.949709 0.061464
-1.408647 0.142720 1.522979 -0.339264 0.940624 0.011256
-1.403378 0.141137 1.478452 0.044372 -0.997877 0.047669
-1.416244 0.141933 1.443432 0.121160 -0.992619 -0.005322
-1.419771 0.141512 1.404024 0.277628 -0.960553 -0.016164
-1.426426 0.141505 1.366394 0.265263 -0.963804 -0.026782
-1.432647 0.141445 1.328792 0.954490 -0.261459 -0.143482
-1.436617 0.141098 1.290422 0.861187 -0.501688 -0.081650
-1.444702 0.141288 1.254085 0.845725 -0.530955 -0.053259
-1.469800 0.143675 1.224979 0.780803 -0.617574 -0.094601
-1.458733 0.141403 1.180998 0.780842 -0.617118 -0.097217
-1.455426 0.140140 1.140657 0.701386 -0.696809 -0.150048
-1.455346 0.139300 1.101940 -0.641907 0.747338 0.171585
-1.465996 0.139839 1.067473 -0.592469 0.788994 0.162691
-1.470668 0.139616 1.030921 -0.527010 0.843256 0.105732
-1.476809 0.139585 0.995047 -0.537442 0.838205 0.092566
-1.483500 0.139627 0.959484 -0.511484 0.857901 0.048881
-1.485077 0.139024 0.922389 -0.453507 0.890791 0.028684
-1.491929 0.139095 0.887137 -0.406984 0.911719 0.055970
-1.500304 0.139361 0.852421 0.836871 0.539554 -0.092351
-1.529313 0.142232 0.823639 0.950963 0.266253 -0.157416
-1.518826 0.140123 0.783585 0.943964 0.260778 -0.202305
-1.515547 0.138932 0.745877 0.982626 0.079127 -0.167884
-1.531094 0.140109 0.713186 0.913259 -0.392291 -0.109843
-1.530877 0.139312 0.676548 0.847052 -0.494451 -0.194989
-1.532191 0.138713 0.640450 0.740555 -0.655830 -0.146510
-1.536024 0.138433 0.605048 0.678691 -0.708791 -0.192339
-1.529759 0.136900 0.567635 0.613828 -0.772090 -0.164598
-1.616585 0.146942 0.548797 0.670711 -0.712387 -0.206525
-1.559900 0.139153 0.501595 -0.539508 0.832719 0.124536
-1.557365 0.138099 0.465224 -0.425006 0.890938 0.159999
-1.594600 0.141966 0.435550 -0.511739 0.838250 0.188309
-1.602140 0.142160 0.400654 0.468346 -0.867516 -0.167533
-1.606371 0.141950 0.365242 0.377268 -0.919841 -0.107526
-1.612201 0.141939 0.330057 -0.266115 0.956308 0.121068
-1.611752 0.141162 0.294090 0.145568 -0.986803 -0.070924
-1.618817 0.141311 0.259050 -0.168129 0.985667 -0.013887
-1.619593 0.140694 0.223319 0.002382 -0.999596 0.028325
-1.622960 0.140399 0.187877 0.342863 -0.926813 0.153177
-1.625959 0.140063 0.152402 -0.412355 0.881431 -0.230312
-1.628588 0.139687 0.116898 -0.455780 0.874078 -0.168086
3.486799 -0.552094 -0.174985 0.050674 0.998489 -0.021248
3.479178 -0.550335 -0.150761 0.067863 0.997573 -0.015593
3.490066 -0.551460 -0.127365 0.067863 0.997573 -0.015593
3.491824 -0.551158 -0.103537 0.045481 0.998762 -0.020131
3.493337 -0.550815 -0.079683 0.027458 0.999492 -0.016199
3.501521 -0.551503 -0.055823 0.027458 0.999492 -0.016199
3.496611 -0.550160 -0.031895 -0.006502 -0.999947 0.007989
3.498371 -0.549847 -0.007947 -0.008786 -0.999905 0.010580
3.502847 -0.549949 0.016124 0.031462 -0.999417 0.013225
3.513986 -0.551072 0.040565 0.049793 -0.998645 0.015102
3.510059 -0.549873 0.064506 0.051463 -0.998451 0.021143
3.517726 -0.550452 0.089091 -0.056587 0.998046 -0.026502
3.516259 -0.549626 0.113215 -0.075235 0.996372 -0.039783
3.516513 -0.549062 0.137483 -0.101466 0.993417 -0.053172
3.514546 -0.548157 0.161590 -0.066343 0.997049 -0.038624
3.522635 -0.548170 0.211188 -0.059962 0.997601 -0.034598
3.517943 -0.546844 0.235108 -0.048279 0.998354 -0.030943
3.523785 -0.547114 0.260416 -0.049841 0.998421 -0.025906
3.523482 -0.546449 0.285018 -0.047463 0.998663 -0.020497
3.529759 -0.546774 0.310720 -0.043164 0.998936 -0.016230
3.516245 -0.544113 0.333312 0.111492 -0.993703 0.011162
3.525884 -0.544937 0.359836 0.099348 -0.995013 0.008909
3.517729 -0.543083 0.383283 -0.038129 0.999228 -0.009421
3.522919 -0.543231 0.409327 0.008554 0.999535 -0.029282
3.523947 -0.542750 0.434706 0.008016 0.999538 -0.029311
3.516007 -0.540927 0.458218 -0.001181 -0.999547 0.030069
3.508794 -0.539214 0.481838 0.008168 -0.999455 0.031989
3.510954 -0.538896 0.507716 0.012713 -0.999364 0.033307
3.511868 -0.538389 0.533449 0.001188 -0.999430 0.033738
3.508673 -0.537270 0.558238 -0.001798 0.999441 -0.033396
3.509027 -0.536674 0.584084 0.014394 0.999257 -0.035753
3.516701 -0.537156 0.612211 0.014080 0.999374 -0.032469
3.518353 -0.536742 0.638851 0.019910 0.999481 -0.025311
3.517812 -0.536003 0.665003 0.018269 0.999669 -0.018105
3.517921 -0.535355 0.691523 0.014407 0.999487 -0.028590
3.524301 -0.535622 0.720334 0.014020 0.999542 -0.026804
3.524721 -0.535011 0.747403 -0.014643 -0.999608 0.023862
3.522965 -0.534079 0.773890 0.015501 0.999645 -0.021665
3.516268 -0.532426 0.798697 0.018087 0.999649 -0.019345
3.514857 -0.531540 0.825583 0.018962 0.999549 -0.023305
3.524193 -0.532209 0.856914 -0.016729 -0.999466 0.028081
3.523037 -0.531351 0.884409 0.021859 0.999280 -0.031012
3.527955 -0.531366 0.914670 -0.024190 -0.999276 0.029365
3.528858 -0.530796 0.943557 0.027404 0.999209 -0.028809
3.531223 -0.530431 0.973374 -0.030929 -0.999094 0.029231
3.531418 -0.529749 1.002520 -0.032237 -0.999065 0.028824
3.533950 -0.529397 1.033049 -0.044678 -0.998680 0.025332
3.527175 -0.527710 1.059419 -0.061612 -0.997774 0.025516
3.522767 -0.526360 1.087087 0.063167 0.997670 -0.025783
3.517153 -0.524837 1.114330 0.062730 0.997744 -0.023927
3.514740 -0.523766 1.143418 0.066057 0.997503 -0.024987
3.504979 -0.521652 1.168822 0.067706 0.997426 -0.023622
3.506241 -0.521095 1.200375 0.067520 0.997509 -0.020396
3.709324 -0.548953 1.346316 -0.275842 -0.960549 0.035441
4.089188 -0.601510 1.600602 0.172542 0.984799 -0.020005
4.069500 -0.597805 1.629119 0.173978 0.984747 -0.002134
4.031709 -0.591575 1.646575 0.195354 0.979538 0.048389
3.984589 -0.584061 1.657649 0.215653 0.975213 0.049534
3.924974 -0.574833 1.659915 0.192835 0.981134 -0.013839
3.873938 -0.566829 1.666527 -0.128007 -0.991764 0.004287
3.809003 -0.556928 1.662886 -0.040191 -0.996350 0.075311
3.760033 -0.549269 1.668691 -0.114195 -0.985439 0.125972
3.718560 -0.542670 1.678761 0.202089 0.978832 -0.032375
3.673108 -0.535545 1.685258 0.210932 0.977171 0.025383
3.622972 -0.527803 1.687474 0.188224 0.979953 0.065296
3.575447 -0.520445 1.690601 0.152223 0.987203 0.047525
3.541569 -0.514975 1.703148 0.140888 0.989570 0.030029
3.502191 -0.508773 1.710897 -0.154698 -0.987357 -0.034552
3.460567 -0.502287 1.716150 -0.161347 -0.986597 -0.024358
3.427577 -0.496991 1.727611 -0.160058 -0.986369 -0.038172
3.389996 -0.491092 1.734758 -0.156402 -0.987691 0.002414
3.352507 -0.485226 1.741305 -0.156392 -0.987500 -0.019607
3.320384 -0.480098 1.751812 0.144786 0.989446 0.005724
3.280816 -0.473991 1.755247 0.148749 0.988874 0.001089
3.239927 -0.467730 1.756710 -0.144106 -0.989052 0.031777
3.208745 -0.462782 1.766275 0.129924 0.989464 -0.063877
3.176859 -0.457756 1.774696 0.119376 0.987328 -0.104558
3.142140 -0.452372 1.779883 -0.122861 -0.985190 0.119606
3.106816 -0.446926 1.783839 0.180273 0.982823 -0.039513
3.081464 -0.442809 1.797116 0.181881 0.983271 -0.009831
3.055344 -0.438602 1.809344 -0.146342 -0.987121 0.064621
3.030549 -0.434579 1.822661 -0.109955 -0.991191 0.073831
3.002950 -0.430202 1.832750 0.110121 0.985622 -0.128150
2.964558 -0.424441 1.830719 0.128097 0.982291 -0.136729
2.934393 -0.419764 1.836975 -0.126649 -0.978886 0.160446
2.900337 -0.414603 1.838312 -0.162801 -0.980983 0.105683
2.868388 -0.409730 1.841400 -0.157319 -0.981885 0.105608
2.844271 -0.405875 1.853161 -0.135617 -0.985371 0.103206
2.817547 -0.401698 1.861544 0.111905 0.985515 -0.127427
2.786435 -0.396978 1.864145 0.119757 0.983506 -0.135548
2.760392 -0.392915 1.872552 -0.136837 -0.982878 0.123393
2.723959 -0.387559 1.867221 -0.155786 -0.984169 0.084513
2.691419 -0.382713 1.866098 0.140942 0.982037 -0.125458
2.665601 -0.378723 1.873307 -0.128521 -0.985370 0.111931
2.640377 -0.374820 1.880987 -0.125697 -0.984566 0.121779
2.613416 -0.370714 1.885905 0.187998 0.981651 -0.031901
2.593905 -0.367537 1.901115 0.177041 0.976769 -0.120747
2.568621 -0.363659 1.907871 0.127922 0.983139 -0.130665
2.547209 -0.360265 1.920123 0.105037 0.985166 -0.135702
2.521881 -0.356404 1.926279 -0.157786 -0.983895 0.083985
2.496033 -0.352493 1.931273 0.159830 0.984027 -0.078392
2.463907 -0.347842 1.925760 -0.136647 -0.979784 0.146121
2.433584 -0.343427 1.922348 0.129286 0.977579 -0.166207
2.408041 -0.339598 1.926243 -0.123523 -0.981742 0.144653
2.379049 -0.335376 1.923765 0.123629 0.980879 -0.150310
2.363481 -0.332744 1.944368 0.137075 0.987056 -0.083251
2.333644 -0.328451 1.939492 0.132875 0.985724 -0.103408
2.309227 -0.324804 1.943882 0.146711 0.984580 -0.095279
2.287155 -0.321438 1.952396 0.140765 0.986784 -0.080269
2.266838 -0.318282 1.964219 -0.131709 -0.990182 0.046829
2.245500 -0.315015 1.974043 -0.113819 -0.991406 0.064499
2.220147 -0.311304 1.975548 -0.137269 -0.990428 0.014480
2.194872 -0.307616 1.976738 0.170678 0.985318 -0.004128
2.169678 -0.303951 1.977617 0.137969 0.990287 -0.017232
2.143754 -0.300220 1.976362 0.151617 0.987809 -0.035298
2.123530 -0.297125 1.987610 -0.162269 -0.986582 0.018010
2.098507 -0.293518 1.987607 -0.113527 -0.993245 0.024017
2.072442 -0.289814 1.984525 0.136645 0.990325 -0.024162
2.049120 -0.286418 1.987615 -0.138131 -0.989859 0.033162
2.026544 -0.283110 1.992301 -0.154847 -0.987353 0.034001
1.999755 -0.279379 1.985500 0.125232 0.992013 0.015088
1.978639 -0.276245 1.993393 -0.131985 -0.990610 0.035673
1.956119 -0.272977 1.997290 -0.115299 -0.992953 0.027386
1.934560 -0.269815 2.003774 0.158581 0.986401 -0.043199
1.909832 -0.266351 2.000527 0.151923 0.987052 -0.051458
1.889163 -0.263293 2.009375 -0.146515 -0.988816 0.027877
1.867799 -0.260174 2.016097 0.129077 0.991597 -0.008653
1.845521 -0.256977 2.019715 -0.111161 -0.993778 -0.007017
1.823778 -0.253838 2.025013 0.125508 0.991961 0.016150
1.802774 -0.250772 2.032973 0.120571 0.992693 -0.004839
1.781416 -0.247680 2.039748 -0.136486 -0.989293 0.051689
1.759495 -0.244546 2.044359 0.153735 0.985982 -0.064854
1.738230 -0.241473 2.051654 0.163233 0.984427 -0.065261
1.715984 -0.238327 2.054828 0.124799 0.991513 -0.036425
1.694359 -0.235236 2.060694 -0.098587 -0.994250 0.041811
1.672260 -0.232117 2.064374 0.127611 0.991170 -0.036017
1.648416 -0.228887 2.058985 0.150089 0.988394 -0.023449
1.628162 -0.225909 2.072011 0.119987 0.990610 -0.065542
1.606317 -0.222828 2.076957 0.108607 0.985305 -0.131825
1.584250 -0.219740 2.080685 0.127183 0.981093 -0.145879
1.560645 -0.216584 2.074294 -0.108863 -0.990658 0.082134
1.538606 -0.213519 2.077541 -0.114188 -0.989733 0.085964
1.517180 -0.210482 2.085512 -0.088953 -0.956770 0.276910
1.494428 -0.207406 2.083334 -0.092264 -0.975955 0.197483
1.472839 -0.204366 2.090851 -0.074942 -0.951204 0.299323
1.450135 -0.201317 2.088193 -0.056936 -0.962556 0.265038
1.427862 -0.198283 2.089276 -0.134018 -0.962330 0.236559
1.405745 -0.195254 2.092116 0.159908 0.946695 -0.279638
1.383857 -0.192213 2.098714 -0.087709 -0.964531 0.248973
1.361278 -0.189220 2.095100 0.155507 0.961072 -0.228382
1.339022 -0.186215 2.096240 0.154288 0.981370 -0.114494
1.316681 -0.183234 2.095146 0.112732 0.978847 -0.170733
1.294425 -0.180249 2.095815 0.106832 0.987499 -0.115903
1.272161 -0.177272 2.096249 0.136702 0.987032 -0.084150
1.249956 -0.174155 2.108446 0.185174 0.973499 -0.134203
1.227607 -0.171305 2.099411 0.161814 0.982259 -0.094782
1.205136 -0.168186 2.110136 0.135809 0.961122 -0.240417
1.182775 -0.165262 2.107628 0.047733 0.970410 -0.236696
1.160641 -0.162444 2.099888 -0.066777 -0.991326 0.113198
1.137962 -0.159366 2.106899 0.092848 0.992507 -0.079426
1.115583 -0.156443 2.105680 0.111629 0.989077 0.096262
1.093284 -0.153553 2.103228 0.137096 0.990457 0.014115
1.071021 -0.150677 2.100542 0.161402 0.978993 0.124590
1.048795 -0.147817 2.097622 0.152107 0.970720 -0.185921
1.026217 -0.144867 2.098447 -0.066745 -0.886438 0.458010
1.003817 -0.141977 2.097044 0.151139 0.918823 -0.364583
0.981659 -0.139154 2.093418 -0.089314 -0.916650 0.389584
0.958773 -0.136168 2.095507 -0.075958 -0.940406 0.331463
0.936651 -0.133369 2.091408 0.121574 0.964318 -0.235182
0.913384 -0.130327 2.094984 -0.071609 -0.982640 0.171147
0.890488 -0.127382 2.095343 -0.048205 0.993322 -0.104818
0.868058 -0.124546 2.092499 -0.144040 -0.954825 0.259927
0.844384 -0.121468 2.096296 -0.047001 -0.998851 0.009361
0.819826 -0.118234 2.103752 0.004939 0.984470 -0.175481
0.795470 -0.115062 2.108965 0.015382 -0.818411 0.574428
0.771169 -0.111922 2.112923 0.024814 0.987225 -0.157388
0.747179 -0.108858 2.114654 -0.083563 0.995633 -0.041614
0.724719 -0.106092 2.109312 -0.051411 -0.935156 0.350487
0.697004 -0.102375 2.125061 -0.115370 -0.963604 -0.241159
0.677957 -0.100248 2.105653 -0.026320 -0.998375 0.050542
0.671282 -0.100309 2.041737 0.104261 0.990723 -0.087168
0.658540 -0.099247 2.003878 0.124655 0.992172 -0.007433
0.645112 -0.098038 1.970777 0.119209 0.992864 -0.003235
0.637844 -0.097863 1.919471 0.121546 0.992574 -0.004821
0.623739 -0.096487 1.892995 0.118484 0.992949 -0.003824
0.616341 -0.096225 1.847463 0.121848 0.992494 -0.010438
0.610141 -0.096130 1.801049 0.118913 0.992841 -0.011235
0.631638 -0.100585 1.678409 0.109331 0.993926 -0.012552
0.601442 -0.096453 1.705668 0.109499 0.993906 -0.012712
0.591288 -0.095620 1.677318 0.122456 0.992353 -0.015505
0.579130 -0.094448 1.655467 0.122160 0.992389 -0.015535
0.576229 -0.094754 1.611298 0.121607 0.992457 -0.015518
0.566583 -0.093956 1.585725 0.121184 0.992508 -0.015588
0.560506 -0.093712 1.552781 0.120799 0.992553 -0.015676
0.549060 -0.092607 1.533617 0.120551 0.992583 -0.015676
0.550585 -0.093522 1.486156 0.119786 0.992677 -0.015603
0.548009 -0.093771 1.449784 0.119187 0.992748 -0.015681
0.545685 -0.094039 1.414432 0.119022 0.992767 -0.015727
0.538347 -0.093519 1.390866 0.118978 0.992773 -0.015685
0.527857 -0.092508 1.374449 0.118813 0.992791 -0.015773
0.527636 -0.093054 1.338437 0.118770 0.992797 -0.015766
0.513235 -0.091438 1.330838 0.118658 0.992808 -0.015881
0.509796 -0.091474 1.302892 0.118514 0.992824 -0.015980
0.505410 -0.091356 1.277647 0.118514 0.992824 -0.015980
0.493114 -0.090050 1.267215 0.118520 0.992822 -0.016064
0.497466 -0.091213 1.228203 0.118284 0.992846 -0.016298
0.497452 -0.091710 1.198005 -0.119458 -0.992703 0.016445
0.480882 -0.089763 1.196061 0.118284 0.992846 -0.016298
0.472703 -0.089051 1.180363 -0.119458 -0.992703 0.016445
0.470124 -0.089152 1.156224 -0.119458 -0.992703 0.016445
0.470140 -0.089619 1.128828 -0.119458 -0.992703 0.016445
0.484471 -0.092141 1.080838 -0.119616 -0.992674 0.017027
0.481172 -0.092101 1.060454 -0.119785 -0.992653 0.017082
0.521561 -0.098312 0.978011 -0.074048 -0.997068 0.019289
0.510323 -0.097102 0.971187 -0.074048 -0.997068 0.019289
0.472722 -0.092149 1.000468 0.132130 0.991101 -0.016169
0.475529 -0.092949 0.973943 0.021404 0.999545 -0.021231
0.728909 -0.129848 0.577510 -0.054533 -0.997078 -0.053494
0.737043 -0.131222 0.554467 -0.050863 -0.997144 -0.055821
0.739156 -0.131748 0.539262 -0.064170 -0.995988 -0.062376
0.712180 -0.128247 0.558039 -0.064170 -0.995988 -0.062376
0.699280 -0.126706 0.559903 -0.067577 -0.995823 -0.061407
0.660241 -0.121582 0.590370 -0.080295 -0.995661 -0.047030
0.690754 -0.126010 0.543987 -0.067577 -0.995823 -0.061407
0.664110 -0.122607 0.559903 -0.077011 -0.995056 -0.062721
0.701294 -0.127907 0.508619 -0.066256 -0.995551 -0.066996
0.524509 -0.104149 0.676831 0.112200 0.993679 0.003652
0.504989 -0.101799 0.681192 -0.032801 0.987895 0.151616
0.517366 -0.103761 0.653946 0.111955 0.993495 0.020844
0.433774 -0.092806 0.719157 -0.236642 0.971585 0.004796
0.470875 -0.098092 0.668472 -0.427747 0.853066 0.298849
0.431871 -0.093172 0.689225 -0.404916 0.790417 0.459657
0.430142 -0.093246 0.675354 -0.404916 0.790417 0.459657
0.430107 -0.093541 0.660215 -0.404916 0.790417 0.459657
0.433315 -0.094263 0.642563 0.280794 -0.893762 -0.349776
0.429950 -0.094110 0.630823 0.116052 0.992746 0.031417
0.422131 -0.093368 0.622882 0.116052 0.992746 0.031417
0.461636 -0.098850 0.576772 0.067889 0.996346 0.051831
0.427811 -0.094685 0.590099 0.104966 0.993713 0.038937
0.425121 -0.094612 0.578468 0.104651 0.993758 0.038650
0.400359 -0.091658 0.583635 0.132401 0.990836 0.026703
0.385001 -0.089941 0.581256 0.185174 0.982671 -0.008242
0.389751 -0.090841 0.564058 0.165926 0.986055 0.012778
0.372838 -0.088930 0.562529 0.166973 0.985745 0.020672
0.375497 -0.089554 0.547140 0.166996 0.985867 0.013329
0.374261 -0.089672 0.534660 0.172675 0.984655 0.025250
0.344151 -0.086077 0.541401 0.184624 0.982538 0.023103
0.346386 -0.086644 0.526539 0.192631 0.980830 0.029414
0.341262 -0.086266 0.516564 0.187221 0.982222 0.013712
0.371797 -0.090437 0.484642 0.167087 0.985818 -0.015626
0.354342 -0.088480 0.482644 0.167087 0.985818 -0.015626
0.345405 -0.087611 0.475300 0.173145 0.983835 -0.045707
0.338249 -0.086971 0.466838 0.206677 0.976181 -0.065995
0.334640 -0.086781 0.456342 0.196434 0.977116 -0.081597
0.363432 -0.090675 0.428210 -0.123935 -0.987414 0.098251
0.324271 -0.086002 0.437162 0.191701 0.975589 -0.107126
0.307767 -0.084193 0.433441 0.216524 0.970398 -0.106979
0.334702 -0.087831 0.407458 0.162559 0.981242 -0.103625
0.346917 -0.089611 0.389561 -0.133015 -0.987203 0.087961
0.317285 -0.086166 0.392158 0.189485 0.977967 -0.087616
0.303713 -0.084732 0.386618 0.175033 0.980676 -0.087400
0.303729 -0.084990 0.374683 -0.179575 -0.980490 0.079955
0.296617 -0.084363 0.366004 -0.168050 -0.982367 0.081937
0.346209 -0.090745 0.332960 -0.121528 -0.992368 0.020898
0.340423 -0.090269 0.324293 -0.121528 -0.992368 0.020898
0.337483 -0.090145 0.314430 0.121633 0.992358 -0.020737
0.343902 -0.091169 0.300924 -0.121817 -0.992345 0.020303
0.331924 -0.089934 0.294644 -0.121877 -0.992332 0.020553
0.337697 -0.090874 0.281639 -0.121824 -0.992342 0.020404
0.334280 -0.090687 0.272123 -0.121958 -0.992324 0.020485
0.317809 -0.088911 0.267092 -0.122129 -0.992314 0.019922
0.329629 -0.090579 0.252359 -0.122664 -0.992244 0.020110
0.344492 -0.092607 0.237003 -0.122961 -0.992192 0.020890
0.351031 -0.093619 0.224631 -0.122958 -0.992183 0.021294
0.371059 -0.096255 0.208468 -0.122873 -0.992181 0.021901
0.337839 -0.092463 0.208043 -0.122945 -0.992172 0.021891
0.324650 -0.091094 0.201426 -0.122945 -0.992172 0.021891
0.323029 -0.091119 0.191526 -0.122511 -0.992207 0.022722
0.394720 -0.099924 0.163181 -0.119869 -0.992549 0.021868
0.460135 -0.107943 0.138003 0.113476 0.993311 -0.021373
0.468230 -0.109446 0.110475 0.109415 0.993781 -0.020664
0.412298 -0.103174 0.103991 -0.116649 -0.992925 0.022196
4.899005 -0.778343 -0.351031 -0.036116 -0.993873 0.104461
5.675681 -0.899163 -0.366958 0.258679 0.965748 -0.020372
5.685797 -0.899537 -0.320150 -0.242579 -0.969780 0.026110
5.692473 -0.899363 -0.273020 -0.242579 -0.969780 0.026110
5.696689 -0.898799 -0.225704 0.234021 0.972014 -0.020589
5.695478 -0.897384 -0.178186 0.234021 0.972014 -0.020589
5.706619 -0.897887 -0.130947 0.234021 0.972014 -0.020589
5.715297 -0.897998 -0.083476 -0.253485 -0.967290 0.009760
5.719533 -0.897412 -0.035847 0.234327 0.972157 -0.001202
5.716358 -0.895674 0.011769 0.234327 0.972157 -0.001202
5.731463 -0.896757 0.059774 0.234327 0.972157 -0.001202
5.745081 -0.897598 0.108067 0.234327 0.972157 -0.001202
5.758193 -0.898350 0.156657 0.234327 0.972157 -0.001202
5.744149 -0.894921 0.204038 -0.253279 -0.967393 0.000772
5.875596 -0.913793 0.260905 0.084012 0.995158 0.051012
6.345409 -0.984347 0.346865 0.189146 0.971165 -0.145129
6.352066 -0.983913 0.402068 0.176138 0.973314 -0.147089
6.349288 -0.982032 0.456575 0.178336 0.975247 -0.130730
6.345943 -0.980061 0.511069 0.176317 0.977269 -0.117719
6.363631 -0.981281 0.568140 0.182467 0.976547 -0.114288
6.307160 -0.971248 0.616008 0.160209 0.982476 -0.095258
6.289430 -0.967101 0.668298 -0.140305 -0.987467 0.072276
6.368948 -0.977641 0.735199 0.184433 0.980896 -0.061864
6.403706 -0.981386 0.796678 0.192670 0.978582 -0.072495
6.410469 -0.980894 0.854217 -0.192397 -0.979512 0.059500
6.407853 -0.978985 0.910366 -0.182579 -0.981227 0.062114
6.403672 -0.976838 0.966363 -0.183349 -0.981340 0.057916
6.412464 -0.976626 1.025182 0.182672 0.981548 -0.056525
6.410937 -0.974864 1.082184 0.180503 0.981698 -0.060728
6.414586 -0.973867 1.140593 0.179955 0.981293 -0.068407
6.428179 -0.974339 1.201743 0.179092 0.981490 -0.067842
6.387320 -0.966721 1.249781 -0.172669 -0.982726 0.066590
6.209130 -0.938793 1.261099 -0.131537 -0.987543 0.086353
6.067557 -0.916374 1.278737 -0.111993 -0.986663 0.118123
5.933783 -0.895185 1.295698 0.076432 0.988612 -0.129636
5.805887 -0.874934 1.311665 -0.090624 -0.986091 0.139328
5.677231 -0.854644 1.324781 -0.108658 -0.982879 0.148802
5.565787 -0.836948 1.340759 0.197662 0.978040 -0.066082
5.465783 -0.820987 1.358272 0.186664 0.982420 -0.002769
5.372452 -0.806054 1.376074 -0.171784 -0.985133 -0.001955
5.277350 -0.790915 1.391392 -0.155999 -0.987756 0.001246
5.183318 -0.775985 1.405196 -0.134534 -0.990899 0.004528
5.097783 -0.762339 1.420330 -0.150233 -0.988641 0.004375
5.020677 -0.749959 1.437064 0.162912 0.986388 0.022331
4.945486 -0.737898 1.453070 0.183991 0.982908 0.006299
4.874043 -0.726418 1.469170 -0.192659 -0.981249 -0.005774
4.791738 -0.713417 1.479240 -0.167237 -0.985853 -0.011210
4.725956 -0.702831 1.494933 -0.132178 -0.991221 0.002994
4.662950 -0.692678 1.510630 -0.082328 -0.996451 0.017508
4.565844 -0.677694 1.509242 0.060392 0.995538 -0.072509
4.453938 -0.660660 1.498690 -0.118694 -0.984891 0.126099
4.532210 -0.670703 1.579212 0.086562 0.991082 -0.101310
4.424083 -0.654276 1.568072 -0.125000 -0.984534 0.122747
4.340335 -0.641360 1.567156 -0.139605 -0.983424 0.115709
4.276234 -0.631264 1.574896 -0.168061 -0.981484 0.091891
4.222769 -0.622701 1.587160 -0.170799 -0.982392 0.075717
4.168519 -0.614057 1.597986 0.159801 0.986200 -0.043285
4.116957 -0.605820 1.609325 0.164209 0.985769 -0.035976
4.065482 -0.597623 1.619753 0.175818 0.984198 0.021017
4.010704 -0.588994 1.627229 0.196982 0.979954 0.029798
3.962849 -0.581358 1.637894 0.205914 0.978550 0.006254
3.882303 -0.569218 1.627084 0.160055 0.987061 0.009596
3.840686 -0.562509 1.639517 -0.015889 -0.997790 0.064515
3.791638 -0.554798 1.646331 0.006802 -0.989274 0.145912
3.748501 -0.547927 1.656183 0.137708 0.981976 -0.129459
3.703805 -0.540866 1.664181 0.218964 0.975573 -0.017675
3.658407 -0.533734 1.670847 0.222641 0.974011 0.041629
3.609113 -0.526096 1.673833 0.162113 0.985362 0.052731
3.565622 -0.519276 1.680097 -0.139344 -0.989657 -0.034102
3.531790 -0.513790 1.692813 0.136443 0.990494 0.017488
3.491648 -0.507468 1.700148 -0.140798 -0.989944 -0.013699
3.450044 -0.500972 1.705594 -0.157765 -0.987434 -0.009144
3.423300 -0.496497 1.722197 -0.160058 -0.986369 -0.038172
3.384927 -0.490475 1.728953 -0.163923 -0.985955 -0.031957
3.350464 -0.484997 1.738291 -0.156392 -0.987500 -0.019607
3.314533 -0.479342 1.745799 0.144786 0.989446 0.005724
3.274187 -0.473120 1.748811 0.150476 0.988611 -0.002259
3.236233 -0.467238 1.753157 0.137885 0.989496 -0.043417
3.205761 -0.462366 1.763610 0.120874 0.988286 -0.093169
3.171653 -0.457030 1.770222 0.121278 0.986822 -0.107119
3.135462 -0.451440 1.774252 -0.122861 -0.985190 0.119606
3.107251 -0.446914 1.785352 0.180273 0.982823 -0.039513
3.073366 -0.441662 1.790443 0.196387 0.980302 -0.021002
3.047973 -0.437532 1.803526 -0.138983 -0.987126 0.079156
3.021818 -0.433314 1.815558 -0.119783 -0.990134 0.072712
2.992190 -0.428661 1.823621 -0.113278 -0.985541 0.126003
2.960560 -0.423766 1.829069 0.136884 0.979544 -0.147503
2.927002 -0.418642 1.831841 -0.126649 -0.978886 0.160446
2.894237 -0.413639 1.834855 0.147452 0.981468 -0.122386
2.859633 -0.408421 1.835128 0.135674 0.988219 -0.070826
2.831022 -0.403982 1.841705 -0.134204 -0.984827 0.110019
2.799261 -0.399161 1.844056 0.132113 0.986267 -0.099110
2.773931 -0.395165 1.853666 0.131980 0.985681 -0.104954
2.746084 -0.390866 1.859833 0.133788 0.979298 -0.151911
2.718277 -0.386588 1.865620 0.138125 0.986976 -0.082461
2.686273 -0.381804 1.865486 0.139989 0.983154 -0.117518
2.653239 -0.376913 1.863290 -0.138245 -0.982646 0.123673
2.629255 -0.373153 1.872673 -0.122387 -0.982945 0.137262
2.605813 -0.369471 1.882568 0.170416 0.985266 -0.014489
2.577735 -0.365235 1.885645 -0.148228 -0.985569 0.081744
2.559905 -0.362254 1.903149 0.100839 0.987197 -0.123586
2.532964 -0.358180 1.907229 -0.142463 -0.976525 0.161563
2.509914 -0.354587 1.916795 0.149494 0.980072 -0.130809
2.486270 -0.350932 1.925247 0.121132 0.984589 -0.126140
2.454641 -0.346344 1.920730 0.132178 0.980343 -0.146483
2.421158 -0.341559 1.912357 -0.137581 -0.975552 0.171374
2.398230 -0.338032 1.920628 0.114151 0.979210 -0.167680
2.372239 -0.334160 1.923457 0.130431 0.978838 -0.157685
2.348296 -0.330538 1.929422 -0.122249 -0.982196 0.142638
2.324839 -0.326984 1.935970 -0.141407 -0.983969 0.108672
2.302798 -0.323602 1.944871 -0.144854 -0.985275 0.090829
2.276952 -0.319798 1.946464 0.138796 0.986877 -0.082517
2.251649 -0.316070 1.948617 0.152039 0.986163 -0.066081
2.229558 -0.312715 1.956699 -0.144684 -0.988212 0.050045
2.210050 -0.309653 1.969914 0.135807 0.990729 -0.003539
2.184781 -0.305964 1.971218 0.137119 0.989819 -0.038177
2.160012 -0.302344 1.973115 -0.110496 -0.993653 0.021074
2.134897 -0.298701 1.973801 -0.153668 -0.987593 0.032349
2.108662 -0.294953 1.971435 0.137065 0.990193 -0.027022
2.083753 -0.291364 1.971493 0.143004 0.989610 -0.014922
2.060472 -0.287959 1.974938 -0.146296 -0.988965 0.023380
2.039080 -0.284761 1.982747 -0.153801 -0.988046 0.010530
2.016525 -0.281451 1.987534 -0.142324 -0.989679 -0.016702
1.990415 -0.277794 1.982722 0.129999 0.991028 -0.031038
1.969316 -0.274655 1.990716 -0.144566 -0.989339 0.017564
1.946459 -0.271350 1.993779 -0.131698 -0.991274 -0.005648
1.923944 -0.268089 1.997527 -0.133201 -0.991082 -0.003650
1.902691 -0.264958 2.004818 -0.145851 -0.988881 0.029004
1.880140 -0.261713 2.008077 -0.112928 -0.993125 0.030818
1.859072 -0.258614 2.015859 -0.142458 -0.989773 0.007385
1.836200 -0.255360 2.017673 -0.160001 -0.987111 -0.003536
1.814461 -0.252216 2.023074 -0.109156 -0.994022 0.002435
1.792410 -0.249054 2.027279 -0.112684 -0.993550 0.012684
1.768289 -0.245729 2.023513 -0.099053 -0.994687 0.028037
1.749715 -0.242869 2.040786 0.131172 0.986312 -0.099915
1.725890 -0.239591 2.037488 -0.126018 -0.989523 0.070449
1.706252 -0.236646 2.051449 -0.115459 -0.989214 0.090142
1.682713 -0.233415 2.048625 0.128237 0.990796 -0.043341
1.662571 -0.230434 2.061191 -0.103892 -0.993300 0.050610
1.640656 -0.227332 2.065716 0.151009 0.987644 -0.041905
1.617212 -0.224146 2.062147 -0.112045 -0.991950 0.059001
1.594587 -0.221025 2.062254 0.170626 0.982970 -0.068244
1.572660 -0.217952 2.066060 0.142989 0.989709 0.005420
1.550693 -0.214885 2.069635 -0.116690 -0.988701 0.094096
1.528977 -0.211833 2.074956 0.141456 0.989890 -0.010376
1.506918 -0.208773 2.078068 0.154624 0.981502 -0.112891
1.484826 -0.205719 2.080947 -0.154657 -0.978457 0.136758
1.462478 -0.202668 2.081606 0.154942 0.975381 -0.156924
1.441070 -0.199627 2.090978 0.140503 0.947528 -0.287142
1.418288 -0.196595 2.087187 0.153462 0.972943 -0.172719
1.395936 -0.193574 2.087136 0.112770 0.973909 -0.196939
1.373822 -0.190553 2.089840 0.168024 0.972326 -0.162330
1.351299 -0.187572 2.086322 0.150670 0.983760 -0.097545
1.329326 -0.184548 2.091552 -0.050112 -0.990276 0.129781
1.307216 -0.181529 2.095553 0.052379 0.991317 -0.120610
1.284972 -0.178531 2.097321 0.125857 0.991430 0.035026
1.262680 -0.175550 2.097856 0.106143 0.994304 -0.009691
1.240421 -0.172527 2.102154 0.147929 0.968360 -0.200988
1.218080 -0.169617 2.098218 0.171907 0.985035 -0.012441
1.195788 -0.166680 2.097046 0.185425 0.980240 -0.068900
1.173370 -0.163638 2.102637 0.164225 0.976655 -0.138474
1.151054 -0.160719 2.100994 -0.125700 -0.984749 0.120290
1.128512 -0.157695 2.105109 0.237229 0.962484 -0.131711
1.106243 -0.154816 2.101994 0.086742 0.985800 0.143783
1.083838 -0.151886 2.101639 -0.147045 -0.988293 -0.040665
1.061427 -0.148966 2.101048 0.128988 0.946168 0.296865
1.039011 -0.146055 2.100219 0.103524 0.942839 -0.316762
1.016875 -0.143233 2.096166 0.075838 0.932751 -0.352455
0.994489 -0.140346 2.094865 -0.102947 -0.921425 0.374671
0.972221 -0.137498 2.092334 0.141077 0.920354 -0.364756
0.948482 -0.134299 2.101469 0.132789 0.922938 -0.361320
0.926820 -0.131621 2.093500 0.067787 0.977506 -0.199719
0.903985 -0.128673 2.094210 0.101578 0.970457 -0.218848
0.881257 -0.125763 2.093686 0.106354 0.990354 -0.088812
0.856845 -0.122504 2.102772 0.108499 0.925849 -0.361984
0.832909 -0.119375 2.107641 0.177093 0.893080 -0.413578
0.810322 -0.116542 2.104386 0.154417 0.966696 -0.204096
0.786776 -0.113525 2.105789 0.206258 0.935543 -0.286737
0.762328 -0.110347 2.110842 -0.013797 -0.998300 0.056629
0.737726 -0.107159 2.115613 0.344329 0.933834 -0.096906
0.714334 -0.104222 2.114264 0.205681 0.966150 0.155720
0.689732 -0.101070 2.117510 0.083124 0.939785 0.331504
0.664510 -0.097821 2.122410 0.215578 0.942627 0.254914
0.640156 -0.094751 2.123152 -0.078366 -0.965507 -0.248305
0.630419 -0.094323 2.070683 0.120229 0.989570 -0.079345
0.624199 -0.094472 2.009618 -0.106178 -0.994270 0.012346
0.608558 -0.092909 1.984056 -0.115188 -0.993344 -0.000394
0.597243 -0.092083 1.945998 0.116142 0.993225 -0.003888
0.587263 -0.091458 1.906029 0.116554 0.993167 -0.005833
0.576459 -0.090663 1.870808 0.116861 0.993112 -0.008532
0.564030 -0.089570 1.842183 0.118366 0.992910 -0.010955
0.559187 -0.089729 1.793769 0.116760 0.993090 -0.011811
0.552161 -0.089491 1.753895 0.116396 0.993124 -0.012490
0.537704 -0.088001 1.735532 0.116303 0.993131 -0.012839
0.527574 -0.087213 1.706846 0.122620 0.992331 -0.015611
0.523968 -0.087468 1.663347 0.121882 0.992423 -0.015519
0.517339 -0.087207 1.629179 0.121667 0.992449 -0.015581
0.501089 -0.085388 1.618900 0.121260 0.992497 -0.015657
0.491033 -0.084555 1.594775 0.121083 0.992518 -0.015688
0.490077 -0.085147 1.551551 0.120488 0.992589 -0.015830
0.492053 -0.086172 1.503974 0.119446 0.992717 -0.015697
0.481105 -0.085152 1.485398 0.119187 0.992748 -0.015681
0.463840 -0.083149 1.480182 0.119187 0.992748 -0.015681
0.447954 -0.081364 1.472101 0.119187 0.992748 -0.015681
0.451473 -0.082556 1.426679 0.119022 0.992767 -0.015732
0.454441 -0.083638 1.384144 0.118813 0.992791 -0.015773
0.451032 -0.083727 1.354968 0.118651 0.992809 -0.015858
0.432060 -0.081455 1.354592 0.118651 0.992809 -0.015858
0.411024 -0.078883 1.357429 0.118651 0.992809 -0.015858
0.409048 -0.079172 1.327312 0.118658 0.992808 -0.015881
0.622605 -0.111490 0.940270 -0.056849 -0.997748 0.035586
0.687665 -0.121525 0.811694 0.061643 0.997020 -0.046376
0.750008 -0.131062 0.693049 0.018173 0.999666 -0.018401
0.729854 -0.128409 0.707306 0.033256 0.999060 -0.027792
0.679682 -0.121389 0.766127 0.073391 0.995854 -0.053739
0.670092 -0.120325 0.762029 0.077261 0.995479 -0.055242
0.447780 -0.101867 0.396406 -0.076848 -0.993480 0.084210
0.468244 -0.104705 0.374055 0.098210 0.991582 -0.084374
0.440350 -0.101394 0.379070 0.092187 0.992601 -0.079020
0.469162 -0.105273 0.352938 0.085299 0.994375 -0.062788
0.428021 -0.100301 0.364389 -0.119684 -0.991803 0.044740
0.428152 -0.100549 0.353759 -0.124156 -0.991324 0.043156
0.426637 -0.100589 0.344063 -0.121633 -0.992325 0.022266
0.444908 -0.103107 0.324844 -0.121921 -0.992287 0.022387
0.459896 -0.105203 0.307751 0.121910 0.992289 -0.022378
0.448063 -0.103940 0.303453 0.121910 0.992289 -0.022378
0.428977 -0.101779 0.302185 -0.122072 -0.992271 0.022281
0.432622 -0.102451 0.290667 -0.122293 -0.992252 0.021909
0.427264 -0.102002 0.283124 -0.122670 -0.992212 0.021609
0.423815 -0.101791 0.274754 0.122563 0.992224 -0.021692
0.447234 -0.104896 0.255723 0.123482 0.992109 -0.021712
0.435724 -0.103685 0.250774 0.123605 0.992095 -0.021674
0.432612 -0.103509 0.242496 -0.123287 -0.992133 0.021758
0.442669 -0.104949 0.229467 0.122164 0.992279 -0.021411
0.436964 -0.104453 0.222244 0.122164 0.992279 -0.021411
0.437914 -0.104771 0.212712 0.122219 0.992268 -0.021593
0.434253 -0.104524 0.204767 0.120406 0.992518 -0.020262
0.432567 -0.104518 0.196179 0.120432 0.992521 -0.019973
0.432875 -0.104753 0.187010 0.120092 0.992552 -0.020448
0.431380 -0.104768 0.178429 0.118767 0.992698 -0.021102
0.422324 -0.103868 0.171981 0.119414 0.992615 -0.021368
0.420032 -0.103786 0.163567 0.118826 0.992683 -0.021489
0.424562 -0.104525 0.153402 0.118701 0.992691 -0.021781
0.413782 -0.103422 0.147144 0.118330 0.992726 -0.022217
0.406914 -0.102790 0.139776 0.118223 0.992736 -0.022335
0.415621 -0.104024 0.128822 0.116896 0.992896 -0.022179
0.422523 -0.105037 0.118486 0.113773 0.993270 -0.021684
0.413972 -0.104203 0.111451 0.113773 0.993270 -0.021684
0.402553 -0.103031 0.104810 -0.117448 -0.992821 0.022654
0.399006 -0.102796 0.096545 -0.117448 -0.992821 0.022654
0.399459 -0.103036 0.087561 -0.117448 -0.992821 0.022654
0.403933 -0.103750 0.077986 -0.117448 -0.992821 0.022654
0.425223 -0.106445 0.066066 -0.116649 -0.992925 0.022196
0.414192 -0.105321 0.059031 -0.116649 -0.992925 0.022196
0.394351 -0.103164 0.052890 -0.117684 -0.992784 0.023038
0.422904 -0.106695 0.040795 -0.116649 -0.992925 0.022196
0.425930 -0.107221 0.031987 -0.116649 -0.992925 0.022196
0.460699 -0.111458 0.020297 0.113773 0.993270 -0.021684
2.836037 -0.473626 -0.194928 0.278091 0.920287 -0.275204
2.861722 -0.477231 -0.183148 0.284858 0.922883 -0.259121
2.849838 -0.474834 -0.168649 0.284858 0.922883 -0.259121
2.837796 -0.472421 -0.154413 0.284858 0.922883 -0.259121
2.920355 -0.485002 -0.143963 0.526691 0.849379 -0.033955
3.125276 -0.516853 -0.135022 -0.349406 0.404435 0.845191
3.139540 -0.518490 -0.118706 -0.349406 0.404435 0.845191
3.143760 -0.518536 -0.102042 -0.349406 0.404435 0.845191
3.168554 -0.521804 -0.085185 -0.507544 0.630504 0.587251
3.300850 -0.541869 -0.066102 -0.095757 -0.993833 -0.055914
3.293661 -0.540063 -0.047897 -0.052175 -0.997618 -0.045125
3.216542 -0.526720 -0.014904 0.692769 -0.715558 -0.089708
3.232510 -0.528537 0.003561 0.682579 -0.727719 -0.067161
3.245318 -0.529851 0.022167 0.699119 -0.714414 0.029061
3.238219 -0.528086 0.039487 0.713490 -0.699983 0.030918
3.236852 -0.527206 0.057199 -0.676041 0.729489 -0.103991
3.227434 -0.525091 0.074101 0.663649 -0.671300 0.330038
3.226691 -0.524308 0.091805 0.687185 -0.657209 0.309601
3.231653 -0.524393 0.110228 0.687070 -0.645138 0.334264
3.221713 -0.522206 0.126820 -0.608212 0.765217 -0.211000
3.230210 -0.522821 0.145895 0.697034 -0.699449 0.157846
3.216991 -0.520142 0.161848 0.697034 -0.699449 0.157846
3.220214 -0.519952 0.180290 0.707785 -0.689689 0.152869
3.219339 -0.519140 0.198138 0.710693 -0.684264 0.163396
3.206606 -0.516548 0.213812 0.715094 -0.687076 0.128710
3.215082 -0.517136 0.233477 0.722388 -0.683858 0.102444
3.212677 -0.516092 0.251124 0.728112 -0.681099 0.077188
3.206220 -0.514444 0.267903 0.741298 -0.669564 0.046501
3.212133 -0.514633 0.287479 0.692242 -0.717379 -0.078544
3.217819 -0.514781 0.307218 0.705779 -0.707158 0.042464
3.212722 -0.513331 0.324440 0.728820 -0.669664 0.142733
3.205535 -0.511574 0.341089 0.779424 -0.574207 0.250571
3.204865 -0.510776 0.359474 0.796616 -0.527690 0.294866
3.201138 -0.509528 0.377070 0.822880 -0.472712 0.315297
3.187737 -0.506870 0.391798 0.861882 -0.386265 0.328571
3.269752 -0.518089 0.435954 -0.186971 0.973267 0.133392
3.440609 -0.542107 0.510743 0.012713 -0.999364 0.033307
3.908959 -0.608954 0.688926 0.942404 0.332873 0.032713
3.920542 -0.609592 0.720461 0.948205 0.316740 0.024132
3.923329 -0.608951 0.749321 0.938020 0.346362 -0.012293
3.919267 -0.607320 0.775923 0.933592 0.358038 -0.014664
3.913060 -0.605381 0.801822 0.967118 0.246951 0.060812
3.926870 -0.606289 0.835665 0.960572 0.276509 0.029062
3.917265 -0.603857 0.860578 0.986691 0.136638 0.088153
3.916552 -0.602685 0.889210 0.984840 0.167586 0.044787
3.913680 -0.601201 0.917144 0.990712 -0.122693 0.058613
3.906859 -0.599159 0.943515 0.915159 -0.395929 0.075658
3.905165 -0.597833 0.972315 0.842294 -0.510556 0.172839
3.899535 -0.595951 0.999507 0.753214 -0.631756 0.183173
3.892704 -0.593901 1.026263 0.685167 -0.708757 0.167957
3.891801 -0.592670 1.056067 -0.607666 0.775203 -0.172637
3.893190 -0.591747 1.087318 -0.538704 0.826389 -0.163949
3.890663 -0.590277 1.116886 -0.522268 0.839512 -0.149854
3.889530 -0.588990 1.147462 -0.495682 0.858271 -0.132927
3.880177 -0.586573 1.173853 -0.498616 0.856637 -0.132497
3.885255 -0.586119 1.208437 -0.519259 0.842741 -0.141980
3.877813 -0.583953 1.236333 -0.486580 0.857269 -0.168316
3.874327 -0.582319 1.266731 -0.483707 0.860878 -0.157849
3.873014 -0.580970 1.298736 -0.275579 0.942738 -0.187885
3.878053 -0.580464 1.335033 -0.460554 0.875415 -0.146758
3.885112 -0.580211 1.373177 -0.436254 0.888133 -0.144577
3.874108 -0.577536 1.400288 -0.408323 0.902390 -0.137713
3.873571 -0.576247 1.434453 -0.393978 0.904439 -0.163620
3.870108 -0.574560 1.467095 -0.341725 0.932624 -0.115917
3.867037 -0.572916 1.500392 -0.293022 0.950847 -0.100141
3.871643 -0.572268 1.539534 -0.142849 0.988033 -0.058185
3.873272 -0.571212 1.577194 0.085207 -0.995672 0.037098
3.891964 -0.572355 1.628074 0.167572 0.985857 0.002553
3.889221 -0.570693 1.663928 -0.149919 -0.988654 0.009376
3.864731 -0.566219 1.683488 0.127523 0.991546 -0.023968
3.832277 -0.560738 1.696555 0.048373 0.998626 -0.020176
3.781986 -0.553003 1.694764 -0.069080 -0.995160 0.069884
3.748109 -0.547395 1.705395 -0.144717 -0.987580 0.061173
3.715014 -0.541909 1.716146 0.178858 0.983592 -0.023600
3.678158 -0.535973 1.723149 0.193175 0.980733 0.029083
3.640642 -0.529982 1.728915 0.190316 0.981291 0.029106
3.601752 -0.523848 1.732758 -0.161363 -0.986886 -0.004287
3.561539 -0.517582 1.734634 0.152332 0.988321 0.004102
3.530238 -0.512446 1.744022 0.126759 0.991925 -0.004112
3.496798 -0.507069 1.750884 0.119538 0.992555 -0.023336
3.463428 -0.501726 1.757241 0.159917 0.987002 -0.015954
3.425898 -0.495903 1.758878 0.161943 0.986586 -0.020534
3.401821 -0.491732 1.773419 -0.145990 -0.988650 0.035459
3.373494 -0.487065 1.783346 -0.163015 -0.985932 0.036934
3.349265 -0.482904 1.797228 0.129805 0.986302 -0.101779
3.319530 -0.478103 1.804946 -0.128123 -0.983452 0.128088
3.293174 -0.473721 1.815937 -0.138961 -0.984332 0.108540
3.248921 -0.467261 1.806437 0.149887 0.986048 -0.072416
3.222048 -0.462864 1.815789 0.147897 0.982949 -0.109259
3.186767 -0.457513 1.814904 0.130578 0.987960 -0.082977
3.156787 -0.452800 1.819615 0.126728 0.987471 -0.094024
3.130666 -0.448548 1.828541 0.143580 0.984627 -0.099468
3.098310 -0.443608 1.829327 -0.144363 -0.982499 0.117705
3.074090 -0.439608 1.839861 0.162798 0.980866 -0.106762
3.044970 -0.435075 1.843752 0.141959 0.984401 -0.103938
3.010553 -0.429979 1.840048 0.120481 0.985318 -0.120968
2.978140 -0.425135 1.838246 0.123329 0.983316 -0.133717
2.951150 -0.420908 1.843276 -0.138995 -0.981869 0.128898
2.930507 -0.417384 1.856938 -0.133261 -0.984298 0.115754
2.904653 -0.413311 1.862964 0.130706 0.979292 -0.154604
2.884378 -0.409845 1.876951 -0.125581 -0.982021 0.140943
2.860128 -0.405969 1.884876 0.121469 0.987267 -0.102711
2.833701 -0.401881 1.889140 0.132550 0.986648 -0.094639
2.807856 -0.397872 1.893909 0.145651 0.981839 -0.121566
2.778402 -0.393514 1.892385 0.119773 0.984112 -0.131061
2.746041 -0.388890 1.885313 0.143225 0.984751 -0.098750
2.722008 -0.385127 1.891581 0.132753 0.984819 -0.111844
2.695006 -0.381087 1.892350 0.120104 0.988397 -0.092985
2.671995 -0.377456 1.899751 -0.123638 -0.988004 0.092529
2.648475 -0.373788 1.906005 0.139051 0.986011 -0.091912
2.625411 -0.370178 1.912863 0.127801 0.987048 -0.096966
2.599575 -0.366322 1.914124 -0.149726 -0.979466 0.135010
2.579659 -0.363029 1.926665 0.134357 0.986960 -0.088646
2.557396 -0.359528 1.934517 0.095891 0.992108 -0.080789
2.532068 -0.355766 1.935806 0.132614 0.989767 -0.052669
2.505137 -0.351885 1.933156 0.151027 0.986526 -0.062914
2.482890 -0.348429 1.940179 0.122965 0.991482 -0.042922
2.458185 -0.344778 1.941464 -0.140324 -0.987051 0.077711
2.433160 -0.341121 1.941531 0.119850 0.991002 -0.059594
2.408229 -0.337493 1.941292 0.128994 0.988402 -0.080141
2.383768 -0.333922 1.941678 0.123990 0.988071 -0.091331
2.362300 -0.330598 1.949219 0.123167 0.989548 -0.075001
2.337576 -0.327043 1.948115 0.133372 0.987023 -0.089431
2.313303 -0.323543 1.947652 0.139033 0.987977 -0.067609
2.291466 -0.320231 1.953495 0.144394 0.985403 -0.090177
2.270562 -0.316991 1.961936 -0.121786 -0.991843 0.037619
2.247669 -0.313629 1.964466 -0.133762 -0.990470 0.032805
2.227851 -0.310469 1.976258 -0.137153 -0.987904 0.072349
2.201657 -0.306939 1.967796 0.156975 0.987595 0.003947
2.180277 -0.303707 1.974341 0.138261 0.990187 -0.020322
2.137846 -0.297278 1.988680 -0.116485 -0.992847 0.026211
2.115736 -0.294031 1.992616 -0.151939 -0.987295 0.046506
2.094097 -0.290813 1.998252 0.158888 0.985746 -0.055320
2.072634 -0.287608 2.004630 0.156584 0.986021 -0.056958
2.050192 -0.284378 2.006887 -0.133854 -0.990883 0.015295
2.028834 -0.281187 2.013781 0.135203 0.990307 -0.031816
2.006972 -0.277988 2.018497 -0.133112 -0.990908 0.019557
1.983501 -0.274778 2.015135 0.161922 0.986040 -0.038802
1.960886 -0.271601 2.015441 -0.153120 -0.988104 0.014280
1.940577 -0.268431 2.028301 0.121646 0.991051 -0.054952
1.917248 -0.265281 2.024192 -0.132065 -0.991122 0.015392
1.896047 -0.262112 2.032669 0.154894 0.987879 0.010108
1.873267 -0.258988 2.031033 0.111300 0.993618 0.018336
1.850956 -0.255867 2.032122 -0.131321 -0.991117 -0.021034
1.829147 -0.252727 2.036943 0.132941 0.990057 0.045968
1.807041 -0.249609 2.039548 -0.170558 -0.985305 0.009118
1.785010 -0.246489 2.042914 0.157712 0.987057 -0.029091
1.762655 -0.243413 2.043061 0.150796 0.983640 -0.098557
1.740566 -0.240310 2.045960 0.119011 0.991196 -0.058024
1.718365 -0.237230 2.047630 0.101282 0.991593 -0.080532
1.696514 -0.234059 2.055052 0.114229 0.991984 -0.054038
1.674012 -0.231064 2.052261 0.126046 0.990485 -0.055244
1.651622 -0.228071 2.050231 0.155025 0.986988 -0.042672
1.629465 -0.224972 2.053958 -0.176890 -0.983674 0.033100
1.607198 -0.221921 2.055454 0.138647 0.989484 -0.041218
1.584875 -0.218950 2.053715 0.096808 0.994923 -0.027497
1.562590 -0.215947 2.053740 -0.102270 -0.993268 0.054398
1.540270 -0.212876 2.056529 -0.149577 -0.987353 0.052550
1.517804 -0.209698 2.063079 0.132716 0.991085 0.011725
1.495484 -0.206778 2.060398 -0.151580 -0.988441 0.002772
1.473127 -0.203816 2.059479 0.151732 0.988412 -0.004329
1.450780 -0.200867 2.058325 0.176796 0.984240 0.003851
1.428318 -0.197866 2.058930 0.156926 0.987112 -0.031365
1.406122 -0.195013 2.055310 0.143401 0.988728 -0.043054
1.383816 -0.192107 2.053449 -0.168565 -0.983640 0.063551
1.361153 -0.189067 2.055332 0.188625 0.981806 -0.021865
1.338951 -0.186225 2.052003 0.167296 0.984553 -0.051648
1.316564 -0.183322 2.050426 0.082406 0.995625 -0.044042
1.294308 -0.180473 2.047621 0.151937 0.986719 0.057446
1.271539 -0.177469 2.048541 0.165556 0.984980 0.049046
1.248574 -0.174428 2.050203 0.133444 0.988306 0.073777
1.226163 -0.171571 2.047667 0.127348 0.983569 0.127964
1.203103 -0.168543 2.048834 0.154279 0.988027 0.000242
1.181214 -0.165855 2.042866 0.192482 0.978497 0.074130
1.157169 -0.162598 2.048446 0.159117 0.985847 0.052805
1.132768 -0.159284 2.054731 -0.107982 -0.993194 -0.043657
1.108396 -0.156012 2.059757 0.089411 0.989993 0.109178
1.084086 -0.152787 2.063528 0.094938 0.994097 0.052520
1.060101 -0.149668 2.065077 0.114391 0.989500 0.088344
1.036740 -0.146717 2.063445 -0.154880 -0.978100 -0.139038
1.011624 -0.143379 2.068328 0.125578 0.977167 0.171388
0.989177 -0.140672 2.062305 0.082068 0.990679 0.108716
0.963050 -0.137157 2.069511 0.179860 0.983281 0.028441
0.939759 -0.134293 2.065853 0.163203 0.984406 0.065651
0.913890 -0.130890 2.070544 -0.186635 -0.982324 -0.014367
0.891419 -0.128232 2.063490 0.159488 0.986027 -0.048102
0.866257 -0.125021 2.064747 -0.159951 -0.983396 0.085725
0.842261 -0.122071 2.061923 0.132684 0.989311 -0.060486
0.819878 -0.119462 2.054116 0.162482 0.981964 -0.096676
0.795557 -0.116473 2.051708 0.110015 0.993530 -0.028188
0.768432 -0.112945 2.056508 0.124923 0.985077 -0.118394
0.742545 -0.109688 2.057242 0.106453 0.979773 -0.169446
0.714725 -0.106078 2.062304 0.121920 0.991144 -0.052615
0.690086 -0.103105 2.058697 -0.133105 -0.987670 0.082414
0.657342 -0.098614 2.074128 -0.136730 -0.990227 -0.027492
0.634042 -0.095937 2.066202 -0.131195 -0.985760 0.105187
0.606362 -0.092456 2.068051 0.181528 0.983385 -0.001421
0.580606 -0.089353 2.065015 -0.173845 -0.981517 0.080020
0.558189 -0.086876 2.054450 -0.114928 -0.983784 0.137696
0.532856 -0.083877 2.049937 0.118654 0.978225 -0.170288
0.505738 -0.080574 2.048701 0.122179 0.982647 -0.139563
0.474473 -0.076555 2.055127 0.120704 0.970549 -0.208485
0.442496 -0.072440 2.062011 0.070368 0.997096 -0.029115
0.410723 -0.068394 2.067575 0.113400 0.991492 -0.063901
0.383016 -0.065084 2.064835 0.131135 0.991164 -0.019932
0.351338 -0.061108 2.068699 -0.097771 -0.984957 0.142479
0.325406 -0.058144 2.061764 -0.077202 -0.989165 0.124873
0.292406 -0.053993 2.066539 -0.212576 -0.965870 0.148009
0.253511 -0.048877 2.080237 0.076551 0.996575 -0.031272
0.218376 -0.044433 2.086566 0.122428 0.992285 0.019543
0.185625 -0.040419 2.088180 -0.009417 0.998907 0.045791
0.153772 -0.036581 2.087668 0.138647 0.990322 -0.006206
0.136612 -0.035185 2.064297 0.055199 0.996109 0.068703
0.128712 -0.035300 2.027610 0.144576 0.973263 -0.178486
0.126515 -0.036320 1.983629 0.108408 0.994011 -0.013804
0.018608 -0.037264 1.523501 0.017970 -0.999802 0.008541
0.008761 -0.036827 1.499948 0.522659 0.852490 -0.009406
0.020295 -0.039578 1.455237 0.097385 -0.994418 0.040600
0.024783 -0.041247 1.418617 0.061883 -0.997754 -0.025649
0.012662 -0.040435 1.398809 0.055309 -0.996826 -0.057263
0.005849 -0.040403 1.374142 -0.065764 0.990534 0.120485
-0.010854 -0.038912 1.358934 0.541525 0.836295 -0.085798
-0.017822 -0.038848 1.334874 0.940422 0.304216 -0.151852
-0.033400 -0.037524 1.318731 0.950470 0.288285 -0.116182
-0.054079 -0.035464 1.306971 0.956583 0.270594 -0.108297
-0.038287 -0.038682 1.264089 0.852643 0.508953 -0.118180
-0.046265 -0.038448 1.242003 0.771552 0.615649 -0.160265
-0.047787 -0.039135 1.214889 0.737970 0.658404 -0.148005
-0.050479 -0.039643 1.189128 0.812452 0.567046 -0.135574
-0.052029 -0.040304 1.162848 0.399816 0.916275 -0.024235
-0.063493 -0.039550 1.144499 0.367627 0.929969 -0.002831
-0.076348 -0.038599 1.127235 0.331704 0.943275 0.014291
-0.082596 -0.038580 1.105159 0.158970 0.986311 0.043801
-0.090186 -0.038368 1.084239 0.139425 0.987681 0.071040
-0.096706 -0.038303 1.062726 0.093928 0.995350 0.021337
-0.102140 -0.038384 1.040648 0.139333 0.990168 0.012391
-0.098201 -0.039760 1.012530 0.030879 0.999268 0.022600
-0.100523 -0.040256 0.988956 0.041865 0.998619 -0.031751
-0.108406 -0.039980 0.969186 0.367860 0.916348 -0.158070
-0.110999 -0.040428 0.946227 0.550995 0.811631 -0.194063
-0.112449 -0.041025 0.922817 0.849314 0.485557 -0.207126
-0.111887 -0.041889 0.898482 0.554447 0.798391 -0.234863
-0.116163 -0.042086 0.877254 0.789519 0.585904 -0.182691
-0.121913 -0.042080 0.857022 0.782552 0.594561 -0.184690
-0.140480 -0.040342 0.843955 0.856264 0.482665 -0.183975
-0.132706 -0.042153 0.816522 0.785638 0.588649 -0.190436
-0.139509 -0.041996 0.797180 0.794508 0.571508 -0.205271
-0.146097 -0.041867 0.777796 0.771039 0.595197 -0.226360
-0.148022 -0.042356 0.756165 0.849821 0.486791 -0.202088
-0.161307 -0.041332 0.740208 0.788590 0.582578 -0.196795
-0.160971 -0.042114 0.717726 0.786819 0.593647 -0.168815
-0.170290 -0.041616 0.699889 0.784365 0.604949 -0.137145
-0.171262 -0.042215 0.678315 0.812804 0.558004 -0.167277
-0.179267 -0.041888 0.659960 0.745443 0.654213 -0.127751
-0.183419 -0.042063 0.639986 0.733959 0.675938 -0.066431
-0.181831 -0.042983 0.617761 0.699898 0.714210 -0.006816
-0.182743 -0.043570 0.596746 0.529796 0.844642 0.076784
-0.188045 -0.043585 0.577568 0.339780 0.938204 0.065742
-0.184763 -0.044704 0.555248 0.382032 0.922491 0.055333
-0.182144 -0.045729 0.533408 0.419512 0.907629 0.014831
-0.188641 -0.045579 0.514953 0.373710 0.927023 -0.031129
-0.193063 -0.045693 0.495799 0.375128 0.925378 -0.054353
-0.191613 -0.046553 0.474786 0.354872 0.930127 -0.094502
-0.188971 -0.047557 0.453575 0.351744 0.928084 -0.122215
-0.194637 -0.047503 0.435055 0.340775 0.928866 -0.145192
-0.198202 -0.047713 0.415926 0.339875 0.929571 -0.142771
-0.205389 -0.047464 0.397844 0.320545 0.935574 -0.148160
-0.215271 -0.046878 0.380434 0.303790 0.940255 -0.153726
-0.225947 -0.046195 0.363116 0.273527 0.949655 -0.152768
-0.199808 -0.050107 0.336688 0.302558 0.942242 -0.143661
-0.204257 -0.050191 0.318065 0.303068 0.943607 -0.133248
-0.210450 -0.050057 0.299826 0.298556 0.946875 -0.119552
-0.214515 -0.050187 0.281095 0.305820 0.947739 -0.090911
-0.209623 -0.051419 0.260572 -0.328289 -0.942496 0.062669
-0.211328 -0.051832 0.241485 -0.337999 -0.938736 0.067317
-0.216740 -0.051788 0.223097 0.338168 0.939288 -0.058147
-0.227840 -0.051047 0.205614 0.337049 0.940166 -0.049859
-0.231905 -0.051168 0.186861 0.338156 0.939893 -0.047453
-0.227915 -0.052267 0.166915 0.541953 0.798714 -0.261424
-0.225676 -0.053147 0.147349 0.595711 0.730808 -0.333238
-0.237020 -0.052379 0.129570 0.577903 0.782377 -0.232195
-0.241285 -0.052468 0.110797 0.486036 0.868817 -0.094478
-0.241405 -0.053055 0.091556 0.505380 0.857660 -0.094924
-0.263076 -0.051053 0.074334 0.329158 0.943519 0.037770
2.338679 -0.518069 -0.080037 0.098549 -0.994972 0.017862
2.325084 -0.515273 -0.072959 -0.032865 -0.977051 0.210455
2.345010 -0.517703 -0.066309 0.098549 -0.994972 0.017862
2.420217 -0.528606 -0.058884 0.085074 0.991627 -0.097154
2.427161 -0.528910 -0.051036 0.007533 -0.995503 0.094428
2.416234 -0.526482 -0.043533 0.224271 -0.974468 -0.010667
2.425981 -0.527197 -0.035471 -0.409348 0.912301 -0.011859
2.430702 -0.527137 -0.027444 -0.583368 0.811888 -0.022769
2.433365 -0.526759 -0.019434 -0.446614 0.894408 0.023863
2.425086 -0.524758 -0.012124 -0.446614 0.894408 0.023863
2.414764 -0.522472 -0.005145 -0.521610 0.851946 0.045943
2.419158 -0.522351 0.002965 -0.508818 0.859375 0.050777
2.397861 -0.518503 0.008572 -0.153024 0.986527 -0.057859
2.420795 -0.521049 0.018701 -0.508769 0.859925 0.041033
2.420997 -0.520305 0.026541 -0.461134 0.884132 0.075280
2.420135 -0.519407 0.034262 -0.488035 0.870914 0.057712
2.417232 -0.518223 0.041689 -0.524121 0.847335 0.085565
2.431876 -0.519487 0.051793 -0.558329 0.829619 -0.000544
2.434663 -0.519078 0.060271 -0.563031 0.826297 0.015120
2.428572 -0.517442 0.067267 -0.459518 0.887947 -0.019845
2.442876 -0.518593 0.077978 -0.542305 0.839791 0.025619
2.437592 -0.517065 0.085148 -0.449275 0.892991 -0.026834
2.453592 -0.518396 0.096683 -0.564773 0.825126 -0.014112
2.430697 -0.514520 0.100044 -0.503724 0.862601 -0.046706
2.429072 -0.513494 0.107851 -0.487982 0.872822 0.007479
2.425438 -0.512205 0.115173 -0.483935 0.875019 0.012198
2.424617 -0.511285 0.123165 -0.478633 0.877825 -0.018278
2.443858 -0.512941 0.136482 -0.567416 0.823223 -0.018525
2.417934 -0.508795 0.137829 -0.477876 0.877139 0.047561
2.456947 -0.512904 0.157262 -0.401277 0.915684 -0.022355
2.453778 -0.511641 0.165051 -0.555017 0.831782 0.009725
2.436301 -0.508606 0.168388 0.641641 -0.763961 -0.068271
2.455717 -0.510139 0.183223 0.657394 -0.753453 0.011929
2.450402 -0.508612 0.190336 0.657579 -0.752395 0.038628
2.457234 -0.508556 0.201566 0.655778 -0.752328 0.062903
2.440514 -0.505665 0.204633 -0.674331 0.733675 -0.083659
2.439668 -0.504686 0.213208 -0.678414 0.724096 -0.124259
2.445231 -0.504452 0.224261 0.627466 -0.763777 0.151434
2.446019 -0.503645 0.233645 -0.621244 0.763552 -0.176192
2.439317 -0.501971 0.240097 0.674755 -0.721553 0.155136
2.434400 -0.500509 0.247202 0.673353 -0.719162 0.171470
2.431245 -0.499249 0.255017 0.672787 -0.716906 0.182768
2.437113 -0.498992 0.266808 0.653073 -0.743207 0.145395
2.434660 -0.497799 0.275058 0.703968 -0.699579 0.122549
2.431215 -0.496497 0.282870 0.684805 -0.721061 0.105422
2.422300 -0.494607 0.288068 0.682258 -0.725760 0.088295
2.425867 -0.494057 0.299258 0.680234 -0.729300 0.073503
2.426615 -0.493193 0.309213 -0.692449 0.717735 -0.073280
2.424582 -0.492031 0.317849 0.715651 -0.694764 0.071741
2.416291 -0.490224 0.323213 0.705497 -0.702876 0.090767
2.445597 -0.492225 0.348903 0.699445 -0.706229 0.109624
2.439644 -0.490626 0.355845 0.729603 -0.672520 0.124078
2.441415 -0.489792 0.367152 -0.660333 0.739528 -0.130610
2.434432 -0.488094 0.373508 0.668902 -0.721802 0.177684
2.417135 -0.485419 0.373618 0.668902 -0.721802 0.177684
2.425410 -0.485187 0.389039 -0.540350 0.810455 -0.226240
2.414021 -0.483097 0.392493 -0.625074 0.731031 -0.273635
2.405995 -0.481335 0.397910 -0.601213 0.710168 -0.366340
2.407102 -0.480404 0.409226 -0.374370 0.892488 -0.251621
2.406397 -0.479296 0.419501 0.201683 -0.963076 0.178349
2.402268 -0.477880 0.427551 0.055687 -0.979063 0.195791
2.386617 -0.475478 0.427541 -0.011915 -0.972909 0.230880
2.390496 -0.474749 0.441214 -0.230007 -0.971800 0.051976
2.385316 -0.473247 0.448528 -0.323141 -0.944967 -0.051154
2.379261 -0.471675 0.455187 -0.278633 -0.960178 -0.020546
2.364424 -0.469410 0.455099 -0.385042 -0.922295 0.033378
2.365387 -0.468405 0.467055 -0.381537 -0.923816 -0.031531
2.358375 -0.466774 0.472853 -0.453795 -0.891089 -0.005472
2.368332 -0.466413 0.492445 -0.398136 -0.916658 -0.035020
2.346509 -0.463688 0.486092 -0.520352 -0.853402 -0.030633
2.340856 -0.462169 0.492934 -0.509052 -0.860466 -0.021568
2.360761 -0.462425 0.521986 -0.423822 -0.905736 -0.004151
2.371171 -0.461951 0.543553 0.299870 0.953979 -0.001671
2.347158 -0.459152 0.534549 -0.440181 -0.897272 -0.033831
2.354934 -0.458455 0.554275 -0.342787 -0.938718 0.036124
2.346393 -0.456694 0.559135 0.399748 0.915783 0.039273
2.346453 -0.455461 0.572201 -0.414927 -0.909125 -0.036436
2.332783 -0.453402 0.572017 -0.491356 -0.867774 -0.074411
2.340332 -0.452572 0.592861 -0.374717 -0.927087 -0.009859
2.319614 -0.450147 0.585308 0.884955 0.433703 0.169578
2.325350 -0.449168 0.604856 0.882888 0.427936 0.193337
2.317775 -0.447469 0.610722 0.911243 0.371035 0.178797
2.308120 -0.445674 0.614289 0.911243 0.371035 0.178797
2.317819 -0.444785 0.639298 0.886256 0.446289 0.124000
2.316507 -0.443341 0.652564 0.905636 0.415591 0.084302
2.302595 -0.441347 0.651483 0.901828 0.415740 0.117753
2.313258 -0.440354 0.679230 0.889802 0.449586 0.078266
2.305590 -0.438597 0.685684 0.876812 0.463919 0.126414
2.309168 -0.437233 0.706051 0.852307 0.514487 0.094207
2.302461 -0.435484 0.714026 0.867225 0.487111 0.103167
2.310352 -0.434164 0.740908 0.835086 0.548260 -0.045190
2.302041 -0.432325 0.747321 0.845122 0.530068 -0.069261
2.290682 -0.430414 0.749630 0.868520 0.493483 -0.046339
2.289918 -0.428751 0.766351 0.851565 0.508167 -0.128851
2.289451 -0.427053 0.783953 0.811857 0.516982 -0.271326
2.270982 -0.425022 0.776182 0.874550 0.455367 -0.166745
2.260611 -0.423157 0.779693 0.898478 0.434406 -0.063476
2.260199 -0.421404 0.798064 0.837268 0.519696 -0.169995
2.480321 -0.421120 1.155990 0.590679 -0.801950 0.089296
2.487024 -0.418578 1.194492 0.423921 -0.892728 -0.152734
2.509377 -0.415914 1.259583 0.087069 -0.995743 -0.030253
2.525274 -0.413031 1.316712 0.026706 0.997809 -0.060528
2.510478 -0.410146 1.324420 0.055909 0.991909 -0.113979
2.492098 -0.407306 1.325910 0.097489 0.993142 -0.064539
2.487068 -0.404311 1.350664 -0.023215 -0.995619 0.090573
2.503362 -0.400860 1.414846 -0.123879 -0.986352 0.108464
2.498012 -0.397640 1.441652 -0.129720 -0.986720 0.097753
2.478233 -0.394721 1.441945 -0.119461 -0.987887 0.099037
2.478599 -0.391223 1.481140 -0.129630 -0.986045 0.104454
2.488064 -0.387259 1.540173 0.168778 0.982035 -0.084392
2.479758 -0.383772 1.565390 -0.165961 -0.985494 0.035467
2.469299 -0.380303 1.586987 -0.153010 -0.987671 0.033076
2.480675 -0.375673 1.656648 0.157100 0.984784 -0.074295
2.469802 -0.371980 1.680190 0.131855 0.985932 -0.102725
2.464123 -0.367894 1.716511 0.106425 0.991068 -0.080358
2.467532 -0.363053 1.775896 0.091885 0.993225 -0.071141
2.460646 -0.358702 1.813348 -0.104769 -0.991881 0.072084
2.459747 -0.353718 1.867547 -0.148407 -0.981281 0.122735
2.455993 -0.348731 1.917255 0.132178 0.980343 -0.146483
2.443539 -0.344335 1.946501 -0.129009 -0.988956 0.072958
2.443225 -0.338582 2.010431 -0.156464 -0.986066 0.056508
2.417376 -0.335312 2.005762 0.130262 0.990093 -0.052418
2.395252 -0.331680 2.011181 0.147409 0.988204 -0.041524
2.370897 -0.328350 2.009718 0.145798 0.988129 -0.048419
2.349372 -0.324691 2.016539 0.141081 0.989219 -0.039254
2.324253 -0.321569 2.011672 0.119002 0.992128 -0.039003
2.301569 -0.318143 2.014171 0.133960 0.990643 -0.026078
2.279990 -0.314561 2.020262 0.144135 0.988929 -0.035276
2.255710 -0.311480 2.016492 0.132932 0.989107 -0.063217
2.213649 -0.304181 2.032326 -0.141293 -0.985671 0.092131
2.190704 -0.300946 2.032636 -0.160254 -0.975902 0.148102
2.169143 -0.297417 2.038533 -0.115201 -0.979668 0.164254
2.145803 -0.294356 2.036402 0.125300 0.980240 -0.153065
2.125193 -0.290583 2.046718 0.111689 0.970793 -0.212336
2.102676 -0.287348 2.048013 -0.090790 -0.973809 0.208455
2.077799 -0.284936 2.036309 0.131680 0.989687 -0.056400
2.059069 -0.280466 2.057740 0.122953 0.968114 -0.218260
2.034899 -0.277951 2.048476 0.146731 0.984726 -0.093722
2.014453 -0.273986 2.061623 0.151119 0.969183 -0.194546
1.992347 -0.270685 2.064690 0.118330 0.974982 -0.188171
1.969155 -0.267957 2.059613 0.116111 0.973183 -0.198579
1.946944 -0.264784 2.061215 -0.108981 -0.972955 0.203670
1.924725 -0.261637 2.062583 -0.119165 -0.973219 0.196583
1.902901 -0.258223 2.067685 -0.131239 -0.968701 0.210701
1.880630 -0.255123 2.068586 0.100847 0.969277 -0.224348
1.858517 -0.251898 2.071241 -0.119376 -0.967433 0.223209
1.836294 -0.248773 2.072670 0.133795 0.959435 -0.248161
1.813936 -0.245830 2.071875 0.132429 0.969464 -0.206403
1.791457 -0.243160 2.067857 -0.129450 -0.976529 0.172143
1.769724 -0.239136 2.080533 -0.101904 -0.977848 0.182836
1.747255 -0.236522 2.076047 -0.144517 -0.978168 0.149341
1.724934 -0.233694 2.074314 0.128367 0.976588 -0.172618
1.702673 -0.230639 2.075336 0.101457 0.986883 -0.125574
1.680388 -0.227609 2.076124 0.118610 0.982979 -0.140300
1.658095 -0.224691 2.075682 0.122231 0.988294 -0.091299
1.635662 -0.221260 2.080980 0.117856 0.987157 -0.107843
1.613485 -0.218848 2.075091 -0.156425 -0.980207 0.121352
1.591285 -0.216199 2.071958 -0.127019 -0.987253 0.095901
1.569027 -0.213395 2.070581 0.120781 0.980413 -0.155569
1.546454 -0.210142 2.073938 -0.094718 -0.992169 0.081417
1.524624 -0.207970 2.066136 0.127599 0.991787 -0.008822
1.501646 -0.204372 2.072984 0.127703 0.988840 -0.076727
1.479368 -0.201674 2.070667 -0.138885 -0.989671 -0.035518
1.457005 -0.198906 2.069106 -0.141925 -0.989779 -0.013989
1.434529 -0.196064 2.068296 0.140083 0.988843 -0.050649
1.412547 -0.193659 2.063303 0.090615 0.995886 0.000912
1.389948 -0.190770 2.063007 0.122579 0.992387 -0.011916
1.367615 -0.188114 2.060503 0.149548 0.987782 -0.043839
1.344821 -0.185169 2.060709 0.133781 0.985707 -0.102394
1.322655 -0.182676 2.056748 0.124163 0.991452 -0.040076
1.299814 -0.179780 2.056468 -0.134351 -0.989505 0.053191
1.277310 -0.177128 2.053988 0.203004 0.978402 0.038984
1.254611 -0.174392 2.052241 0.112193 0.991389 0.067537
1.230643 -0.171009 2.056079 0.130419 0.990921 0.032649
1.206541 -0.167641 2.059644 0.175865 0.983883 0.032323
1.182079 -0.164172 2.063899 -0.119433 -0.963224 0.240697
1.157948 -0.160947 2.065944 0.153205 0.983413 -0.097092
1.134462 -0.158088 2.064829 0.060995 0.997894 0.022092
1.109638 -0.154667 2.068247 0.080754 0.990525 -0.111078
1.085214 -0.151497 2.069464 0.054560 0.974852 -0.216070
1.062652 -0.149182 2.063732 0.112318 0.989747 0.088236
1.034638 -0.144615 2.075803 0.081073 0.993633 -0.078237
1.011686 -0.142228 2.070480 0.099152 0.994656 0.028784
0.988768 -0.139873 2.064910 0.130754 0.988704 0.073264
0.964929 -0.137182 2.061913 0.143851 0.987040 0.071127
0.937451 -0.133155 2.068946 0.186777 0.978324 -0.089423
0.916516 -0.131633 2.056982 0.139021 0.990089 0.019922
0.893652 -0.129402 2.050388 0.114071 0.990669 -0.074578
0.869402 -0.126698 2.047248 0.139031 0.986970 -0.080997
0.842917 -0.123257 2.049357 -0.150402 -0.985414 0.079613
0.815537 -0.119577 2.052973 0.134414 0.987109 -0.086884
0.787596 -0.115784 2.057158 0.104203 0.992044 -0.070639
0.760258 -0.112266 2.059168 0.151743 0.982625 -0.106876
0.731962 -0.108506 2.062644 0.111050 0.992865 -0.043444
0.705563 -0.105419 2.061256 0.136516 0.990454 -0.019076
0.679082 -0.102358 2.059546 0.087495 0.994882 -0.050537
0.654695 -0.099986 2.053059 0.119144 0.986543 -0.111970
0.633433 -0.098583 2.040090 0.134444 0.987221 -0.085556
0.606887 -0.095612 2.037487 -0.135294 -0.986699 0.090116
0.581199 -0.092939 2.032804 0.116716 0.979218 -0.165857
0.549826 -0.088669 2.038269 0.118678 0.978940 -0.166105
0.520614 -0.085096 2.038971 0.122757 0.982815 -0.137863
0.488808 -0.080862 2.043594 0.122852 0.984011 -0.128960
0.460761 -0.077746 2.040931 -0.132488 -0.981289 0.139713
0.429078 -0.073692 2.043863 0.120293 0.985121 -0.122745
0.401841 -0.070907 2.038753 0.142649 0.981834 -0.125114
0.370889 -0.067181 2.039179 0.130730 0.988641 -0.074153
0.336042 -0.062502 2.045021 0.124286 0.990033 -0.066233
0.299836 -0.057562 2.052014 -0.101108 -0.994470 0.028385
0.268292 -0.053907 2.051075 -0.131036 -0.981609 0.138827
0.235489 -0.049998 2.051337 -0.090164 -0.976024 0.198108
0.205362 -0.046825 2.047090 0.123414 0.979942 -0.156471
0.178043 -0.044395 2.038422 0.110656 0.978661 -0.173140
0.149566 -0.041719 2.031009 -0.133158 -0.975959 0.172546
-0.455290 0.026614 2.007045 -0.143214 -0.979655 0.140590
-0.497879 0.031248 2.003937 0.107303 0.983542 -0.145366
-0.539193 0.035542 1.998817 0.117895 0.976950 -0.177958
-0.583579 0.040375 1.995714 -0.117953 -0.977188 0.176611
-0.634808 0.046484 1.997815 -0.115085 -0.982298 0.147803
-0.676635 0.050629 1.990629 -0.132870 -0.976045 0.172284
-0.729120 0.056783 1.991763 -0.143870 -0.977088 0.156848
-0.778856 0.062293 1.989488 0.114287 0.983423 -0.140776
-0.834952 0.068927 1.991390 0.109524 0.986162 -0.124455
-0.886728 0.074619 1.988638 0.061679 0.989005 -0.134404
-0.935612 0.079662 1.982588 0.105599 0.990141 -0.092027
-0.987805 0.085233 1.978139 0.134782 0.989836 -0.045371
-1.052090 0.092948 1.981694 0.104669 0.994450 -0.010647
-1.109563 0.099272 1.978869 0.075270 0.996610 -0.033200
-1.176141 0.107143 1.981386 -0.105596 -0.994078 0.025658
-1.239844 0.114354 1.980459 0.114708 0.990876 -0.070752
-1.298951 0.120610 1.975072 0.117692 0.992479 0.033681
-1.368149 0.128549 1.975256 0.079990 0.995833 0.043793
-1.441832 0.137138 1.976910 0.104358 0.993172 -0.052132
-1.510055 0.144617 1.973517 0.114138 0.990189 -0.080616
-1.581921 0.152594 1.971006 0.094908 0.992239 -0.080332
-1.653250 0.160335 1.966693 0.128934 0.984385 -0.119840
-1.730814 0.169001 1.964639 0.132332 0.981372 -0.139273
-1.798440 0.175824 1.955227 0.130609 0.979822 -0.151294
-1.889511 0.186467 1.957763 0.141372 0.983616 -0.111867
-1.979297 0.196706 1.957649 0.130629 0.988313 -0.078577
-2.076458 0.207985 1.959617 0.098889 0.989868 -0.101891
-2.174076 0.219139 1.959765 0.110205 0.986390 -0.122026
-2.273005 0.230308 1.958532 0.108138 0.981642 -0.157113
-2.375890 0.241917 1.957204 0.086590 0.987821 -0.129273
-2.585195 0.270408 2.005270 0.121167 0.972757 -0.197642
-2.705551 0.284255 2.006528 -0.161727 -0.970274 0.180033
-2.830917 0.298648 2.007545 0.143488 0.973235 -0.179514
-2.963132 0.313861 2.008974 0.119738 0.976597 -0.178667
-3.111333 0.331292 2.014540 0.107471 0.978317 -0.177046
-3.266568 0.349506 2.019905 0.106451 0.978834 -0.174793
-3.436210 0.369608 2.027846 0.125012 0.975886 -0.178935
-3.602902 0.388913 2.030990 0.143221 0.979065 -0.144638
-3.797053 0.412022 2.041150 0.116726 0.986887 -0.111484
-3.934471 0.426234 2.026063 0.071762 0.991073 -0.112357
-3.966890 0.424577 1.970438 0.047583 0.995226 -0.085215
-3.960414 0.417160 1.901031 0.031707 0.995220 -0.092365
-3.967193 0.411746 1.836734 0.009360 0.996649 -0.081261
-3.973251 0.406260 1.772525 0.005548 -0.995401 0.095633
-3.978588 0.400702 1.708412 -0.011762 -0.993652 0.111883
-3.978466 0.394395 1.642974 -0.010589 -0.992243 0.123858
-3.983308 0.388836 1.579403 -0.066117 -0.991349 0.113379
-3.986491 0.383074 1.515667 0.228361 0.964224 -0.134623
-3.993752 0.377915 1.453337 -0.002997 -0.989696 0.143156
-4.000334 0.372684 1.391043 0.157571 0.974762 -0.158144
-3.995649 0.365927 1.326200 0.570425 0.801560 -0.179213
-4.013400 0.362277 1.267038 0.206617 0.954855 -0.213452
-4.006348 0.355265 1.202290 0.192903 0.980397 -0.040129
-4.016998 0.350679 1.141745 0.242815 0.969066 -0.044181
-4.016315 0.344592 1.078987 0.192796 0.981239 -0.000434
-4.020792 0.339220 1.017497 0.232534 0.970842 0.058253
-4.022657 0.333524 0.955703 0.726152 0.685788 0.048961
-4.032662 0.328913 0.895478 -0.551903 -0.827157 0.105899
-4.036155 0.323467 0.834247 -0.494594 -0.869076 0.009165
-4.037034 0.317705 0.772773 -0.516656 -0.856142 0.009297
-4.044138 0.312757 0.712325 0.475421 0.873288 0.106500
-4.042730 0.306745 0.650851 0.499340 0.858866 0.114056
-1.237530 -0.049905 0.269858 0.771617 -0.380785 -0.509519
-1.248093 -0.051550 0.239840 0.690072 -0.469158 -0.551082
-1.269222 -0.051905 0.210652 -0.570023 0.632839 0.524013
-1.214875 -0.061504 0.174880 -0.649159 0.671023 0.358219
-1.242289 -0.061088 0.146173 -0.604739 0.701243 0.377557
-1.312040 -0.055636 0.119526 0.107249 0.232047 0.966774
-1.320074 -0.057661 0.088337 0.066534 0.343056 0.936956
-1.308932 -0.061959 0.056251 0.117109 0.013878 0.993022
2.397001 -0.527614 -0.097258 0.069281 -0.997000 -0.034508
2.397358 -0.526473 -0.084584 0.069281 -0.997000 -0.034508
2.394616 -0.524864 -0.071914 0.069281 -0.997000 -0.034508
2.402621 -0.524867 -0.059177 0.085074 0.991627 -0.097154
2.397638 -0.522923 -0.046563 0.085074 0.991627 -0.097154
2.387580 -0.520239 -0.034219 0.128759 0.985322 -0.112076
2.405074 -0.521613 -0.020884 -0.093841 0.995577 0.004465
2.395745 -0.519043 -0.008622 -0.181643 0.980776 0.071304
2.348760 -0.511044 0.001018 -0.208886 -0.977808 -0.016035
2.378692 -0.514185 0.015465 -0.213581 0.976885 0.008854
2.335459 -0.506828 0.024282 0.210358 0.976674 0.043101
2.269496 -0.496337 0.030010 -0.015211 -0.999557 0.025596
2.334496 -0.504390 0.048374 0.222132 0.969282 0.105595
2.286115 -0.496482 0.054802 0.107149 0.990044 0.091274
2.295691 -0.496700 0.067663 0.134873 0.986457 0.093336
2.066638 -0.464071 0.047581 0.140006 0.982693 -0.121297
2.355563 -0.502629 0.100180 0.011601 0.999771 -0.018006
2.393011 -0.506513 0.118658 -0.566443 0.824040 0.009971
2.421414 -0.509101 0.136432 -0.477876 0.877139 0.047561
2.427149 -0.508599 0.150736 -0.573524 0.819169 -0.005661
2.413247 -0.505482 0.161421 0.624714 -0.779885 -0.038880
2.418692 -0.504929 0.175797 0.643510 -0.763615 -0.052797
2.449189 -0.507625 0.195724 0.657579 -0.752395 0.038628
2.425214 -0.503210 0.204081 0.677984 -0.733090 0.053999
2.431133 -0.502672 0.219048 0.629892 -0.767710 0.117721
2.440729 -0.502583 0.235119 0.667906 -0.726668 0.160799
2.428026 -0.499655 0.245697 0.673353 -0.719162 0.171470
2.440156 -0.499853 0.262770 0.653073 -0.743207 0.145395
2.431040 -0.497384 0.274210 0.703968 -0.699579 0.122549
2.432305 -0.496203 0.288561 0.682258 -0.725760 0.088295
2.437207 -0.495455 0.304128 -0.689822 0.721214 -0.063222
2.447607 -0.495351 0.321627 0.706876 -0.703723 0.071419
2.444558 -0.493609 0.335057 0.689342 -0.714584 0.119066
2.417836 -0.489059 0.340493 0.721729 -0.680438 0.126929
2.435218 -0.489737 0.360855 0.729603 -0.672520 0.124078
2.431751 -0.487942 0.374176 0.668902 -0.721802 0.177684
2.431866 -0.486559 0.388861 -0.621610 0.754705 -0.209810
2.429956 -0.484934 0.402876 -0.551017 0.810981 -0.196698
2.442674 -0.484955 0.422781 -0.457201 0.875137 -0.158437
2.447752 -0.484082 0.439981 -0.375549 0.922291 -0.091339
2.434279 -0.481136 0.449597 0.038684 -0.997039 0.066458
2.445379 -0.480896 0.469690 -0.121594 -0.992525 0.010401
2.422583 -0.476953 0.475043 -0.236510 -0.971344 -0.023552
2.426940 -0.475956 0.492441 -0.194992 -0.980266 -0.032507
2.398664 -0.471484 0.494685 0.279024 0.960241 -0.009090
2.417948 -0.472041 0.519420 0.214179 0.976245 -0.032770
2.424374 -0.471208 0.538402 0.156766 0.984633 -0.076955
2.434086 -0.470682 0.559391 0.122378 0.987734 -0.096983
2.443497 -0.470086 0.580645 0.569904 0.814725 -0.106926
2.437686 -0.467935 0.594144 -0.526388 -0.848687 0.051444
2.438710 -0.466455 0.611433 -0.634229 0.201688 0.746375
2.441245 -0.465104 0.629791 0.748522 -0.275880 -0.602997
2.442671 -0.463622 0.647773 0.863794 -0.189501 -0.466850
2.447290 -0.462421 0.667888 0.908645 -0.295590 -0.294943
2.500215 -0.465686 0.717630 -0.813496 0.540742 0.214063
2.753021 -0.487131 0.893134 0.624325 0.775404 0.094692
2.823074 -0.491348 0.960139 0.306600 -0.940936 -0.143652
2.825015 -0.489284 0.985241 0.068747 -0.997234 -0.028248
2.834086 -0.487813 1.015457 0.342207 -0.930888 -0.127834
2.832808 -0.485395 1.039243 0.274666 -0.953061 -0.127412
2.831213 -0.482925 1.063114 0.061267 -0.994871 0.080489
2.841500 -0.481419 1.095732 -0.217793 0.974826 -0.047749
2.831101 -0.478158 1.114026 -0.096495 0.988886 -0.113111
2.828513 -0.475522 1.138169 -0.010339 -0.987911 0.154679
2.826395 -0.472898 1.162984 0.069217 0.988383 -0.135307
2.819992 -0.469913 1.184823 -0.131310 -0.985722 0.105404
2.814877 -0.467010 1.207895 0.263733 0.960983 -0.083403
2.821880 -0.464985 1.241030 -0.153364 -0.986443 0.058396
2.816821 -0.462022 1.264909 -0.216083 -0.973029 0.080759
2.816785 -0.459391 1.293323 0.177590 0.982930 -0.048059
2.809522 -0.456218 1.316010 0.204865 0.978246 -0.032634
2.800461 -0.452903 1.337369 0.217770 0.975943 -0.010539
2.797076 -0.449948 1.364020 0.185414 0.981854 -0.039806
2.796992 -0.447171 1.394120 0.175918 0.983192 -0.048858
2.799373 -0.444500 1.427096 -0.151647 -0.986406 0.063294
2.796907 -0.441475 1.456132 -0.186355 -0.981255 0.049097
2.788288 -0.438044 1.479692 0.223850 0.974571 -0.010076
2.792806 -0.435340 1.516623 -0.168065 -0.985745 0.007779
2.791822 -0.432259 1.548823 0.177511 0.983646 -0.030504
2.799357 -0.429576 1.590518 0.169997 0.984859 -0.033968
2.795906 -0.426239 1.621637 0.179109 0.982981 -0.040840
2.789266 -0.422694 1.649921 0.152885 0.987381 -0.041301
2.784894 -0.419215 1.681205 0.154251 0.987399 -0.035343
2.787340 -0.415993 1.720801 0.150172 0.988519 -0.016680
2.787167 -0.412574 1.758363 0.135179 0.990739 -0.012725
2.781201 -0.408844 1.790017 0.143129 0.989106 -0.034407
2.783708 -0.405388 1.832487 -0.112408 -0.987169 0.113408
2.780446 -0.401627 1.869003 -0.127908 -0.981763 0.140643
2.752255 -0.396950 1.875187 0.143603 0.982120 -0.121728
2.720406 -0.392202 1.876264 0.147616 0.982843 -0.110588
2.694168 -0.387680 1.884030 0.122741 0.987411 -0.099774
2.665530 -0.383131 1.888256 0.137103 0.984862 -0.106062
2.635777 -0.378603 1.890481 -0.130484 -0.983337 0.126578
2.606132 -0.374134 1.892295 0.153413 0.983913 -0.091542
2.574301 -0.369681 1.890427 -0.114162 -0.982011 0.150405
2.546618 -0.365364 1.893877 -0.111054 -0.984478 0.135901
2.521238 -0.361124 1.900279 0.137401 0.976142 -0.168131
2.499709 -0.356956 1.912212 0.127455 0.978181 -0.164062
2.478611 -0.352805 1.924746 0.112964 0.984815 -0.131827
2.449946 -0.348635 1.925195 0.131647 0.980424 -0.146415
2.426633 -0.344524 1.933783 0.125687 0.981953 -0.141316
2.398646 -0.340451 1.934378 0.124839 0.982596 -0.137553
2.366732 -0.336460 1.927702 -0.133423 -0.980831 0.142021
2.339051 -0.332512 1.927522 0.140564 0.980044 -0.140557
2.314419 -0.328579 1.932220 0.142239 0.984863 -0.099062
2.291721 -0.324647 1.940131 -0.137015 -0.983327 0.119562
2.263814 -0.320850 1.938068 0.119277 0.988449 -0.093499
2.242962 -0.316933 1.948959 0.127645 0.988804 -0.077286
2.217487 -0.313163 1.950703 0.133557 0.987458 -0.084202
2.192525 -0.309421 1.953030 0.135869 0.988051 -0.072766
2.173239 -0.305497 1.966775 0.135385 0.989597 -0.048674
2.147849 -0.301834 1.967648 -0.155862 -0.986760 0.044841
2.125437 -0.298072 1.974583 0.134187 0.990804 -0.017361
2.096917 -0.294664 1.967552 0.146286 0.988389 -0.041085
2.075741 -0.290899 1.976683 -0.150770 -0.988152 0.028712
2.051387 -0.287351 1.978209 0.160751 0.986924 0.011796
2.028217 -0.283760 1.982227 -0.142984 -0.989530 0.019649
2.003588 -0.280315 1.982261 0.132119 0.991226 -0.004072
1.976194 -0.277157 1.974531 0.133139 0.989758 -0.051511
1.955625 -0.273458 1.984267 0.134564 0.990476 -0.029160
1.930892 -0.270172 1.982500 0.131769 0.991280 -0.000331
1.906272 -0.266934 1.980439 -0.141988 -0.989719 0.017213
1.885258 -0.263334 1.988512 0.147040 0.989096 -0.008330
1.862612 -0.259941 1.991611 0.129418 0.990044 -0.055352
1.840268 -0.256536 1.995414 0.147162 0.988880 -0.021429
1.818774 -0.253030 2.001842 -0.117662 -0.991919 0.047465
1.794713 -0.249934 1.999407 0.121228 0.991890 -0.038193
1.773172 -0.246476 2.005356 -0.110460 -0.993090 0.039643
1.750795 -0.243176 2.008183 0.141349 0.989739 0.020902
1.729902 -0.239612 2.016573 -0.140991 -0.989970 0.008989
1.707939 -0.236257 2.020869 -0.116104 -0.993164 0.012019
1.686166 -0.232872 2.025903 0.117338 0.993027 -0.011359
1.663686 -0.229664 2.027784 -0.144502 -0.989275 0.021329
1.641837 -0.226322 2.032352 0.135835 0.990732 -0.000151
1.620332 -0.222886 2.038647 0.132486 0.991027 0.017696
1.598365 -0.219579 2.042759 0.155910 0.987771 0.000717
1.574233 -0.217004 2.034849 0.081048 0.995710 0.044634
1.553965 -0.213149 2.048318 0.149259 0.987824 -0.043884
1.531734 -0.209969 2.050745 0.143939 0.988912 -0.036542
1.508611 -0.207197 2.047013 0.132606 0.990956 0.020520
1.486545 -0.204010 2.049950 -0.148672 -0.988155 0.038039
1.464698 -0.200711 2.054634 0.129393 0.990865 -0.038008
1.441858 -0.197975 2.051162 -0.131170 -0.988609 0.073808
1.419952 -0.194722 2.055381 0.117965 0.990274 -0.073762
1.398358 -0.191201 2.063343 0.110276 0.993371 0.032441
1.375775 -0.188412 2.061144 0.103308 0.994346 0.024569
1.353549 -0.185362 2.062684 -0.073873 -0.996265 0.044710
1.331114 -0.182562 2.061005 0.139225 0.983903 -0.112030
1.308939 -0.179488 2.063071 0.061369 0.963113 -0.262005
1.286771 -0.176357 2.065901 0.087279 0.972118 -0.217642
1.264810 -0.172610 2.076469 -0.144424 -0.984891 0.095558
1.242151 -0.170641 2.064883 -0.079729 -0.983940 0.159704
1.219884 -0.167660 2.066016 0.096919 0.980488 -0.171024
1.197591 -0.164870 2.064922 0.116811 0.985630 -0.122019
1.175281 -0.161769 2.067580 -0.102657 -0.992232 0.070265
1.152988 -0.159032 2.066018 0.159412 0.986356 -0.041097
1.130390 -0.155362 2.075176 -0.185271 -0.948716 0.256151
1.108277 -0.153203 2.067171 0.116713 0.992868 -0.024323
1.085607 -0.149828 2.072865 0.019331 0.990214 -0.138210
1.063842 -0.148016 2.061418 0.120119 0.987038 0.106426
1.040797 -0.144312 2.070608 0.106173 0.994030 0.025130
1.018686 -0.141924 2.065654 0.143805 0.975401 0.167071
0.996195 -0.139096 2.065428 0.142778 0.981846 0.124869
0.974093 -0.136678 2.061003 0.127421 0.988245 0.084468
0.951830 -0.134098 2.058328 0.118515 0.992895 0.010651
0.929594 -0.131548 2.055419 0.089711 0.995512 0.030131
0.906985 -0.128729 2.055236 0.110116 0.992336 -0.056073
0.884632 -0.126134 2.052841 0.094392 0.989293 -0.111310
0.862600 -0.123772 2.048246 0.136903 0.988920 -0.057393
0.839146 -0.120514 2.052251 -0.112876 -0.987698 0.108220
0.816613 -0.117894 2.050119 0.146021 0.985904 -0.081683
0.793342 -0.114880 2.051656 0.108331 0.992503 -0.056586
0.771550 -0.112736 2.045136 0.121511 0.986391 -0.110757
0.747588 -0.109445 2.049094 -0.102961 -0.987416 0.120038
0.723061 -0.105950 2.054720 0.115163 0.979564 -0.164901
0.698362 -0.102464 2.060061 0.098698 0.983809 -0.149592
0.673730 -0.099099 2.064149 0.075870 0.983644 -0.163367
0.648952 -0.095747 2.067952 0.140851 0.978149 -0.152922
0.627355 -0.093873 2.058984 -0.133642 -0.985260 0.106786
0.601894 -0.090334 2.064160 0.167683 0.982036 -0.086532
0.577361 -0.087264 2.065215 0.138307 0.983188 -0.119216
0.551877 -0.083867 2.068843 0.134922 0.984347 -0.113389
0.527722 -0.081067 2.067427 0.137506 0.989797 -0.037345
0.506270 -0.079348 2.057234 0.154851 0.973592 -0.167749
0.478329 -0.075184 2.066600 -0.104589 -0.992736 0.059468
0.455965 -0.073170 2.058724 0.119951 0.984595 -0.127219
0.431336 -0.070351 2.057157 0.132171 0.989659 -0.055727
0.408377 -0.068161 2.050651 0.132344 0.986228 -0.099189
0.382983 -0.065151 2.050389 0.120298 0.976467 -0.179000
0.356046 -0.061673 2.053517 0.111777 0.993394 -0.025956
0.328574 -0.058087 2.057231 -0.118001 -0.993012 0.001682
0.297476 -0.053398 2.068835 0.047259 0.988883 -0.140988
0.274681 -0.051462 2.059973 0.194072 0.956604 -0.217359
0.244319 -0.047172 2.068098 -0.175462 -0.977546 0.116692
0.217800 -0.044157 2.066791 0.148550 0.984510 -0.093132
0.191198 -0.041165 2.065163 0.094555 0.994116 -0.052847
0.170119 -0.039862 2.051597 0.107062 0.986009 -0.127768
0.144365 -0.037187 2.047601 0.124757 0.975484 -0.181289
0.119925 -0.034929 2.040646 0.126143 0.980840 -0.148460
0.093216 -0.032054 2.037807 -0.088078 -0.987965 0.127154
0.063166 -0.028292 2.040757 0.111934 0.993533 0.019032
0.027680 -0.023106 2.052865 0.098529 0.995042 0.013561
0.000562 -0.020299 2.048905 0.097052 0.995279 -0.000424
-0.032055 -0.016065 2.054054 0.123086 0.990419 -0.062616
-0.059874 -0.013178 2.050215 0.113564 0.991960 -0.055837
-0.086728 -0.010588 2.044330 -0.122319 -0.989113 0.081818
-0.119344 -0.006555 2.047380 0.110213 0.990188 -0.085909
-0.148985 -0.003351 2.044956 -0.105220 -0.992065 0.068814
-0.191677 0.003067 2.062084 0.114224 0.992610 -0.040958
-0.216787 0.005004 2.051311 -0.096428 -0.993608 0.058698
-0.256868 0.010576 2.062368 0.100540 0.994485 -0.029843
-0.281505 0.012310 2.050039 0.111153 0.993374 -0.029199
-0.311791 0.015373 2.045502 0.099888 0.994980 0.006165
-0.345063 0.019090 2.044567 0.107515 0.994128 0.012214
-0.377305 0.022502 2.041576 -0.091489 -0.995627 0.018892
-0.413255 0.026711 2.042871 0.118871 0.991159 -0.058928
-0.444550 0.029783 2.037384 0.125678 0.991053 -0.044939
-1.043384 0.095596 2.019459 0.098084 0.995071 0.014620
-1.095299 0.101719 2.023041 -0.099688 -0.995019 -0.000307
-1.138696 0.106090 2.017833 0.078359 0.995963 -0.043782
-1.193404 0.112546 2.021735 0.123866 0.991164 -0.047451
-1.244703 0.118240 2.021490 0.120962 0.983366 -0.135500
-1.294751 0.123597 2.019123 0.151896 0.978516 -0.139404
-1.349612 0.129754 2.019706 0.121318 0.991816 -0.039792
-1.398598 0.134716 2.014399 0.081936 0.995950 -0.037014
-1.451648 0.140332 2.011356 0.122547 0.986268 -0.110715
-1.507279 0.146315 2.009239 0.114883 0.989173 -0.091320
-1.564744 0.152521 2.007374 0.088184 0.992578 -0.083744
-1.630442 0.160084 2.010404 0.106259 0.990950 -0.082018
-1.690895 0.166585 2.008227 0.138511 0.983251 -0.118459
-1.747577 0.172307 2.002155 0.118255 0.982308 -0.145214
-1.815050 0.179802 2.002427 0.124007 0.981871 -0.143361
-1.890249 0.188497 2.006488 0.130888 0.983183 -0.127359
-1.960086 0.196121 2.005381 0.114228 0.985236 -0.127523
-2.030249 0.203662 2.003035 0.107123 0.989330 -0.098745
-2.130048 0.216061 2.017890 0.098405 0.985108 -0.140991
-2.118331 0.209607 1.961949 0.067910 0.991969 -0.106704
-2.097321 0.201700 1.901405 0.057256 0.997035 -0.051401
-2.153157 0.206540 1.887067 0.087053 0.991272 -0.098999
-2.137712 0.199655 1.831002 -0.035032 -0.981692 0.187226
-2.125787 0.193429 1.777900 0.000437 -0.974814 0.223020
-2.134867 0.190655 1.737096 -0.051304 0.985690 -0.160573
-2.139087 0.187131 1.693995 0.035824 -0.953710 0.298588
-2.130456 0.181610 1.644650 0.251344 -0.940705 0.227817
-2.126468 0.176882 1.598364 -0.233996 0.965488 -0.114366
-2.136108 0.174327 1.559336 -0.307381 0.951225 -0.026219
-2.129209 0.169235 1.512620 -0.354597 0.915401 0.190534
-2.137870 0.166584 1.473746 -0.329669 0.919929 0.212245
-2.158726 0.165804 1.440579 0.339003 -0.925986 -0.166215
-2.146602 0.160037 1.392822 -0.346558 0.921689 0.174318
-2.159365 0.158059 1.356374 -0.084597 0.985085 0.149834
-2.160750 0.154397 1.315281 0.096914 0.995076 -0.020758
-2.166243 0.151370 1.276170 0.097897 0.994809 -0.027780
-2.170365 0.148163 1.236746 0.100436 0.994379 -0.033509
-2.184231 0.146393 1.201239 -0.132211 -0.990803 0.028793
-2.194004 0.144032 1.164233 -0.144426 -0.989153 0.026789
-2.203377 0.141623 1.127170 0.179407 0.983386 -0.027657
-2.190776 0.136104 1.082687 0.168913 0.984411 -0.049017
-2.190796 0.132417 1.042956 0.119903 0.990139 -0.072443
-2.197915 0.129749 1.005763 0.109359 0.993001 -0.044606
-2.201786 0.126641 0.967681 0.213163 0.975989 -0.044792
-2.207137 0.123753 0.930205 0.196070 0.977162 -0.081915
-2.208262 0.120301 0.891656 0.401355 0.905158 -0.140010
-2.209913 0.116941 0.853463 -0.391423 -0.912633 0.117854
-2.213058 0.113801 0.815851 -0.366250 -0.922023 0.125438
-2.191737 0.107415 0.772274 0.496650 0.855208 -0.148183
-2.228727 0.108807 0.743293 0.358135 0.921325 -0.151325
-2.278060 0.111765 0.716493 0.242749 0.962777 -0.118887
-2.334971 0.115627 0.690432 -0.274720 -0.949254 0.153118
-2.349937 0.113973 0.654683 0.314505 0.939110 -0.138416
-2.351884 0.110637 0.616250 0.166554 0.985889 -0.016805
-2.349513 0.106766 0.577146 0.364635 0.918922 -0.150413
-2.383873 0.107553 0.544595 -0.609408 -0.785996 0.104076
-2.352306 0.100032 0.500773 -0.066855 -0.997684 -0.012554
-2.346710 0.095816 0.461695 -0.160437 -0.980948 -0.109550
-2.251233 0.080550 0.410248 -0.029369 0.988054 0.151283
-2.317501 0.085260 0.381939 0.085063 0.972575 0.216477
-2.327366 0.083013 0.345610 0.032002 0.978449 0.203995
-0.627122 -0.124968 0.123877 -0.609954 0.791749 -0.032999
-0.629276 -0.126484 0.104733 0.667798 -0.742613 0.050712
-0.578794 -0.134228 0.080999 0.699734 -0.711900 0.059761
-0.581488 -0.135626 0.062444 -0.687509 0.719484 -0.098354
-0.573085 -0.138317 0.043133 -0.619737 0.752959 -0.221310
-0.583319 -0.138834 0.025063 -0.621300 0.748623 -0.231408
-0.566493 -0.144148 -0.012936 -0.245870 0.880431 -0.405451
3.086029 -0.665516 -0.086248 -0.281520 0.706699 0.649094
3.069012 -0.660383 -0.062637 0.305544 -0.667216 -0.679313
3.071535 -0.658137 -0.039441 0.470748 -0.780130 -0.412060
3.076785 -0.656278 -0.016178 0.470748 -0.780130 -0.412060
3.072887 -0.653094 0.007019 0.515674 -0.820081 -0.248087
3.085571 -0.652274 0.030621 0.636941 -0.759499 -0.132163
3.084155 -0.649433 0.053935 -0.619378 0.785092 -0.001361
3.083487 -0.646696 0.077268 -0.592001 0.792947 -0.144121
3.090484 -0.645020 0.101070 0.689914 -0.717426 0.096534
3.084384 -0.641523 0.124105 0.751485 -0.654636 0.081985
3.087922 -0.639349 0.147829 0.762049 -0.635278 0.125312
3.097131 -0.637927 0.172184 0.831295 -0.552169 0.063703
3.099176 -0.635519 0.196033 0.820009 -0.566807 0.079465
3.095059 -0.632282 0.219267 0.837282 -0.541430 -0.076245
3.093653 -0.629404 0.242798 0.766976 -0.640571 -0.037634
3.090035 -0.626235 0.266055 0.787129 -0.616668 -0.012170
3.093046 -0.623922 0.290258 0.765306 -0.643659 0.003006
3.089916 -0.620809 0.313630 0.772960 -0.634422 0.006366
3.101223 -0.619521 0.339417 0.812859 -0.581193 0.038402
3.095627 -0.616078 0.362516 0.852932 -0.519391 0.052344
3.100523 -0.613941 0.387555 0.887883 -0.450138 0.095080
3.106116 -0.611867 0.412926 0.936495 -0.350492 0.011563
3.114341 -0.610088 0.439066 0.896079 -0.443621 0.015581
3.121298 -0.608125 0.465203 0.904603 -0.420418 0.070303
3.121186 -0.605290 0.489956 0.908404 -0.412147 0.070270
3.117908 -0.602069 0.514048 0.929173 -0.364279 0.062750
3.123040 -0.599823 0.540326 0.956502 -0.288320 0.044456
3.131715 -0.597959 0.567782 0.958585 -0.280344 0.050214
3.126654 -0.594491 0.591763 0.983233 -0.144199 0.111625
3.125161 -0.591424 0.616796 0.999801 0.014287 0.013919
3.122440 -0.588207 0.641572 0.997424 0.067395 0.024556
3.118500 -0.584846 0.666059 0.941327 0.336545 0.025328
3.116188 -0.581655 0.691139 0.925949 0.377638 0.002895
3.113599 -0.578422 0.716238 0.914323 0.404388 -0.021976
3.109791 -0.575048 0.741029 0.899106 0.434723 -0.051236
3.114147 -0.572521 0.768824 0.897896 0.438025 -0.043791
3.117234 -0.569831 0.796442 0.944710 0.325039 -0.043273
3.124645 -0.567553 0.825973 0.975825 0.217592 -0.020462
3.129834 -0.565009 0.855013 0.967252 0.248651 -0.050945
3.125433 -0.561474 0.880513 0.965972 0.251738 -0.059387
3.127183 -0.558531 0.908689 0.929158 0.359403 -0.086573
3.127676 -0.555437 0.936601 0.928975 0.359092 -0.089768
3.126012 -0.552110 0.963812 0.735217 0.676004 -0.049745
3.124934 -0.548816 0.991496 0.652609 0.756819 -0.036432
3.128041 -0.545886 1.021363 0.608880 0.792840 -0.025873
3.138862 -0.543621 1.055272 0.560513 0.827854 -0.021978
3.132229 -0.539730 1.081155 0.521039 0.851939 -0.052133
3.144884 -0.537529 1.116889 0.565683 0.822953 -0.052447
3.149960 -0.534602 1.149332 0.584281 0.809053 -0.063628
3.146682 -0.530915 1.177789 -0.526340 -0.847496 0.068681
3.143059 -0.527175 1.206296 0.506701 0.860595 -0.051282
3.135604 -0.523095 1.232906 0.471258 0.881151 -0.038596
3.128708 -0.519047 1.259982 0.427818 0.901849 -0.060332
3.129242 -0.515570 1.291578 0.442669 0.895073 -0.053740
3.128508 -0.511954 1.322803 0.434220 0.896138 -0.091597
3.132473 -0.508658 1.357276 0.382510 0.916347 -0.118296
3.135120 -0.505208 1.391440 0.422252 0.901361 -0.096186
3.127224 -0.500940 1.419327 0.415489 0.904731 -0.093970
3.131507 -0.497519 1.455416 0.500401 0.861952 -0.081470
3.131970 -0.493771 1.489514 0.487801 0.869964 -0.072202
3.139375 -0.490444 1.528861 0.436851 0.894733 -0.092812
3.150294 -0.487273 1.571384 0.358025 0.924467 -0.131067
3.145160 -0.482981 1.603231 0.336634 0.934909 -0.112350
3.141220 -0.478727 1.636315 0.288107 0.953139 -0.092306
3.134439 -0.474259 1.667688 0.238926 0.966452 -0.094260
3.140733 -0.470527 1.709415 -0.182744 -0.977675 0.103714
3.138535 -0.466227 1.745290 0.181676 0.979746 -0.084209
3.122567 -0.461112 1.770696 0.176244 0.981016 -0.080908
3.102441 -0.455771 1.792795 0.172785 0.981274 -0.085130
3.055995 -0.449086 1.792913 -0.157881 -0.987422 0.008481
3.025001 -0.443278 1.805210 -0.129207 -0.988621 0.077035
2.986437 -0.437163 1.810499 -0.103199 -0.977723 0.182778
2.952474 -0.431341 1.819159 -0.135262 -0.973600 0.183868
2.911886 -0.425296 1.821267 0.165106 0.983571 -0.072994
2.874408 -0.419475 1.825441 0.158639 0.984942 -0.068727
2.835602 -0.413684 1.827660 0.142805 0.988310 -0.053384
2.801998 -0.408176 1.834123 -0.108007 -0.989853 0.092339
2.769178 -0.402763 1.840786 0.164937 0.982143 -0.090505
2.736422 -0.397418 1.846963 0.154236 0.983892 -0.090376
2.698151 -0.391971 1.846931 0.128695 0.988213 -0.082903
2.671127 -0.386933 1.857870 0.120637 0.985622 -0.118308
2.652265 -0.382145 1.877205 0.142614 0.982823 -0.117136
2.622381 -0.377103 1.884552 -0.127729 -0.984076 0.123610
2.591195 -0.372089 1.889992 0.143496 0.983266 -0.112240
2.558097 -0.367103 1.892735 0.113426 0.984607 -0.132976
2.519248 -0.362101 1.888175 -0.102159 -0.984058 0.145578
2.483248 -0.357241 1.886072 0.121233 0.977650 -0.171764
2.453832 -0.352542 1.891135 0.128296 0.979697 -0.154059
2.427624 -0.347924 1.899677 -0.120491 -0.979413 0.161963
2.399541 -0.343339 1.905527 0.114933 0.976208 -0.183868
2.368435 -0.338802 1.907047 -0.128131 -0.976917 0.170928
2.342897 -0.334328 1.915296 0.139585 0.978489 -0.151904
2.306014 -0.329942 1.907968 -0.146341 -0.984499 0.096678
2.278256 -0.325599 1.912216 0.143801 0.983200 -0.112423
2.247661 -0.321341 1.912019 -0.112705 -0.990288 0.081406
2.224642 -0.317051 1.922065 0.123781 0.987654 -0.096011
2.200994 -0.312796 1.931012 0.140944 0.982931 -0.118240
2.178964 -0.308537 1.942171 -0.141325 -0.985492 0.093981
2.155750 -0.304325 1.951404 0.130535 0.988272 -0.079235
2.132479 -0.300140 1.960364 0.160074 0.986444 -0.036115
2.102819 -0.296188 1.958863 0.138463 0.988647 -0.058352
2.079033 -0.292100 1.966358 0.135786 0.990299 -0.029494
2.050114 -0.288250 1.964973 0.152366 0.987657 -0.036300
2.018339 -0.284603 1.958013 0.128328 0.987590 -0.090540
1.992741 -0.280756 1.961049 0.124126 0.989618 -0.072443
1.967199 -0.276957 1.963766 0.121929 0.991178 -0.051950
1.942664 -0.273150 1.967925 0.135591 0.989083 -0.057700
1.920017 -0.269266 1.975326 0.155899 0.987628 -0.016915
1.895959 -0.265503 1.979802 -0.139541 -0.990125 0.013462
1.872362 -0.261746 1.984886 0.134139 0.990932 -0.007729
1.852703 -0.257711 1.997781 0.135401 0.989580 -0.048961
1.829453 -0.253973 2.003257 0.149984 0.988334 -0.026462
1.806608 -0.250229 2.009375 0.127749 0.991297 -0.031800
1.777184 -0.247153 2.000651 -0.084763 -0.995919 0.031004
1.755635 -0.243371 2.008934 -0.136083 -0.990454 -0.021942
1.731665 -0.239868 2.011468 -0.153335 -0.987166 -0.044638
1.708874 -0.236272 2.016494 -0.131142 -0.990361 -0.044578
1.680868 -0.233360 2.008282 0.158407 0.986848 0.032218
1.658182 -0.229849 2.012745 -0.160806 -0.986493 -0.031208
1.632317 -0.226819 2.008544 0.137773 0.989850 -0.034858
1.608330 -0.223593 2.008717 0.151029 0.987263 0.050024
1.585414 -0.220252 2.011437 -0.123860 -0.991870 0.029209
1.564775 -0.216562 2.020514 0.125081 0.991993 -0.017433
1.540264 -0.213564 2.018001 -0.160977 -0.986678 -0.023511
1.520117 -0.209803 2.028519 0.210634 0.976463 0.046400
1.496887 -0.206648 2.029293 0.140900 0.989900 0.015642
1.476538 -0.202917 2.039378 0.198700 0.978313 -0.058504
1.452762 -0.199953 2.037740 0.128948 0.989026 -0.072113
1.431187 -0.196518 2.043532 -0.167916 -0.985460 0.025937
1.409801 -0.193038 2.050062 0.182097 0.974633 -0.130118
1.387119 -0.189916 2.051531 0.155318 0.985930 -0.061795
1.343608 -0.183211 2.061507 0.153994 0.984617 -0.082560
1.322196 -0.179748 2.068100 -0.165050 -0.981512 0.096914
1.300490 -0.176376 2.073496 -0.163049 -0.980104 0.113183
1.278330 -0.173177 2.076708 0.164847 0.982086 -0.091286
1.255962 -0.170082 2.078705 0.132573 0.988248 -0.076089
1.234279 -0.166704 2.084393 -0.106355 -0.990725 0.084569
1.212190 -0.163505 2.087888 -0.109754 -0.992308 0.057255
1.188697 -0.161065 2.082286 -0.199698 -0.971688 0.126265
1.167472 -0.157433 2.091223 -0.189491 -0.975441 0.112283
1.144780 -0.154654 2.090066 0.254871 0.966627 -0.025957
1.122258 -0.151827 2.089656 0.274674 0.961304 -0.021202
1.100101 -0.148773 2.091978 0.265131 0.956071 -0.125035
1.077716 -0.145924 2.092085 0.308875 0.949036 -0.062671
1.055888 -0.142568 2.097907 0.160301 0.983467 -0.084243
1.033239 -0.140051 2.094569 -0.198960 -0.891022 0.408038
1.011918 -0.135905 2.108870 0.113582 0.991728 0.059797
0.989488 -0.133072 2.109039 0.006300 0.998113 0.061081
0.966678 -0.131034 2.101019 0.155197 0.918720 -0.363137
0.944498 -0.127886 2.104693 0.076889 0.937968 -0.338089
0.922218 -0.124859 2.107141 0.199593 0.935473 -0.291638
0.899786 -0.122453 2.103385 0.194031 0.883147 -0.427088
0.877521 -0.118777 2.112330 0.083257 0.873802 -0.479101
0.855127 -0.116843 2.104127 0.173947 0.864418 -0.471724
0.832774 -0.114031 2.104644 0.126622 0.925815 -0.356138
0.810549 -0.111874 2.098962 -0.071435 -0.939949 0.333755
0.787911 -0.108174 2.107957 -0.164721 -0.832182 0.529472
0.765434 -0.105337 2.108762 0.059470 0.921750 -0.383198
0.743148 -0.102960 2.105360 0.172071 0.943985 -0.281574
0.720783 -0.100402 2.103711 0.133211 0.909000 -0.394936
0.698510 -0.097986 2.100837 0.081689 0.910312 -0.405781
0.675754 -0.094935 2.103672 0.142251 0.986991 -0.074926
0.653497 -0.092582 2.100329 0.174565 0.931700 -0.318531
0.631175 -0.090151 2.097743 0.153712 0.841803 -0.517436
0.609231 -0.088098 2.091964 0.186895 0.959389 -0.211289
0.586736 -0.085505 2.090886 0.090162 0.977793 -0.189188
0.563814 -0.082590 2.092521 -0.109690 -0.984680 0.135546
0.542159 -0.080763 2.085071 -0.159905 -0.985378 -0.058823
0.519032 -0.077786 2.087203 -0.076512 -0.997039 -0.007629
0.495311 -0.074469 2.092017 -0.234543 -0.969956 -0.064619
0.473239 -0.072383 2.086801 -0.219560 -0.968547 -0.117087
0.449712 -0.069356 2.089151 -0.292892 -0.955246 -0.041466
0.426487 -0.066596 2.089296 0.270407 0.962694 -0.009978
0.402578 -0.063490 2.092095 -0.120941 -0.991207 -0.053679
0.378335 -0.060280 2.095593 0.225910 0.965061 0.132746
0.353272 -0.056710 2.101708 0.174899 0.960266 0.217487
0.328261 -0.053282 2.106567 0.162551 0.974765 0.153002
0.303587 -0.050128 2.109215 0.098490 0.975866 0.194897
0.278792 -0.046996 2.111579 -0.120723 -0.979864 -0.159038
0.254421 -0.044145 2.111749 0.150155 0.983794 0.097992
0.229134 -0.040929 2.114496 0.087694 0.987450 0.131351
0.205749 -0.038655 2.110312 0.129040 0.988837 0.074505
0.183277 -0.036812 2.103041 0.114893 0.992005 0.052206
0.156846 -0.033278 2.107773 -0.100365 -0.992736 -0.066347
0.142397 -0.034851 2.076544 -0.051669 -0.998462 -0.020096
0.133137 -0.038387 2.032176 -0.145521 -0.970517 0.192150
0.127100 -0.042968 1.981347 0.108408 0.994011 -0.013804
0.114704 -0.044796 1.950102 0.111617 0.993720 -0.007932
0.100720 -0.045876 1.924368 0.108477 0.992152 -0.062182
0.097885 -0.051009 1.871909 0.076831 0.996197 -0.041084
0.086977 -0.052927 1.841589 0.079339 0.995018 -0.060362
0.075062 -0.054359 1.814904 0.084679 0.994209 -0.066171
0.100597 -0.068826 1.703844 -0.009986 -0.998217 0.058850
0.110047 -0.077164 1.634176 0.013790 -0.999900 -0.003020
0.064210 -0.066480 1.687065 0.041147 0.995348 -0.087115
0.058928 -0.069598 1.651585 0.012911 0.999378 -0.032822
0.060393 -0.074770 1.603750 0.002649 -0.999996 0.000813
0.051205 -0.076322 1.579136 0.014013 0.999899 0.002473
0.036083 -0.075925 1.566831 0.012094 0.999914 -0.005013
0.033635 -0.079439 1.530776 0.040538 -0.998837 0.026107
0.034209 -0.083736 1.490511 0.059288 -0.997464 0.039388
0.038904 -0.089112 1.444392 -0.162634 0.986261 -0.028990
0.024355 -0.088617 1.433782 0.175302 -0.984371 0.016835
0.002939 -0.086121 1.434988 0.871089 0.457156 -0.179477
0.002763 -0.089768 1.400265 0.888117 0.417095 -0.193081
0.005805 -0.094202 1.361497 0.487936 0.847097 -0.210583
0.006404 -0.097814 1.327987 0.161793 -0.981216 0.105064
0.007074 -0.101330 1.295486 0.203986 -0.977738 -0.049184
-0.000920 -0.102393 1.277203 -0.035173 -0.998283 0.046839
-0.007522 -0.103787 1.257263 0.565741 0.815274 -0.123550
-0.031202 -0.100633 1.262579 0.913066 0.400327 -0.077769
-0.034012 -0.102981 1.237631 0.775568 0.624708 -0.090745
0.004083 -0.115762 1.156621 -0.011367 0.989245 0.145829
0.004466 -0.118653 1.129907 0.025407 0.984655 0.172652
0.008288 -0.122326 1.099392 -0.007491 0.983391 0.181347
0.331260 -0.204812 0.655490 -0.745004 0.558403 0.364905
0.320331 -0.203738 0.654464 0.343964 -0.719521 0.603306
0.334776 -0.208810 0.621701 0.540925 -0.637735 0.548356
0.352988 -0.214659 0.585508 0.818406 -0.319993 -0.477301
0.348370 -0.214989 0.577790 0.879340 -0.342889 -0.330437
0.369614 -0.221336 0.540036 0.910148 -0.398712 -0.112511
0.364218 -0.221402 0.534028 0.922311 -0.354996 -0.152712
0.358891 -0.221481 0.527972 0.958403 -0.283380 -0.034063
0.342956 -0.219171 0.533538 0.985733 -0.165939 0.028186
0.373497 -0.229611 0.467183 0.965803 -0.175295 -0.191040
0.271930 -0.208854 0.558632 -0.520292 -0.167343 -0.837432
0.241707 -0.203755 0.575905 0.420077 0.301868 0.855810
0.079264 -0.170857 0.719422 -0.194271 0.973157 0.123385
0.154070 -0.188200 0.633126 0.439556 0.772548 0.458214
0.189909 -0.197134 0.586044 0.460218 0.672920 0.579118
0.013121 -0.162382 0.732604 0.218046 0.945507 -0.241810
-0.056455 -0.150052 0.777921 0.480786 0.806642 -0.343765
-0.119607 -0.139262 0.815380 0.783696 0.582062 -0.216851
-0.106692 -0.143793 0.786419 0.757215 0.622927 -0.196440
-0.107741 -0.145494 0.769819 0.762933 0.618671 -0.187560
-0.115462 -0.145870 0.758897 0.762933 0.618671 -0.187560
-0.098278 -0.151044 0.728233 0.769153 0.623008 -0.142355
-0.117265 -0.149221 0.726532 0.769153 0.623008 -0.142355
-0.078845 -0.158289 0.680846 0.665257 0.726194 -0.173425
-0.087194 -0.158437 0.671456 0.757412 0.633131 -0.159604
-0.048255 -0.167355 0.627664 -0.271720 0.958082 -0.090817
-0.063313 -0.166196 0.623744 0.198194 0.967790 -0.155250
-0.100318 -0.161075 0.634822 0.728330 0.629679 -0.270260
-0.085305 -0.165430 0.609617 0.635682 0.740159 -0.219258
-0.116011 -0.161553 0.615451 0.668011 0.691207 -0.275671
-0.090523 -0.167691 0.584093 0.676115 0.706945 -0.207598
-0.087877 -0.169723 0.568181 -0.484257 -0.858644 0.168006
-0.100982 -0.168993 0.562294 0.617200 0.755975 -0.218096
0.049318 -0.196379 0.457386 -0.622013 0.382479 -0.683235
0.016846 -0.192137 0.464885 0.681518 -0.348994 0.643223
0.042422 -0.197777 0.438159 0.688100 -0.285659 0.667021
0.064154 -0.202681 0.414457 0.746368 -0.254061 0.615133
0.094105 -0.208865 0.386986 0.896955 -0.352805 0.266457
0.071310 -0.206284 0.388669 0.838946 -0.286944 0.462421
0.045760 -0.203311 0.391293 0.785857 -0.228646 0.574587
0.095961 -0.212612 0.354878 0.897179 -0.391407 0.204620
0.077634 -0.210807 0.353808 0.937687 -0.264139 0.225776
0.075297 -0.211575 0.344665 0.939506 -0.272605 0.207402
0.103545 -0.217135 0.321233 0.922431 -0.327283 0.204958
0.081748 -0.214825 0.321440 0.954462 -0.218201 0.203448
0.076156 -0.215063 0.314007 0.970702 -0.137865 0.196804
0.087005 -0.217815 0.299448 0.964466 -0.214412 0.154379
0.088023 -0.219040 0.289361 0.966456 -0.187220 0.175818
0.077236 -0.218484 0.284177 0.952064 -0.305356 -0.018245
0.081218 -0.220141 0.272999 0.834507 -0.542341 0.097290
0.062208 -0.218394 0.270769 0.103448 0.988583 -0.109550
0.089626 -0.223462 0.251008 0.052063 -0.992646 0.109290
0.086583 -0.224046 0.242868 0.103441 0.988585 -0.109542
0.082688 -0.224507 0.235021 -0.005205 -0.995632 0.093221
0.083626 -0.226666 0.216444 0.103340 0.988595 -0.109549
0.090411 -0.228612 0.205307 0.176022 -0.983670 0.037559
0.103294 -0.237989 0.132817 -0.453129 0.756075 0.472254
0.123826 -0.241544 0.120162 -0.698635 0.604429 0.382851
0.119237 -0.241855 0.112981 0.593098 -0.651034 -0.473698
0.103986 -0.240832 0.107737 -0.416419 0.686445 0.596144
0.093648 -0.240453 0.101326 -0.332626 0.773189 0.539943
0.047127 -0.235631 0.100729 0.103125 0.988584 -0.109845
-0.087767 -0.220120 0.112872 0.105369 0.988307 -0.110207
-0.172904 -0.210943 0.114964 0.105439 0.988371 -0.109565
-0.194224 -0.209607 0.106732 0.105719 0.988354 -0.109454
-0.174087 -0.213235 0.092977 0.105719 0.988354 -0.109454
-0.174504 -0.214397 0.081993 -0.105849 -0.988392 0.108981
-0.156027 -0.217753 0.069106 -0.105775 -0.988399 0.108993
-0.161137 -0.218346 0.058787 -0.105775 -0.988399 0.108993
-0.171095 -0.218394 0.048774 -0.105775 -0.988399 0.108993
-0.114540 -0.225967 0.033908 -0.105775 -0.988399 0.108993
-0.095479 -0.229219 0.022485 -0.105718 -0.988387 0.109157
-0.105073 -0.229257 0.012885 -0.105775 -0.988399 0.108993
-0.094706 -0.231498 0.002326 -0.105718 -0.988387 0.109157
6.470973 -1.164275 -0.184645 0.263628 0.958519 -0.108358
6.614682 -1.178230 -0.125904 0.206306 0.965945 -0.156168
6.590564 -1.167658 -0.063389 0.206306 0.965945 -0.156168
6.648941 -1.168928 -0.000932 -0.203910 -0.966709 0.154580
6.663119 -1.163791 0.062018 -0.203910 -0.966709 0.154580
6.665752 -1.156992 0.124956 0.219116 0.964974 -0.144266
6.657831 -1.148709 0.187569 0.240758 0.960257 -0.141216
6.610670 -1.135018 0.248166 0.240758 0.960257 -0.141216
6.569813 -1.122294 0.308180 -0.280742 -0.951109 0.128748
6.652911 -1.126476 0.375925 0.359943 0.926536 -0.109412
6.645350 -1.118254 0.438290 -0.368447 -0.924559 0.097150
6.626281 -1.108502 0.499543 -0.368495 -0.924976 0.092906
6.623354 -1.100914 0.562112 0.338906 0.935051 -0.104034
6.615831 -1.092714 0.624218 0.319717 0.941252 -0.108745
6.717931 -1.098726 0.699636 0.310567 0.943699 -0.113931
6.532958 -1.067606 0.739360 0.313078 0.944705 -0.097541
6.506886 -1.057128 0.798026 0.305936 0.948053 -0.087174
6.453743 -1.043283 0.852138 -0.211809 -0.974966 0.067663
6.771274 -1.075781 0.966245 0.252635 0.961256 -0.110284
6.857348 -1.078887 1.046822 0.236452 0.966184 -0.102858
6.864339 -1.072083 1.114764 0.221641 0.969499 -0.104625
6.850129 -1.062668 1.178921 0.207570 0.973838 -0.092492
6.842060 -1.053994 1.244297 0.194908 0.976134 -0.095781
6.870179 -1.049597 1.317676 0.194908 0.976134 -0.095781
6.856776 -1.040227 1.382424 -0.185184 -0.979004 0.085192
6.757675 -1.020916 1.426565 -0.185591 -0.979227 0.081676
6.556140 -0.990070 1.443061 -0.186664 -0.980114 0.067322
6.365455 -0.960932 1.458259 -0.173763 -0.980845 0.088029
6.182723 -0.933137 1.471712 -0.139228 -0.983076 0.119066
6.027063 -0.908776 1.489124 -0.117156 -0.983219 0.139842
5.849676 -0.882400 1.496927 0.102789 0.984421 -0.142654
5.720203 -0.861635 1.515801 -0.103579 -0.983748 0.146666
5.576654 -0.839664 1.527582 0.162550 0.978654 -0.125754
5.439991 -0.818760 1.538704 0.156044 0.983635 -0.090072
5.313014 -0.799188 1.550348 -0.137211 -0.988203 0.068026
5.190038 -0.780327 1.560825 -0.127548 -0.988821 0.077227
5.071060 -0.762162 1.570259 -0.142145 -0.987244 0.071722
4.957939 -0.744864 1.579478 0.170996 0.982691 -0.071269
4.864566 -0.729786 1.594085 -0.173191 -0.983213 0.057422
4.767636 -0.714574 1.605421 0.142983 0.988222 -0.054521
4.661699 -0.698722 1.611092 -0.109779 -0.992050 0.061525
4.570731 -0.684539 1.620963 0.074767 0.992371 -0.098030
4.480883 -0.670673 1.629502 0.121827 0.985124 -0.121201
4.396713 -0.657538 1.638791 -0.126819 -0.984079 0.124523
4.316361 -0.644944 1.648169 -0.140267 -0.983331 0.115695
4.244302 -0.633273 1.659894 0.162914 0.980745 -0.107694
4.169691 -0.621542 1.668977 0.144840 0.985185 -0.091829
4.105066 -0.610842 1.681593 0.156447 0.984945 -0.073542
4.040543 -0.600295 1.693036 0.185028 0.981760 -0.043729
3.972612 -0.589608 1.701449 0.222829 0.973840 -0.044517
3.903101 -0.578947 1.707675 0.184239 0.980692 -0.065565
3.835547 -0.568606 1.713599 0.075336 0.993402 -0.086473
3.782087 -0.559528 1.726178 0.060117 0.995814 -0.068850
3.721795 -0.550038 1.733810 -0.162502 -0.984860 0.060365
3.653094 -0.540053 1.735263 0.203576 0.979050 -0.004179
3.594905 -0.531008 1.741703 -0.161363 -0.986886 -0.004287
3.542818 -0.522536 1.750813 -0.134846 -0.990605 0.022774
3.493372 -0.514366 1.760634 -0.130469 -0.990696 0.038722
3.443185 -0.506251 1.769066 0.146406 0.988689 -0.032539
3.387304 -0.497864 1.772757 -0.157279 -0.987305 0.022181
3.339880 -0.490162 1.781105 0.141110 0.988839 -0.047795
3.266363 -0.480899 1.770362 0.148144 0.988624 -0.026002
3.225049 -0.473830 1.780906 0.146733 0.987298 -0.060930
3.174909 -0.466312 1.784304 0.126379 0.989142 -0.075016
3.128167 -0.459111 1.789236 0.132338 0.984749 -0.112940
3.089531 -0.452474 1.799439 -0.167597 -0.984292 0.055498
3.039899 -0.445313 1.800441 -0.148685 -0.988697 0.019286
2.997537 -0.438656 1.806198 -0.103681 -0.989289 0.102748
2.955302 -0.432099 1.811266 -0.135262 -0.973600 0.183868
2.920897 -0.426021 1.822026 -0.130594 -0.975123 0.179108
2.877352 -0.419576 1.824516 0.158639 0.984942 -0.068727
2.835502 -0.413310 1.827603 0.142805 0.988310 -0.053384
2.802810 -0.407536 1.837952 -0.108007 -0.989853 0.092339
2.768642 -0.401761 1.846479 -0.133272 -0.984826 0.111162
2.730105 -0.395883 1.850431 0.164759 0.981764 -0.094833
2.694619 -0.390203 1.856519 0.124129 0.988696 -0.084100
2.654168 -0.384426 1.857225 -0.129038 -0.984247 0.120859
2.613198 -0.378729 1.856591 0.197260 0.979891 -0.030031
2.585177 -0.373525 1.868025 0.155986 0.987506 -0.022391
2.551520 -0.368208 1.873365 -0.121355 -0.992295 0.024981
2.515180 -0.362893 1.875322 0.112047 0.984122 -0.137660
2.480365 -0.357697 1.878182 0.120638 0.978648 -0.166416
2.455168 -0.352780 1.890815 0.128296 0.979697 -0.154059
2.427887 -0.347856 1.900899 -0.123784 -0.980488 0.152709
2.399257 -0.342955 1.909121 0.114933 0.976208 -0.183868
2.377838 -0.338197 1.925267 0.123629 0.980879 -0.150310
2.344622 -0.333329 1.927444 -0.135275 -0.980862 0.140038
2.305785 -0.328493 1.922217 0.122984 0.983077 -0.135773
2.272908 -0.323795 1.923376 -0.139126 -0.983674 0.114149
2.241422 -0.319177 1.925625 0.136466 0.983945 -0.115017
2.210053 -0.314630 1.927428 0.143835 0.981070 -0.129665
2.177596 -0.310159 1.927198 0.137867 0.986307 -0.090510
2.153680 -0.305709 1.937720 -0.144359 -0.986894 0.072117
2.124389 -0.301342 1.940687 0.134348 0.988597 -0.068013
2.092862 -0.297067 1.940003 0.147124 0.983772 -0.102702
2.067232 -0.292772 1.947067 0.141701 0.987020 -0.075585
2.033128 -0.288690 1.941432 0.123245 0.986077 -0.111632
2.008185 -0.284492 1.948597 0.129539 0.986476 -0.100426
1.982685 -0.280347 1.954616 -0.152150 -0.984906 0.082532
1.960432 -0.276143 1.965369 0.150701 0.987599 -0.044007
1.933847 -0.272109 1.969089 0.146747 0.987838 -0.051401
1.913054 -0.267901 1.981854 0.141221 0.989946 -0.008011
1.887510 -0.263904 1.986674 0.137832 0.990453 -0.002468
1.856452 -0.260213 1.981679 0.134624 0.990770 -0.015840
1.833043 -0.256220 1.989286 -0.120826 -0.991565 0.046894
1.802796 -0.252641 1.984391 0.136966 0.989998 -0.033836
1.775629 -0.248967 1.984357 -0.132267 -0.990368 0.040939
1.746239 -0.245507 1.979559 0.176347 0.983584 -0.038272
1.725313 -0.241536 1.990355 -0.137670 -0.990294 0.019090
1.699779 -0.237922 1.992002 0.119158 0.992857 -0.005997
1.680037 -0.233889 2.005000 0.151654 0.988302 0.016127
1.657545 -0.230088 2.012392 -0.160806 -0.986493 -0.031208
1.632052 -0.226590 2.013192 -0.126672 -0.991259 0.036884
1.607466 -0.223059 2.015502 0.165523 0.985519 -0.036789
1.584537 -0.219400 2.021179 0.147040 0.989130 0.000549
1.559227 -0.216040 2.021087 0.154455 0.987346 0.035933
1.532095 -0.212962 2.016078 -0.111115 -0.993199 -0.034762
1.510760 -0.209232 2.024623 0.174376 0.983984 0.036994
1.486057 -0.205968 2.024573 0.112504 0.993174 0.030787
1.463211 -0.202495 2.028899 -0.107259 -0.992297 0.061990
1.439321 -0.199213 2.030160 0.105987 0.992950 0.053072
1.414814 -0.196083 2.029264 0.098930 0.990890 0.091382
1.389751 -0.193114 2.026194 0.134897 0.990176 0.036796
1.364510 -0.190259 2.021880 0.136835 0.987506 0.078151
1.343400 -0.186689 2.029618 -0.129240 -0.991608 -0.003329
1.321901 -0.183198 2.036184 -0.117441 -0.992309 -0.039114
1.299188 -0.179979 2.038699 0.142264 0.987605 0.066315
1.275108 -0.177115 2.036168 0.143333 0.987986 0.057785
1.253001 -0.173840 2.040094 0.162422 0.981241 0.103852
1.230870 -0.170594 2.043782 0.170346 0.978992 0.112054
1.210192 -0.166962 2.053035 0.142923 0.989552 -0.018960
1.188196 -0.163693 2.057232 0.115783 0.992246 0.045185
1.166390 -0.160379 2.062168 -0.156211 -0.987407 -0.025014
1.122002 -0.154047 2.068424 -0.112601 -0.962594 0.246444
1.099876 -0.150885 2.071686 0.103274 0.940458 -0.323840
1.077539 -0.147829 2.073735 0.150362 0.953161 -0.262440
1.054674 -0.145043 2.072602 -0.123430 -0.989142 0.079766
1.034335 -0.141082 2.085968 0.225896 0.932453 -0.281961
1.011439 -0.138354 2.084364 0.202072 0.952575 -0.227527
0.988610 -0.135667 2.082515 0.082239 0.990396 -0.111144
0.966382 -0.132679 2.084369 0.256861 0.933988 -0.248372
0.944389 -0.129547 2.087966 0.206968 0.955848 -0.208609
0.922120 -0.126615 2.089354 -0.164810 -0.971091 0.172683
0.899845 -0.123714 2.090508 0.195809 0.920159 -0.339068
0.877657 -0.120752 2.092419 0.209244 0.971176 -0.114168
0.855610 -0.117634 2.096083 -0.124558 -0.967998 0.217865
0.833359 -0.114726 2.097530 0.129242 0.897937 -0.420721
0.810540 -0.112701 2.089802 0.114417 0.988350 -0.100361
0.788756 -0.109092 2.098732 0.262338 0.955427 -0.135414
0.766510 -0.106174 2.100473 0.202737 0.860906 -0.466624
0.744233 -0.103283 2.101982 0.114314 0.992845 -0.034499
0.721927 -0.100420 2.103258 0.114480 0.914011 -0.389203
0.699577 -0.097787 2.102311 0.060845 0.962689 -0.263680
0.677238 -0.094674 2.106103 0.061691 0.998020 0.012243
0.654909 -0.092413 2.101704 0.185527 0.960071 -0.209390
0.632576 -0.089773 2.101051 -0.038466 -0.979390 0.198283
0.610248 -0.087164 2.100164 -0.048268 -0.818624 0.572297
0.588012 -0.084801 2.097057 -0.027288 -0.888152 0.458739
0.565774 -0.082367 2.094713 0.027407 -0.958313 0.284403
0.542680 -0.078427 2.106023 0.051142 0.995815 0.075744
0.520586 -0.076379 2.100231 0.065549 0.986529 -0.149878
0.497917 -0.073474 2.102133 -0.099561 0.994749 0.023697
0.475658 -0.071161 2.098849 -0.100986 0.993543 0.051716
0.453336 -0.068769 2.096321 0.102592 0.994720 -0.002620
0.431268 -0.066642 2.091587 0.136594 0.983068 -0.122141
0.408641 -0.063969 2.091552 0.124645 0.992200 -0.001860
0.386252 -0.061559 2.089309 0.144626 0.989344 -0.016767
0.364020 -0.059301 2.085848 0.120951 0.980296 -0.156177
0.341353 -0.056717 2.085096 0.098899 0.994308 -0.039625
0.319660 -0.054887 2.078231 0.083031 0.982516 -0.166635
0.295945 -0.051636 2.082866 0.086893 0.984509 -0.152288
0.272648 -0.048771 2.084310 -0.124247 -0.991481 0.039094
0.249470 -0.046054 2.084525 0.068478 0.996477 0.048410
0.226444 -0.043488 2.083515 -0.133524 -0.987119 -0.088137
0.202080 -0.040196 2.088064 -0.115711 -0.990708 -0.071473
0.178475 -0.037429 2.088470 -0.132882 -0.991110 -0.006605
0.154089 -0.034306 2.091503 -0.116718 -0.993049 0.015156
0.128834 -0.030818 2.097137 0.091166 0.995782 0.010313
0.108817 -0.030062 2.082366 0.090650 0.995678 -0.020208
0.103788 -0.036513 2.014914 0.117537 0.982657 -0.143420
0.088423 -0.037610 1.987579 0.116839 0.992945 -0.020245
0.081340 -0.042336 1.934546 0.118106 0.992042 -0.043639
0.072913 -0.046117 1.889168 0.122888 0.990656 -0.059156
0.060747 -0.047998 1.857976 -0.078598 -0.995097 0.060029
0.055836 -0.052769 1.807039 0.116007 0.991514 -0.058677
0.049298 -0.056566 1.763706 0.037756 0.996890 -0.069177
0.034147 -0.056660 1.746535 0.066505 0.996092 -0.058116
0.026572 -0.059664 1.709766 0.070400 0.992198 -0.102892
0.031472 -0.067265 1.642553 -0.025436 -0.997241 0.069740
0.012773 -0.065629 1.638226 0.163448 0.984528 -0.063167
0.000862 -0.066510 1.617203 0.302301 0.950081 -0.077203
0.005135 -0.073138 1.558727 0.358030 0.924457 -0.131122
0.005415 -0.078054 1.512344 0.847531 0.513501 -0.134192
-0.015280 -0.075485 1.514947 0.847531 0.513501 -0.134192
-0.026576 -0.076171 1.496606 -0.889474 -0.386654 0.243588
-0.025699 -0.080857 1.453154 0.899074 0.389318 -0.200243
-0.012293 -0.089447 1.385873 0.833299 0.522282 -0.181200
-0.027655 -0.088458 1.379262 0.881358 0.408251 -0.237780
-0.059229 -0.082352 1.404185 0.934874 0.296084 -0.195820
-0.067888 -0.083551 1.383935 0.921802 0.328037 -0.206573
-0.057392 -0.090547 1.328842 0.950470 0.288285 -0.116182
-0.041511 -0.098921 1.266352 0.913066 0.400327 -0.077769
-0.024891 -0.107234 1.205226 0.433944 0.896938 -0.084829
0.177555 -0.169484 0.827352 0.282028 -0.910995 0.300913
0.148732 -0.163400 0.855085 -0.100995 0.932384 -0.347074
0.144015 -0.164310 0.841771 -0.100995 0.932384 -0.347074
0.134797 -0.163928 0.836009 -0.125792 0.937568 -0.324257
0.129371 -0.164593 0.824320 -0.144640 0.951701 -0.270821
0.128465 -0.166457 0.805997 -0.144640 0.951701 -0.270821
0.126778 -0.168055 0.789398 0.177268 -0.962818 0.203856
-0.064075 -0.215191 0.180477 0.104320 0.988410 -0.110285
-0.061610 -0.216468 0.171327 0.104377 0.988399 -0.110329
-0.037956 -0.220549 0.156612 0.103327 0.988553 -0.109937
-0.064037 -0.218016 0.155233 0.104360 0.988458 -0.109814
-0.080536 -0.216792 0.150966 0.105253 0.988331 -0.110107
-0.069014 -0.219224 0.139815 0.104360 0.988458 -0.109814
-0.067025 -0.220402 0.131089 0.104360 0.988458 -0.109814
-0.083381 -0.219245 0.126338 0.105253 0.988331 -0.110107
-0.087071 -0.219714 0.118720 0.105369 0.988307 -0.110207
-0.096538 -0.219468 0.112157 0.105501 0.988302 -0.110132
-0.083477 -0.222014 0.101383 0.105039 0.988386 -0.109817
-0.103562 -0.220484 0.096511 0.105591 0.988344 -0.109665
-0.100091 -0.221841 0.087522 0.105735 0.988333 -0.109624
-0.106342 -0.222024 0.080066 0.105620 0.988400 -0.109128
-0.100714 -0.223623 0.070885 0.105683 0.988382 -0.109231
-0.110749 -0.223371 0.063817 -0.105718 -0.988387 0.109157
-0.112826 -0.224062 0.055645 -0.105718 -0.988387 0.109157
-0.106914 -0.225671 0.046617 -0.105718 -0.988387 0.109157
-0.098921 -0.227500 0.037539 -0.105718 -0.988387 0.109157
-0.110629 -0.227092 0.030289 -0.105775 -0.988399 0.108993
-0.089560 -0.230356 0.020424 -0.105718 -0.988387 0.109157
-0.105076 -0.229539 0.013293 -0.105775 -0.988399 0.108993
-0.102658 -0.230710 0.004921 -0.105775 -0.988399 0.108993
-0.096176 -0.232312 -0.003557 -0.105718 -0.988387 0.109157
2.119956 -0.545910 -0.098711 -0.133826 -0.983088 0.125018
2.248046 -0.563395 -0.089574 0.021606 -0.981421 0.190646
2.395890 -0.583441 -0.077946 0.149999 -0.978147 -0.143975
2.872218 -0.650806 -0.062961 0.704315 0.692380 -0.156687
3.027836 -0.670773 -0.041601 0.266679 -0.722164 -0.638248
3.030831 -0.668565 -0.020301 -0.227859 0.793448 0.564375
3.103869 -0.676246 0.003325 -0.631703 0.753904 0.180499
3.147962 -0.679680 0.027252 -0.638322 0.766058 0.075499
3.278841 -0.695034 0.056742 -0.606465 0.775876 -0.173828
4.358544 -0.840411 0.149535 -0.189235 -0.977097 0.097321
4.361691 -0.836445 0.185062 -0.189235 -0.977097 0.097321
4.360515 -0.831881 0.220330 -0.189235 -0.977097 0.097321
4.366864 -0.828316 0.256341 -0.189235 -0.977097 0.097321
4.364943 -0.823632 0.291666 -0.189235 -0.977097 0.097321
4.370532 -0.819925 0.327892 -0.189235 -0.977097 0.097321
4.367862 -0.815124 0.363259 -0.189235 -0.977097 0.097321
4.362857 -0.810018 0.398328 -0.189235 -0.977097 0.097321
4.370245 -0.806485 0.435221 -0.188636 -0.977316 0.096280
4.366452 -0.801516 0.470590 -0.188428 -0.976938 0.100433
4.369137 -0.797346 0.507084 -0.186070 -0.977175 0.102500
4.134027 -0.763948 0.500797 -0.182367 -0.979066 0.090401
4.031988 -0.747332 0.515032 -0.476489 -0.875193 0.083635
3.991294 -0.738345 0.539586 -0.470934 -0.877330 0.092270
3.968866 -0.731622 0.567275 -0.509318 -0.856391 0.084792
3.948119 -0.725141 0.594983 -0.575032 -0.812303 0.097474
3.932916 -0.719342 0.623679 0.893377 0.448766 0.022077
3.933838 -0.715415 0.656154 0.915826 0.399653 0.039246
3.936328 -0.711644 0.689206 0.914410 0.401860 0.048613
3.938448 -0.707805 0.722377 0.933650 0.357705 0.018594
3.940197 -0.703898 0.755663 0.977818 0.195683 0.074703
3.918651 -0.697422 0.782397 0.975441 0.213221 0.055235
3.898765 -0.691164 0.809334 0.992872 0.067348 0.098330
3.915657 -0.688846 0.847538 0.991404 0.101310 0.082797
3.938696 -0.687099 0.888328 0.983520 -0.142157 0.111716
3.948944 -0.683938 0.925563 0.869001 -0.459366 0.183900
3.938994 -0.678661 0.956234 0.756335 -0.619743 0.209465
3.952144 -0.675707 0.995215 0.696314 -0.684290 0.216551
4.104823 -0.686497 1.086555 0.372671 0.921196 -0.111867
4.159239 -0.687223 1.144122 0.251675 0.956031 -0.150545
4.387889 -0.704486 1.272103 0.055306 0.994441 -0.089601
4.392830 -0.699880 1.314813 -0.078361 -0.991041 0.108157
4.386224 -0.694146 1.353135 0.132436 0.982381 -0.131863
4.389249 -0.689273 1.395797 0.124282 0.984005 -0.127627
4.383555 -0.683564 1.435022 -0.137878 -0.982393 0.126070
4.398266 -0.679634 1.483790 -0.132663 -0.983027 0.126719
4.392473 -0.673831 1.523703 -0.135618 -0.982498 0.127694
4.393401 -0.668573 1.567109 -0.135712 -0.982959 0.123988
4.393792 -0.663218 1.610691 -0.135799 -0.984042 0.114975
4.399868 -0.658278 1.657602 -0.122472 -0.983616 0.132291
4.377904 -0.651010 1.690535 -0.134863 -0.981083 0.138884
4.301046 -0.639433 1.694071 -0.137707 -0.981079 0.136089
4.232340 -0.628683 1.700496 0.165161 0.978978 -0.119681
4.167323 -0.618385 1.707623 -0.140775 -0.984105 0.108256
4.110280 -0.608837 1.718050 0.142141 0.984209 -0.105489
4.046466 -0.598938 1.723426 -0.162470 -0.981838 0.097967
3.986282 -0.589455 1.729718 -0.215803 -0.973945 0.069710
3.928832 -0.580309 1.736514 0.207298 0.973419 -0.097386
3.880840 -0.571938 1.748156 -0.128245 -0.986829 0.098602
3.827876 -0.563353 1.755739 0.051818 0.995993 -0.072888
3.772551 -0.554747 1.760760 0.070888 0.990805 -0.115239
3.724866 -0.546749 1.769845 0.164145 0.978821 -0.122333
3.647678 -0.537104 1.757719 -0.191417 -0.979373 0.064712
3.594696 -0.529080 1.760869 -0.134373 -0.989116 0.059948
3.554080 -0.521881 1.771867 0.138951 0.989843 -0.030065
3.506265 -0.514382 1.776880 0.127695 0.991091 -0.037853
3.457811 -0.506968 1.780491 0.154980 0.987387 -0.032381
3.415087 -0.499962 1.787549 -0.143314 -0.985870 0.086725
3.368541 -0.492873 1.790828 -0.165602 -0.985501 0.036919
3.322955 -0.485946 1.793959 -0.138466 -0.988963 0.052724
3.278322 -0.479174 1.796971 0.144608 0.987522 -0.062356
3.236167 -0.472619 1.801174 0.138761 0.988071 -0.066796
3.201762 -0.466473 1.811187 -0.146086 -0.986600 0.072657
3.155325 -0.459948 1.810171 0.111904 0.988932 -0.097427
3.124817 -0.454108 1.822346 -0.134292 -0.986782 0.090698
3.092801 -0.448274 1.832738 0.169475 0.979986 -0.104434
3.054192 -0.442300 1.836544 0.156294 0.984486 -0.079745
3.021528 -0.436589 1.845248 -0.121590 -0.986983 0.105259
2.980270 -0.430722 1.845134 0.126914 0.983330 -0.130211
2.939933 -0.424986 1.845069 0.134474 0.982521 -0.128724
2.906142 -0.419495 1.850754 -0.136544 -0.983412 0.119404
2.875919 -0.414145 1.859524 -0.133543 -0.982596 0.129117
2.842952 -0.408811 1.864972 0.145834 0.980746 -0.129887
2.809383 -0.403542 1.869207 -0.111432 -0.984361 0.136440
2.775916 -0.398353 1.872950 -0.127908 -0.981763 0.140643
2.746560 -0.393275 1.880673 0.150204 0.980904 -0.123552
2.725140 -0.388294 1.897012 -0.118424 -0.985411 0.122231
2.693787 -0.383305 1.901732 -0.142844 -0.983784 0.108463
2.665732 -0.378383 1.909835 0.128328 0.985332 -0.112487
2.630054 -0.373541 1.908301 -0.155190 -0.981678 0.110561
2.591438 -0.368817 1.902346 0.156493 0.979853 -0.124091
2.564270 -0.364100 1.909927 0.114098 0.985986 -0.121712
2.530991 -0.359513 1.909241 -0.142463 -0.976525 0.161563
2.500904 -0.354963 1.912063 0.127455 0.978181 -0.164062
2.473296 -0.350435 1.917683 0.119845 0.979065 -0.164529
2.448073 -0.345906 1.926179 -0.142955 -0.976966 0.158431
2.415883 -0.341604 1.924574 0.141214 0.978069 -0.153102
2.383303 -0.337405 1.921693 0.122055 0.981833 -0.145278
2.350928 -0.333295 1.918350 0.135860 0.981232 -0.136840
2.324293 -0.329062 1.922878 0.151166 0.981982 -0.113402
2.303146 -0.324651 1.935449 0.137072 0.984661 -0.107951
2.277587 -0.320455 1.941038 0.138672 0.986491 -0.087212
2.255734 -0.316118 1.952255 0.139126 0.988364 -0.061484
2.231187 -0.311945 1.958957 -0.145746 -0.988695 0.035216
2.207139 -0.307780 1.966223 -0.138781 -0.990310 0.005124
2.181563 -0.303748 1.970610 0.138917 0.989615 -0.036923
2.150614 -0.300138 1.965109 -0.155862 -0.986760 0.044841
2.122310 -0.296437 1.963562 0.133352 0.990365 -0.037349
2.091789 -0.292993 1.957245 0.142051 0.988120 -0.058652
2.067082 -0.289164 1.961133 0.155067 0.986947 -0.043467
2.043768 -0.285256 1.967393 -0.145731 -0.988386 0.043072
2.022214 -0.281210 1.976962 0.161524 0.986869 -0.000441
1.997076 -0.277543 1.979109 0.132246 0.990277 -0.043151
1.971142 -0.274020 1.979148 -0.125271 -0.990306 0.060008
1.948648 -0.270166 1.986126 -0.144327 -0.988743 0.039470
1.924474 -0.266541 1.989208 -0.151989 -0.988365 0.005782
1.899533 -0.263064 1.990178 0.139366 0.990088 -0.017396
1.877777 -0.259208 1.998206 -0.150159 -0.988237 0.028978
1.852527 -0.255873 1.997690 0.135401 0.989580 -0.048961
1.826635 -0.252707 1.995018 0.124406 0.990503 -0.058538
1.801605 -0.249486 1.993893 0.128737 0.991513 -0.018127
1.777731 -0.246137 1.995274 -0.133970 -0.990631 0.026498
1.752885 -0.243020 1.993567 0.173265 0.984723 -0.017343
1.728813 -0.239831 1.993449 0.143857 0.989535 -0.011188
1.706103 -0.236427 1.996831 0.145542 0.989334 0.006007
1.682771 -0.233194 1.998067 0.148121 0.988928 -0.009086
1.659482 -0.230003 1.999040 -0.142494 -0.989759 0.008514
1.637990 -0.226431 2.005475 -0.142126 -0.989780 -0.011624
1.617273 -0.222665 2.014554 0.112880 0.993053 0.033215
1.592078 -0.220095 2.008071 0.161229 0.985906 0.044656
1.570483 -0.216611 2.013798 0.120004 0.992378 -0.028002
1.548824 -0.213150 2.019299 0.139202 0.988543 0.058350
1.526379 -0.209950 2.021671 -0.162985 -0.983887 -0.073501
1.505096 -0.206384 2.028648 0.109398 0.991954 0.063719
1.482608 -0.203246 2.030547 0.113009 0.993546 0.009790
1.461186 -0.199726 2.037073 0.069193 0.996415 -0.048678
1.439470 -0.196311 2.042402 0.117017 0.990873 -0.066921
1.417303 -0.193093 2.045549 -0.065882 -0.995695 0.065206
1.393121 -0.190872 2.037687 0.111395 0.993670 -0.014503
1.372384 -0.187015 2.048197 0.104466 0.994175 -0.026525
1.350981 -0.183438 2.055551 0.133007 0.990424 0.037013
1.329006 -0.180154 2.059733 0.130843 0.991392 0.004682
1.305435 -0.177928 2.052842 -0.153798 -0.986147 0.062132
1.283592 -0.174616 2.057538 -0.038855 -0.988954 0.143042
1.261199 -0.171715 2.058054 -0.065606 -0.995137 0.073472
1.238491 -0.169143 2.055366 0.139978 0.985209 0.098841
1.216748 -0.165719 2.061348 0.176674 0.979878 -0.092873
1.194634 -0.162616 2.064131 -0.115539 -0.988307 0.099501
1.172243 -0.159848 2.063709 -0.100829 -0.993515 0.052548
1.150145 -0.156702 2.067021 -0.108516 -0.993611 0.031016
1.127874 -0.153791 2.068116 0.131826 0.979664 -0.151264
1.105589 -0.150911 2.068979 0.136447 0.977629 -0.160077
1.083328 -0.147956 2.070602 0.079053 0.965967 -0.246291
1.060985 -0.145248 2.070005 -0.067395 -0.972634 0.222356
1.038751 -0.141912 2.075137 0.103834 0.990063 -0.094837
1.016354 -0.139713 2.070098 0.100982 0.974465 0.200549
0.994004 -0.136317 2.075756 0.193661 0.978348 -0.073009
0.971591 -0.133397 2.077205 0.140406 0.989169 -0.042791
0.949423 -0.131774 2.067496 -0.045479 -0.998119 -0.041100
0.926869 -0.128341 2.073441 -0.006327 -0.990969 0.133941
0.904270 -0.125161 2.077162 -0.047886 -0.998069 0.039560
0.881862 -0.122598 2.075687 -0.056090 -0.995391 0.077788
0.859467 -0.120070 2.073977 0.107774 0.987990 -0.110724
0.837087 -0.117577 2.072034 -0.067585 -0.997639 -0.012228
0.814724 -0.115120 2.069858 0.060595 0.995851 -0.067885
0.792382 -0.112698 2.067448 0.115155 0.989328 -0.089269
0.770170 -0.110436 2.063819 0.098848 0.994854 -0.022253
0.748124 -0.108338 2.058975 0.110426 0.963633 -0.243345
0.725628 -0.105774 2.057839 0.120924 0.973645 -0.193370
0.703541 -0.103625 2.053519 0.114700 0.980236 -0.161190
0.681356 -0.101386 2.049951 0.110007 0.989102 -0.097859
0.658725 -0.098794 2.049088 0.117641 0.979272 -0.164887
0.636581 -0.096626 2.045053 0.129366 0.978744 -0.159138
0.614296 -0.094363 2.041762 0.123935 0.985675 -0.114392
0.590696 -0.091205 2.045045 0.123712 0.979619 -0.158250
0.567380 -0.088338 2.046122 0.118053 0.970937 -0.208195
0.544200 -0.085632 2.045974 0.114886 0.978412 -0.171789
0.521189 -0.083092 2.044606 0.115652 0.988161 -0.100813
0.496761 -0.079763 2.048768 0.124533 0.982248 -0.140289
0.473393 -0.077143 2.047844 -0.112907 -0.972519 0.203616
0.448975 -0.074000 2.050494 0.110957 0.983727 -0.141315
0.425222 -0.071299 2.049999 0.119791 0.984859 -0.125309
0.401139 -0.068488 2.050190 0.114546 0.989040 -0.093163
0.375290 -0.064861 2.055802 0.095410 0.991394 -0.089643
0.351877 -0.062529 2.052590 0.103235 0.991926 -0.073659
0.327549 -0.059804 2.051949 0.098848 0.994900 -0.020070
0.302534 -0.056823 2.052909 0.101575 0.994652 -0.018695
0.281595 -0.055742 2.041410 0.110897 0.991447 -0.068813
0.254851 -0.052104 2.046491 -0.104780 -0.986484 0.125978
0.229278 -0.049069 2.047527 0.120093 0.978843 -0.165665
0.207453 -0.047670 2.038082 0.126285 0.982427 -0.137440
0.182129 -0.044848 2.037627 0.124107 0.983809 -0.129292
0.160422 -0.043529 2.027700 0.111817 0.982791 -0.147032
0.133508 -0.040184 2.030337 -0.152881 -0.972434 0.176067
0.107607 -0.037311 2.029912 -0.121266 -0.976701 0.177058
0.079219 -0.033575 2.034602 0.129449 0.984437 -0.118857
0.049402 -0.029415 2.041626 0.104666 0.994493 0.005285
0.019745 -0.025429 2.047357 0.099899 0.994718 0.023604
-0.004160 -0.023579 2.040216 0.106014 0.994190 -0.018619
-0.033272 -0.019954 2.043449 -0.106551 -0.993954 0.026486
-0.054095 -0.019243 2.029543 0.101523 0.991107 -0.086021
-0.079755 -0.016905 2.025087 0.106209 0.986958 -0.120966
-0.103587 -0.015216 2.016834 -0.096976 -0.986099 0.134923
-0.130214 -0.012650 2.013518 -0.112709 -0.982952 0.145267
-0.164142 -0.007818 2.022806 -0.137219 -0.982266 0.127769
-0.194463 -0.004243 2.024752 -0.119834 -0.987840 0.099051
-0.226463 -0.000240 2.028845 -0.101563 -0.993420 0.052932
-0.258689 0.003731 2.032496 0.128199 0.990317 -0.053271
-0.285946 0.006118 2.027292 -0.112220 -0.992204 0.054197
-0.317461 0.009706 2.028430 0.109119 0.992625 -0.052808
-0.340566 0.010767 2.015865 0.128199 0.983803 -0.125289
-0.383730 0.017551 2.033527 0.117559 0.993064 0.001824
-0.416899 0.021338 2.034967 0.118400 0.991149 -0.060037
-0.426073 0.018360 2.001030 0.128704 0.978145 -0.163301
-0.428985 0.013755 1.959084 -0.130244 -0.976115 0.173884
-0.433497 0.009716 1.920517 0.144957 0.976036 -0.162302
-0.438537 0.005932 1.883678 0.126342 0.991770 0.020760
-0.547392 -0.040911 1.390102 0.310646 -0.939192 0.146349
-0.554757 -0.042981 1.366260 0.384164 -0.916234 0.113720
-0.559591 -0.045557 1.340452 0.382833 -0.907532 0.172697
-0.563316 -0.048324 1.314056 -0.476521 0.871270 -0.117543
-0.564414 -0.051594 1.285812 -0.480697 0.867082 -0.130764
-0.566606 -0.054582 1.258977 -0.470738 0.869658 -0.148666
-0.571457 -0.056977 1.234766 -0.428313 0.895514 -0.120841
-0.577514 -0.059092 1.211846 -0.419532 0.888640 -0.185233
-0.585591 -0.060772 1.190785 -0.369789 0.905682 -0.207358
-0.602004 -0.060779 1.176343 -0.358765 0.909418 -0.210348
-0.603315 -0.063767 1.150385 -0.410096 0.885833 -0.217075
-0.608232 -0.066010 1.127479 -0.406690 0.889010 -0.210389
-0.612848 -0.068282 1.104610 -0.392638 0.900756 -0.185674
-0.609900 -0.071967 1.076651 -0.403959 0.905935 -0.126883
-0.612235 -0.074599 1.052821 -0.408257 0.909656 -0.076505
-0.614250 -0.077257 1.029075 -0.401165 0.914989 -0.043149
-0.613471 -0.080397 1.003784 0.430356 -0.902338 0.024098
-0.616493 -0.082798 0.981315 -0.432088 0.901673 -0.016911
-0.617550 -0.085527 0.957852 -0.427703 0.903724 -0.018804
-0.628397 -0.086465 0.940707 -0.416462 0.908664 -0.029827
-0.639912 -0.087286 0.923960 -0.417124 0.908159 -0.035424
-0.646141 -0.089042 0.904086 -0.404015 0.913905 -0.039352
-0.656427 -0.090078 0.886653 -0.284533 0.954750 -0.086568
-0.660487 -0.092190 0.865739 -0.298057 0.951629 -0.074601
-0.657345 -0.095514 0.841067 -0.039066 0.992689 -0.114200
-0.669591 -0.096192 0.824920 0.084724 0.990803 -0.105506
-0.673778 -0.098231 0.804528 0.134428 0.989068 -0.060614
-0.673306 -0.101027 0.781925 0.212258 0.973234 -0.088101
-0.678761 -0.102818 0.762486 -0.050869 -0.994437 0.092239
-0.667034 -0.107397 0.734923 0.124867 0.986654 -0.104507
-0.657605 -0.111542 0.708955 0.108706 0.993184 -0.042059
-0.657731 -0.114106 0.687768 0.179421 0.975520 -0.127160
-0.655783 -0.116973 0.665872 -0.229858 -0.961397 0.151265
-0.655379 -0.119569 0.644883 0.356360 0.914601 -0.191082
-0.663862 -0.120763 0.627781 0.100267 0.970849 -0.217714
-0.668496 -0.122550 0.609106 0.061506 -0.969790 0.236062
-0.677534 -0.123660 0.592215 -0.463782 0.863577 -0.197841
-0.683625 -0.125220 0.574162 -0.444374 0.872913 -0.201383
-0.691384 -0.126528 0.556740 -0.396648 0.877379 -0.269958
-0.705498 -0.126900 0.541546 0.789796 -0.600067 0.127047
-0.711986 -0.128409 0.523561 0.798821 -0.588627 0.124111
-0.707940 -0.131445 0.502089 -0.329458 0.908606 -0.256697
-0.714958 -0.132864 0.484387 0.272028 0.938470 -0.212779
-0.720846 -0.134445 0.466313 0.639609 0.744639 -0.190822
-0.723695 -0.136454 0.447338 0.774397 0.594879 -0.215473
-0.731103 -0.137820 0.429722 0.766580 0.616105 -0.181024
-0.735463 -0.139611 0.411229 0.778937 0.603153 -0.171650
-0.731955 -0.142473 0.390693 0.759688 0.634341 -0.143128
-0.736861 -0.144173 0.372459 0.763796 0.628856 -0.145451
-0.741577 -0.145898 0.354177 0.744352 0.652200 -0.143441
-0.747069 -0.147520 0.336070 0.645622 0.744657 -0.169288
-0.741711 -0.150566 0.315580 0.637048 0.754846 -0.156131
-0.736116 -0.153616 0.295250 0.623652 0.767900 -0.146248
-0.745863 -0.154668 0.278133 -0.508841 -0.853868 0.109506
-0.733978 -0.158486 0.256889 0.492436 0.868398 -0.058240
-0.743347 -0.159586 0.239679 0.387017 0.918786 -0.077775
-0.741772 -0.162063 0.220554 0.394585 0.913244 -0.101434
-0.743912 -0.164069 0.202099 -0.078745 -0.989378 0.122187
-0.737994 -0.167053 0.182520 0.095346 0.987773 -0.123344
-0.740716 -0.168970 0.164260 0.103938 0.986814 -0.124077
-0.744233 -0.170791 0.146094 0.107059 0.986500 -0.123918
-0.749535 -0.172402 0.128101 -0.102386 -0.986940 0.124362
-0.743780 -0.175310 0.108946 0.115600 0.985144 -0.126999
-0.756615 -0.176049 0.091603 0.109691 0.985727 -0.127714
-0.758385 -0.178077 0.073164 0.113363 0.985203 -0.128549
-0.764918 -0.179565 0.055045 -0.114770 -0.985088 0.128177
-0.759358 -0.182416 0.036131 -0.047662 -0.965488 0.256050
-0.761538 -0.184391 0.017719 -0.047662 -0.965488 0.256050
2.145842 -0.560411 -0.180403 -0.133826 -0.983088 0.125018
2.137892 -0.557897 -0.169772 -0.133826 -0.983088 0.125018
2.126864 -0.554925 -0.159149 -0.133826 -0.983088 0.125018
2.113741 -0.551659 -0.148673 -0.133379 -0.983135 0.125123
2.106424 -0.549318 -0.138705 -0.133379 -0.983135 0.125123
2.135566 -0.552540 -0.129878 -0.133826 -0.983088 0.125018
2.127060 -0.550012 -0.119836 -0.133826 -0.983088 0.125018
2.140204 -0.550740 -0.110104 -0.134811 -0.983040 0.124333
2.120607 -0.546586 -0.100256 -0.133826 -0.983088 0.125018
2.095956 -0.541742 -0.090900 -0.131598 -0.983352 0.125303
2.096926 -0.540688 -0.081403 -0.131598 -0.983352 0.125303
2.105711 -0.540756 -0.071600 -0.131926 -0.983432 0.124327
2.096591 -0.538245 -0.062447 -0.131681 -0.983465 0.124327
2.119012 -0.540216 -0.051673 0.132138 0.983482 -0.123700
2.077087 -0.533113 -0.044782 -0.131846 -0.983458 0.124209
2.093372 -0.534196 -0.034205 0.132057 0.983507 -0.123593
2.084866 -0.531828 -0.025476 0.155872 0.967430 -0.199459
2.107829 -0.533762 -0.013784 0.182843 0.969633 -0.162422
2.107992 -0.532560 -0.004099 0.178436 0.969624 -0.167301
2.134627 -0.534886 0.008801 0.255057 0.954656 -0.153554
2.133573 -0.533482 0.018654 0.261686 0.952634 -0.154949
2.140272 -0.533090 0.029607 0.260452 0.954564 -0.144817
2.146846 -0.532661 0.040711 -0.027861 -0.993907 0.106641
2.099440 -0.525301 0.043173 -0.156954 -0.979036 0.129819
2.130284 -0.527975 0.058260 0.199608 0.972618 -0.119040
2.143353 -0.528334 0.070759 0.228727 0.966318 -0.117955
2.131911 -0.525616 0.078784 0.193351 0.975252 -0.107236
2.121375 -0.523036 0.086785 0.180428 0.978297 -0.101889
2.119505 -0.521529 0.096479 -0.182941 -0.978810 0.091992
2.136901 -0.522330 0.110571 0.212338 0.973006 -0.090398
2.134785 -0.520768 0.120423 -0.211011 -0.974042 0.081953
2.135457 -0.519531 0.130973 -0.129131 -0.983741 0.124814
2.137936 -0.518495 0.142061 -0.129062 -0.983760 0.124741
2.138368 -0.517213 0.152700 -0.128729 -0.983837 0.124474
2.134856 -0.515477 0.162285 -0.127860 -0.983930 0.124635
2.133153 -0.513946 0.172384 -0.127719 -0.983960 0.124543
2.122783 -0.511460 0.179852 -0.128121 -0.983969 0.124053
2.129422 -0.510841 0.192549 -0.127644 -0.984095 0.123547
2.126449 -0.509166 0.202303 -0.127945 -0.984040 0.123671
2.123373 -0.507481 0.212022 -0.128112 -0.983981 0.123972
2.121134 -0.505883 0.222038 0.128096 0.984053 -0.123417
2.109433 -0.503313 0.228633 0.128096 0.984053 -0.123417
2.149881 -0.506040 0.254626 0.128150 0.984080 -0.123145
2.110054 -0.500641 0.250544 0.128351 0.984108 -0.122707
2.125892 -0.500812 0.267840 0.128172 0.984133 -0.122696
2.145158 -0.501256 0.287017 0.128539 0.984122 -0.122397
2.144869 -0.499771 0.298468 0.129209 0.984087 -0.121975
2.140791 -0.497921 0.308358 0.129400 0.984044 -0.122121
2.145702 -0.496899 0.322281 0.129652 0.983975 -0.122405
2.150426 -0.495832 0.336346 0.129980 0.983905 -0.122624
2.137845 -0.493201 0.342446 -0.130222 -0.983781 0.123361
2.134203 -0.491376 0.352688 -0.130100 -0.983759 0.123658
2.154537 -0.491601 0.374922 0.130485 0.983576 -0.124709
2.158537 -0.490375 0.389441 -0.130456 -0.983527 0.125127
2.127904 -0.486269 0.386004 -0.130443 -0.983555 0.124917
2.155404 -0.486939 0.413194 -0.130407 -0.983440 0.125852
2.146635 -0.484636 0.421239 -0.130468 -0.983392 0.126167
2.129114 -0.481670 0.424244 -0.130774 -0.983304 0.126537
2.139263 -0.480837 0.442941 -0.130119 -0.983393 0.126521
2.129382 -0.478473 0.450193 -0.130426 -0.983350 0.126540
2.123716 -0.476430 0.459885 -0.130347 -0.983352 0.126602
2.131514 -0.475334 0.477944 -0.129958 -0.983398 0.126646
2.107023 -0.471978 0.475870 -0.129976 -0.983428 0.126396
2.106944 -0.470320 0.489132 -0.129725 -0.983476 0.126282
2.076755 -0.466688 0.482545 -0.129523 -0.983546 0.125943
2.098821 -0.466441 0.510769 -0.130029 -0.983731 0.123962
2.107278 -0.465258 0.530388 -0.130222 -0.983782 0.123350
2.092628 -0.462650 0.534044 -0.129631 -0.983939 0.122717
2.090121 -0.460772 0.546266 -0.129170 -0.984045 0.122355
2.096281 -0.459360 0.565049 0.129387 0.984088 -0.121780
2.125237 -0.459116 0.601529 0.129248 0.984136 -0.121540
2.118778 -0.456910 0.611755 0.128986 0.984206 -0.121248
2.102800 -0.454232 0.614480 0.128986 0.984206 -0.121248
2.119509 -0.453138 0.643325 0.129291 0.984233 -0.120699
2.119531 -0.451190 0.659230 0.129483 0.984255 -0.120316
2.107091 -0.448674 0.664908 0.129483 0.984255 -0.120316
2.105238 -0.446614 0.679533 0.129457 0.984279 -0.120148
2.078395 -0.443563 0.672428 0.129433 0.984254 -0.120376
2.093468 -0.442124 0.702225 0.129992 0.984230 -0.119969
2.091797 -0.440011 0.717559 0.130170 0.984205 -0.119988
2.090634 -0.437885 0.733623 0.130416 0.984154 -0.120138
2.109485 -0.436316 0.769071 -0.019500 -0.997978 0.060489
2.113374 -0.434212 0.791040 0.143071 -0.984162 -0.104669
2.111941 -0.431917 0.808242 0.936555 -0.183599 -0.298590
2.135512 -0.430136 0.851145 0.828008 -0.546762 -0.124314
2.093015 -0.426901 0.826999 0.966881 0.165799 -0.194042
2.117066 -0.424964 0.871827 0.925751 -0.297205 -0.233783
2.109028 -0.422393 0.883497 0.922805 -0.307136 -0.232589
2.091436 -0.419703 0.884733 0.952326 -0.243119 -0.184307
2.086534 -0.417169 0.899910 0.932662 -0.326144 -0.154179
2.110957 -0.414780 0.949028 0.928735 -0.368029 0.044790
2.125374 -0.412162 0.988095 0.909839 -0.395147 0.126694
2.111518 -0.409396 0.994555 0.915628 -0.385700 0.113406
2.114082 -0.406599 1.020971 0.910166 -0.405191 0.086128
2.115569 -0.403725 1.046770 0.891335 -0.411569 0.190085
2.100577 -0.400924 1.052251 0.895925 -0.428037 0.118752
2.091654 -0.398070 1.065475 0.877474 -0.454753 0.152444
2.102969 -0.394876 1.105818 0.853581 -0.510920 0.101787
2.120649 -0.391401 1.156177 0.782069 -0.623016 0.014840
2.135628 -0.387778 1.204583 0.719062 -0.694460 -0.025981
2.128979 -0.384528 1.223987 0.684205 -0.728889 -0.024151
2.105013 -0.381756 1.218683 -0.701419 0.712645 -0.012187
2.108063 -0.378143 1.252829 -0.640978 0.766797 -0.034194
2.112147 -0.374361 1.289675 -0.613304 0.787501 -0.060835
2.121516 -0.370213 1.335986 -0.557346 0.825702 -0.087071
2.099129 -0.367341 1.333559 -0.552342 0.826280 -0.110359
2.092601 -0.363733 1.356365 -0.522324 0.842063 -0.134560
2.111956 -0.358623 1.422874 -0.383750 0.921390 -0.061450
2.111298 -0.354396 1.458031 -0.361184 0.930178 -0.065687
2.094592 -0.351066 1.466448 0.410659 -0.908069 0.082283
2.111000 -0.345437 1.533985 0.019196 -0.997524 0.067663
2.107411 -0.340972 1.567807 -0.089105 0.995449 -0.033776
2.099454 -0.336719 1.594665 0.036301 0.999073 -0.023124
2.102553 -0.331417 1.643693 0.245029 0.969441 -0.012046
2.108790 -0.325593 1.700973 0.237271 0.969997 -0.052993
2.098888 -0.321055 1.728096 0.221972 0.974286 -0.038671
2.103240 -0.314931 1.785806 -0.179842 -0.982687 0.044522
2.098857 -0.309470 1.827503 -0.152469 -0.987068 0.049508
2.090383 -0.304286 1.862027 -0.113036 -0.992132 0.053828
2.095455 -0.297258 1.928525 0.123238 0.990061 -0.067768
2.065624 -0.294454 1.917372 0.118765 0.988380 -0.094865
2.040745 -0.291100 1.916873 0.138616 0.982224 -0.126573
2.018598 -0.287412 1.922549 0.136765 0.983844 -0.115525
1.994217 -0.284098 1.922409 0.127731 0.985747 -0.109492
1.969921 -0.280836 1.921982 0.137149 0.985445 -0.100443
1.948839 -0.277077 1.929690 -0.139676 -0.986070 0.090315
1.927674 -0.273340 1.937176 0.139565 0.986202 -0.089038
1.904788 -0.269945 1.939726 0.137177 0.986776 -0.086344
1.883511 -0.266259 1.946749 0.138003 0.986347 -0.089857
1.858152 -0.263475 1.941212 0.130435 0.988091 -0.081630
1.838046 -0.259578 1.951554 0.138559 0.988073 -0.067186
1.816348 -0.256046 1.956921 0.076673 0.978632 -0.190791
1.794879 -0.252468 1.963015 0.100077 0.977650 -0.184895
1.772806 -0.249062 1.966963 0.160756 0.978812 -0.126825
1.751743 -0.245383 1.974525 -0.188157 -0.977016 0.100185
1.730081 -0.241877 1.979939 0.141840 0.989576 -0.024912
1.707644 -0.238634 1.982222 0.139471 0.989841 -0.027619
1.685667 -0.235264 1.986204 0.137251 0.990265 -0.023197
1.662782 -0.232252 1.986062 -0.160382 -0.986963 0.013500
1.642443 -0.228275 1.997366 0.142768 0.989746 0.004430
1.618944 -0.225585 1.993820 0.138394 0.989028 0.051687
1.596874 -0.222337 1.996863 0.147110 0.987964 0.047817
1.574779 -0.219119 1.999673 -0.134250 -0.990682 -0.022930
1.553833 -0.215300 2.009122 0.152850 0.987435 0.040104
1.530997 -0.212500 2.007543 -0.134963 -0.990656 0.019634
1.508959 -0.209277 2.010642 0.181512 0.983388 0.001053
1.486885 -0.206082 2.013510 0.092649 0.995672 -0.007274
1.464779 -0.202916 2.016146 0.129665 0.991448 -0.014759
1.442526 -0.199878 2.017562 0.131239 0.990429 0.042750
1.420477 -0.196673 2.020724 0.149075 0.986226 0.071655
1.398286 -0.193596 2.022664 0.136652 0.988135 0.070106
1.376072 -0.190549 2.024373 0.163161 0.986301 0.024276
1.353912 -0.187430 2.026840 0.139979 0.990149 -0.003214
1.331584 -0.184548 2.027091 0.142157 0.987803 0.063528
1.309315 -0.181594 2.028101 -0.110518 -0.993690 -0.019141
1.287075 -0.178564 2.029872 -0.126381 -0.988471 -0.083386
1.264937 -0.175128 2.035383 -0.139030 -0.988744 -0.055282
1.242663 -0.171821 2.039670 0.127929 0.978059 0.164425
1.220140 -0.169984 2.030804 0.125269 0.989387 0.073629
1.197815 -0.167302 2.029655 0.146911 0.989008 0.016758
1.175408 -0.163288 2.040194 0.163806 0.983640 0.074965
1.153095 -0.161238 2.033610 0.120318 0.991587 -0.047727
1.130880 -0.159121 2.027790 0.111183 0.992533 -0.050155
1.108379 -0.155873 2.031663 0.129990 0.991216 -0.024358
1.085783 -0.152647 2.035297 0.128258 0.990985 -0.038718
1.063336 -0.149924 2.034728 0.099946 0.994973 0.006346
1.041377 -0.148083 2.026992 0.126756 0.990238 -0.057972
1.018584 -0.144820 2.030904 0.097362 0.994357 -0.042134
0.996143 -0.142198 2.029630 -0.116799 -0.992045 0.046964
0.974313 -0.140358 2.022199 -0.111883 -0.990184 0.083769
0.951376 -0.137180 2.025390 0.140212 0.988993 -0.047265
0.928097 -0.133770 2.030302 0.113390 0.992215 -0.051492
0.905078 -0.130764 2.032009 -0.119092 -0.991954 0.042950
0.859748 -0.125612 2.028797 -0.126179 -0.991127 0.041797
0.836256 -0.122429 2.031720 -0.123473 -0.990310 0.063557
0.812137 -0.118872 2.037311 -0.114055 -0.992112 0.052019
0.787854 -0.115333 2.042630 0.099353 0.993262 -0.059655
0.763605 -0.111947 2.046700 0.110591 0.988431 -0.103794
0.739628 -0.108853 2.048557 0.109213 0.986867 -0.119022
0.716631 -0.106466 2.045311 0.136812 0.983904 -0.114961
0.691846 -0.103017 2.049539 0.152645 0.985770 -0.070407
0.667383 -0.099866 2.051556 -0.131071 -0.988392 0.076824
0.642325 -0.096462 2.055216 0.141433 0.982804 -0.118718
0.618656 -0.093920 2.052846 0.123077 0.974226 -0.189038
0.593908 -0.090849 2.054032 0.124438 0.979853 -0.156212
0.570991 -0.088797 2.048280 0.119798 0.969671 -0.213043
0.545555 -0.085502 2.050817 -0.130925 -0.981303 0.141078
0.523236 -0.083809 2.042664 0.122757 0.982815 -0.137863
0.497350 -0.080430 2.045581 0.130540 0.985311 -0.110099
0.471637 -0.077221 2.047251 0.122106 0.975304 -0.184043
0.445805 -0.074040 2.048618 0.123352 0.981618 -0.145636
0.418855 -0.070447 2.052472 0.110263 0.989959 -0.088446
0.392079 -0.067026 2.055068 0.126752 0.988920 -0.077278
0.364801 -0.063483 2.058262 0.119426 0.992682 -0.017912
0.335179 -0.059077 2.066638 0.167929 0.978807 -0.117200
0.308643 -0.056030 2.066387 -0.085350 -0.975369 0.203398
0.283541 -0.053614 2.062170 -0.144151 -0.957335 0.250460
0.262741 -0.052889 2.047687 0.138565 0.981631 -0.131152
0.236510 -0.050102 2.045654 -0.131573 -0.981118 0.141757
0.211446 -0.047804 2.040611 0.184745 0.976227 -0.113356
0.183008 -0.044328 2.042436 0.164448 0.972711 -0.163676
0.153125 -0.040424 2.046567 -0.134289 -0.981204 0.138585
0.127434 -0.038080 2.041456 0.143905 0.987188 -0.068923
0.092748 -0.032702 2.053649 0.110329 0.993760 0.016408
0.062263 -0.028886 2.056592 0.097309 0.994041 0.049122
0.035328 -0.026337 2.052169 0.098891 0.994212 0.041996
0.003588 -0.022277 2.056073 0.101581 0.994202 -0.035267
-0.026912 -0.018715 2.056966 0.124469 0.988931 -0.080771
-0.061528 -0.013941 2.064296 0.120164 0.991079 -0.057646
-0.100469 -0.007947 2.077932 -0.113344 -0.993470 0.013066
-0.133692 -0.003857 2.080854 0.118787 0.992558 -0.026814
-0.161909 -0.001372 2.074932 -0.107191 -0.993521 0.037768
-0.192278 0.001699 2.071992 -0.115831 -0.992071 0.048764
-0.218428 0.003467 2.062038 -0.108153 -0.993028 0.046876
-0.764561 0.063223 2.054510 0.104298 0.992129 0.069296
-0.813512 0.069485 2.061857 -0.125531 -0.986319 -0.106850
-0.863521 0.075849 2.069130 0.120520 0.990276 0.069486
-0.906366 0.080394 2.067782 0.097374 0.994280 0.043880
-0.943177 0.083440 2.059453 0.070449 0.995090 0.069513
-1.001082 0.091220 2.071444 0.115413 0.992746 0.033704
-1.041776 0.094939 2.065266 0.164090 0.986324 -0.015441
-1.085454 0.099233 2.061196 0.080614 0.996739 0.003686
-1.143756 0.106650 2.069897 0.099834 0.994655 -0.026337
-1.192285 0.111763 2.068305 0.166109 0.978255 -0.124195
-1.244732 0.117599 2.069219 0.124249 0.982665 -0.137594
-1.298215 0.123519 2.069921 0.113367 0.983075 -0.143917
-1.359499 0.130950 2.076153 0.114269 0.978651 -0.170836
-1.417412 0.137503 2.078170 0.109884 0.985225 -0.131363
-1.470309 0.142863 2.074835 0.089071 0.986953 -0.134125
-1.538851 0.151302 2.082974 0.094779 0.992717 -0.074364
-1.602428 0.158540 2.085650 0.126542 0.988524 -0.082511
-1.672644 0.166943 2.092038 0.154735 0.980975 -0.117240
-1.693535 0.165335 2.059873 0.145021 0.981435 -0.125514
-1.690975 0.159111 2.010585 0.138511 0.983251 -0.118459
-1.716595 0.158481 1.982324 0.125278 0.982070 -0.140872
-1.659455 0.141847 1.895927 0.125011 0.982105 -0.140859
-1.738507 0.151562 1.905369 0.123330 0.982389 -0.140366
-1.716323 0.141882 1.845187 0.115028 0.969093 -0.218237
-1.463434 0.089081 1.635258 -0.223094 0.974791 0.003527
-1.406159 0.073611 1.558695 -0.285530 0.955204 0.077831
-1.389455 0.065874 1.509728 -0.316525 0.946328 0.065387
-1.400687 0.063347 1.478811 -0.202930 0.978990 -0.019976
-1.406463 0.059853 1.444810 0.273962 -0.960909 0.039984
-1.422920 0.058305 1.417331 -0.669888 0.741487 -0.038043
-1.442528 0.057313 1.391638 0.915692 -0.396106 -0.067883
-1.404816 0.046256 1.334108 0.887192 -0.455722 -0.072168
-1.422721 0.045037 1.308077 0.966026 -0.111327 -0.233238
-1.420249 0.040301 1.271245 0.982435 -0.161002 -0.094334
-1.426090 0.037038 1.239144 0.919741 0.086007 -0.382988
-1.443046 0.035679 1.212826 0.946912 -0.137501 -0.290604
-1.461519 0.034563 1.187174 0.761663 -0.263956 -0.591775
-1.476173 0.032800 1.159593 0.716910 -0.060895 -0.694501
-1.489645 0.030840 1.131441 -0.622276 0.161575 0.765942
-1.510045 0.030005 1.106388 -0.377106 0.225267 0.898357
-1.525683 0.028380 1.079077 -0.090063 0.399226 0.912418
-1.541049 0.026704 1.051579 -0.464442 0.355398 -0.811163
-1.540578 0.022518 1.017510 -0.672654 0.445306 -0.590965
-1.550726 0.020031 0.987980 -0.498997 0.815097 -0.294310
-1.464532 0.002619 0.921307 0.997775 0.024466 0.062019
-1.453253 -0.003006 0.885003 0.984938 -0.083169 -0.151591
-1.448020 -0.007647 0.851416 0.909419 -0.163996 -0.382181
-1.454520 -0.010474 0.822309 0.869530 -0.293825 -0.396969
-1.456011 -0.014037 0.791592 0.822923 -0.347577 -0.449431
-1.465622 -0.016375 0.763721 0.848386 -0.350143 -0.397040
-1.485333 -0.017235 0.739027 0.857742 -0.347347 -0.378984
-1.512404 -0.017055 0.716322 0.871585 -0.349439 -0.343848
-1.528838 -0.018452 0.690096 0.959615 -0.169604 -0.224439
-1.539298 -0.020718 0.662018 0.862234 -0.148946 -0.484116
-1.559995 -0.021546 0.636648 0.883372 -0.097142 -0.458494
-1.583342 -0.022036 0.611679 0.815314 -0.040366 -0.577610
-1.595887 -0.024059 0.583697 -0.736532 0.307553 0.602439
-1.617801 -0.024811 0.557812 0.813554 -0.400889 -0.421210
-1.628841 -0.027073 0.529161 0.709388 -0.444220 -0.547209
-1.637652 -0.029642 0.499945 0.759941 -0.458996 -0.460231
-1.642273 -0.032770 0.469835 0.798771 -0.456127 -0.392318
-1.658264 -0.034396 0.441942 0.752685 -0.502089 -0.425877
-1.669103 -0.036715 0.412903 0.806573 -0.486341 -0.336024
-1.677691 -0.039335 0.383371 0.829680 -0.466791 -0.306164
-1.689895 -0.041498 0.354349 0.827271 -0.497725 -0.260562
-1.706715 -0.043093 0.325860 0.874380 -0.476073 -0.093885
-1.713426 -0.045979 0.295724 0.879147 -0.378639 0.289367
-1.726715 -0.048053 0.266377 0.885534 -0.418376 0.201969
-1.731823 -0.051148 0.235886 0.930333 -0.342786 0.130300
-1.730688 -0.054998 0.204709 0.948224 -0.310998 0.064432
-1.750966 -0.056265 0.175672 0.951438 -0.294711 0.088941
2.021421 -0.532036 -0.089237 -0.130959 -0.983260 0.126683
2.010767 -0.529274 -0.079629 -0.132013 -0.983108 0.126776
2.012875 -0.528393 -0.070125 -0.132010 -0.983167 0.126317
1.997070 -0.524927 -0.060940 -0.133410 -0.983021 0.125983
2.002939 -0.524593 -0.051421 -0.133410 -0.983021 0.125983
2.022559 -0.526185 -0.041210 -0.087953 -0.972162 0.217175
2.011409 -0.523417 -0.032173 -0.091139 -0.975433 0.200560
1.982372 -0.518196 -0.024477 -0.081470 -0.976515 0.199451
2.019470 -0.522134 -0.012573 -0.093729 -0.977515 0.188887
2.001125 -0.518429 -0.004493 -0.099459 -0.981626 0.162846
1.981720 -0.514628 0.003113 -0.101027 -0.983131 0.152469
1.948445 -0.509027 0.008876 0.093341 0.985901 -0.138873
1.915136 -0.503507 0.013948 -0.176081 0.980956 -0.081976
1.905420 -0.501157 0.021293 -0.193697 0.978796 -0.066633
1.927086 -0.502890 0.032725 -0.161103 0.983370 -0.083840
1.934865 -0.502783 0.042601 -0.222850 0.973577 -0.049855
1.976836 -0.506984 0.058053 0.084507 0.989056 -0.120944
2.003906 -0.509200 0.071922 0.103930 0.988565 -0.109257
2.011246 -0.508893 0.082871 0.109312 0.988219 -0.107117
2.000901 -0.506393 0.090655 0.099077 0.990275 -0.097669
2.036248 -0.509456 0.107416 0.144876 0.987285 -0.065409
2.007221 -0.504701 0.111368 0.112248 0.989351 -0.092657
2.031538 -0.506341 0.126590 0.133697 0.989286 -0.058640
2.038226 -0.505845 0.138274 0.123786 0.991038 -0.050209
2.019673 -0.502403 0.143983 0.125981 0.990173 -0.060712
2.045397 -0.504068 0.160638 0.129787 0.983968 -0.122319
2.038220 -0.501940 0.169147 0.129495 0.984056 -0.121922
2.012763 -0.497787 0.172475 0.128808 0.984210 -0.121403
2.036056 -0.499065 0.189370 0.128506 0.984132 -0.122351
2.061007 -0.500450 0.207347 -0.128469 -0.983984 0.123575
2.049599 -0.497858 0.214625 -0.127968 -0.984090 0.123255
2.041928 -0.495685 0.222916 0.128030 0.984093 -0.123162
2.062497 -0.496472 0.240545 0.128227 0.984118 -0.122758
2.050825 -0.493875 0.247565 0.128400 0.984093 -0.122778
2.034421 -0.490823 0.252696 0.127652 0.984123 -0.123314
2.057234 -0.491727 0.272009 -0.128464 -0.984001 0.123443
2.036950 -0.488313 0.275509 -0.128870 -0.983946 0.123462
2.050986 -0.488274 0.292106 -0.128780 -0.983897 0.123945
2.033391 -0.485167 0.296311 -0.128769 -0.983876 0.124126
2.047986 -0.485122 0.313615 -0.129022 -0.983870 0.123911
2.044930 -0.483392 0.323787 0.129241 0.983794 -0.124286
2.049967 -0.482395 0.337560 -0.129492 -0.983747 0.124395
2.034855 -0.479572 0.342407 -0.129498 -0.983725 0.124565
2.035097 -0.478129 0.354150 -0.130372 -0.983540 0.125106
2.042387 -0.477279 0.369388 -0.130964 -0.983525 0.124610
2.040515 -0.475619 0.380417 0.130256 0.983480 -0.125698
2.036735 -0.473792 0.390552 0.129892 0.983598 -0.125153
2.047897 -0.473176 0.408455 -0.130276 -0.983510 0.125441
2.030601 -0.470246 0.411658 0.129547 0.983627 -0.125281
2.042249 -0.469610 0.430299 -0.129537 -0.983638 0.125203
2.043155 -0.468101 0.443395 0.129450 0.983623 -0.125413
2.014436 -0.464367 0.439719 0.128369 0.983806 -0.125092
2.019476 -0.463170 0.455168 0.128290 0.983822 -0.125048
2.024294 -0.461921 0.470774 0.128180 0.983829 -0.125105
2.029737 -0.460681 0.487055 0.127717 0.983929 -0.124792
2.038323 -0.459614 0.505628 -0.128270 -0.983847 0.124867
2.026462 -0.457155 0.511483 -0.127644 -0.984007 0.124248
2.027930 -0.455568 0.525926 -0.127399 -0.984113 0.123659
2.026709 -0.453789 0.538787 0.127844 0.984210 -0.122417
2.023673 -0.451883 0.550553 0.127844 0.984210 -0.122417
2.018039 -0.449815 0.560596 0.127796 0.984223 -0.122364
2.015538 -0.447921 0.572917 0.128261 0.984260 -0.121577
2.021740 -0.446485 0.591750 0.128583 0.984251 -0.121314
2.015656 -0.444357 0.601788 0.128821 0.984204 -0.121436
2.032467 -0.443379 0.629385 0.128833 0.984220 -0.121296
2.025979 -0.441181 0.639545 0.128833 0.984220 -0.121296
2.031089 -0.439518 0.658998 0.129049 0.984235 -0.120944
2.005693 -0.436458 0.653989 0.381095 0.910516 -0.160394
2.033478 -0.435707 0.692676 0.624297 0.741523 -0.245759
2.040767 -0.433990 0.715170 0.727078 0.650327 -0.220071
2.022785 -0.431257 0.716260 0.817404 0.508484 -0.270729
2.035540 -0.429657 0.744255 0.768713 0.571473 -0.287227
2.045590 -0.427873 0.770580 0.749071 0.620338 -0.232535
2.176326 -0.429716 0.909169 0.807394 -0.533700 0.251553
2.339933 -0.431836 1.084154 0.883459 0.463768 0.066475
2.335145 -0.428747 1.103758 0.876686 0.470549 0.100029
2.320813 -0.425401 1.114267 0.871049 0.480740 0.100809
2.302156 -0.421979 1.120352 0.875137 0.474385 0.095365
2.298165 -0.418862 1.141202 0.856993 0.510081 0.073356
2.302158 -0.415832 1.170765 0.850643 0.522619 0.057226
2.312499 -0.412801 1.207832 0.902513 0.430265 -0.018509
2.317465 -0.409591 1.240079 0.932815 0.346130 0.100254
2.310527 -0.406190 1.259915 0.941123 0.326553 0.087473
2.305286 -0.402764 1.281993 0.921126 0.377580 0.094654
2.291223 -0.399274 1.294254 0.941710 0.329686 0.067003
2.293159 -0.395772 1.325466 0.932087 0.360873 0.031394
2.300305 -0.392156 1.363793 0.881463 0.461044 0.102282
2.303635 -0.388436 1.398522 0.909310 0.365342 0.199200
2.291459 -0.384763 1.414658 0.756555 0.644291 0.111867
2.285817 -0.380985 1.439385 0.704354 0.708424 0.044965
2.279179 -0.377162 1.463351 -0.462952 -0.881735 0.090654
2.283503 -0.373059 1.502580 0.457855 0.886946 -0.060793
2.284781 -0.368890 1.538818 0.311435 0.950194 -0.011799
2.279050 -0.364790 1.566284 0.274350 0.959279 -0.067195
2.273441 -0.360608 1.594615 -0.195305 -0.967565 0.160230
2.267928 -0.356339 1.623825 -0.161753 -0.985076 0.058837
2.269138 -0.351721 1.663905 -0.178104 -0.976759 0.119252
2.267452 -0.347078 1.700831 -0.171604 -0.976857 0.127678
2.254912 -0.342814 1.721880 0.183749 0.974730 -0.127035
2.249452 -0.338140 1.754732 0.169537 0.981516 -0.088786
2.250704 -0.332978 1.799608 -0.122554 -0.987646 0.097647
2.242968 -0.328177 1.830946 0.117368 0.989343 -0.086166
2.238713 -0.323042 1.869231 0.084669 0.993630 -0.074366
2.245116 -0.317011 1.927615 0.132205 0.983875 -0.120465
2.222355 -0.312909 1.935611 -0.117214 -0.988174 0.098863
2.195271 -0.309182 1.935434 -0.125691 -0.986687 0.103204
2.171097 -0.305277 1.940216 -0.170406 -0.981703 0.084976
2.147846 -0.301330 1.946488 -0.122244 -0.991208 0.050619
2.123679 -0.297505 1.950705 0.135035 0.989681 -0.047922
2.103471 -0.293312 1.962718 0.139163 0.988840 -0.053198
2.077971 -0.289698 1.963699 -0.131096 -0.989816 0.055474
2.052132 -0.286187 1.963463 -0.150945 -0.987997 0.032820
2.031314 -0.282123 1.973839 0.135264 0.990808 0.001820
2.005570 -0.278706 1.973021 0.114133 0.991204 -0.066999
1.979545 -0.275402 1.970972 0.132925 0.989997 -0.047286
1.955940 -0.271822 1.974139 0.153072 0.987258 -0.043475
1.930869 -0.268516 1.973331 0.141656 0.989711 -0.020125
1.907710 -0.264966 1.976874 0.143203 0.989545 -0.017118
1.881035 -0.262068 1.970818 0.141716 0.988956 -0.043385
1.858678 -0.258485 1.975679 -0.120401 -0.991471 0.049885
1.835629 -0.255064 1.978414 -0.123234 -0.989731 0.072430
1.813568 -0.251483 1.983723 0.142317 0.988329 -0.054324
1.789274 -0.248407 1.982163 0.076241 0.989943 -0.119167
1.767813 -0.244756 1.988873 -0.145054 -0.989022 0.028176
1.744224 -0.241629 1.988686 0.189510 0.981415 -0.030177
1.722972 -0.237963 1.995880 -0.153710 -0.988116 -0.000245
1.701085 -0.234466 2.000936 -0.124863 -0.991996 -0.018798
1.677042 -0.231610 1.998066 0.130398 0.991269 -0.019551
1.654637 -0.228338 2.000708 -0.148289 -0.988623 0.025214
1.632476 -0.225022 2.004073 0.145794 0.989035 0.023531
1.611932 -0.221168 2.013984 0.135018 0.990223 -0.035048
1.589890 -0.217821 2.017863 0.160010 0.987019 -0.013820
1.568028 -0.214419 2.022481 -0.127155 -0.991854 -0.007608
1.545911 -0.211129 2.025894 0.153901 0.985637 0.069527
1.523573 -0.207957 2.028096 -0.175045 -0.980026 -0.094381
1.501960 -0.204462 2.033977 0.093756 0.990911 0.096463
1.480090 -0.201079 2.038653 -0.184692 -0.980286 0.070194
1.457021 -0.198367 2.036225 0.158601 0.985753 -0.056013
1.434188 -0.195607 2.034531 -0.133933 -0.990876 0.015037
1.411846 -0.192605 2.035547 0.150817 0.988372 0.019347
1.390695 -0.188768 2.045206 -0.073707 -0.993179 0.090348
1.367913 -0.186118 2.042797 0.148444 0.988228 -0.037003
1.345760 -0.183014 2.045090 -0.060230 -0.997887 0.024365
1.323580 -0.179940 2.047150 0.115524 0.992926 -0.027438
1.301375 -0.176896 2.048978 0.178628 0.983100 0.040089
1.279148 -0.173883 2.050574 0.180327 0.982631 0.043809
1.256901 -0.170901 2.051937 0.136884 0.988219 0.068460
1.234637 -0.167950 2.053067 -0.200030 -0.978065 -0.058116
1.212359 -0.165031 2.053965 0.138443 0.990369 -0.001843
1.190029 -0.162253 2.053636 0.147737 0.988971 0.010447
1.167795 -0.159179 2.056054 0.215695 0.976399 -0.010985
1.145476 -0.156355 2.056252 0.132759 0.989818 -0.051331
1.123153 -0.153565 2.056217 0.096302 0.994860 -0.031291
1.100829 -0.150922 2.054956 -0.085729 -0.995514 -0.040027
1.078460 -0.147737 2.058427 0.099743 0.990719 0.092341
1.056200 -0.145512 2.053720 -0.111233 -0.989152 -0.095950
1.033514 -0.141557 2.063669 0.159272 0.984339 0.075562
1.011500 -0.139998 2.053536 -0.108824 -0.991874 -0.065907
0.988693 -0.136325 2.061023 0.132245 0.989853 0.051992
0.966299 -0.133761 2.059349 -0.129631 -0.990759 -0.039905
0.943920 -0.131233 2.057441 -0.075115 -0.982171 -0.172329
0.922074 -0.129486 2.049369 0.117254 0.992994 -0.014650
0.899312 -0.126410 2.051939 -0.096054 -0.988079 0.120309
0.877962 -0.125129 2.040458 0.120099 0.991952 -0.040088
0.854481 -0.121353 2.048465 0.092373 0.994032 -0.058037
0.832584 -0.119391 2.042441 -0.110267 -0.991721 0.065812
0.809952 -0.116694 2.042086 -0.104623 -0.990143 0.093113
0.787734 -0.114419 2.038549 0.099353 0.993262 -0.059655
0.765550 -0.112183 2.034781 0.130396 0.988888 -0.071393
0.743739 -0.110249 2.028828 0.133795 0.989734 -0.050253
0.719685 -0.106618 2.035325 0.135826 0.989816 -0.042605
0.697338 -0.104351 2.031819 0.125392 0.989695 -0.069148
0.674217 -0.101577 2.031961 0.120715 0.991296 -0.052535
0.651460 -0.099107 2.029913 0.125234 0.991597 -0.032429
0.626716 -0.095430 2.036313 0.125003 0.988753 -0.082106
0.603618 -0.092880 2.034717 0.127261 0.987284 -0.095261
0.578814 -0.089385 2.039596 0.121657 0.976881 -0.175793
0.554096 -0.086052 2.043226 0.123894 0.981493 -0.146019
0.529756 -0.083024 2.044659 0.112755 0.985916 -0.123518
0.504779 -0.079739 2.047719 -0.118130 -0.982135 0.146479
0.482185 -0.077765 2.041944 -0.122202 -0.979827 0.158131
0.454712 -0.073388 2.052016 0.122227 0.981814 -0.145261
0.430549 -0.070757 2.050426 0.108226 0.984891 -0.135190
0.406959 -0.068449 2.046684 0.118046 0.981246 -0.152384
0.383687 -0.066324 2.041747 0.115699 0.986570 -0.115295
0.359116 -0.063650 2.040288 0.125082 0.986229 -0.108193
0.334489 -0.061008 2.038548 0.115221 0.990684 -0.072591
0.310856 -0.058844 2.033748 0.112844 0.990219 -0.082049
0.284721 -0.055677 2.035139 0.117909 0.990346 -0.072889
0.258831 -0.052688 2.035295 0.111867 0.990070 -0.085135
0.229438 -0.048380 2.043363 -0.108971 -0.987934 0.110053
0.203651 -0.045598 2.041950 -0.112744 -0.976105 0.185761
0.177392 -0.042700 2.041134 -0.115439 -0.979714 0.163813
0.147385 -0.038468 2.048110 0.106437 0.984675 -0.138153
0.120449 -0.035479 2.047515 -0.107835 -0.994004 0.018095
0.096393 -0.033594 2.040345 -0.100939 -0.992755 0.065182
0.073675 -0.032211 2.030245 0.102157 0.978290 -0.180311
0.050608 -0.030718 2.020788 -0.108827 -0.976302 0.187057
0.022629 -0.027572 2.020739 -0.120545 -0.982244 0.143752
-0.004083 -0.024924 2.017714 0.107565 0.982890 -0.149525
-0.035578 -0.020761 2.023040 -0.106034 -0.989247 0.100731
-0.069238 -0.016006 2.031385 0.105309 0.990590 -0.087417
-0.096836 -0.013307 2.028104 0.103443 0.986495 -0.126997
-0.129493 -0.009083 2.033000 0.111053 0.988253 -0.104989
-0.151722 -0.008185 2.019656 -0.106696 -0.985023 0.135448
-0.188292 -0.002934 2.029643 0.112467 0.986672 -0.117600
-0.216277 -0.000391 2.024880 0.098735 0.991086 -0.089443
-0.248590 0.003372 2.026405 0.126456 0.988200 -0.086423
-0.286522 0.008677 2.035728 0.116918 0.991745 -0.052650
-0.319839 0.012523 2.037116 0.113591 0.991958 -0.055824
-0.355028 0.016805 2.040476 0.109797 0.993846 0.014636
-0.376789 0.017235 2.023969 0.087027 0.993047 -0.079272
-0.405883 0.019680 2.017652 0.109629 0.989243 -0.096847
-0.433842 0.021761 2.009370 0.124017 0.982731 -0.137327
-0.467747 0.025388 2.008615 -0.095708 -0.986029 0.136334
-1.137601 0.095445 1.987923 0.124241 0.992043 -0.020378
-1.185857 0.100616 1.987858 -0.101593 -0.994684 0.016818
-1.232887 0.105396 1.985702 0.120392 0.991152 -0.055893
-1.283123 0.110737 1.985370 0.163124 0.984930 -0.057477
-1.338145 0.116951 1.988035 0.129780 0.987818 0.085866
-1.385126 0.121343 1.982850 0.049127 0.996589 0.066305
-1.439185 0.127077 1.982502 0.112544 0.993477 -0.018357
-1.491973 0.132411 1.980020 0.110523 0.990454 -0.082369
-1.548902 0.138445 1.979684 0.083827 0.994115 -0.068615
-1.605334 0.144230 1.977785 0.132668 0.982658 -0.129545
-1.656476 0.148826 1.970812 0.128934 0.984385 -0.119840
-1.714177 0.154582 1.967634 0.117873 0.981705 -0.149537
-1.786628 0.163046 1.973760 0.155151 0.976955 -0.146586
-1.843297 0.168285 1.967332 0.134418 0.978182 -0.158402
-1.909154 0.175129 1.966042 0.144408 0.982952 -0.113803
-1.977792 0.182325 1.965234 0.130629 0.988313 -0.078577
-2.042611 0.188631 1.960529 0.091959 0.989428 -0.112144
-2.111857 0.195590 1.957332 0.070990 0.991698 -0.107212
-2.183077 0.202732 1.953948 0.110205 0.986390 -0.122026
-2.262209 0.211120 1.953892 0.111351 0.984689 -0.134120
-2.340012 0.219064 1.951398 0.100901 0.985873 -0.133690
-2.429288 0.228838 1.953901 0.079894 0.982415 -0.168751
-2.526772 0.239812 1.959109 0.096389 0.984566 -0.146076
-2.635179 0.252419 1.968189 0.165608 0.970495 -0.175250
-2.627294 0.244752 1.912875 0.144890 0.982618 -0.116056
-2.632697 0.239441 1.865264 0.120761 0.988667 -0.089185
-2.632221 0.233189 1.815091 0.142373 0.986053 -0.086197
-2.643522 0.228968 1.771282 0.188359 0.978691 -0.081759
-2.648077 0.223658 1.724459 0.339336 0.931025 -0.134325
-2.638620 0.216103 1.671477 0.338355 0.935209 -0.104402
-2.647378 0.211587 1.627501 0.308923 0.937125 -0.162368
-2.652913 0.206583 1.582347 0.447521 0.880867 -0.154270
-2.660642 0.201966 1.538449 0.363232 0.899043 -0.244509
-2.664212 0.196723 1.493060 -0.398347 -0.905022 0.149178
-0.427585 -0.157620 0.541937 -0.269812 0.938865 0.213854
-0.444358 -0.157355 0.529757 -0.156864 0.940233 0.302252
-0.427735 -0.162225 0.504634 -0.141769 0.747832 0.648574
-0.421902 -0.165393 0.484038 -0.091189 0.894260 0.438159
-0.453117 -0.162973 0.476922 -0.325963 0.582079 0.744938
-0.480609 -0.161180 0.467927 -0.410505 0.542246 0.733113
-0.488354 -0.162352 0.451857 -0.365461 0.618327 0.695780
-0.488392 -0.164650 0.433266 0.589588 0.635055 -0.499090
-0.497679 -0.165599 0.417667 0.611219 0.612206 -0.501612
-0.503018 -0.167123 0.400802 0.638488 0.607005 -0.473157
-0.509133 -0.168537 0.384157 0.794891 0.420115 -0.437781
-0.523676 -0.168774 0.369808 0.953072 -0.136173 -0.270390
-0.520848 -0.171443 0.350658 0.930977 -0.237727 -0.277070
-0.524524 -0.173198 0.333320 0.808038 -0.484483 -0.335189
-0.539581 -0.173407 0.318750 0.681946 -0.678303 -0.273598
-0.534223 -0.176385 0.299240 -0.450166 0.818919 0.355980
-0.536384 -0.178337 0.281591 -0.488952 0.837697 0.243289
-0.545153 -0.179414 0.265358 -0.534651 0.808448 0.246088
-0.558629 -0.179890 0.249947 -0.407927 0.906797 0.106366
-0.539781 -0.184557 0.228293 0.051338 -0.991955 0.115713
-0.532386 -0.187702 0.209135 -0.054780 -0.990253 0.128056
-0.546309 -0.188128 0.193722 -0.065162 -0.987631 0.142618
-0.513989 -0.194355 0.170949 -0.101167 -0.987230 0.123058
-0.462699 -0.202833 0.146211 -0.088171 -0.966034 0.242909
-0.485853 -0.202066 0.132504 -0.233123 -0.970494 0.061605
-0.475385 -0.205418 0.114252 -0.125096 -0.930393 0.344559
-0.471616 -0.207934 0.097016 -0.375967 -0.873447 0.309418
-0.463705 -0.210924 0.079487 0.471325 0.818538 -0.328402
-0.447685 -0.214835 0.061432 0.286168 0.826192 -0.485299
-0.438388 -0.217921 0.044287 -0.313751 0.808324 -0.498169
-0.426917 -0.221225 0.027219 -0.313751 0.808324 -0.498169
-0.366649 -0.230018 0.007557 -0.339870 0.774050 -0.534167
-0.324988 -0.236570 -0.009919 0.025833 -0.802533 0.596048
-0.311919 -0.239847 -0.025425 -0.009986 -0.801946 0.597313
-0.322529 -0.240498 -0.039998 -0.051391 -0.814868 0.577365
2.381558 -0.576927 -0.013674 -0.557755 0.829176 0.037089
2.376798 -0.573696 0.006842 -0.594897 0.799585 -0.082226
2.371823 -0.570448 0.027251 -0.238845 0.960675 0.141622
2.372579 -0.567974 0.047751 -0.338103 0.940520 0.033290
2.372131 -0.565335 0.068221 -0.412995 0.908032 0.070096
2.378399 -0.563572 0.089060 -0.542667 0.838340 0.051948
2.383458 -0.561631 0.109968 0.642812 -0.765196 0.035602
2.382362 -0.558886 0.130537 -0.600930 0.799241 0.009823
2.387969 -0.556987 0.151687 0.635449 -0.764941 -0.105214
2.409154 -0.557019 0.174492 0.672146 -0.736319 -0.077811
2.397519 -0.552922 0.194255 -0.663015 0.747982 -0.030574
2.401458 -0.550758 0.215649 -0.686098 0.721991 -0.089436
2.395321 -0.547356 0.235875 0.711669 -0.690465 0.129559
2.393230 -0.541785 0.277612 0.751611 -0.645891 0.133815
2.390383 -0.538780 0.298243 0.740022 -0.668103 0.077496
2.397113 -0.536883 0.320517 0.729165 -0.681415 0.063180
2.394796 -0.533923 0.341356 0.743818 -0.662587 0.087822
2.400067 -0.531818 0.363681 0.749068 -0.638433 0.176920
2.397295 -0.528788 0.384562 0.751039 -0.598661 0.278470
2.402080 -0.526589 0.407087 0.705539 -0.652887 0.275596
2.396911 -0.523281 0.427561 0.265230 -0.931734 0.248042
2.393465 -0.520159 0.448425 -0.099955 -0.991584 0.082279
2.399455 -0.518037 0.471645 -0.311613 -0.949315 -0.041225
2.396508 -0.514947 0.492793 -0.347401 -0.937553 -0.017538
2.393333 -0.511828 0.513926 0.355468 0.933413 0.048816
2.392807 -0.508974 0.535847 0.275450 0.959331 -0.061730
2.383439 -0.505217 0.555297 0.270073 0.961785 -0.045061
2.380546 -0.502112 0.576627 -0.265910 -0.962683 0.050330
2.381220 -0.499347 0.599146 0.232925 0.972206 -0.023685
2.375011 -0.495900 0.619576 -0.231122 -0.972664 0.022507
2.378967 -0.493417 0.643440 -0.241385 -0.970367 -0.011028
2.370413 -0.489737 0.663179 -0.300054 -0.953589 0.025208
2.373841 -0.487162 0.687201 0.428409 0.902837 0.036759
2.376980 -0.484531 0.711360 0.469963 0.880647 0.059970
2.377968 -0.481678 0.734937 -0.491236 -0.870999 -0.006860
2.377750 -0.478695 0.758240 0.510131 0.859887 -0.018974
2.378182 -0.475746 0.781989 0.525144 0.848787 -0.061522
2.381087 -0.472981 0.806983 0.523725 0.850298 -0.052013
2.370873 -0.469098 0.826571 0.512283 0.857570 -0.046257
2.373216 -0.466240 0.851707 0.584145 0.808753 -0.068505
2.374340 -0.463251 0.876560 0.756293 0.653325 -0.034458
2.358908 -0.458942 0.893884 0.805181 0.590550 -0.054180
2.358596 -0.455808 0.918350 0.880185 0.471208 0.056902
2.357090 -0.452557 0.942458 0.886220 0.457523 0.072715
2.343727 -0.448415 0.960747 0.889873 0.449400 0.078519
2.344347 -0.445285 0.986240 0.901891 0.424673 0.079035
2.347285 -0.442282 1.013257 0.934818 0.348403 0.068785
2.350743 -0.439272 1.040915 0.923076 0.374470 0.087762
2.349482 -0.435903 1.066304 0.892906 0.439430 0.098080
2.366072 -0.433657 1.102230 0.948211 0.296875 0.112968
2.364920 -0.430200 1.128470 0.935170 0.330453 0.127503
2.351460 -0.425956 1.147578 0.849132 0.524605 0.061360
2.347156 -0.422265 1.172294 0.877014 0.475426 -0.069404
2.336633 -0.418190 1.193304 0.880789 0.471043 -0.048268
2.331751 -0.414425 1.218012 0.902513 0.430265 -0.018509
2.330726 -0.410843 1.245497 0.944615 0.292406 0.149002
2.341750 -0.407847 1.281477 0.972713 0.189873 0.133331
2.355520 -0.404900 1.320084 0.979403 0.195516 0.050429
2.354005 -0.401115 1.348731 0.980540 0.196319 -0.000469
2.336706 -0.396555 1.366368 0.998840 0.042415 0.022795
2.338545 -0.392858 1.398026 0.969193 0.245010 0.025217
2.338335 -0.389013 1.428659 -0.131323 0.986508 -0.097758
2.351155 -0.385638 1.469798 -0.466858 0.851209 -0.239764
2.343685 -0.381377 1.495899 -0.290822 0.945669 -0.145374
2.342111 -0.377299 1.527006 -0.134013 0.977967 -0.160064
2.340096 -0.373150 1.558233 -0.190352 0.972279 -0.135789
2.346064 -0.369199 1.596640 -0.050497 -0.990774 0.125763
2.349160 -0.365069 1.633379 -0.056031 -0.994939 0.083403
2.355462 -0.360942 1.673635 -0.096913 -0.982815 0.157105
2.352925 -0.356491 1.706868 0.102205 0.986622 -0.127005
2.343249 -0.351813 1.734163 -0.096778 -0.988906 0.112691
2.335406 -0.347137 1.763476 0.099692 0.991228 -0.086772
2.326432 -0.342397 1.792117 0.124356 0.988230 -0.089092
2.330709 -0.337823 1.833976 0.170181 0.982680 -0.073342
2.330053 -0.333074 1.871887 0.152298 0.984780 -0.083745
2.316847 -0.328102 1.897896 0.143640 0.983190 -0.112717
2.288678 -0.322980 1.908755 0.135321 0.984486 -0.111691
2.252901 -0.317865 1.911258 -0.125946 -0.988909 0.078719
2.214541 -0.312833 1.910297 0.121631 0.984519 -0.126206
2.184476 -0.307907 1.917611 0.130894 0.983735 -0.123014
2.161107 -0.303025 1.931964 -0.156427 -0.984715 0.076600
2.134332 -0.298185 1.942272 -0.158590 -0.986735 0.034693
2.103618 -0.293423 1.947674 0.126220 0.990050 -0.062213
2.068470 -0.288779 1.947285 0.141701 0.987020 -0.075585
2.034773 -0.284209 1.947923 0.128996 0.987573 -0.089779
1.997472 -0.279793 1.943397 -0.127527 -0.986778 0.100029
1.967238 -0.275342 1.946949 0.134918 0.985978 -0.098206
1.938315 -0.270930 1.951666 0.139434 0.986590 -0.084847
1.910659 -0.266546 1.957588 0.142772 0.987543 -0.066140
1.879471 -0.262328 1.958322 0.133693 0.988220 -0.074480
1.851350 -0.258084 1.962670 0.140668 0.987772 -0.067222
1.816360 -0.254166 1.956852 0.076673 0.978632 -0.190791
1.785052 -0.250206 1.955455 -0.125861 -0.982716 0.135752
1.757840 -0.246147 1.959415 -0.167046 -0.984106 0.060261
1.735101 -0.241923 1.969689 -0.170192 -0.984833 0.033737
1.711742 -0.237756 1.978861 0.147417 0.988516 -0.033245
1.691000 -0.233465 1.991983 0.128596 0.991258 -0.029508
1.664861 -0.229518 1.996385 0.158739 0.987286 -0.008214
1.638761 -0.225621 2.000459 0.147488 0.989017 0.009679
1.608131 -0.222105 1.996462 0.133909 0.990541 0.029939
1.584696 -0.218134 2.004167 0.128961 0.991468 0.019003
1.552401 -0.214920 1.995927 0.131377 0.991204 -0.015983
1.524245 -0.211468 1.994243 -0.152702 -0.987319 0.043398
1.500957 -0.207648 2.000998 0.110396 0.993496 -0.027885
1.473478 -0.204272 1.999516 -0.135428 -0.989772 0.044849
1.451581 -0.200396 2.008361 -0.148294 -0.988495 0.029756
1.429163 -0.196594 2.016072 -0.166327 -0.984104 -0.062252
1.407994 -0.192669 2.026231 -0.121845 -0.992549 0.000111
1.380757 -0.189495 2.023519 0.161650 0.986755 0.013575
1.360752 -0.185470 2.035894 0.145429 0.989369 0.000159
1.335299 -0.182179 2.036215 0.209056 0.977621 0.023512
1.310729 -0.178826 2.038062 -0.096975 -0.995193 -0.013699
1.285049 -0.175699 2.036859 0.143408 0.988915 0.038499
1.262887 -0.172082 2.043660 0.153246 0.985976 0.066080
1.238091 -0.168930 2.043728 0.147718 0.988633 0.027990
1.213019 -0.165894 2.042572 0.102898 0.992100 0.071763
1.189100 -0.162715 2.043923 0.145366 0.989345 0.008090
1.164214 -0.159784 2.042185 0.148953 0.986990 0.060527
1.138452 -0.157114 2.037328 0.109113 0.994003 -0.007186
1.114784 -0.154086 2.037831 0.156370 0.987638 -0.010908
1.093346 -0.150598 2.044699 -0.140507 -0.989910 -0.018333
1.070633 -0.147429 2.047539 0.162860 0.982558 0.089756
1.047056 -0.144522 2.047266 0.154483 0.987327 0.036341
1.026351 -0.140892 2.056296 0.154281 0.987487 0.032656
1.004979 -0.137435 2.063197 0.134024 0.987852 0.078656
0.980919 -0.134800 2.060253 0.115489 0.990522 0.074355
0.959229 -0.131484 2.065719 0.160820 0.986983 -0.000649
0.936759 -0.128443 2.068056 0.183604 0.974737 -0.127190
0.915441 -0.125014 2.074998 0.180794 0.965415 -0.187851
0.893588 -0.121778 2.079777 -0.154267 -0.973325 0.169822
0.871683 -0.118568 2.084326 0.143754 0.959052 -0.244036
0.849527 -0.115475 2.087671 0.173524 0.964286 -0.200104
0.827723 -0.112232 2.092737 0.071679 0.912706 -0.402281
0.805494 -0.109197 2.095616 -0.110594 -0.938268 0.327752
0.783580 -0.106007 2.100224 0.294898 0.913755 -0.279441
0.761288 -0.103032 2.102639 -0.095806 -0.818229 0.566852
0.739126 -0.099993 2.105802 -0.296984 -0.830685 0.470918
0.716653 -0.097179 2.106763 -0.194116 -0.892094 0.408028
0.693803 -0.094697 2.104526 0.323618 0.911875 -0.252500
0.672436 -0.091053 2.113900 0.205903 0.917210 0.341072
0.649610 -0.088642 2.111189 0.229648 0.973194 -0.012481
0.627829 -0.085245 2.118135 -0.062938 -0.977421 -0.201712
0.604797 -0.083222 2.111976 0.189572 0.976276 -0.104629
0.582442 -0.080512 2.112513 -0.050731 -0.997374 -0.051688
0.560089 -0.077836 2.112815 0.161101 0.974592 0.155616
0.537796 -0.075085 2.113877 0.120082 0.983098 0.138195
0.515939 -0.071271 2.124635 -0.156311 -0.963289 -0.218269
0.493102 -0.069903 2.113314 0.033170 0.858259 0.512145
0.470844 -0.067029 2.115663 0.138039 0.877872 0.458569
0.448525 -0.064295 2.116785 0.136012 0.925327 0.353935
0.426211 -0.060562 2.126616 -0.073881 -0.979523 -0.187287
0.403757 -0.057996 2.126277 -0.080101 -0.985282 -0.151010
0.381444 -0.056399 2.117760 0.140067 0.953208 0.267910
0.359162 -0.054264 2.113978 0.140405 0.968564 0.205353
0.336450 -0.050621 2.122863 0.139833 0.983665 0.113353
0.314220 -0.048675 2.117623 0.152799 0.972484 0.175863
0.291907 -0.046408 2.115126 -0.133755 -0.976173 -0.170869
0.269211 -0.043444 2.118338 0.119062 0.988308 0.095245
0.246666 -0.040875 2.118341 -0.094390 -0.990005 -0.104785
0.224279 -0.038587 2.116131 0.089651 0.990792 0.101462
0.202213 -0.036713 2.110726 0.085612 0.992036 0.092391
0.179678 -0.034247 2.110025 -0.112423 -0.986953 -0.115255
0.157370 -0.032069 2.107117 -0.100365 -0.992736 -0.066347
0.135090 -0.029927 2.103977 -0.095748 -0.993718 -0.057940
0.113265 -0.028212 2.097661 0.112789 0.993508 0.014848
0.090471 -0.025625 2.097981 0.101557 0.994692 0.016544
0.067467 -0.022936 2.099035 0.121663 0.991967 0.034629
0.045261 -0.020938 2.094958 0.113618 0.993520 -0.002977
0.024375 -0.019912 2.083833 0.116062 0.992377 -0.041440
0.000007 -0.016385 2.090973 0.113215 0.993543 0.007323
-0.023341 -0.013686 2.092013 -0.130621 -0.991284 -0.017131
-0.045483 -0.011831 2.086991 -0.111195 -0.993201 0.034449
-0.069587 -0.008784 2.090424 0.109569 0.993511 0.030515
-0.093354 -0.006036 2.091658 0.102286 0.994401 0.026527
-0.118182 -0.002763 2.096464 0.111460 0.992290 0.054201
-0.143173 0.000489 2.100980 -0.105256 -0.992702 -0.058864
-0.168062 0.003577 2.104250 0.102598 0.993453 0.050240
-0.192813 0.006498 2.106278 -0.113157 -0.992507 -0.046095
-0.217962 0.009534 2.108969 -0.109116 -0.992646 -0.052419
-0.242360 0.012116 2.108530 0.096328 0.993475 0.061066
-0.267129 0.014810 2.108756 0.100192 0.994120 0.041064
-0.291354 0.017186 2.106820 -0.105885 -0.994087 -0.024078
-0.314974 0.019239 2.102740 0.107625 0.993945 0.022147
-0.339260 0.021545 2.100264 0.099528 0.993967 0.046080
-0.360835 0.022653 2.090089 -0.104144 -0.994525 -0.008613
-0.385463 0.025030 2.088016 -0.103433 -0.994295 -0.026074
-0.408689 0.026786 2.081979 -0.126566 -0.991741 -0.020760
-0.436352 0.030269 2.086685 0.123888 0.991405 0.042045
-0.468413 0.035350 2.101076 0.104515 0.982888 0.151684
-0.494612 0.038043 2.100492 0.102205 0.992430 0.068091
-0.520902 0.040702 2.099592 0.090381 0.991735 0.091064
-0.548513 0.043775 2.101072 0.103224 0.994447 0.020483
-0.578366 0.047563 2.106682 0.106491 0.994185 0.016015
-0.589981 0.044867 2.073607 0.134324 0.990895 -0.009135
-0.595311 0.040148 2.029017 -0.155802 -0.987688 0.014075
-0.594442 0.033541 1.973987 -0.134991 -0.966474 0.218415
-0.606714 0.031543 1.946383 0.109612 0.973251 -0.201909
-0.611056 0.027061 1.904809 0.111582 0.976680 -0.183427
-0.616070 0.022967 1.865973 0.075891 0.988736 -0.129006
-0.621355 0.019115 1.828980 0.059567 0.995161 -0.078144
-0.632898 0.017341 1.804077 -0.056677 -0.995245 0.079216
-0.649068 0.017046 1.787651 -0.048888 -0.994751 0.089887
-0.627124 0.005364 1.708547 -0.117762 0.987406 -0.105651
-0.595302 -0.008856 1.616693 0.239496 -0.969764 0.046895
-0.641131 -0.000093 1.650839 0.188290 -0.979797 0.067409
-0.655483 -0.000585 1.634490 0.189113 -0.977049 0.098037
-0.649363 -0.006822 1.587591 0.235363 -0.970380 0.054462
-0.655165 -0.009562 1.559804 -0.229364 0.969918 -0.081551
-0.657682 -0.013118 1.528026 0.238410 -0.968844 0.067094
-0.677418 -0.011924 1.521327 0.180857 -0.980200 0.080618
-0.682016 -0.014789 1.493622 0.149841 -0.983252 0.103747
-0.682615 -0.018623 1.461244 -0.324937 0.943116 -0.070344
-0.671289 -0.025443 1.414095 0.256554 -0.958046 0.127777
-0.685787 -0.025483 1.401668 -0.224660 0.966155 -0.126777
-0.698304 -0.026022 1.386779 -0.123704 0.980746 -0.151108
-0.128255 -0.173317 0.640764 0.725129 0.603745 -0.331180
-0.090468 -0.184185 0.582199 -0.501195 -0.843000 0.195334
-0.057829 -0.199007 0.486879 -0.528120 0.587213 -0.613409
-0.073991 -0.197961 0.482316 0.475021 0.840472 0.260696
-0.080680 -0.197768 0.478471 -0.279739 -0.955774 -0.090791
-0.066810 -0.202059 0.454558 0.325659 -0.826414 0.459331
-0.092551 -0.197732 0.469167 0.419932 0.875887 0.237654
-0.173572 -0.181748 0.534508 0.138006 0.953248 -0.268834
-0.149498 -0.188235 0.500902 0.231276 0.764067 0.602256
-0.221293 -0.174643 0.554147 -0.301791 0.097866 0.948338
-0.247425 -0.170751 0.564930 -0.412048 0.073418 0.908199
-0.201803 -0.181546 0.513507 -0.063087 0.120429 0.990715
-0.270291 -0.169157 0.559631 -0.270700 -0.218453 0.937550
-0.297800 -0.165199 0.569885 0.034113 0.999105 0.025017
-0.297087 -0.166889 0.556726 0.095246 0.988463 -0.117768
-0.303950 -0.167076 0.549758 0.095246 0.988463 -0.117768
-0.303693 -0.168638 0.537289 0.095246 0.988463 -0.117768
-0.309575 -0.169006 0.529645 0.095208 0.988372 -0.118560
-0.341660 -0.164437 0.541272 0.094283 0.988867 -0.115118
-0.314679 -0.170989 0.509558 0.097850 0.987709 -0.121884
-0.336447 -0.168418 0.513183 0.096926 0.988219 -0.118441
-0.342078 -0.168857 0.505202 0.097466 0.988076 -0.119193
-0.325468 -0.173315 0.482266 0.099818 0.987409 -0.122719
-0.346479 -0.170965 0.484723 0.101202 0.987226 -0.123061
-0.337664 -0.173951 0.467559 0.101312 0.987181 -0.123325
-0.343655 -0.174294 0.460099 0.101401 0.987141 -0.123574
-0.357166 -0.173338 0.457220 0.103205 0.986964 -0.123497
-0.352873 -0.175466 0.443447 0.102225 0.986948 -0.124434
-0.368028 -0.174262 0.441294 -0.103023 -0.986856 0.124506
-0.352273 -0.178285 0.421240 0.005238 -0.992134 0.125068
-0.354347 -0.179274 0.411668 0.015767 -0.992409 0.121964
-0.361525 -0.179416 0.404934 0.240959 -0.961053 0.135336
-0.363398 -0.180431 0.395324 0.362179 -0.927184 0.095687
-0.384515 -0.178337 0.395697 -0.447597 0.882330 -0.145432
-0.376530 -0.180940 0.381019 -0.532540 0.843204 -0.073547
-0.385225 -0.180871 0.374818 -0.545198 0.837594 -0.034582
-0.401927 -0.179566 0.372309 -0.544236 0.836686 -0.061350
-0.401592 -0.180935 0.361591 -0.465238 0.873555 -0.143021
-0.405638 -0.181621 0.352958 -0.309780 0.903141 -0.297276
-0.407778 -0.182595 0.343491 -0.323883 0.945934 -0.017568
-0.409811 -0.183580 0.334022 -0.249504 0.597414 0.762131
-0.399830 -0.186342 0.319641 -0.333160 0.707480 0.623278
-0.544670 -0.174949 0.298618 -0.494721 0.815333 0.300805
-0.562244 -0.173949 0.293000 -0.559786 0.759897 0.330448
-0.576013 -0.173505 0.285892 -0.553464 0.752460 0.357046
-0.552632 -0.178051 0.267615 -0.534651 0.808448 0.246088
-0.582430 -0.175495 0.264981 -0.564161 0.766971 0.305740
-0.546217 -0.181643 0.243822 0.277554 -0.958637 -0.063073
-0.552877 -0.182136 0.234701 0.051338 -0.991955 0.115713
-0.610358 -0.177568 0.226702 -0.637749 0.539639 0.549606
-0.737879 -0.163030 0.244242 -0.449163 -0.891583 0.057723
-0.831935 -0.152976 0.251808 -0.075939 -0.989354 0.124143
-0.830967 -0.154803 0.237907 -0.076128 -0.989280 0.124619
-0.871762 -0.151562 0.232189 -0.075516 -0.989163 0.125913
-0.836383 -0.157542 0.211696 0.067582 0.990266 -0.121676
-0.691079 -0.176428 0.173085 0.233357 0.966387 0.107897
-0.445052 -0.206702 0.121387 -0.256465 -0.916890 0.305842
-0.385668 -0.214724 0.103159 0.360224 -0.780502 0.510936
-0.383062 -0.216091 0.094187 -0.365018 0.768546 -0.525452
-0.386268 -0.216790 0.086051 -0.365018 0.768546 -0.525452
-0.457493 -0.209896 0.085952 0.471325 0.818538 -0.328402
-0.636535 -0.191284 0.096033 0.961567 -0.257509 -0.095281
-0.781278 -0.176878 0.099002 -0.088888 -0.988035 0.126041
-0.757828 -0.180973 0.084296 0.113363 0.985203 -0.128549
-0.750062 -0.183332 0.071311 0.113363 0.985203 -0.128549
-0.678639 -0.192362 0.054308 0.128826 0.985505 -0.110377
-0.729132 -0.188538 0.045595 -0.115533 -0.985314 0.125729
-0.691123 -0.193921 0.031853 -0.118561 -0.985438 0.121878
-0.735475 -0.190860 0.021769 -0.115078 -0.985685 0.123216
-0.712100 -0.194683 0.009135 -0.134459 -0.980893 0.140606
-0.675646 -0.199735 -0.003182 0.052282 -0.976289 0.210062
5.939546 -1.021637 0.217190 0.073171 0.995397 0.061889
5.941491 -1.014202 0.278362 0.084012 0.995158 0.051012
5.934873 -1.005680 0.339064 0.090191 0.995267 0.036172
5.941477 -0.998796 0.400692 0.100579 0.994712 0.020782
5.943476 -0.991316 0.462137 0.091441 0.995707 0.014368
5.975462 -0.987441 0.526619 0.086757 0.996209 -0.006459
5.995886 -0.982079 0.590637 0.067541 0.997132 -0.034158
5.997862 -0.974460 0.653025 -0.028271 -0.997392 0.066414
5.990312 -0.965699 0.714361 -0.040484 -0.997118 0.064164
5.996881 -0.958568 0.777650 -0.049285 -0.995294 0.083429
5.993927 -0.950307 0.839810 -0.042874 -0.994593 0.094582
5.996203 -0.942617 0.902921 -0.051288 -0.994287 0.093614
5.994863 -0.934490 0.965650 -0.066414 -0.992423 0.103376
6.001658 -0.927234 1.030036 -0.077548 -0.990461 0.113900
6.006774 -0.919746 1.094462 -0.093982 -0.989013 0.114109
6.005340 -0.911506 1.157900 0.074972 0.990782 -0.112829
6.010031 -0.903886 1.222870 -0.094046 -0.988156 0.121260
6.000422 -0.894719 1.284983 0.076432 0.988612 -0.129636
6.004679 -0.886974 1.350445 0.081419 0.987751 -0.133115
5.991790 -0.877429 1.412056 -0.087058 -0.986581 0.138124
6.003306 -0.870333 1.480002 -0.117156 -0.983219 0.139842
6.010202 -0.862702 1.547289 -0.116939 -0.983022 0.141397
6.000039 -0.853340 1.610287 -0.121157 -0.982105 0.144192
5.989200 -0.843895 1.673225 -0.094363 -0.982906 0.158087
5.985309 -0.835090 1.738407 -0.097219 -0.982689 0.157703
5.970243 -0.825202 1.800383 -0.095364 -0.981525 0.165877
5.820976 -0.802967 1.818667 -0.094170 -0.981009 0.169569
5.630393 -0.777377 1.820001 -0.118355 -0.978025 0.171636
5.455412 -0.753681 1.822806 0.133420 0.978497 -0.157300
5.297806 -0.731968 1.828243 0.128350 0.981843 -0.139682
5.144368 -0.711029 1.831978 -0.134561 -0.981614 0.135375
4.998825 -0.691162 1.835568 0.146809 0.980871 -0.127824
4.859282 -0.672177 1.838522 0.139365 0.983856 -0.112267
4.728484 -0.654274 1.842155 0.119996 0.985074 -0.123411
4.601773 -0.637042 1.844804 0.107027 0.982825 -0.150334
4.490126 -0.621326 1.851347 0.123317 0.978667 -0.164331
4.373336 -0.605507 1.853325 0.126084 0.975834 -0.178470
4.274190 -0.591324 1.860955 0.124706 0.971592 -0.201142
4.168102 -0.576886 1.863320 -0.128826 -0.971524 0.198859
4.071378 -0.563403 1.868013 0.147146 0.967614 -0.205113
3.974079 -0.550132 1.870448 -0.169951 -0.971768 0.163655
3.874469 -0.536960 1.869699 -0.125590 -0.984719 0.120649
3.792087 -0.525211 1.875849 -0.087563 -0.979881 0.179346
3.708204 -0.513576 1.879543 0.131406 0.976062 -0.173305
3.628127 -0.502404 1.883611 0.160218 0.974683 -0.155958
3.557043 -0.491998 1.891106 0.131113 0.980116 -0.148937
3.487897 -0.481889 1.898318 0.125648 0.979019 -0.160419
3.420680 -0.472069 1.905309 0.138776 0.977134 -0.161089
3.351957 -0.462332 1.910072 0.141640 0.977497 -0.156327
3.280928 -0.452646 1.912036 0.122015 0.980880 -0.151612
3.212726 -0.443298 1.914329 -0.123092 -0.981731 0.145092
3.148161 -0.434316 1.917579 0.116397 0.983438 -0.138928
3.085516 -0.425598 1.920795 0.128364 0.984191 -0.122030
3.018979 -0.416856 1.920117 0.121510 0.984155 -0.129129
2.959341 -0.408611 1.922809 0.123767 0.982563 -0.138754
2.899947 -0.400531 1.924468 0.117371 0.983922 -0.134620
2.852157 -0.393094 1.933291 0.111227 0.988429 -0.103135
2.792410 -0.385293 1.932427 0.140450 0.986804 -0.080569
2.740147 -0.377937 1.935946 0.116421 0.989026 -0.090963
2.691257 -0.370836 1.941028 -0.122296 -0.987749 0.096935
2.640177 -0.363784 1.943449 -0.128538 -0.987322 0.093127
2.571390 -0.356303 1.930616 -0.115842 -0.987170 0.109887
2.516267 -0.349437 1.927350 0.138086 0.987252 -0.079151
2.472960 -0.343048 1.932783 -0.137648 -0.985547 0.098746
2.433588 -0.336864 1.940774 0.118157 0.989939 -0.077845
2.385260 -0.330564 1.940262 -0.117584 -0.987197 0.107780
2.343152 -0.324523 1.944283 -0.129490 -0.987688 0.087778
2.296021 -0.318495 1.942926 -0.124529 -0.988059 0.090731
2.258669 -0.312753 1.949654 0.139126 0.988364 -0.061484
2.216326 -0.307029 1.950999 -0.155446 -0.984909 0.076097
2.181359 -0.301498 1.958635 -0.143653 -0.987777 0.060495
2.139342 -0.295983 1.958723 -0.154217 -0.987196 0.040747
2.103870 -0.290620 1.964548 -0.138534 -0.989185 0.048178
2.069183 -0.285341 1.970566 -0.146170 -0.989036 0.021021
2.037333 -0.280143 1.978978 -0.150439 -0.988572 0.009637
1.996653 -0.275026 1.977426 0.126350 0.989796 -0.065875
1.956204 -0.270021 1.975246 -0.153503 -0.987362 0.039397
1.919325 -0.265106 1.976172 0.155899 0.987628 -0.016915
1.888542 -0.260223 1.983323 0.137832 0.990453 -0.002468
1.852593 -0.255473 1.983974 0.153351 0.986732 -0.053319
1.816171 -0.250826 1.983330 0.142317 0.988329 -0.054324
1.786925 -0.246140 1.990645 0.109710 0.993667 -0.024301
1.757075 -0.241524 1.996790 0.194926 0.980669 -0.017082
1.731601 -0.236857 2.008031 0.148318 0.987578 0.051886
1.703011 -0.232315 2.014999 0.120235 0.991776 0.043858
1.672635 -0.227886 2.019198 0.199394 0.979892 0.007378
1.638177 -0.223674 2.017358 -0.130039 -0.991286 0.021012
1.602747 -0.219599 2.013404 -0.148374 -0.988737 0.019609
1.571019 -0.215472 2.013834 0.145620 0.989010 -0.025574
1.536591 -0.211558 2.009716 -0.148965 -0.988676 0.018150
1.511363 -0.207281 2.018351 0.170820 0.985268 0.008190
1.478929 -0.203438 2.015845 -0.142766 -0.989714 0.009205
1.449948 -0.199487 2.017924 0.154998 0.987390 0.032183
1.423202 -0.195465 2.023000 0.159469 0.984385 0.074537
1.394384 -0.191636 2.024341 0.145782 0.988623 0.037032
1.361540 -0.188172 2.018463 0.148513 0.986394 0.070500
1.331487 -0.184606 2.016431 0.129448 0.990472 0.046998
1.307589 -0.180622 2.024387 0.118249 0.992889 0.013711
1.281201 -0.176887 2.027712 -0.163116 -0.982369 -0.091347
1.259673 -0.172758 2.039468 0.138862 0.990303 -0.004201
1.233774 -0.169063 2.043072 0.130636 0.981627 0.139078
1.209304 -0.165273 2.049018 0.138308 0.990379 -0.004561
1.183011 -0.161721 2.051118 0.124792 0.992126 -0.010629
1.154565 -0.158480 2.048426 0.129404 0.990611 0.044104
1.127153 -0.155203 2.047167 0.136194 0.989996 0.036869
1.096896 -0.152373 2.039242 0.136303 0.989088 0.055914
1.071064 -0.149065 2.039993 -0.113117 -0.993389 -0.019542
1.049381 -0.145230 2.049551 -0.171495 -0.984028 -0.047731
1.024022 -0.141954 2.050638 0.159141 0.986287 0.043729
0.998347 -0.138791 2.050504 0.133663 0.991019 0.003919
0.976921 -0.134987 2.060223 0.154342 0.986521 0.054351
0.950596 -0.132044 2.057664 0.121350 0.992596 0.005293
0.926919 -0.128698 2.061304 0.131778 0.990951 -0.025525
0.903599 -0.125323 2.065613 0.121965 0.992227 -0.024681
0.877896 -0.122472 2.063097 0.076909 0.990780 -0.111532
0.853312 -0.119465 2.063100 0.153505 0.974678 -0.162603
0.831039 -0.115998 2.069434 0.111371 0.993218 -0.033380
0.803135 -0.113896 2.058468 0.162506 0.984981 -0.058349
0.780924 -0.110512 2.064272 0.146066 0.987302 -0.062453
0.757211 -0.107544 2.065071 -0.163091 -0.984098 0.070378
0.733546 -0.104619 2.065605 -0.145430 -0.984714 0.095859
0.709393 -0.101899 2.063956 0.153330 0.988175 0.000223
0.685334 -0.099229 2.062035 0.116721 0.987881 -0.102311
0.661623 -0.096525 2.060807 -0.100027 -0.987197 0.124244
0.637992 -0.093869 2.059314 0.136581 0.984864 -0.106714
0.615363 -0.090915 2.061437 -0.108124 -0.988939 0.101531
0.592520 -0.088084 2.062345 -0.132057 -0.975794 0.174320
0.569495 -0.085382 2.062032 -0.118080 -0.983026 0.140417
0.547518 -0.082267 2.066348 -0.108909 -0.979141 0.171529
0.525304 -0.079272 2.069456 0.147188 0.988599 -0.031758
0.503422 -0.076121 2.074288 -0.134943 -0.990267 -0.034070
0.481140 -0.073187 2.076931 0.093988 0.988896 -0.115114
0.458995 -0.070187 2.080321 -0.010646 0.993647 -0.112038
0.436813 -0.067217 2.083480 -0.007526 -0.993144 0.116652
0.413907 -0.064773 2.081479 -0.010137 -0.994367 0.105505
0.392343 -0.061366 2.089101 0.118359 0.992885 0.013029
0.368774 -0.059608 2.080696 0.022116 0.991170 -0.130738
0.347110 -0.056257 2.087858 0.119958 0.991269 -0.054734
0.324835 -0.053446 2.089847 -0.082247 -0.996555 -0.010683
0.302365 -0.050879 2.089623 0.158864 0.987087 -0.020513
0.280218 -0.047920 2.093128 -0.059792 -0.996434 -0.059542
0.257880 -0.045204 2.094419 0.052770 0.991425 0.119548
0.235252 -0.043069 2.090515 -0.109784 -0.992278 -0.057715
0.213158 -0.039869 2.096301 -0.094677 -0.990388 -0.100837
0.190882 -0.036915 2.099871 -0.133809 -0.990803 -0.020120
0.168250 -0.035346 2.091289 0.113223 0.993562 0.003849
0.145931 -0.032687 2.092406 0.107224 0.994187 0.009715
0.123586 -0.030174 2.092296 -0.088366 -0.996064 0.006982
0.101238 -0.027696 2.091953 0.101327 0.994344 -0.031838
0.078892 -0.025251 2.091377 0.116297 0.993202 -0.004922
0.056379 -0.022127 2.096523 0.103000 0.994579 0.014277
0.034212 -0.020466 2.089526 0.124681 0.991996 -0.019951
0.011884 -0.018125 2.088252 0.121940 0.992496 -0.009130
-0.010434 -0.015820 2.086745 0.116004 0.993151 -0.013943
-0.032808 -0.013426 2.085995 0.119862 0.992157 -0.035450
-0.055107 -0.011191 2.084022 -0.114733 -0.993156 0.021857
-0.077751 -0.008489 2.085769 0.117871 0.993029 -0.000416
-0.100153 -0.006195 2.084314 0.108436 0.994102 0.001851
-0.122665 -0.003808 2.083611 0.106475 0.994157 -0.017757
-0.144097 -0.002610 2.073812 0.112825 0.992770 -0.040974
-0.167205 0.000350 2.077560 0.107997 0.993567 -0.034083
-0.188434 0.001461 2.067319 0.105504 0.992878 -0.055334
-0.211165 0.003965 2.067646 0.100882 0.992807 -0.064476
-0.233617 0.006175 2.065772 -0.107006 -0.992744 0.054863
-0.255553 0.007952 2.060734 0.105524 0.993643 -0.039211
-0.278712 0.010627 2.062286 0.113246 0.993556 0.004583
-0.300790 0.012465 2.057754 0.091614 0.995794 0.000536
-0.322618 0.014129 2.052023 -0.110177 -0.993819 0.013632
-0.344807 0.016026 2.048002 0.098630 0.994969 -0.017584
-0.368759 0.018984 2.051468 -0.111391 -0.993635 0.016762
-0.388624 0.019433 2.037338 0.116623 0.993165 -0.004765
-0.412651 0.022326 2.040302 0.118871 0.991159 -0.058928
-0.436294 0.024915 2.041077 0.146746 0.986541 -0.072121
-0.460811 0.027895 2.044447 -0.120312 -0.992614 0.015540
-0.484093 0.030145 2.042776 -0.113894 -0.993492 -0.000955
-0.506556 0.031936 2.038003 -0.123099 -0.992379 0.005518
-0.544395 0.032119 2.006078 -0.100955 -0.983439 0.150517
-0.551137 0.026747 1.954683 0.117166 0.975167 -0.187938
-0.562065 0.023585 1.918348 -0.105275 -0.974652 0.197411
-0.566631 0.017884 1.866184 0.109801 0.985591 -0.128660
-0.573962 0.013688 1.824363 0.003916 0.999820 0.018561
-0.576606 0.007807 1.772449 -0.074078 0.997044 -0.020408
-0.583325 0.003887 1.733584 -0.140622 0.987551 -0.070489
-0.592293 0.001070 1.702120 -0.147386 0.985676 -0.081973
-0.592264 -0.005054 1.650609 0.208000 -0.977449 0.036464
-0.594765 -0.009928 1.607479 0.239496 -0.969764 0.046895
-0.615725 -0.007750 1.607872 0.239496 -0.969764 0.046895
-0.607990 -0.016018 1.545058 -0.275043 0.960699 -0.037526
-0.603225 -0.022881 1.491557 -0.340526 0.939501 -0.037137
-0.620646 -0.021734 1.486422 -0.319974 0.946169 -0.048800
-0.636724 -0.021068 1.478437 -0.325072 0.943143 -0.069344
-0.626689 -0.029161 1.419195 0.287184 -0.945332 0.154508
-0.624198 -0.034463 1.376994 0.284514 -0.935812 0.208104
-0.637728 -0.034381 1.366379 0.279345 -0.953039 0.116979
-0.659697 -0.031605 1.371229 0.228531 -0.954830 0.189932
-0.658547 -0.036135 1.334448 -0.245905 0.961843 -0.119956
-0.641871 -0.045276 1.272189 0.323427 -0.933015 0.157725
-0.625485 -0.054022 1.213002 -0.309729 0.923418 -0.226644
-0.584870 -0.069689 1.116299 -0.428698 0.884026 -0.186324
-0.398357 -0.127582 0.788929 0.981295 -0.191938 -0.014856
-0.392254 -0.131669 0.760047 0.983964 -0.161228 -0.076291
-0.406629 -0.129814 0.763690 0.983964 -0.161228 -0.076291
-0.403059 -0.133032 0.739982 0.974940 -0.147116 -0.166878
-0.419087 -0.130752 0.745838 0.963262 -0.053693 -0.263140
-0.401951 -0.137544 0.703620 0.960602 -0.172732 -0.217732
-0.439639 -0.129463 0.739898 0.964328 -0.051544 -0.259644
-0.434486 -0.132918 0.715580 0.953634 -0.070886 -0.292501
-0.425930 -0.137164 0.687502 0.962009 -0.110068 -0.249848
-0.447993 -0.133432 0.700559 0.965964 -0.098481 -0.239196
-0.441244 -0.137101 0.675817 0.965761 -0.139192 -0.218932
-0.418613 -0.159102 0.513975 -0.154127 0.938340 0.309455
-0.385621 -0.167805 0.468877 -0.097404 -0.988377 0.116723
-0.405039 -0.164897 0.477462 -0.008725 -0.997968 0.063124
-0.416899 -0.163689 0.478116 -0.076616 0.950073 0.302474
-0.416662 -0.165086 0.466997 -0.000992 -0.999830 0.018432
-0.440115 -0.161478 0.478176 -0.245170 0.728648 0.639502
-0.424429 -0.166088 0.452949 -0.077467 0.947305 -0.310826
-0.450302 -0.162067 0.465640 -0.307385 0.558286 0.770604
-0.445243 -0.164421 0.450518 0.219355 0.823859 -0.522627
-0.485001 -0.157736 0.474121 -0.373182 0.551395 0.746123
-0.508647 -0.154405 0.482976 0.500266 -0.482105 -0.719242
-0.521842 -0.153207 0.482616 0.659183 -0.308292 -0.685882
-0.498848 -0.159064 0.452965 -0.312198 0.651102 0.691808
-0.505636 -0.159086 0.447668 -0.295900 0.746601 0.595844
-0.511598 -0.159273 0.441682 -0.054317 0.936818 0.345574
-0.514341 -0.160068 0.433251 0.741942 0.489229 -0.458451
-0.523353 -0.159692 0.429503 -0.842015 -0.230925 0.487528
-0.535571 -0.158744 0.427928 -0.834315 -0.060036 0.548009
-0.532450 -0.160611 0.415345 -0.330927 -0.706385 0.625706
-0.540552 -0.160432 0.410724 -0.918597 -0.078796 0.387260
-0.592272 -0.174624 0.259977 0.578435 -0.685058 -0.442842
-0.598620 -0.175929 0.245032 0.550370 -0.708523 -0.441688
-0.613693 -0.174893 0.242171 -0.645517 0.552321 0.527493
-0.614864 -0.175846 0.233797 -0.657330 0.560478 0.503768
-0.604757 -0.178360 0.221365 -0.637749 0.539639 0.549606
-0.603823 -0.179575 0.212469 -0.700412 0.415942 0.580013
-0.610294 -0.179773 0.206178 -0.647938 0.296370 0.701670
-0.613886 -0.180369 0.198853 0.784831 -0.167448 -0.596659
-0.633482 -0.178842 0.196574 0.864293 -0.255812 -0.433079
-0.628440 -0.180602 0.186382 0.906752 0.004154 -0.421643
-0.628025 -0.181739 0.177722 0.976872 -0.014466 -0.213337
-0.631332 -0.182390 0.170177 0.980168 -0.014441 -0.197640
-0.629772 -0.183662 0.161291 0.986084 0.087463 -0.141379
-0.635794 -0.183970 0.154460 0.990708 -0.073989 -0.114117
-0.643682 -0.184057 0.148006 0.966636 -0.254658 -0.027659
-0.637993 -0.185829 0.138197 0.987026 -0.155744 -0.039025
-0.631213 -0.187711 0.128311 0.998202 -0.054929 0.023990
-0.629161 -0.189001 0.119635 0.987026 -0.058956 -0.149343
-0.622144 -0.190869 0.110027 0.956876 -0.270576 -0.105720
-0.629635 -0.191012 0.103419 0.967193 -0.224761 -0.118404
-0.633160 -0.191629 0.095958 0.961567 -0.257509 -0.095281
-0.639548 -0.191925 0.088946 0.962726 -0.217056 -0.161383
-0.631156 -0.193905 0.079445 0.920842 -0.367839 -0.129396
-0.649183 -0.192905 0.074130 0.949609 -0.248203 -0.191411
-0.646508 -0.194237 0.065562 0.966484 -0.222082 -0.128795
-0.625990 -0.197504 0.054771 0.792152 -0.595797 -0.132369
-0.650746 -0.195834 0.049809 -0.953170 0.204610 0.222713
-0.649777 -0.196964 0.041566 0.244813 0.957879 -0.150116
-0.656637 -0.197266 0.034127 0.203966 0.970198 -0.130823
-0.635680 -0.200470 0.024145 0.702608 -0.711577 -0.000123
-0.642369 -0.200783 0.016731 0.688135 -0.721283 0.078871
-0.662884 -0.199712 0.010102 -0.038335 0.992885 -0.112736
-0.650559 -0.201972 0.001237 -0.220688 -0.975070 0.023117
-0.623219 -0.205675 -0.008032 0.887664 -0.008236 0.460418
-0.644507 -0.204580 -0.015045 0.939356 0.154695 0.306072
-0.641847 -0.205834 -0.023070 0.879034 0.117333 0.462095
-0.650052 -0.206051 -0.030887 0.862340 0.046150 0.504222
-0.634280 -0.208525 -0.038945 0.887930 0.224708 0.401356
-0.630371 -0.209866 -0.046759 0.672248 -0.095216 0.734178
-0.634345 -0.210481 -0.054631 0.757473 -0.054640 0.650576
-0.619319 -0.212803 -0.062051 0.465865 -0.268456 0.843150
4.033461 -0.778622 0.097849 0.358440 0.932872 0.035649
4.023218 -0.772977 0.132730 0.358440 0.932872 0.035649
4.021519 -0.768452 0.168025 0.367011 0.928870 0.050029
4.018462 -0.763749 0.203214 0.355019 0.933832 0.043805
4.019979 -0.759622 0.238802 0.339764 0.940016 0.030504
3.978669 -0.750131 0.270126 -0.545062 -0.838065 0.023547
3.995258 -0.747894 0.307134 0.540582 0.840903 -0.025557
4.053809 -0.750736 0.349716 -0.187372 -0.978242 0.089078
3.950449 -0.733815 0.372021 -0.537732 -0.842625 0.028755
3.958038 -0.730436 0.408195 0.529494 0.847244 -0.042583
3.957382 -0.726046 0.443348 0.524997 0.848711 -0.063782
3.956354 -0.721599 0.478528 -0.482136 -0.871760 0.087058
3.964736 -0.718229 0.515453 -0.476489 -0.875193 0.083635
3.964896 -0.713879 0.551140 -0.524207 -0.846636 0.091731
3.970522 -0.710130 0.588039 -0.575032 -0.812303 0.097474
3.981579 -0.706955 0.626327 -0.592507 -0.801119 0.084519
3.977635 -0.702073 0.661709 0.907519 0.418769 0.032275
3.966532 -0.696400 0.695509 0.941405 0.335378 0.035757
3.967651 -0.692054 0.732178 0.940602 0.339411 0.008292
3.962580 -0.687023 0.767480 0.939238 0.343237 -0.004449
3.970601 -0.683359 0.806301 0.973010 0.225957 0.046852
3.957064 -0.677412 0.839569 0.970330 0.241438 0.012909
3.960416 -0.673206 0.877561 0.993765 0.102373 0.044164
3.954748 -0.668054 0.913158 0.979888 -0.178238 0.089728
3.948696 -0.662853 0.948727 0.881791 -0.448908 0.144659
3.965018 -0.659836 0.991545 0.772440 -0.610812 0.173911
3.969467 -0.655595 1.031043 -0.156233 0.972216 -0.174320
3.949901 -0.649021 1.062657 -0.138792 0.971253 -0.193401
3.945053 -0.643853 1.099298 -0.120059 0.974247 -0.190863
3.944475 -0.639061 1.137661 0.113661 -0.974725 0.192334
3.940658 -0.633941 1.175069 -0.428514 0.885528 -0.179488
3.924348 -0.627679 1.207808 -0.462096 0.865718 -0.192354
3.927128 -0.623109 1.248138 -0.471464 0.861922 -0.186580
3.919292 -0.617573 1.284456 -0.483707 0.860878 -0.157849
3.924808 -0.613158 1.326606 -0.462574 0.874773 -0.144211
3.910626 -0.607039 1.360593 -0.438692 0.884536 -0.158572
3.906086 -0.601713 1.398934 -0.408323 0.902390 -0.137713
3.899288 -0.596174 1.436484 -0.393978 0.904439 -0.163620
3.900164 -0.591218 1.477899 -0.362487 0.926936 -0.096913
3.898736 -0.586035 1.518605 -0.232249 0.972437 -0.020659
3.890568 -0.580296 1.556304 -0.021435 0.999440 -0.025697
3.903256 -0.576082 1.604954 0.164631 0.985699 -0.035964
3.930284 -0.572817 1.661951 0.210852 0.977446 -0.011824
3.919617 -0.566734 1.699722 -0.181099 -0.981018 0.069334
3.906769 -0.560479 1.736478 0.185138 0.980708 -0.062731
3.925618 -0.556355 1.791395 0.179724 0.977161 -0.113387
3.910026 -0.549834 1.827297 -0.157113 -0.977996 0.137257
3.888033 -0.542891 1.859486 0.137833 0.980118 -0.142726
3.938174 -0.540478 1.935615 -0.146078 -0.980288 0.133030
3.877809 -0.531097 1.944751 -0.119095 -0.985991 0.116785
3.803287 -0.521022 1.943700 -0.112366 -0.984545 0.134335
3.728284 -0.511114 1.940764 0.130638 0.979797 -0.151434
3.666126 -0.502119 1.944806 0.131705 0.980158 -0.148137
3.601728 -0.493159 1.946074 0.142005 0.980737 -0.134123
3.535977 -0.484294 1.945072 0.125669 0.982571 -0.136975
3.475432 -0.475862 1.946398 0.128196 0.981260 -0.143854
3.414351 -0.467560 1.946089 0.133118 0.979400 -0.151842
3.364784 -0.459948 1.953085 0.133697 0.979344 -0.151692
3.313770 -0.452389 1.958052 0.121454 0.980851 -0.152251
3.264511 -0.445028 1.963398 0.130403 0.979425 -0.154020
3.209942 -0.437572 1.963581 0.131241 0.980301 -0.147598
3.137014 -0.429557 1.947724 0.129311 0.984364 -0.119609
3.085455 -0.422534 1.947797 0.124875 0.986345 -0.107372
3.044071 -0.415990 1.955409 0.129886 0.987226 -0.092269
2.998244 -0.409398 1.958451 0.137301 0.986162 -0.092912
2.950354 -0.402858 1.958770 0.130741 0.986135 -0.102203
2.907156 -0.396571 1.962325 0.116013 0.988982 -0.091951
2.863387 -0.390374 1.964521 0.105268 0.992080 -0.068524
2.813976 -0.384158 1.960547 -0.142875 -0.987433 0.067549
2.768484 -0.378161 1.959224 -0.133850 -0.988719 0.067220
2.735392 -0.372509 1.969062 0.112662 0.992649 -0.044217
2.694534 -0.366800 1.970652 -0.115437 -0.991303 0.063183
2.652459 -0.361177 1.970183 -0.121517 -0.990239 0.068272
2.623074 -0.355801 1.982039 0.169352 0.985410 -0.016946
2.579945 -0.350361 1.978933 0.144753 0.988724 -0.038362
2.547250 -0.345099 1.986181 0.125361 0.991054 -0.045781
2.509244 -0.339889 1.987029 0.142573 0.988035 -0.058814
2.468104 -0.334776 1.983561 0.143526 0.989076 -0.033599
2.431156 -0.329768 1.983995 -0.151970 -0.987382 0.044526
2.396973 -0.324840 1.986932 0.126798 0.991507 -0.028915
2.363553 -0.319987 1.990147 0.135948 0.989750 -0.043732
2.329614 -0.315217 1.992111 0.136484 0.989682 -0.043600
2.296435 -0.310520 1.994373 0.124494 0.991257 -0.043715
2.265226 -0.305868 1.998532 0.124696 0.991274 -0.042739
2.238347 -0.301192 2.007827 0.141035 0.986952 -0.077686
2.212637 -0.296529 2.018385 0.142717 0.983963 -0.106994
2.182152 -0.292034 2.022172 0.142493 0.978852 -0.146779
2.151749 -0.287604 2.025548 0.132473 0.979106 -0.154278
2.116846 -0.283401 2.021964 -0.107284 -0.988453 0.107007
2.084997 -0.279183 2.022005 0.136448 0.989892 -0.038677
2.047735 -0.275279 2.013302 0.161608 0.986518 -0.025771
2.020109 -0.271054 2.018271 -0.119398 -0.991259 0.056114
1.989829 -0.267018 2.018679 0.136986 0.989450 -0.047162
1.962861 -0.262877 2.023767 0.142755 0.989463 -0.024149
1.933839 -0.258910 2.025107 -0.152119 -0.988345 -0.005775
1.901849 -0.255203 2.020920 0.184382 0.982749 -0.014394
1.871084 -0.251513 2.018021 -0.108114 -0.994049 0.013304
1.840012 -0.247938 2.013842 0.158546 0.987089 -0.022757
1.813036 -0.244141 2.016229 0.123004 0.992349 -0.010656
1.788990 -0.240160 2.023550 0.142416 0.989664 -0.016799
1.764910 -0.236213 2.030594 0.118360 0.992027 -0.043282
1.741716 -0.232214 2.039136 0.132719 0.986441 -0.096540
1.717110 -0.228377 2.044743 0.112331 0.991748 -0.061781
1.690740 -0.224766 2.046477 0.128606 0.988349 -0.081406
1.661859 -0.221498 2.042481 0.173805 0.984588 0.019450
1.634008 -0.218203 2.039927 0.150093 0.988577 0.013680
1.607959 -0.214767 2.040662 -0.096297 -0.995257 0.013797
1.580385 -0.211599 2.037427 0.108989 0.991875 0.065608
1.550619 -0.208829 2.028340 0.147068 0.988648 0.030764
1.528796 -0.205008 2.037304 0.093612 0.995175 0.029402
1.503515 -0.201735 2.037706 0.135108 0.987354 0.082930
1.480132 -0.198211 2.042458 -0.169871 -0.984586 0.041657
1.455674 -0.194907 2.044151 0.179646 0.981698 -0.063218
1.434017 -0.191141 2.053056 0.135467 0.987292 -0.083085
1.408909 -0.188044 2.052335 0.183688 0.975116 -0.124124
1.382919 -0.185199 2.048492 0.139665 0.981118 -0.133793
1.360233 -0.181732 2.053806 -0.136132 -0.989935 0.038691
1.332628 -0.179413 2.043679 -0.154224 -0.987723 0.024866
1.311206 -0.175745 2.052266 0.081488 0.992632 -0.089670
1.285964 -0.173044 2.048211 0.070725 0.997469 0.007302
1.261147 -0.170327 2.044819 0.098781 0.993888 0.049286
1.236196 -0.167743 2.040181 0.132109 0.983015 0.127392
1.212422 -0.164905 2.039110 0.109394 0.989722 0.092107
1.190443 -0.161560 2.044536 0.103602 0.994598 0.006409
1.166054 -0.159048 2.040046 0.120787 0.990353 0.067914
1.143384 -0.156015 2.042075 0.080246 0.996249 0.032390
1.120506 -0.153102 2.042887 -0.127916 -0.991784 0.001275
1.098476 -0.149886 2.047352 -0.106108 -0.994005 -0.026355
1.074646 -0.147477 2.042793 -0.148228 -0.988912 -0.008995
1.052243 -0.144504 2.044821 -0.146955 -0.989074 -0.011653
1.031228 -0.140846 2.054456 0.155212 0.983144 0.096629
1.008247 -0.138202 2.053075 -0.129336 -0.984877 -0.115277
0.986097 -0.135137 2.056365 0.143840 0.987455 0.065136
0.963909 -0.132100 2.059423 0.145748 0.986662 0.072495
0.941554 -0.129188 2.061263 -0.122900 -0.990575 -0.060470
0.918819 -0.126597 2.059904 0.162634 0.981112 -0.104735
0.897036 -0.123262 2.066214 0.140531 0.987818 -0.066837
0.874735 -0.120344 2.068339 0.171862 0.965505 -0.195610
0.851950 -0.117960 2.065279 -0.161307 -0.975251 0.151214
0.829653 -0.115109 2.066934 0.101001 0.994486 -0.028224
0.806839 -0.113012 2.061411 0.112241 0.990823 -0.075305
0.784698 -0.110022 2.064581 -0.128872 -0.979193 0.156757
0.762401 -0.107270 2.065534 0.152473 0.985246 -0.077728
0.740091 -0.104550 2.066254 0.109326 0.975855 -0.189092
0.717770 -0.101861 2.066740 0.103339 0.992351 -0.067527
0.695347 -0.099754 2.062025 0.104873 0.977679 -0.182059
0.673091 -0.096803 2.065027 0.141327 0.972172 -0.186839
0.650766 -0.093541 2.070776 -0.136698 -0.987428 0.079371
0.628424 -0.091318 2.067349 0.153245 0.985941 -0.066607
0.606102 -0.088907 2.065676 0.134677 0.987191 -0.085537
0.583838 -0.086646 2.062778 0.176071 0.979802 -0.094803
0.561405 -0.083841 2.064611 -0.121752 -0.983253 0.135613
0.539082 -0.081416 2.063232 -0.108470 -0.979609 0.169118
0.516770 -0.079026 2.061620 -0.091493 -0.986407 0.136493
0.494546 -0.076790 2.058786 -0.116339 -0.982169 0.147680
0.472191 -0.074349 2.057700 -0.112255 -0.979135 0.169394
0.449549 -0.071574 2.059343 -0.119792 -0.985117 0.123265
0.427689 -0.069813 2.052850 0.121081 0.981888 -0.145721
0.405589 -0.067722 2.049092 0.141713 0.981933 -0.125398
0.383410 -0.065544 2.046090 0.125233 0.981167 -0.147066
0.359622 -0.061886 2.054647 0.105702 0.993718 -0.036761
0.338848 -0.061042 2.041355 0.116245 0.990232 -0.076986
0.315800 -0.058201 2.043533 0.116363 0.991545 -0.057425
0.293335 -0.055902 2.041549 0.097329 0.992189 -0.078031
0.271045 -0.053767 2.038352 0.088212 0.994279 -0.060238
0.249527 -0.052192 2.031027 0.111263 0.990137 -0.085137
0.229104 -0.051319 2.018630 0.103760 0.993835 -0.039058
0.204726 -0.047841 2.025419 0.101356 0.990911 -0.088447
0.182773 -0.045984 2.020325 0.111782 0.987353 -0.112426
0.160871 -0.044166 2.015003 0.117763 0.986789 -0.111264
0.139022 -0.042386 2.009453 0.123366 0.986925 -0.103728
0.117727 -0.040916 2.001759 0.104155 0.989269 -0.102466
0.093166 -0.037707 2.006279 -0.104138 -0.988940 0.105606
0.070057 -0.035347 2.004791 0.102933 0.983126 -0.151220
0.048027 -0.033572 1.999246 -0.100721 -0.980101 0.171048
0.026043 -0.031836 1.993469 0.124456 0.969913 -0.209233
0.002314 -0.029297 1.993125 0.112415 0.976103 -0.185972
-0.023026 -0.026085 1.997213 0.111299 0.977887 -0.177059
-0.034514 -0.029116 1.959754 0.132046 0.989868 -0.052194
-0.070911 -0.021152 1.995131 0.076826 0.995838 -0.049045
-0.094266 -0.019018 1.991818 0.106073 0.982404 -0.153726
-0.119726 -0.016059 1.993802 0.111939 0.983684 -0.140836
-0.144601 -0.013415 1.993633 0.105948 0.984065 -0.142795
-0.169563 -0.010802 1.993169 -0.099902 -0.984347 0.145192
-0.194611 -0.008220 1.992409 -0.113614 -0.977768 0.176242
-0.215872 -0.007126 1.982244 0.113976 0.972251 -0.204297
-0.242567 -0.004029 1.984553 -0.111030 -0.976503 0.184701
-0.264138 -0.002867 1.974800 0.104231 0.976027 -0.191070
-0.289346 -0.000424 1.972904 0.103963 0.975646 -0.193147
-0.313347 0.001543 1.968024 0.103812 0.975058 -0.196173
-0.336488 0.003176 1.961090 0.135515 0.977084 -0.164144
-0.358709 0.004472 1.952130 0.122362 0.977447 -0.172119
-0.385836 0.007366 1.952600 0.103249 0.989136 -0.104640
-0.412167 0.009927 1.950975 0.084501 0.983717 -0.158622
-0.440941 0.013203 1.953367 0.154986 0.971357 -0.180123
-0.468928 0.016146 1.953649 0.107259 0.978051 -0.178641
-0.499006 0.019656 1.957002 0.074945 0.977937 -0.194991
-0.526792 0.022379 1.955678 -0.113785 -0.976871 0.181040
-0.551131 0.024009 1.948055 0.110475 0.974222 -0.196692
-0.571316 0.024386 1.933404 0.114217 0.975078 -0.190202
-0.597634 0.026536 1.928605 0.109527 0.975409 -0.191264
-0.622390 0.028191 1.920981 0.105790 0.971361 -0.212759
-0.646588 0.029651 1.912234 0.099104 0.971709 -0.214384
-0.680674 0.033809 1.917963 0.109434 0.968584 -0.223314
-0.717272 0.038541 1.926452 0.107032 0.968738 -0.223811
-0.743965 0.040488 1.919841 0.104308 0.970592 -0.216958
-0.775871 0.043768 1.920110 0.102680 0.968803 -0.225560
-0.803258 0.045782 1.913562 0.104516 0.968185 -0.227363
-0.835424 0.048976 1.912979 0.105610 0.968014 -0.227588
-0.860516 0.050289 1.902538 0.112341 0.968788 -0.220974
-0.902656 0.055845 1.913547 0.126729 0.965993 -0.225383
-0.935920 0.059059 1.912330 0.127697 0.964540 -0.230989
-0.936107 0.054101 1.870152 0.113194 0.972170 -0.205117
-0.932411 0.048326 1.824415 0.099824 0.972953 -0.208322
-0.942722 0.046029 1.796241 -0.099058 -0.972621 0.210226
-0.974794 -0.011791 1.284836 0.374442 0.889607 -0.261518
-0.991400 -0.012010 1.269449 0.329364 0.907919 -0.259235
-0.994709 -0.014822 1.243408 0.360310 0.898523 -0.250665
-0.997878 -0.020980 1.189790 0.970908 0.115165 -0.209938
-0.995324 -0.024769 1.160500 0.976861 -0.095969 -0.191135
-0.997933 -0.027538 1.135485 0.960691 -0.190964 -0.201510
-1.002617 -0.029888 1.112279 0.966079 -0.100333 -0.237958
-1.011867 -0.031379 1.092503 0.959128 -0.116689 -0.257793
-1.021704 -0.032754 1.073226 0.949880 0.013216 -0.312335
-1.023087 -0.035631 1.048396 0.977329 -0.109290 -0.181337
-1.027451 -0.037945 1.025827 0.970057 -0.165877 -0.177408
-1.030693 -0.040431 1.002765 0.968053 -0.241823 -0.066290
-1.024388 -0.044540 0.974023 0.971061 -0.231560 -0.058482
-1.027821 -0.046923 0.951693 0.974940 -0.219637 -0.035371
-1.026712 -0.050051 0.926891 0.973868 -0.226529 -0.016303
-1.026125 -0.053052 0.902727 0.971512 -0.230662 -0.054405
-0.989863 -0.061938 0.858773 0.916371 -0.399668 -0.023035
-1.021386 -0.059534 0.853356 0.969319 -0.229102 -0.089070
-1.057343 -0.056483 0.849721 0.969319 -0.229102 -0.089070
-1.049541 -0.060563 0.822516 0.965151 -0.234781 -0.115593
-1.051943 -0.062963 0.800973 0.964986 -0.218598 -0.144969
-1.061178 -0.064263 0.783002 0.968376 -0.191284 -0.160182
-1.067550 -0.066012 0.763645 0.947129 -0.261053 -0.186544
-1.068327 -0.068619 0.741728 0.940304 -0.275790 -0.199420
-1.076041 -0.070141 0.723185 0.941982 -0.303548 -0.143280
-1.078125 -0.072514 0.702161 0.944969 -0.311105 -0.101223
-1.075410 -0.075588 0.679222 0.944502 -0.325484 -0.044448
-1.078801 -0.077724 0.659113 0.938474 -0.345188 -0.010601
-1.074618 -0.080960 0.636031 0.946003 -0.322507 0.032684
-1.080280 -0.082730 0.617126 0.937483 -0.342560 0.061466
-1.058893 -0.088386 0.587913 0.819994 -0.560384 0.116532
-1.053809 -0.091638 0.565431 0.867862 -0.487330 0.096568
-1.056840 -0.093711 0.546144 0.871665 -0.486189 0.061807
-1.052161 -0.096850 0.524270 0.884224 -0.466244 0.027648
-1.058492 -0.098437 0.506347 0.876164 -0.480588 0.037046
-1.066522 -0.099792 0.488971 0.893223 -0.446097 0.056125
-1.072484 -0.101433 0.470904 0.826256 -0.562708 0.025684
-1.076356 -0.103354 0.452208 0.867889 -0.495747 -0.031685
-1.089556 -0.104035 0.436248 0.881710 -0.471204 -0.023528
-1.087318 -0.106759 0.415827 0.895020 -0.444634 -0.035207
-0.909374 -0.132228 0.348789 -0.024656 -0.984759 0.172169
-0.762884 -0.153161 0.293881 0.472089 0.868242 -0.152601
-0.743635 -0.157543 0.273374 0.481053 0.874895 -0.056098
-0.761812 -0.157166 0.262093 0.078736 0.988795 -0.126823
-0.764401 -0.158764 0.247033 0.078613 0.989105 -0.124466
-0.740599 -0.163598 0.226430 -0.393779 -0.915310 0.084529
-0.763256 -0.162718 0.215704 -0.079362 -0.989519 0.120636
-0.686309 -0.173850 0.185731 0.271114 0.927868 0.256044
-0.763376 -0.166479 0.184926 -0.080095 -0.989602 0.119466
-0.762205 -0.168492 0.169422 0.081655 0.989492 -0.119321
-0.754975 -0.171198 0.153052 0.087008 0.989019 -0.119463
-0.772136 -0.171077 0.140448 0.089900 0.988129 -0.124573
-0.748813 -0.175589 0.122055 0.109000 0.985896 -0.126998
-0.734134 -0.179063 0.105282 0.115933 0.985313 -0.125373
-0.773572 -0.176492 0.095029 0.109691 0.985727 -0.127714
-0.771422 -0.178576 0.079681 0.113363 0.985203 -0.128549
-0.766135 -0.180988 0.064124 0.113363 0.985203 -0.128549
-0.768605 -0.182550 0.049350 -0.092970 -0.967827 0.233809
-0.784808 -0.182662 0.035537 -0.059349 -0.970495 0.233705
-0.777054 -0.185314 0.019944 -0.044532 -0.968721 0.244125
-0.792972 -0.185499 0.005737 -0.167922 0.922830 -0.346681
-0.777934 -0.188876 -0.010029 0.119265 -0.864475 0.488323
-0.687138 -0.199834 -0.027719 0.031630 -0.893653 0.447643
-0.560298 -0.214141 -0.044194 -0.458721 0.183636 -0.869398
-0.496934 -0.221896 -0.057447 -0.504340 -0.706685 0.496223
-0.465267 -0.226420 -0.069421 0.544326 0.677155 -0.495147
-0.524051 -0.222217 -0.081819 0.015287 -0.590812 0.806664
-0.523981 -0.223712 -0.094123 0.161460 -0.512968 0.843086
-0.447153 -0.232347 -0.103903 0.344503 0.709979 -0.614204
1.764878 -0.561555 0.038608 -0.069493 -0.908203 -0.412720
1.744542 -0.557276 0.047150 0.159438 0.960315 0.228856
1.747837 -0.556046 0.057482 0.201259 0.969550 0.139529
1.746085 -0.554174 0.067374 0.277838 0.960471 -0.017348
1.748175 -0.552775 0.077685 0.277838 0.960471 -0.017348
1.748183 -0.551113 0.087800 0.282306 0.958443 -0.041118
1.656562 -0.538513 0.085538 -0.137344 -0.977432 0.160512
1.617153 -0.532366 0.088979 0.142609 0.976601 -0.160974
1.565974 -0.524989 0.089766 0.142609 0.976601 -0.160974
1.504069 -0.516563 0.087697 -0.151415 0.987224 -0.049616
1.530343 -0.518255 0.100010 -0.143089 -0.976689 0.160014
1.516392 -0.515402 0.105328 -0.143089 -0.976689 0.160014
1.543363 -0.517045 0.118527 -0.143089 -0.976689 0.160014
1.565280 -0.518047 0.131275 -0.143484 -0.976406 0.161378
1.595762 -0.519866 0.146420 0.143341 0.976375 -0.161694
1.549449 -0.513625 0.144470 0.143265 0.976589 -0.160468
1.594156 -0.516796 0.163630 0.141992 0.976657 -0.161179
1.620228 -0.517938 0.179083 0.138692 0.976985 -0.162062
1.645111 -0.518861 0.194839 0.130917 0.978010 -0.162347
1.636166 -0.516431 0.201868 0.130726 0.978080 -0.162081
1.656841 -0.516821 0.217243 0.128947 0.978279 -0.162307
1.639108 -0.513572 0.221688 0.128138 0.978472 -0.161781
1.651828 -0.513140 0.235208 0.126416 0.978720 -0.161635
1.657719 -0.512044 0.246885 0.126736 0.978722 -0.161375
1.655895 -0.510246 0.256196 0.126494 0.978737 -0.161473
1.655855 -0.508595 0.266143 0.126612 0.978804 -0.160973
1.631273 -0.504895 0.267444 0.126454 0.978809 -0.161069
1.648878 -0.504701 0.283710 0.127215 0.978690 -0.161191
1.665306 -0.504334 0.300015 0.127250 0.978853 -0.160172
1.652687 -0.501646 0.305451 0.127123 0.978869 -0.160172
1.661333 -0.500596 0.319216 0.127347 0.978878 -0.159940
1.655960 -0.498471 0.327466 0.127609 0.978839 -0.159972
1.667030 -0.497525 0.342680 0.127848 0.978846 -0.159734
1.676051 -0.496378 0.357355 0.128094 0.978838 -0.159588
1.670303 -0.494186 0.365691 -0.128820 -0.978815 0.159143
1.667193 -0.492174 0.375204 -0.128820 -0.978815 0.159143
1.675698 -0.490891 0.390265 -0.129680 -0.978764 0.158761
1.682192 -0.489433 0.404665 -0.129938 -0.978803 0.158306
1.685803 -0.487761 0.417897 -0.130970 -0.978565 0.158927
1.702560 -0.486801 0.438092 -0.132399 -0.978202 0.159971
1.731368 -0.486408 0.465194 -0.134305 -0.977758 0.161094
1.758838 -0.485800 0.492459 -0.134979 -0.977641 0.161242
1.752631 -0.483356 0.501956 -0.134979 -0.977641 0.161242
1.748066 -0.480995 0.512363 -0.134924 -0.977643 0.161273
1.743386 -0.478626 0.522728 -0.134924 -0.977643 0.161273
1.753195 -0.476884 0.541728 0.135578 0.977598 -0.161000
1.732827 -0.473827 0.542808 0.135122 0.977637 -0.161147
1.730353 -0.471535 0.554616 0.135435 0.977620 -0.160987
1.708341 -0.468513 0.554085 0.135002 0.977649 -0.161174
1.706539 -0.466259 0.566249 0.135435 0.977620 -0.160987
1.694595 -0.463663 0.571786 0.135277 0.977640 -0.160998
1.705770 -0.461775 0.592887 -0.137572 -0.977431 0.160320
1.699371 -0.459330 0.602287 -0.137600 -0.977442 0.160230
1.670056 -0.456327 0.595396 -0.137600 -0.977442 0.160230
1.674139 -0.454171 0.612062 -0.137600 -0.977442 0.160230
1.685195 -0.452095 0.634238 -0.138110 -0.977427 0.159880
1.672779 -0.449538 0.639182 -0.138110 -0.977427 0.159880
1.669839 -0.447144 0.651287 -0.138164 -0.977441 0.159747
1.700462 -0.445108 0.690074 0.947747 -0.167836 0.271306
1.698485 -0.442588 0.703790 0.944595 -0.195581 0.263608
1.693231 -0.440021 0.714992 0.941421 -0.239281 0.237635
1.711550 -0.437511 0.746130 0.940415 -0.281105 0.191310
1.679276 -0.434850 0.734684 0.938399 -0.264861 0.221939
1.690919 -0.432206 0.760921 0.930153 -0.302970 0.207423
1.686472 -0.429542 0.773457 0.918536 -0.327564 0.221343
1.656034 -0.427088 0.762358 0.927952 -0.296583 0.225707
1.650034 -0.424479 0.773240 0.955031 -0.203274 0.215861
1.641727 -0.421893 0.782010 0.950765 -0.101557 0.292801
1.651960 -0.418968 0.808818 0.861929 -0.380154 0.335502
1.646116 -0.416271 0.820416 0.806162 -0.390336 0.444680
1.641525 -0.413526 0.833403 0.891596 -0.139897 0.430681
1.634667 -0.410817 0.844224 0.657981 0.747490 0.091217
1.655858 -0.407204 0.884753 0.854340 -0.416638 0.310669
1.669496 -0.403645 0.918471 0.864465 -0.427147 0.265038
1.645544 -0.401386 0.911870 0.889640 -0.370648 0.266760
1.616499 -0.399451 0.898905 -0.160654 -0.967326 0.196139
1.638398 -0.395297 0.943450 0.918675 -0.332339 0.213512
1.610769 -0.393393 0.931535 0.184708 0.883147 -0.431202
1.609766 -0.390185 0.950584 0.357530 -0.870898 0.337207
1.616686 -0.386444 0.979757 0.869486 -0.482146 0.107370
1.607449 -0.383573 0.989683 0.885500 -0.459811 0.066807
1.607967 -0.380042 1.012093 0.927490 -0.372856 0.027209
1.608711 -0.376400 1.035407 0.896840 -0.441444 0.028383
1.608453 -0.372732 1.058041 0.809826 -0.570935 0.134961
1.605437 -0.369188 1.077559 0.858082 -0.490173 0.153057
1.605020 -0.365347 1.101174 0.851148 -0.508699 0.129506
1.620895 -0.359936 1.148551 0.851741 -0.513928 0.102054
1.614306 -0.356382 1.165135 0.845700 -0.526122 0.089365
1.602426 -0.353302 1.174256 0.829480 -0.553268 0.076531
1.597593 -0.349475 1.194086 0.835322 -0.546921 0.055809
1.602719 -0.344464 1.229869 0.804700 -0.592137 0.042799
1.594926 -0.340757 1.246465 0.814595 -0.579770 0.017344
1.585820 -0.337152 1.261330 0.793232 -0.605303 0.066273
1.585761 -0.332338 1.291519 0.746190 -0.658538 0.097610
1.580089 -0.328115 1.313238 0.730844 -0.672533 0.116472
1.574542 -0.323773 1.335837 -0.601384 0.777923 -0.182137
1.565183 -0.319884 1.352370 -0.364126 0.905524 -0.217804
1.567064 -0.314192 1.389837 -0.424981 0.860176 -0.281938
1.561186 -0.309523 1.414287 -0.318843 0.903672 -0.285861
1.545655 -0.306361 1.421081 -0.426470 0.861297 -0.276208
1.548133 -0.300016 1.463245 -0.336229 0.917508 -0.212437
1.536528 -0.296000 1.478811 -0.393958 0.901669 -0.178299
1.533340 -0.290289 1.512238 -0.335840 0.916808 -0.216044
1.529104 -0.284572 1.544846 -0.293828 0.935769 -0.194939
1.523847 -0.278856 1.576613 -0.286287 0.943883 -0.164694
1.517188 -0.273239 1.606607 -0.237447 0.954795 -0.178845
1.514723 -0.266450 1.647591 -0.244698 0.956734 -0.157427
1.489853 -0.264780 1.637289 -0.249620 0.955578 -0.156717
1.494635 -0.255768 1.698537 -0.202017 0.967955 -0.149174
1.512513 -0.242771 1.796119 -0.071911 0.990154 -0.120101
1.510918 -0.234292 1.848703 0.025228 -0.989332 0.143476
1.497521 -0.228788 1.872528 -0.060705 -0.989742 0.129329
1.489438 -0.221501 1.912175 -0.075889 -0.987385 0.138966
1.484529 -0.212864 1.963109 -0.122550 -0.986497 0.108653
1.470350 -0.206851 1.989634 -0.135155 -0.990347 0.030740
1.466473 -0.197015 2.049150 -0.122694 -0.992396 0.009800
1.459924 -0.187563 2.104036 0.067640 0.957597 -0.280058
1.432095 -0.185770 2.092419 0.140368 0.931663 -0.335112
1.407079 -0.183058 2.089046 0.112384 0.947591 -0.299068
1.384880 -0.179265 2.094952 0.103907 0.964022 -0.244672
1.359252 -0.177022 2.088159 0.158876 0.972554 -0.169991
1.335811 -0.173912 2.088761 0.041800 0.985806 -0.162601
1.310739 -0.171692 2.082362 -0.132005 -0.991206 0.009190
1.286537 -0.169183 2.078575 0.129784 0.989789 -0.058944
1.263334 -0.166246 2.078391 -0.115821 -0.987256 0.109137
1.240179 -0.163360 2.077955 0.131211 0.973850 -0.185470
1.217472 -0.160275 2.079214 0.133271 0.979594 -0.150450
1.194589 -0.157363 2.079257 -0.229303 -0.962604 0.144270
1.171743 -0.154500 2.079055 0.065410 0.989703 -0.127317
1.148936 -0.151687 2.078611 0.149923 0.969174 -0.195511
1.127584 -0.147731 2.086731 0.233249 0.971794 0.034802
1.104036 -0.145674 2.080914 0.113987 0.965503 -0.234119
1.082412 -0.141920 2.087599 -0.189407 -0.960970 0.201647
1.059916 -0.139015 2.088168 -0.072956 -0.927180 0.367444
1.037893 -0.135601 2.092436 0.137006 0.899253 -0.415419
1.015379 -0.132780 2.092537 -0.119936 -0.916386 0.381905
0.993071 -0.129722 2.094374 0.095679 0.888108 -0.449566
0.970739 -0.126704 2.095979 0.134403 0.901786 -0.410753
0.948014 -0.124447 2.092418 0.216496 0.939413 -0.265768
0.925374 -0.122244 2.088619 0.074099 0.979369 -0.188005
0.903629 -0.117892 2.099400 0.172494 0.947840 -0.268040
0.880881 -0.116223 2.092171 0.224315 0.970870 -0.084225
0.858487 -0.113719 2.090636 -0.071253 -0.990258 0.119630
0.836284 -0.110206 2.095786 0.168841 0.915087 -0.366209
0.813849 -0.108244 2.090822 0.207570 0.970308 -0.124166
0.791523 -0.105569 2.090568 -0.105287 -0.984166 0.142593
0.769196 -0.102938 2.090082 -0.137215 -0.969438 0.203375
0.746870 -0.100349 2.089364 -0.278635 -0.959732 0.035750
0.724606 -0.098118 2.086441 -0.197834 -0.980207 0.007461
0.702152 -0.094986 2.089208 0.196839 0.965073 -0.172883
0.679924 -0.092844 2.085823 0.165107 0.977494 -0.131324
0.657748 -0.090750 2.082210 -0.170303 -0.985391 -0.001306
0.634989 -0.087253 2.087228 0.104309 0.991165 -0.081924
0.613077 -0.085735 2.080203 -0.090800 -0.994915 -0.043573
0.590736 -0.083291 2.078850 0.089961 0.991419 0.094848
0.568804 -0.081548 2.073341 0.091068 0.995827 0.005959
0.547069 -0.080023 2.066629 -0.108909 -0.979141 0.171529
0.525319 -0.078384 2.060678 -0.117088 -0.968730 0.218753
0.501932 -0.074618 2.067206 0.170915 0.982263 -0.077123
0.478798 -0.071384 2.070548 -0.106555 -0.992997 0.051027
0.457703 -0.070556 2.060009 0.126313 0.988610 -0.081820
0.435640 -0.068595 2.056067 0.119619 0.990120 -0.073162
0.412745 -0.065824 2.056747 -0.136485 -0.988403 0.066568
0.390341 -0.063608 2.054275 0.112867 0.991081 -0.070846
0.367939 -0.061435 2.051567 0.113376 0.988988 -0.095125
0.346974 -0.060523 2.041881 0.106850 0.991164 -0.078591
0.323795 -0.057746 2.042561 0.090399 0.994101 -0.059934
0.301894 -0.056059 2.037235 -0.099937 -0.992719 0.067236
0.280516 -0.054773 2.029772 0.101177 0.991136 -0.086096
0.258252 -0.052830 2.025907 0.105528 0.991587 -0.074960
0.236005 -0.050932 2.021806 0.104758 0.991919 -0.071566
0.214043 -0.049258 2.016523 0.102037 0.991867 -0.076077
0.191022 -0.046916 2.014788 0.097968 0.989721 -0.104186
0.167680 -0.044436 2.013741 0.106034 0.987864 -0.113500
0.145467 -0.042718 2.008680 0.133859 0.986617 -0.093102
0.120843 -0.039601 2.010863 -0.121768 -0.985675 0.116690
0.096723 -0.036884 2.010894 0.123833 0.983551 -0.131502
0.072845 -0.034389 2.009718 -0.108591 -0.985239 0.132330
0.048237 -0.031573 2.010118 0.134296 0.969726 -0.203949
0.024912 -0.029529 2.006547 0.128877 0.972407 -0.194460
-0.000200 -0.026614 2.007301 0.113191 0.972597 -0.203083
-0.025056 -0.023924 2.006842 0.121960 0.983869 -0.130873
-0.049624 -0.021461 2.005180 0.102887 0.984437 -0.142472
-0.075789 -0.018304 2.006851 0.108212 0.986284 -0.124635
-0.099341 -0.016485 2.001895 0.109390 0.983738 -0.142452
-0.122892 -0.014715 1.996674 0.106461 0.984077 -0.142334
-0.143968 -0.014109 1.985836 0.105733 0.983005 -0.150075
-0.165345 -0.013370 1.975675 0.068946 0.995508 -0.064883
-0.191786 -0.010443 1.975890 0.111981 0.977385 -0.179387
-0.213505 -0.009618 1.966113 0.061184 0.998020 0.014565
-0.239178 -0.007161 1.963971 0.112073 0.974097 -0.196403
-0.264467 -0.004939 1.960645 0.102763 0.976951 -0.187103
-0.288871 -0.003141 1.955286 0.102770 0.981147 -0.163671
-0.324734 0.003113 1.970247 -0.105658 -0.975089 0.195031
-0.350834 0.005377 1.966749 0.133525 0.975858 -0.172834
-0.375506 0.007026 1.960385 0.109780 0.987351 -0.114398
-0.406732 0.011069 1.964687 0.085359 0.983811 -0.157573
-0.428951 0.011671 1.953481 0.128901 0.974345 -0.184491
-0.455249 0.013727 1.948691 0.122684 0.976508 -0.177149
-0.476280 0.013844 1.935312 0.090313 0.974505 -0.205385
-0.499871 0.014849 1.925820 0.074145 0.979560 -0.186991
-0.522313 0.015422 1.914428 0.111941 0.976230 -0.185590
-0.554132 0.019143 1.916539 -0.105959 -0.974572 0.197437
-0.587281 0.023185 1.919806 0.112429 0.974645 -0.193458
-0.618360 0.026415 1.919407 0.110374 0.972928 -0.203048
-0.649592 0.029586 1.918576 0.105235 0.969528 -0.221227
-0.675652 0.031003 1.910249 0.111289 0.968420 -0.223109
-0.703501 0.032926 1.903931 0.108527 0.970945 -0.213277
-0.735639 0.036103 1.902651 0.104056 0.971825 -0.211489
-0.768541 0.039405 1.901681 0.102497 0.970484 -0.218301
-0.807839 0.044515 1.907824 0.104504 0.969461 -0.221866
-0.842393 0.048058 1.907342 0.105238 0.968057 -0.227575
-0.872642 0.050222 1.901138 0.111959 0.968356 -0.223051
-0.902950 0.052320 1.894518 0.123113 0.968563 -0.216169
-0.927407 0.052673 1.880900 0.120449 0.966946 -0.224739
-0.951771 0.052964 1.866988 0.113557 0.970192 -0.214084
-0.981409 0.054678 1.858526 0.099240 0.971514 -0.215204
-1.504939 0.096346 1.783156 -0.028117 -0.955197 0.294633
-1.555482 0.101493 1.783037 -0.030582 -0.963764 0.264998
-1.597660 0.104571 1.775526 -0.102149 -0.964925 0.241836
-1.640740 0.107723 1.767926 -0.121016 -0.962115 0.244314
-1.689513 0.111999 1.763674 0.120123 0.962175 -0.244520
-1.738476 0.116157 1.758607 0.113735 0.962396 -0.246693
-1.780334 0.118624 1.747672 0.113472 0.958138 -0.262859
-1.837741 0.124282 1.746561 0.186400 0.929063 -0.319526
-1.882282 0.127034 1.735750 0.228272 0.925783 -0.301361
-1.941783 0.132765 1.733844 0.256541 0.924748 -0.281117
-1.996556 0.137322 1.727736 0.231286 0.915038 -0.330474
-2.048998 0.141227 1.719131 0.176397 0.926821 -0.331491
-2.097359 0.144148 1.707087 0.092366 0.945407 -0.312527
-2.145790 0.146938 1.694234 0.017109 -0.949085 0.314554
-2.150680 0.141053 1.655527 0.063247 -0.943680 0.324758
-1.451452 -0.001151 1.222636 0.655353 0.399239 -0.641186
-1.390539 -0.017912 1.158427 0.830557 -0.542980 0.123888
-1.442534 -0.012985 1.156416 -0.173357 -0.625182 0.760983
-1.478981 -0.011140 1.145269 -0.636236 -0.592520 0.494089
-1.513686 -0.009725 1.132607 0.388740 0.657642 -0.645281
-1.560774 -0.006148 1.125466 0.352754 0.517759 -0.779416
-1.597297 -0.004627 1.112351 -0.326774 0.890034 0.317896
-1.645440 -0.001141 1.104038 0.233025 -0.970273 0.065336
-1.673902 -0.001276 1.085869 0.248466 -0.953224 0.172130
-1.703160 -0.001341 1.067639 -0.252909 0.940235 -0.228024
-1.396444 -0.059254 0.904851 0.940435 -0.196457 -0.277464
-1.424832 -0.058924 0.889562 0.944968 -0.203483 -0.256184
-1.484292 -0.053454 0.886382 0.262354 0.964949 0.006545
-1.526459 -0.051053 0.875214 -0.442426 -0.895765 0.043188
-1.552943 -0.051353 0.857304 0.044029 -0.993879 -0.101323
-1.656319 -0.039275 0.867289 0.206624 -0.927237 0.312312
-1.710816 -0.035383 0.857636 -0.194327 0.946303 -0.258356
-1.767262 -0.031360 0.847597 0.272729 0.937595 -0.215719
-1.818151 -0.028386 0.834611 0.311027 0.925018 -0.218184
-1.908627 -0.019474 0.833368 0.346493 0.913174 -0.214606
-2.018291 -0.007955 0.836190 0.494922 0.830878 -0.254351
-2.078063 -0.004314 0.821846 0.509797 0.834239 -0.210124
-1.512605 -0.093609 0.627168 -0.581854 0.805272 -0.113942
-1.427233 -0.110432 0.577648 -0.063407 -0.628623 0.775121
-1.460742 -0.109721 0.561597 -0.835915 0.384907 0.391271
-1.395249 -0.123241 0.519910 0.358531 0.105141 0.927578
-1.414816 -0.124510 0.500383 0.200569 -0.233325 0.951489
-1.489252 -0.118200 0.493215 -0.636848 0.717725 0.281595
-1.565733 -0.111859 0.484985 -0.318332 0.874172 0.366726
-1.638427 -0.106287 0.474416 0.633490 -0.722715 -0.276359
-1.710200 -0.101080 0.462204 0.754418 -0.625249 -0.199790
-1.802469 -0.093409 0.452388 0.708979 -0.649151 -0.275593
-1.892873 -0.086291 0.440368 0.858462 -0.497189 -0.125882
-1.882515 -0.092397 0.409843 0.936088 -0.351760 0.002050
-1.727655 -0.116722 0.357282 0.886045 -0.463327 -0.015907
-1.771353 -0.115721 0.336745 0.944978 -0.321688 0.059439
-1.500046 -0.153583 0.273320 -0.135529 0.990764 -0.004214
-1.542955 -0.152399 0.254345 0.108792 -0.846198 0.521646
-1.544277 -0.156319 0.229864 0.222851 -0.692175 0.686463
-1.469254 -0.169216 0.197650 -0.187667 0.241685 -0.952034
-1.406650 -0.180401 0.168209 -0.318064 -0.733155 0.601099
-1.464480 -0.177602 0.149863 0.148991 -0.311167 0.938604
-1.632213 -0.162632 0.138079 0.111283 -0.709311 0.696056
-1.853560 -0.142293 0.126042 0.410028 0.693293 -0.592639
-2.098800 -0.120104 0.110607 0.486512 0.786621 -0.380176
-2.111570 -0.123696 0.081033 0.531895 0.782512 -0.323669
-2.097196 -0.130189 0.050452 0.529546 0.724416 -0.441364
-2.104369 -0.134388 0.020590 0.534508 0.617548 -0.577006
-2.095312 -0.140262 -0.009527 0.566155 0.687099 -0.455373
-2.104839 -0.144233 -0.039489 0.550679 0.708485 -0.441362
-2.095144 -0.150130 -0.069392 0.584401 0.757128 -0.291946
-1.422426 -0.220336 -0.083619 -0.061487 -0.732193 0.678316
-1.402239 -0.226030 -0.105884 -0.242213 -0.761219 0.601564
-1.361924 -0.233538 -0.126852 -0.272424 -0.776954 0.567564
-1.360177 -0.237362 -0.149097 0.190751 0.810873 -0.553262
1.631492 -0.539502 0.061540 -0.138580 -0.977451 0.159326
1.635670 -0.538609 0.070574 -0.138580 -0.977451 0.159326
1.628913 -0.536381 0.078330 -0.140783 -0.977008 0.160108
1.649632 -0.537433 0.089725 -0.137344 -0.977432 0.160512
1.636795 -0.534485 0.096627 -0.140195 -0.976924 0.161139
1.637638 -0.533153 0.105444 0.142827 0.976526 -0.161239
1.634466 -0.531357 0.113626 0.142827 0.976526 -0.161239
1.619471 -0.528247 0.119645 0.142827 0.976526 -0.161239
1.634711 -0.528508 0.131122 0.141711 0.976610 -0.161710
1.626405 -0.526163 0.138225 0.141711 0.976610 -0.161710
1.635550 -0.525698 0.148877 0.140373 0.976756 -0.161998
1.613490 -0.521929 0.152817 0.142620 0.976400 -0.162181
1.616621 -0.520823 0.162194 0.140273 0.976756 -0.162086
1.615777 -0.519298 0.170706 0.139921 0.976883 -0.161624
1.613876 -0.517663 0.178971 0.138692 0.976985 -0.162062
1.611888 -0.516020 0.187214 0.137889 0.977091 -0.162108
1.599258 -0.513359 0.192505 0.137364 0.977381 -0.160802
1.624876 -0.514320 0.208598 0.130726 0.978080 -0.162081
1.623533 -0.512702 0.217233 0.129492 0.978390 -0.161198
1.617339 -0.510643 0.224381 0.128138 0.978472 -0.161781
1.620565 -0.509428 0.234481 0.127669 0.978637 -0.161156
1.601923 -0.506306 0.237413 0.127769 0.978669 -0.160881
1.615338 -0.505948 0.251043 0.126478 0.978793 -0.161147
1.602264 -0.503345 0.255594 0.126478 0.978793 -0.161147
1.615375 -0.502889 0.269553 0.126649 0.978775 -0.161118
1.594723 -0.499719 0.271051 0.126649 0.978775 -0.161118
1.606623 -0.499111 0.284891 0.126753 0.978745 -0.161219
1.612771 -0.498016 0.296762 0.126650 0.978865 -0.160569
1.600332 -0.495534 0.301127 0.126650 0.978865 -0.160569
1.619076 -0.495290 0.318616 0.127381 0.978847 -0.160101
1.616535 -0.493498 0.327273 0.127287 0.978876 -0.159999
1.631177 -0.492845 0.343730 0.127621 0.978891 -0.159641
1.614787 -0.490117 0.346212 -0.127470 -0.978890 0.159769
1.624557 -0.489073 0.360868 -0.127809 -0.978909 0.159381
1.630522 -0.487744 0.374003 0.128012 0.978875 -0.159424
1.626487 -0.485791 0.382362 -0.127809 -0.978909 0.159381
1.621477 -0.483784 0.390219 -0.128668 -0.978854 0.159028
1.618153 -0.481871 0.398946 -0.128668 -0.978854 0.159028
1.442933 -0.398774 0.756922 0.739007 -0.495117 0.456868
1.452083 -0.395463 0.785245 0.425709 -0.725834 0.540312
1.477121 -0.390847 0.835236 0.232409 -0.868893 0.437047
1.476599 -0.387903 0.853055 0.315057 -0.854276 0.413463
1.464538 -0.385827 0.855654 -0.308420 0.911376 -0.272529
1.467647 -0.382467 0.879180 -0.425200 0.814976 -0.393724
1.464012 -0.379606 0.893872 -0.477822 0.877999 0.028345
1.452211 -0.377478 0.897064 -0.434420 0.867983 -0.240594
1.464941 -0.372878 0.936550 -0.356366 0.933761 0.033070
1.698139 -0.344406 1.312398 -0.308625 0.928149 0.208062
1.692888 -0.340125 1.334636 -0.324798 0.945322 0.029528
1.687262 -0.335793 1.356900 0.349439 -0.934258 0.071090
1.656168 -0.334530 1.338385 -0.397268 0.914895 -0.071733
1.648158 -0.330463 1.357014 -0.426352 0.895654 -0.126599
1.653984 -0.324429 1.399706 -0.239843 0.928885 -0.282219
1.656027 -0.318676 1.437457 -0.180806 0.928975 -0.322978
1.650548 -0.313827 1.463202 -0.175825 0.946785 -0.269600
1.632188 -0.310867 1.466227 -0.282511 0.928842 -0.239667
1.611035 -0.308413 1.463752 -0.320950 0.915838 -0.241313
1.613918 -0.301913 1.506999 -0.282185 0.944011 -0.170926
1.616878 -0.295114 1.552224 -0.131199 0.977840 -0.163144
1.613679 -0.289166 1.586934 -0.148765 0.969751 -0.193525
1.599470 -0.285159 1.600182 -0.172311 0.968070 -0.182070
1.588865 -0.280370 1.621424 -0.137365 0.984589 -0.108241
1.594417 -0.271995 1.678867 -0.091856 0.985651 -0.141611
1.587948 -0.265880 1.711995 0.045568 -0.992095 0.116924
1.572191 -0.261719 1.725042 0.035285 -0.989946 0.136977
1.565467 -0.255293 1.759983 -0.030334 0.990299 -0.135599
1.563336 -0.247433 1.807866 -0.015876 -0.994274 0.105677
1.555528 -0.240711 1.843843 -0.033481 -0.993725 0.106724
1.543483 -0.234901 1.870547 -0.035738 -0.994375 0.099708
1.536486 -0.227414 1.912115 0.092202 0.989170 -0.114201
1.529699 -0.219510 1.956533 0.125413 0.986420 -0.106054
1.517481 -0.212967 1.987848 -0.134542 -0.989429 0.054118
1.509742 -0.204646 2.034191 -0.147154 -0.984086 -0.099606
1.507237 -0.194029 2.099479 0.170718 0.950290 -0.260392
1.487991 -0.188984 2.115588 0.081969 0.947619 -0.308707
1.459290 -0.187535 2.101079 0.110311 0.939665 -0.323823
1.436496 -0.183913 2.105296 0.171557 0.958360 -0.228288
1.411537 -0.181259 2.101616 0.155963 0.943064 -0.293779
1.387740 -0.178203 2.101490 0.130749 0.933570 -0.333695
1.362518 -0.175918 2.095332 0.116787 0.968956 -0.217910
1.340320 -0.172257 2.100454 0.148154 0.932572 -0.329179
1.315342 -0.170102 2.093749 0.128397 0.983685 -0.126010
1.291202 -0.167650 2.089666 0.156335 0.986691 -0.044718
1.268637 -0.164382 2.092107 0.133442 0.988473 -0.071511
1.245278 -0.161667 2.090421 0.112446 0.992862 -0.039754
1.223109 -0.158234 2.094326 0.172829 0.982637 -0.067486
1.200016 -0.155490 2.093122 0.052731 0.998473 0.016490
1.177646 -0.152271 2.095579 -0.006888 -0.980250 0.197644
1.131832 -0.146902 2.092929 0.125521 0.990540 -0.055453
1.109077 -0.144227 2.091729 -0.096393 -0.985937 0.136518
1.086994 -0.140912 2.095203 0.170488 0.985264 -0.013715
1.064975 -0.137494 2.099430 0.126827 0.990733 -0.048620
1.042680 -0.134391 2.101461 -0.043078 -0.976186 0.212615
1.020265 -0.131471 2.102274 0.110048 0.955670 -0.273100
0.997931 -0.128449 2.103840 0.102912 0.873587 -0.475662
0.975212 -0.126194 2.100240 0.138041 0.907517 -0.396684
0.952578 -0.123994 2.096403 0.132800 0.939810 -0.314836
0.930816 -0.119630 2.107144 0.136696 0.951102 -0.276982
0.908414 -0.116773 2.107781 -0.085486 -0.849758 0.520195
0.885657 -0.115613 2.097315 0.133136 0.981915 -0.134599
0.863330 -0.113005 2.096497 -0.017579 -0.996488 0.081873
0.841103 -0.109218 2.103353 0.030240 0.865331 -0.500287
0.818724 -0.107462 2.097131 0.115808 0.889133 -0.442754
0.796398 -0.104676 2.097595 0.115335 0.990152 -0.079351
0.774074 -0.102086 2.096839 -0.001771 -0.904287 0.426921
0.751753 -0.099540 2.095851 0.097507 0.787127 -0.609035
0.729439 -0.097038 2.094632 0.092692 0.880058 -0.465732
0.707134 -0.094579 2.093182 0.005733 0.920355 -0.391042
0.684406 -0.091036 2.098396 -0.121710 0.904999 -0.407632
0.663213 -0.091258 2.080733 -0.013635 -0.993651 0.111679
0.640297 -0.087471 2.087447 0.108271 0.987237 -0.116792
0.617586 -0.084368 2.089984 -0.014425 -0.979159 0.202582
0.595828 -0.082957 2.082471 0.016804 -0.999732 -0.015948
0.573856 -0.081101 2.077679 0.076613 0.997060 0.001253
0.551330 -0.078457 2.077554 -0.112025 -0.993704 0.001612
0.529174 -0.076359 2.074261 0.083991 0.994586 -0.061191
0.506325 -0.073459 2.075613 -0.127508 -0.990298 0.055244
0.484957 -0.072302 2.066988 -0.116675 -0.982481 0.145323
0.463397 -0.070858 2.060095 0.119972 0.977817 -0.171697
0.440005 -0.067570 2.063649 0.070368 0.997096 -0.029115
0.419277 -0.066913 2.052434 0.110263 0.989959 -0.088446
0.395403 -0.063357 2.057428 0.125693 0.990820 -0.049775
0.373021 -0.061231 2.054449 0.110435 0.989560 -0.092604
0.351078 -0.059500 2.049312 0.110751 0.990697 -0.079080
0.328959 -0.057641 2.044908 0.104236 0.992372 -0.065822
0.307820 -0.056538 2.036451 0.103351 0.991543 -0.078495
0.286056 -0.054953 2.030643 0.104581 0.991463 -0.077876
0.264093 -0.053239 2.025560 0.103912 0.993482 -0.046859
0.241902 -0.051392 2.021195 0.102427 0.993207 -0.055206
0.217797 -0.048332 2.023203 0.120675 0.987861 -0.097813
0.196732 -0.047296 2.014584 0.099431 0.990100 -0.099074
0.174883 -0.045767 2.008567 0.114393 0.986093 -0.120563
0.150938 -0.043014 2.008862 0.132067 0.987361 -0.087621
0.126907 -0.040302 2.008882 0.123921 0.985526 -0.115685
0.105731 -0.039277 2.000278 0.105899 0.991545 -0.074992
0.078600 -0.035000 2.008087 0.125346 0.983013 -0.134063
0.055714 -0.033148 2.003590 -0.104649 -0.982094 0.156651
0.030699 -0.030236 2.004339 0.119300 0.972392 -0.200552
0.005575 -0.027365 2.004789 0.108472 0.974617 -0.195846
-0.015903 -0.026391 1.995856 0.115689 0.976173 -0.183579
-0.043446 -0.022496 2.001168 0.101292 0.982381 -0.157059
-0.066471 -0.020874 1.995328 0.068439 0.996685 -0.043986
-0.091495 -0.018367 1.993711 0.097341 0.983619 -0.151717
-0.115351 -0.016468 1.989121 0.094720 0.982447 -0.160704
-0.142179 -0.013306 1.990465 0.104773 0.982733 -0.152505
-0.160072 -0.014128 1.972947 0.061113 0.997877 -0.022487
-0.185656 -0.011626 1.971079 0.044303 0.998840 0.018856
-0.211767 -0.008983 1.969770 0.110817 0.977976 -0.176867
-0.233830 -0.008084 1.960328 0.102866 0.983981 -0.145604
-0.261445 -0.004974 1.961003 0.107093 0.975298 -0.193194
-0.287765 -0.002479 1.958747 0.102770 0.981147 -0.163671
-0.318065 0.001477 1.962981 0.106301 0.979801 -0.169379
-0.344117 0.003683 1.959176 0.131023 0.977070 -0.167830
-0.375784 0.007917 1.964308 -0.114196 -0.973707 0.197116
-0.396893 0.008128 1.951432 0.094348 0.989779 -0.106938
-0.423104 0.010176 1.946649 0.127534 0.970167 -0.206181
-0.447227 0.011413 1.938238 -0.147138 -0.969182 0.197577
-0.470236 0.012217 1.927906 0.099590 0.972838 -0.208969
-0.492075 0.012586 1.915687 0.038933 0.992714 -0.114030
-0.522738 0.015929 1.916158 0.111941 0.976230 -0.185590
-0.554698 0.019593 1.917807 -0.105959 -0.974572 0.197437
-0.586276 0.023010 1.918206 0.112429 0.974645 -0.193458
-0.613352 0.024854 1.911845 0.113722 0.976528 -0.182921
-0.637497 0.025695 1.901219 0.087074 0.977901 -0.190071
-0.672993 0.030065 1.905070 0.111289 0.968420 -0.223109
-0.697174 0.030785 1.893751 0.111390 0.970126 -0.215516
-0.729309 0.033897 1.892078 0.102281 0.971443 -0.214097
-0.765962 0.038261 1.895250 0.099839 0.971406 -0.215411
-0.798431 0.041240 1.892611 0.105291 0.969599 -0.220888
-0.839364 0.046591 1.899181 0.104711 0.969264 -0.222625
-0.870239 0.048868 1.893311 0.111959 0.968356 -0.223051
-0.893955 0.049017 1.878979 0.123113 0.968563 -0.216169
-0.920222 0.049851 1.867262 0.120449 0.966946 -0.224739
-0.950473 0.051739 1.859510 0.105174 0.973332 -0.203872
-0.980761 0.053558 1.851339 0.099240 0.971514 -0.215204
-1.015894 0.056606 1.847660 0.201357 0.923460 -0.326614
-1.048377 0.058835 1.840679 0.202064 0.923822 -0.325151
-1.462582 0.090735 1.775286 0.061431 0.949088 -0.308963
-1.640260 0.104959 1.751520 -0.102536 -0.963004 0.249217
-1.690658 0.109468 1.747736 -0.118765 -0.961711 0.246994
-1.734778 0.112454 1.738624 -0.116509 -0.960496 0.252732
-1.781442 0.115848 1.730444 0.111988 0.957284 -0.266584
-1.836448 0.120855 1.726914 0.186400 0.929063 -0.319526
-1.888368 0.125033 1.720298 0.222258 0.906806 -0.358195
-1.936286 0.128218 1.710172 0.249203 0.881449 -0.401180
-1.987658 0.131960 1.701308 -0.257480 -0.889492 0.377502
-2.044228 0.136583 1.694614 -0.203678 -0.909930 0.361307
-2.100980 0.141058 1.686934 -0.023485 -0.932072 0.361512
-2.154477 0.144709 1.676308 0.114122 -0.937442 0.328905
-2.220998 0.150720 1.671967 0.215488 0.912819 -0.346880
-2.283442 0.155723 1.664074 0.178323 0.923986 -0.338306
-2.345197 0.160391 1.654609 0.210756 0.940419 -0.266821
-2.405357 0.164561 1.643141 0.062101 0.957375 -0.282093
-2.473568 0.170029 1.634607 -0.034471 -0.954242 0.297041
-2.545514 0.175955 1.626579 -0.277157 -0.932306 0.232356
-2.611436 0.180555 1.614261 -0.419000 -0.890821 0.175717
-2.679275 0.185286 1.601590 0.294673 0.930147 -0.219076
-2.749940 0.190297 1.588913 -0.048207 -0.972524 0.227758
-2.820739 0.195104 1.574950 0.115352 -0.975925 0.185105
-2.901645 0.201424 1.563962 0.085845 -0.963023 0.255376
-2.984565 0.207819 1.552228 -0.037619 0.956604 -0.288954
-3.067666 0.213972 1.538948 -0.033707 -0.955112 0.294322
-3.164735 0.222170 1.529505 -0.121293 -0.943568 0.308168
-3.263905 0.230386 1.518918 -0.117050 -0.944370 0.307351
-3.361457 0.238008 1.505763 -0.116222 -0.944659 0.306777
-3.475049 0.247870 1.496367 -0.150649 -0.938886 0.309512
-3.592673 0.257984 1.486061 0.288866 0.900050 -0.326292
-3.832673 0.286791 1.513856 0.331425 0.924687 -0.187381
-3.823076 0.276274 1.456814 0.438002 0.862614 -0.253082
-3.816568 0.266327 1.401325 0.491396 0.845477 -0.209041
-3.809396 0.256364 1.346153 0.546565 0.803439 -0.236119
-3.814897 0.248366 1.295102 0.539698 0.813063 -0.218300
-3.815054 0.239620 1.242799 0.545429 0.821666 -0.165444
-3.812700 0.230562 1.190154 0.664527 0.736550 -0.126090
-3.811663 0.221753 1.138198 0.682002 0.720885 -0.123276
-3.810038 0.212913 1.086414 0.669156 0.728589 -0.146246
-3.814589 0.204983 1.036359 0.762906 0.630387 -0.143480
-3.815687 0.196608 0.985715 0.774900 0.626702 -0.082305
-3.811371 0.187539 0.934177 0.782571 0.617580 -0.078596
-3.809392 0.178838 0.883430 0.820551 0.569468 -0.049023
-3.803925 0.169724 0.832306 0.829800 0.551279 -0.086732
-3.807655 0.161860 0.783117 0.846637 0.531323 -0.030017
-3.806939 0.153448 0.733320 0.878430 0.477483 -0.019243
-3.805678 0.145004 0.683644 0.888221 0.458471 0.029464
-3.808788 0.137138 0.634794 0.903481 0.427986 0.023466
-3.802517 0.128141 0.584807 0.938237 0.344720 -0.029643
-3.811467 0.121034 0.536950 0.950259 0.307914 -0.046877
-3.798199 0.111274 0.486588 0.967362 0.144481 -0.208172
-3.803151 0.103724 0.438460 0.941403 0.057469 -0.332351
-3.800667 0.095320 0.389681 0.941403 0.057469 -0.332351
-3.795678 0.086660 0.340864 0.888734 0.211662 -0.406633
-0.626389 -0.276763 0.075014 -0.126820 -0.981586 0.142850
-0.481739 -0.295249 0.051507 -0.173835 0.836339 -0.519922
-0.471768 -0.298595 0.037476 0.172692 -0.819780 0.546020
-0.473564 -0.300644 0.024110 0.189059 0.829986 -0.524767
-0.483173 -0.301874 0.010933 -0.000393 -0.843628 0.536928
-0.472757 -0.305205 -0.002764 0.554130 0.716389 -0.423943
-0.488057 -0.305882 -0.016076 -0.181528 -0.905692 0.383105
-0.462425 -0.310702 -0.029528 0.416881 0.777936 -0.470133
-0.440626 -0.315054 -0.042501 -0.308335 -0.855837 0.415298
-0.425654 -0.318671 -0.055191 -0.017385 -0.934652 0.355138
-0.391645 -0.324041 -0.066900 0.026207 -0.852414 0.522210
-0.396308 -0.325692 -0.079677 -0.017838 -0.870169 0.492430
-0.350126 -0.332005 -0.089705 0.026227 0.851210 -0.524170
-0.290934 -0.339325 -0.097919 -0.037145 0.825429 -0.563282
-0.284325 -0.341818 -0.108958 0.000730 -0.808071 0.589085
-0.336164 -0.339253 -0.124979 -0.092931 -0.788466 0.608018
2.556526 -0.627912 0.290097 0.763083 0.642096 0.073601
2.520247 -0.620842 0.302716 0.712538 0.690853 0.122523
2.519989 -0.617716 0.321752 0.747352 0.664292 0.013495
2.515630 -0.614149 0.339997 0.755014 0.652185 -0.067879
2.512053 -0.610664 0.358394 0.749835 0.661621 -0.002170
2.510221 -0.607353 0.377196 0.757809 0.652435 0.007337
2.507220 -0.603917 0.395759 0.772174 0.635355 0.008523
2.503056 -0.600362 0.414052 0.768038 0.638739 0.046164
2.509291 -0.597801 0.435085 0.769498 0.638257 -0.022391
2.492229 -0.593011 0.449962 0.752729 0.656540 -0.048521
2.517186 -0.592136 0.476559 0.743270 0.668964 0.006029
2.497448 -0.583893 0.510315 0.781751 0.622836 -0.030674
2.488282 -0.579856 0.527260 0.781428 0.623529 -0.024110
2.483680 -0.576219 0.545630 0.756485 0.653500 -0.025834
2.491144 -0.573577 0.568151 0.779453 0.624005 -0.055413
2.476706 -0.569110 0.583233 0.737237 0.672761 -0.062237
2.476188 -0.565775 0.603206 0.748320 0.659334 -0.072772
2.473574 -0.562256 0.622521 0.706069 0.697935 -0.119805
2.477250 -0.559195 0.644373 0.685815 0.722617 -0.086502
2.469543 -0.555258 0.661909 0.687583 0.725197 -0.036316
2.470879 -0.551970 0.683156 0.669166 0.743066 -0.008387
2.472875 -0.548694 0.704887 0.629790 0.776716 -0.008762
2.475519 -0.545424 0.727127 0.629299 0.776841 0.022373
2.465137 -0.541262 0.743765 0.589906 0.807323 0.015506
2.467281 -0.537904 0.766120 -0.583404 -0.811975 -0.018331
2.469144 -0.534487 0.788594 0.585221 0.810825 0.008876
2.460846 -0.530427 0.806375 0.576395 0.817120 0.009162
2.455934 -0.526561 0.825850 0.549659 0.835236 -0.015977
2.449910 -0.522617 0.844849 -0.560218 -0.828265 -0.011503
2.443670 -0.518651 0.863808 0.552137 0.833488 0.021036
2.443374 -0.514976 0.886039 -0.586878 -0.809654 0.005851
2.434047 -0.510823 0.903524 -0.597527 -0.801846 0.002177
2.421926 -0.506541 0.919431 0.595407 0.803424 0.000164
2.418298 -0.502645 0.940187 0.604490 0.796612 -0.001545
2.409258 -0.498496 0.957905 -0.617993 -0.786072 0.013267
2.403442 -0.494472 0.977606 0.764151 0.644628 0.022977
2.389749 -0.490134 0.992540 0.775067 0.631255 0.028091
2.391106 -0.486339 1.016937 0.722092 0.691154 -0.029819
2.388778 -0.482368 1.039285 0.697123 0.716230 -0.032164
2.385325 -0.478324 1.061135 -0.696405 0.665074 -0.269624
2.380763 -0.474214 1.082458 -0.219106 -0.959670 0.176143
2.383323 -0.470253 1.108927 -0.153835 -0.968781 0.194417
2.379797 -0.466084 1.131508 -0.166359 0.960801 -0.221779
2.375973 -0.461868 1.154129 0.179869 0.972452 -0.148269
2.371047 -0.457593 1.176192 -0.314198 -0.944493 0.095979
2.371415 -0.453362 1.202495 -0.046238 -0.983818 0.173100
2.363495 -0.448960 1.222810 0.984670 -0.007059 0.174283
2.363171 -0.444609 1.249282 0.947057 -0.181098 0.265117
2.347674 -0.440083 1.263947 0.982780 0.122174 0.138622
2.334356 -0.435581 1.280329 0.965226 0.237208 0.109869
2.329284 -0.431094 1.303645 0.977467 0.202861 0.058352
2.322375 -0.426562 1.325685 0.960004 0.275630 0.049197
2.313668 -0.422000 1.346399 0.931465 0.361737 0.038966
2.312894 -0.417351 1.374403 0.866959 0.493365 0.070520
2.322041 -0.412523 1.411966 0.571326 -0.776309 0.266328
2.313745 -0.407782 1.434176 0.603143 0.795773 -0.054447
2.295731 -0.403162 1.447402 0.563265 0.821410 -0.089542
2.289083 -0.398340 1.471551 -0.274538 -0.955021 0.112091
2.274280 -0.393651 1.487971 0.495827 0.858539 -0.130638
2.257888 -0.389000 1.502816 0.482432 0.872118 -0.081665
2.263604 -0.383704 1.540461 0.371037 0.927731 -0.040578
2.265942 -0.378373 1.575472 -0.324461 -0.941584 0.090251
2.276559 -0.372611 1.620205 -0.152168 -0.985621 0.073458
2.248036 -0.368226 1.623187 -0.301328 -0.952257 0.049075
2.238905 -0.363078 1.647385 0.366435 0.929055 -0.050812
2.234030 -0.357671 1.676830 -0.294456 -0.951194 0.092340
2.222846 -0.352495 1.699510 -0.297410 -0.951649 0.076885
2.217763 -0.346932 1.729792 0.270552 0.959231 -0.081721
2.211567 -0.341335 1.759370 -0.217197 -0.974318 0.059408
2.203655 -0.335750 1.787440 -0.203870 -0.976969 0.062997
2.196545 -0.330024 1.817098 0.160539 0.984039 -0.076776
2.188357 -0.324277 1.846001 -0.186151 -0.979224 0.080428
2.180918 -0.318377 1.876517 0.203674 0.975116 -0.087552
2.175365 -0.312217 1.910282 0.157556 0.983874 -0.084661
2.171011 -0.305824 1.946552 -0.166312 -0.982950 0.078419
2.167200 -0.299231 1.984557 -0.130434 -0.990350 0.046827
2.156493 -0.293135 2.013649 0.109294 0.985605 -0.128989
2.148682 -0.286646 2.047684 -0.103419 -0.968174 0.227910
2.144714 -0.279611 2.088424 0.112330 0.968764 -0.221082
2.142751 -0.272162 2.133478 -0.114068 -0.970885 0.210646
2.130919 -0.265650 2.164364 -0.117843 -0.969144 0.216502
2.112810 -0.259791 2.185889 -0.119877 -0.971602 0.204009
2.076330 -0.256253 2.177380 0.119907 0.969070 -0.215698
2.048785 -0.251677 2.182964 0.124226 0.970551 -0.206397
2.011292 -0.248575 2.170931 0.130897 0.968026 -0.213991
1.979073 -0.244888 2.167059 0.130167 0.963881 -0.232356
1.941778 -0.242123 2.153145 0.126053 0.962148 -0.241626
1.914317 -0.237970 2.156280 0.125638 0.958712 -0.255120
1.886910 -0.233883 2.159081 0.126169 0.954390 -0.270593
1.855033 -0.230667 2.152670 -0.123823 -0.951728 0.280860
1.824733 -0.227309 2.148518 0.112674 0.950502 -0.289571
1.792025 -0.224550 2.138595 0.113343 0.949055 -0.294021
1.761754 -0.221477 2.132742 0.122559 0.944706 -0.304153
1.735862 -0.217618 2.135554 -0.075143 -0.953166 0.292965
1.710823 -0.213639 2.139882 0.079232 0.958088 -0.275300
1.686187 -0.209619 2.144838 0.070337 0.961098 -0.267101
1.660381 -0.205929 2.146765 0.092055 0.957920 -0.271873
1.633118 -0.202683 2.144709 0.100823 0.964908 -0.242461
1.607826 -0.199023 2.146949 0.132948 0.961910 -0.238860
1.584004 -0.195023 2.152615 -0.095134 -0.959592 0.264825
1.554575 -0.192684 2.143110 0.142182 0.960066 -0.240950
1.523733 -0.190961 2.128561 0.154829 0.948953 -0.274802
1.497218 -0.188098 2.124880 0.143130 0.961519 -0.234509
1.473726 -0.184352 2.129361 0.116406 0.970531 -0.210998
1.446811 -0.181840 2.123194 0.188464 0.977596 -0.093741
1.422489 -0.178530 2.124291 0.198002 0.979826 -0.027130
1.400235 -0.174492 2.131771 0.130493 0.990715 -0.038157
1.377609 -0.170598 2.138068 0.168272 0.975226 -0.143591
1.352219 -0.167890 2.134567 0.156955 0.975145 -0.156390
1.327480 -0.165017 2.132695 -0.105850 -0.984861 0.137277
1.304083 -0.161613 2.135353 0.079610 0.980979 -0.177039
1.279248 -0.158976 2.131978 -0.060131 -0.996668 0.055105
1.254306 -0.156526 2.127361 -0.142043 -0.982710 0.118762
1.229510 -0.154144 2.122464 0.061144 0.998116 0.005011
1.206951 -0.150581 2.126990 0.088055 0.995732 0.027639
1.181955 -0.148573 2.119618 -0.094179 -0.994950 0.034713
1.157720 -0.146256 2.114887 0.127444 0.990247 -0.056289
1.133979 -0.143745 2.111842 0.189565 0.981851 -0.005867
1.110506 -0.141162 2.109516 0.126714 0.959246 0.252569
1.086325 -0.139299 2.102045 0.104768 0.975263 0.194644
1.063069 -0.136835 2.099210 0.124096 0.991967 -0.024510
1.040862 -0.133477 2.102994 0.123863 0.959403 -0.253387
1.017839 -0.130979 2.100653 0.069641 0.847074 -0.526893
0.995588 -0.127702 2.103970 0.091464 0.888946 -0.448787
0.973182 -0.124601 2.106071 0.100127 0.907401 -0.408165
0.949692 -0.123097 2.097101 0.177645 0.941277 -0.287125
0.927179 -0.120377 2.096756 0.096124 0.968586 -0.229352
0.905062 -0.116982 2.101108 0.172494 0.947840 -0.268040
0.882670 -0.114056 2.102270 -0.168511 -0.913556 0.370162
0.860206 -0.111317 2.102212 -0.128118 -0.911265 0.391386
0.837795 -0.108475 2.102909 -0.132658 -0.871263 0.472550
0.815338 -0.105823 2.102384 -0.054711 -0.810010 0.583858
0.792916 -0.103066 2.102615 0.118158 0.992986 -0.004235
0.770488 -0.100350 2.102613 -0.036399 -0.852481 0.521489
0.748056 -0.097677 2.102378 0.121769 0.789133 -0.602031
0.725639 -0.095355 2.099935 0.201727 0.832013 -0.516778
0.703191 -0.092459 2.101210 -0.005954 -0.814591 0.580006
0.680791 -0.090072 2.099291 -0.004761 -0.922256 0.386550
0.658340 -0.087415 2.099113 -0.087802 -0.921446 0.378455
0.636172 -0.085755 2.092785 0.129628 0.944214 -0.302748
0.613880 -0.083509 2.090174 0.014395 -0.966065 0.257897
0.591132 -0.080179 2.094224 -0.053509 -0.909469 0.412314
0.569643 -0.079644 2.081313 -0.164217 -0.983603 -0.074552
0.546765 -0.076233 2.085876 0.053381 0.998252 -0.025353
0.525078 -0.074992 2.077438 0.040518 0.999155 0.006957
0.501866 -0.071325 2.083482 -0.210421 -0.974487 0.078089
0.480077 -0.069851 2.076552 0.093988 0.988896 -0.115114
0.458531 -0.068599 2.068426 0.062669 0.997998 -0.008545
0.434982 -0.064874 2.074717 -0.128974 -0.987536 0.090212
0.414466 -0.064736 2.060299 0.118589 0.989263 -0.085417
0.390627 -0.060916 2.067072 -0.106213 -0.992560 0.059522
0.369198 -0.059692 2.059026 0.113433 0.989247 -0.092317
0.348074 -0.058694 2.049801 0.088396 0.994740 -0.051763
0.326127 -0.056888 2.045197 0.100662 0.992969 -0.062291
0.304224 -0.055128 2.040368 -0.101252 -0.992359 0.070511
0.280229 -0.051670 2.044923 0.109568 0.992264 -0.058365
0.258322 -0.049998 2.039618 0.115190 0.988558 -0.097392
0.236467 -0.048373 2.034087 -0.110367 -0.990639 0.080339
0.214423 -0.046621 2.029284 -0.117769 -0.990364 0.072863
0.192925 -0.045270 2.022350 0.097968 0.989721 -0.104186
0.171241 -0.043791 2.016145 0.099267 0.988859 -0.110923
0.149345 -0.042181 2.010662 0.132067 0.987361 -0.087621
0.128631 -0.041338 2.001183 0.125619 0.988243 -0.087152
0.106277 -0.039466 1.997132 0.105899 0.991545 -0.074992
0.085150 -0.038363 1.989100 -0.095701 -0.995377 0.008077
0.063799 -0.037128 1.981787 -0.093399 -0.995387 0.021920
0.042198 -0.035761 1.975182 -0.102424 -0.994640 0.014137
0.020320 -0.034260 1.969276 -0.084416 -0.996320 0.014827
-0.001863 -0.032624 1.964058 0.111661 0.993085 -0.036238
-0.024731 -0.030668 1.960435 0.100396 0.992370 -0.071569
-0.047613 -0.028757 1.956557 0.124680 0.989920 -0.067188
-0.067523 -0.028366 1.945146 0.126793 0.991274 -0.036045
-0.096849 -0.023410 1.956178 0.098732 0.993104 -0.063213
-0.117881 -0.022560 1.946986 0.098114 0.992298 -0.075625
-0.144843 -0.018978 1.951031 0.110167 0.992670 -0.049688
-0.148151 -0.026213 1.902968 0.091213 0.995815 -0.005753
-0.191761 -0.015288 1.942096 0.050213 0.992882 0.107996
-0.217819 -0.012397 1.942524 0.037571 0.996185 0.078765
-0.243558 -0.009737 1.941748 0.049171 0.998110 0.036851
-0.268947 -0.007310 1.939778 0.099721 0.982994 -0.154201
-0.289374 -0.006990 1.927938 0.100135 0.982549 -0.156749
-0.313407 -0.005224 1.922806 0.103694 0.980933 -0.164369
-0.340788 -0.002195 1.923405 0.165103 0.972912 -0.161812
-0.361026 -0.002030 1.910839 0.133768 0.976605 -0.168373
-0.382114 -0.001543 1.899770 0.084266 0.994831 -0.056668
-0.402594 -0.001296 1.887635 0.058029 0.996503 -0.060126
-0.432686 0.002470 1.891212 0.091828 0.994371 -0.052865
-0.453604 0.002800 1.879388 0.127152 0.990761 -0.047159
-0.481303 0.005523 1.878093 0.094011 0.994089 0.054302
-0.509653 0.008380 1.877252 -0.023972 -0.997920 -0.059848
-0.540320 0.011936 1.879292 0.104185 0.979545 -0.172155
-0.571734 0.015625 1.881712 0.115178 0.979124 -0.167480
-0.602784 0.019070 1.882882 0.095386 0.982050 -0.162725
-0.622544 0.018697 1.867668 0.093162 0.985121 -0.144425
-0.640975 0.017895 1.850676 0.058439 0.993556 -0.097116
-0.662155 0.017976 1.837442 0.055488 0.994122 -0.092969
-0.685012 0.018565 1.826314 0.055000 0.994056 -0.093957
-0.712045 0.020409 1.820327 0.070524 0.988605 -0.132994
-0.740348 0.022569 1.815515 0.084254 0.984253 -0.155393
-0.775575 0.026724 1.818670 0.089347 0.979480 -0.180654
-0.803465 0.028571 1.812263 0.090396 0.978197 -0.186972
-0.830756 0.030169 1.804734 0.092978 0.977934 -0.187081
-0.862598 0.033008 1.802016 0.114389 0.976434 -0.183006
-0.888668 0.034106 1.792249 0.110132 0.977095 -0.182091
-0.920685 0.036812 1.788670 0.100531 0.976052 -0.192912
-0.946777 0.037781 1.778164 0.097231 0.975593 -0.196888
-0.989122 0.043122 1.784382 0.081529 0.974787 -0.207709
-1.024935 0.046535 1.782877 0.215691 0.928413 -0.302534
-1.056756 0.048767 1.776648 0.243289 0.910374 -0.334710
-1.087248 0.050557 1.768579 0.136005 0.934396 -0.329251
-1.106443 0.049346 1.749170 0.065388 0.984280 -0.164067
-1.137601 0.051181 1.741028 0.132446 0.968799 -0.209493
-1.167354 0.052577 1.731103 0.157799 0.982152 -0.102356
-1.177404 0.048996 1.702966 -0.029238 0.994474 0.100829
-1.173810 0.042111 1.663101 -0.020135 0.974042 0.225469
-1.169586 0.035203 1.623519 -0.016507 0.963258 0.268070
-1.063256 -0.068247 1.060626 0.960981 0.089156 -0.261852
-1.059697 -0.073251 1.032626 0.981411 -0.057874 -0.182984
-1.056600 -0.078096 1.005322 0.961899 -0.259271 -0.086768
-1.072902 -0.079141 0.989316 0.959291 -0.275814 -0.060730
-1.074362 -0.083038 0.965035 0.951893 -0.301754 -0.053340
-1.078120 -0.086462 0.942239 0.933426 -0.357103 -0.034548
-1.064969 -0.092998 0.910825 0.893456 -0.448633 -0.021534
-1.070715 -0.095965 0.889626 0.694960 -0.718865 0.016255
-1.074444 -0.099281 0.867543 0.718638 -0.695378 -0.003085
-1.073459 -0.103417 0.843353 0.731109 -0.682030 -0.017718
-1.066798 -0.108515 0.816779 -0.654242 0.755795 0.027210
-1.085839 -0.109053 0.802317 0.701510 -0.711546 -0.039816
-1.080391 -0.113865 0.776762 0.737560 -0.672872 -0.057000
-1.079142 -0.117902 0.753373 0.737768 -0.672841 -0.054618
-1.085804 -0.120567 0.733535 0.749879 -0.659402 -0.053589
-1.087671 -0.124025 0.711795 0.756939 -0.653175 -0.020139
-0.829858 -0.170152 0.588101 0.050449 0.978056 -0.202140
-0.858742 -0.168649 0.580100 0.140651 0.960562 -0.239870
-0.913613 -0.163070 0.581157 0.071541 -0.872695 0.482997
-0.705105 -0.199397 0.486977 0.488479 0.842481 -0.227187
-0.672398 -0.207379 0.458600 -0.485230 -0.843559 0.230132
-0.679602 -0.209049 0.444439 -0.513078 -0.832419 0.209357
-0.671591 -0.213047 0.425331 -0.499442 -0.848405 0.175403
-0.676566 -0.215041 0.410559 -0.506817 -0.850585 0.140151
-0.669055 -0.218891 0.392051 -0.489097 -0.863959 0.119829
-0.677484 -0.220357 0.378408 0.489161 0.861634 -0.135310
-0.664781 -0.224898 0.358837 -0.359556 -0.921606 0.146158
-0.669053 -0.226949 0.344151 -0.270403 -0.947832 0.168810
-0.671249 -0.229294 0.328936 0.394289 0.908086 -0.141124
-0.657872 -0.233800 0.309981 0.105733 0.980098 -0.168013
-0.672248 -0.234431 0.297840 -0.048135 -0.989712 0.134735
-0.667163 -0.237739 0.281167 -0.118252 0.988023 -0.099130
-0.668674 -0.240133 0.266067 -0.120945 0.983484 -0.134655
-0.653485 -0.244722 0.247684 -0.513686 0.848178 -0.129307
-0.667304 -0.245474 0.235159 -0.405397 0.899087 -0.165214
-0.671246 -0.247531 0.220648 0.642240 0.762476 -0.078471
-0.674059 -0.249735 0.205927 0.782421 0.612628 -0.111821
-0.666909 -0.253179 0.189651 0.521881 0.834788 -0.175413
-0.669393 -0.255406 0.174982 0.760571 0.626187 -0.171527
-0.671723 -0.257652 0.160290 0.379838 0.902031 -0.205094
-0.660100 -0.261560 0.143866 0.464367 0.859629 -0.213074
-0.667035 -0.263242 0.129838 -0.141455 -0.961847 0.234181
-0.663946 -0.266099 0.114672 0.167022 0.973104 -0.158659
-0.670584 -0.267832 0.100507 0.274367 0.950496 -0.145877
-0.671136 -0.270264 0.085739 0.888687 0.458157 0.018071
-0.668557 -0.273038 0.070765 0.942900 0.319656 0.093588
-0.650931 -0.277430 0.054955 0.296323 0.945993 -0.131489
-0.659934 -0.278913 0.040883 0.577430 0.809361 -0.107279
-0.694632 -0.277724 0.027677 0.765691 0.602614 -0.224886
-0.876366 -0.261470 0.018149 0.013345 -0.824236 0.566089
-0.756703 -0.276445 -0.000992 -0.201240 -0.513972 0.833868
-0.687531 -0.285962 -0.017179 0.819097 0.470015 0.328885
-0.676884 -0.289497 -0.032002 0.793185 0.578310 0.190826
-0.417246 -0.316970 -0.043680 -0.094464 0.875298 -0.474268
-0.413254 -0.319366 -0.055620 -0.059150 0.883004 -0.465624
-0.391222 -0.323421 -0.066893 0.026207 -0.852414 0.522210
-0.270571 -0.336381 -0.073487 0.022456 -0.747123 0.664307
-0.229013 -0.343546 -0.091887 0.014715 -0.749868 0.661423
-0.326841 -0.336839 -0.109234 -0.092931 -0.788466 0.608018
-1.037095 -0.278963 -0.180346 0.966618 0.218748 0.133414
-1.045632 -0.281362 -0.199717 0.962498 0.235941 0.133902
-1.034131 -0.285410 -0.217188 0.965775 0.235231 0.109297
-1.010569 -0.290373 -0.233056 0.965775 0.235231 0.109297
-1.043247 -0.290920 -0.255572 0.965775 0.235231 0.109297
-1.048971 -0.293618 -0.275132 0.963164 0.204403 0.174744
-1.039679 -0.297448 -0.292648 0.966892 0.197479 0.161622
-1.025284 -0.301617 -0.309214 0.966892 0.197479 0.161622
3.076270 -0.695283 0.347057 0.753596 -0.657331 -0.003195
3.041862 -0.686357 0.373022 0.901482 -0.432389 -0.019206
3.098495 -0.687135 0.413308 0.837505 -0.546233 0.014662
3.063486 -0.678193 0.438854 0.962689 -0.265689 -0.051372
5.827161 -0.954457 0.983457 -0.073614 -0.990258 0.118197
5.817004 -0.943176 1.042582 -0.069735 -0.990200 0.121000
5.814022 -0.932593 1.103199 -0.067970 -0.990174 0.122215
5.805523 -0.921444 1.162788 -0.092333 -0.988347 0.121020
5.805125 -0.911044 1.224299 -0.092848 -0.987694 0.125858
5.802117 -0.900354 1.285445 -0.090624 -0.986091 0.139328
5.782983 -0.888157 1.342767 -0.091567 -0.984781 0.147725
5.783499 -0.877726 1.405108 -0.094877 -0.984647 0.146519
5.781398 -0.867008 1.467061 0.097177 0.985548 -0.138754
5.780530 -0.856345 1.529648 -0.092010 -0.984221 0.151140
5.773226 -0.845085 1.590665 0.095646 0.983375 -0.154356
5.765166 -0.822975 1.715391 -0.108868 -0.981704 0.156221
5.760563 -0.811795 1.778017 -0.100333 -0.981279 0.164392
5.756202 -0.800579 1.841035 -0.107047 -0.980048 0.167474
5.745482 -0.788835 1.902149 -0.110325 -0.979284 0.169795
5.735962 -0.777142 1.963903 -0.108578 -0.979442 0.170015
5.742572 -0.766533 2.031954 -0.109485 -0.979130 0.171222
5.726025 -0.754240 2.091693 -0.110116 -0.979169 0.170594
5.718099 -0.742496 2.154986 -0.118295 -0.978500 0.168947
5.719608 -0.731296 2.222493 -0.118295 -0.978500 0.168947
5.693639 -0.718296 2.278971 -0.120604 -0.978682 0.166240
5.581010 -0.700118 2.297706 -0.123802 -0.978650 0.164066
5.393800 -0.677996 2.280925 0.129657 0.977772 -0.164772
5.221993 -0.657413 2.267191 0.128395 0.977787 -0.165672
5.066346 -0.638320 2.257397 0.130128 0.977682 -0.164939
4.911407 -0.619824 2.244629 0.129575 0.977603 -0.165841
4.759010 -0.602017 2.229792 -0.126082 -0.978435 0.163612
4.638544 -0.586275 2.227940 0.125988 0.977974 -0.166416
4.506184 -0.570425 2.217352 0.128117 0.977352 -0.168434
4.372732 -0.555010 2.203327 0.130631 0.976662 -0.170489
4.265406 -0.541148 2.200744 0.132090 0.976601 -0.169713
4.159430 -0.527718 2.196671 0.133537 0.977101 -0.165657
4.049624 -0.514531 2.188151 0.129711 0.978458 -0.160608
3.945564 -0.501939 2.180652 -0.123471 -0.979957 0.156332
3.854031 -0.490120 2.178478 -0.120924 -0.979562 0.160736
3.756975 -0.478467 2.170971 -0.126620 -0.977877 0.166506
3.662985 -0.467253 2.163301 -0.130845 -0.976419 0.171713
3.578753 -0.456620 2.159902 0.135748 0.976841 -0.165389
3.506623 -0.446553 2.162722 -0.135882 -0.977626 0.160570
3.428158 -0.436612 2.159806 0.134852 0.977721 -0.160862
3.350917 -0.426974 2.156075 0.129721 0.978449 -0.160653
3.276538 -0.417657 2.152718 0.127717 0.979302 -0.157021
3.209850 -0.408698 2.153330 0.123080 0.978710 -0.164250
3.138641 -0.399932 2.149239 0.120627 0.978766 -0.165731
3.071822 -0.391454 2.146924 0.121361 0.977883 -0.170340
3.001394 -0.383206 2.140416 0.127326 0.976545 -0.173630
2.941618 -0.375229 2.140727 -0.124681 -0.974985 0.184008
2.879788 -0.367466 2.138161 0.130422 0.973454 -0.188091
2.812111 -0.359958 2.129483 -0.128969 -0.973981 0.186352
2.758693 -0.352600 2.131201 -0.132062 -0.972335 0.192676
2.701712 -0.345464 2.128801 0.129675 0.971829 -0.196806
2.649567 -0.338469 2.129406 0.128246 0.972445 -0.194690
2.596926 -0.331665 2.128505 0.135147 0.971699 -0.193743
2.541600 -0.325103 2.124061 0.135208 0.970176 -0.201192
2.491014 -0.318640 2.122793 -0.127226 -0.970591 0.204370
2.434893 -0.312505 2.115216 0.132134 0.967947 -0.213585
2.371264 -0.306815 2.099071 0.121086 0.966727 -0.225337
2.325278 -0.300821 2.098710 -0.123157 -0.966624 0.224655
2.278824 -0.295008 2.096924 0.132760 0.963277 -0.233393
2.233326 -0.289327 2.095128 -0.126252 -0.963322 0.236793
2.193599 -0.283562 2.098417 -0.126745 -0.967269 0.219834
2.149244 -0.278144 2.096003 -0.117512 -0.968295 0.220446
2.101778 -0.273049 2.089218 0.110076 0.963055 -0.245782
2.065990 -0.267511 2.094346 -0.107871 -0.958971 0.262182
2.026343 -0.262305 2.094458 -0.119855 -0.961863 0.245876
1.982983 -0.257469 2.089437 0.116224 0.960502 -0.252840
1.950213 -0.252105 2.095988 -0.121886 -0.961771 0.245234
1.913682 -0.247095 2.097467 0.103949 0.958657 -0.264898
1.877933 -0.242150 2.099202 0.110911 0.955423 -0.273616
1.836755 -0.237753 2.093379 0.108513 0.956957 -0.269182
1.800153 -0.233144 2.092472 0.096939 0.957758 -0.270744
1.757713 -0.229184 2.083083 -0.105098 -0.973841 0.201467
1.727531 -0.224277 2.089097 -0.137786 -0.958130 0.251000
1.693870 -0.219789 2.089870 -0.073994 -0.973799 0.215038
1.659777 -0.215461 2.089367 0.127500 0.981643 -0.141846
1.623574 -0.211484 2.085114 0.094734 0.971743 -0.216197
1.593784 -0.206930 2.089430 0.113064 0.944487 -0.308482
1.566816 -0.202125 2.097518 -0.145592 -0.967685 0.205886
1.540915 -0.197241 2.106953 -0.120584 -0.958812 0.257176
1.510147 -0.193033 2.108505 -0.140514 -0.952539 0.270046
1.476333 -0.189339 2.104572 0.107258 0.943043 -0.314907
1.442739 -0.185755 2.100179 0.173187 0.942197 -0.286830
1.409373 -0.182280 2.095329 0.096237 0.931246 -0.351452
1.374741 -0.179148 2.087439 -0.203344 -0.962390 0.180158
1.347267 -0.175025 2.091222 0.140626 0.983426 -0.114448
1.318877 -0.171131 2.092925 0.120690 0.991296 -0.052594
1.286795 -0.167979 2.087255 0.086042 0.996287 -0.003106
1.260970 -0.163824 2.092627 -0.104923 -0.988785 0.106283
1.227432 -0.161206 2.082623 -0.172242 -0.980714 0.092375
1.199107 -0.157730 2.081970 0.146886 0.962069 -0.229885
1.168292 -0.154877 2.075591 0.084121 0.970816 -0.224589
1.138995 -0.151848 2.071512 -0.149634 -0.956741 0.249511
1.113218 -0.148152 2.074296 -0.083546 -0.964298 0.251294
1.090333 -0.143840 2.083137 0.015990 -0.962348 0.271350
1.067359 -0.139562 2.091735 0.060194 0.968108 -0.243193
1.044689 -0.135220 2.101004 -0.043078 -0.976186 0.212615
1.014347 -0.132951 2.091636 -0.119936 -0.916386 0.381905
0.986504 -0.130163 2.087423 0.164447 0.904795 -0.392814
0.957399 -0.127881 2.079163 0.224885 0.950131 -0.216052
0.930648 -0.125051 2.076125 0.119836 0.974124 -0.191631
0.905399 -0.121861 2.076505 -0.023210 -0.994713 0.100035
0.880880 -0.118510 2.078472 0.154775 0.978570 -0.135815
0.853514 -0.116228 2.071700 -0.118873 -0.986099 0.116091
0.826983 -0.113803 2.066486 0.168574 0.984901 -0.039414
0.802732 -0.110645 2.067586 0.157026 0.986662 -0.042908
0.782302 -0.106012 2.080762 -0.032879 -0.992911 0.114222
0.753805 -0.104733 2.067076 -0.167408 -0.983963 0.061576
0.732149 -0.100655 2.075963 -0.134191 -0.988137 0.074692
0.707240 -0.098076 2.073139 0.113315 0.993288 -0.023193
0.684700 -0.094444 2.078676 -0.131973 -0.989866 0.052430
0.659695 -0.092107 2.074353 -0.043822 -0.995919 0.078901
0.635062 -0.089712 2.070714 0.102732 0.990375 -0.092755
0.612315 -0.086350 2.074536 -0.120265 -0.992683 -0.010834
0.586594 -0.084858 2.064555 0.161878 0.979528 -0.119672
0.563124 -0.082128 2.063988 0.083868 0.989468 -0.117981
0.537243 -0.081190 2.050524 0.118654 0.978225 -0.170288
0.514553 -0.078182 2.052355 -0.139082 -0.977894 0.156138
0.490845 -0.076038 2.048091 0.119437 0.982792 -0.140907
0.469167 -0.072299 2.055301 0.123062 0.966067 -0.227091
0.445881 -0.069984 2.052500 0.127281 0.978500 -0.162289
0.422545 -0.067867 2.048470 0.119571 0.985161 -0.123132
0.399575 -0.065525 2.046154 0.103922 0.988740 -0.107674
0.377030 -0.062805 2.046542 0.128402 0.979286 -0.156562
0.354713 -0.059841 2.048662 0.097962 0.992153 -0.077686
0.332370 -0.056918 2.050551 0.118762 0.992648 -0.023375
0.309916 -0.054184 2.051222 0.119209 0.992794 -0.012242
0.287538 -0.051345 2.052645 -0.105965 -0.993693 0.036673
0.265142 -0.048547 2.053836 -0.145859 -0.960731 0.236055
0.242729 -0.045792 2.054795 -0.117339 -0.970990 0.208349
0.220302 -0.043079 2.055522 -0.174531 -0.968209 0.179194
0.197480 -0.042106 2.045154 -0.112873 -0.977065 0.180564
0.175172 -0.039337 2.046401 -0.122097 -0.982059 0.143707
0.152948 -0.035355 2.055318 0.144132 0.988344 -0.049018
0.130464 -0.034394 2.045239 0.105432 0.993105 -0.051251
0.108071 -0.030798 2.051716 -0.109393 -0.993723 -0.023390
0.085688 -0.028671 2.049074 0.087253 0.996013 0.018572
0.063295 -0.026270 2.048175 0.079692 0.996699 0.015494
0.041098 -0.024725 2.042114 0.072287 0.997352 0.007937
0.018771 -0.022420 2.040755 0.093089 0.995649 0.004090
-0.003545 -0.020159 2.039164 -0.085719 -0.995455 0.041490
-0.025849 -0.017943 2.037344 -0.109850 -0.992705 0.049693
-0.048057 -0.015940 2.034309 0.113068 0.991741 -0.060551
-0.070406 -0.013649 2.033010 0.104225 0.990772 -0.086651
-0.092656 -0.011571 2.030498 -0.101404 -0.988534 0.111887
-0.115214 -0.009030 2.030695 -0.121182 -0.985683 0.117231
-0.136841 -0.007894 2.022830 0.103195 0.985913 -0.131630
-0.159913 -0.004758 2.026468 -0.137481 -0.982810 0.123220
-0.181400 -0.003722 2.018156 -0.112547 -0.983620 0.140801
-0.203511 -0.001877 2.014499 -0.113105 -0.982828 0.145799
-0.225586 -0.000080 2.010613 -0.095882 -0.984556 0.146476
-0.248659 0.002718 2.012316 -0.124192 -0.984079 0.127141
-0.271815 0.005478 2.013769 0.118733 0.985289 -0.122916
-0.291965 0.005380 1.999523 -0.103313 -0.979669 0.171975
-0.313693 0.006811 1.993762 0.106564 0.974628 -0.196837
-0.336634 0.009259 1.993545 0.116192 0.975377 -0.187453
-0.358733 0.010951 1.989244 0.140951 0.969498 -0.200518
-0.380100 0.012060 1.981847 0.099450 0.974900 -0.199199
-0.403077 0.014375 1.980906 -0.071785 -0.973758 0.215967
-0.425338 0.016106 1.976863 0.150135 0.966093 -0.210055
-0.446787 0.017248 1.969743 -0.132713 -0.971422 0.196790
-0.468429 0.018520 1.963350 0.114328 0.976263 -0.183954
-0.490291 0.019926 1.957676 0.084331 0.977805 -0.191794
-0.511518 0.020918 1.949897 0.062252 0.976237 -0.207574
-0.533568 0.022408 1.944709 0.113619 0.973215 -0.199860
-0.557781 0.025137 1.945809 0.110093 0.975600 -0.189959
-0.578217 0.025614 1.935488 0.114347 0.974578 -0.192674
-0.600517 0.027146 1.930517 0.108339 0.975649 -0.190713
-0.623827 0.029186 1.928068 0.105336 0.975427 -0.193510
-0.647879 0.031551 1.927190 0.105453 0.969773 -0.220046
-0.673090 0.034428 1.928771 0.103392 0.968872 -0.224940
-0.693589 0.034844 1.918228 0.108412 0.969260 -0.220866
-0.709761 0.033155 1.897525 0.111693 0.970203 -0.215015
-0.714239 0.025991 1.850584 0.093399 0.981247 -0.168616
-0.719826 0.019686 1.808272 0.069130 0.989253 -0.128836
-0.719691 0.011065 1.755365 -0.046282 -0.990296 0.131042
-0.727354 0.006309 1.721338 -0.035596 -0.990213 0.134945
-0.720654 -0.004516 1.659099 0.001218 -0.991591 0.129409
-0.723704 -0.010712 1.619193 0.012751 -0.992286 0.123314
-0.727801 -0.016213 1.582927 0.033319 -0.992814 0.114938
-0.719793 -0.026476 1.525050 0.068619 -0.990989 0.115030
-0.724656 -0.031145 1.493472 -0.095357 0.988041 -0.121170
-0.740367 -0.031337 1.482601 -0.095357 0.988041 -0.121170
-0.726852 -0.042889 1.420342 0.119598 -0.983545 0.135411
-0.723479 -0.050151 1.378083 0.066719 -0.984870 0.159933
-0.744960 -0.047832 1.379092 0.184711 -0.973362 0.135827
-0.748644 -0.052158 1.350483 0.077923 -0.984313 0.158292
-0.735676 -0.062373 1.296161 -0.171730 0.973559 -0.150638
-0.729600 -0.069794 1.254692 -0.264823 0.947827 -0.177463
-0.759363 -0.064423 1.269363 -0.235802 0.958729 -0.158858
-0.770383 -0.065693 1.255013 -0.264823 0.947827 -0.177463
-0.749515 -0.077739 1.194441 -0.282629 0.932592 -0.224482
-0.727463 -0.089806 1.134473 -0.301669 0.929216 -0.213433
-0.693348 -0.105464 1.059975 -0.175437 0.977635 -0.115982
-0.447221 -0.189163 0.699829 -0.597205 0.789954 -0.138996
-0.443678 -0.193114 0.678036 -0.597205 0.789954 -0.138996
-0.433753 -0.198954 0.648621 -0.602034 0.785214 -0.144895
-0.448747 -0.196936 0.651956 0.808204 -0.588372 0.025000
-0.438667 -0.202613 0.623647 -0.644201 0.753267 -0.132642
-0.457956 -0.199332 0.632098 0.826249 -0.561872 0.040158
-0.453508 -0.203167 0.611610 0.687286 -0.720854 0.089484
-0.461473 -0.203289 0.606225 0.840818 -0.540632 0.027244
-0.470038 -0.203247 0.601492 0.876351 -0.481405 -0.016049
-0.476604 -0.203783 0.594460 0.848785 -0.527730 -0.032637
-0.485078 -0.203784 0.589545 0.912866 -0.391320 -0.116383
-0.480106 -0.207497 0.570158 0.757377 -0.634618 -0.153752
-0.481573 -0.209375 0.558071 0.744260 -0.647750 -0.162779
-0.450619 -0.219892 0.512928 0.770734 -0.636386 0.031323
-0.467996 -0.217376 0.518002 -0.492987 0.847717 0.195805
-0.468731 -0.219277 0.506227 -0.534584 0.829128 0.163606
-0.458660 -0.223918 0.484273 0.956392 -0.285937 -0.059615
-0.478236 -0.220932 0.490939 0.706278 0.680106 0.196538
-0.470562 -0.224858 0.471906 0.738817 0.476815 -0.476232
-0.478606 -0.224814 0.467610 0.791992 0.570258 -0.218072
-0.444628 -0.235030 0.426057 -0.617442 0.720626 -0.315378
-0.438095 -0.238393 0.409758 0.542035 -0.785829 0.297776
-0.451546 -0.236936 0.410834 -0.425312 0.826907 -0.367880
-0.447664 -0.239596 0.397233 -0.449419 0.857864 -0.249185
-0.425980 -0.246325 0.369506 -0.373515 0.911249 0.173527
-0.459269 -0.240333 0.386369 -0.133208 0.937030 0.322848
-0.468106 -0.240025 0.383253 -0.033039 0.912220 0.408366
-0.455778 -0.244457 0.363917 -0.051489 0.659280 0.750132
-0.488149 -0.238960 0.378389 0.452076 0.547446 -0.704223
-0.493815 -0.239419 0.372536 0.458211 0.489516 -0.741901
-0.509861 -0.237656 0.374038 0.367213 0.412770 -0.833532
-0.513069 -0.238675 0.366256 0.383324 0.174965 -0.906890
-0.528407 -0.237150 0.366769 -0.416365 0.015771 0.909061
-0.553679 -0.233629 0.373556 -0.479358 -0.184859 0.857929
-0.571732 -0.231687 0.375034 0.130980 -0.847179 0.514911
-0.581570 -0.231470 0.370904 0.029347 -0.794448 0.606623
-0.573799 -0.234782 0.355716 -0.416933 0.705750 0.572786
-0.582657 -0.234766 0.350954 -0.364562 0.775217 0.515880
-0.592342 -0.234611 0.346559 -0.205560 0.957725 0.201264
-0.603724 -0.234157 0.342996 0.131226 -0.991086 -0.022994
-0.615112 -0.233736 0.339245 0.057906 -0.996082 0.066835
-0.611796 -0.236097 0.327234 0.117870 -0.989512 0.083506
-0.615268 -0.237169 0.319067 0.138890 -0.987277 0.077423
-0.616899 -0.238575 0.309962 -0.413675 0.905677 0.092859
-0.621060 -0.239514 0.302212 -0.327542 0.944809 -0.007218
-0.612749 -0.242670 0.288286 -0.485509 0.873802 0.027422
-0.610452 -0.244717 0.277581 0.736185 -0.674492 -0.055608
-0.617848 -0.245059 0.271584 0.762576 -0.643374 -0.067441
-0.632390 -0.244194 0.268756 0.647509 -0.761874 0.016731
-0.621664 -0.247645 0.254442 0.837904 -0.540102 0.078781
-0.610715 -0.251071 0.240393 0.883032 -0.462931 0.077134
-0.621435 -0.250870 0.235778 0.854325 -0.518687 0.033057
-0.613820 -0.253680 0.223530 0.897916 -0.432610 0.081217
-0.615226 -0.254997 0.215107 0.870817 -0.484662 0.082343
-0.622080 -0.255445 0.208809 -0.626243 0.769335 -0.126265
-0.617750 -0.257657 0.198280 0.942523 -0.333415 -0.022021
-0.619798 -0.258855 0.190213 0.971380 -0.229383 -0.061688
-0.615212 -0.261060 0.179868 0.999395 0.011776 -0.032724
-0.624568 -0.261142 0.174366 0.994614 -0.022933 -0.101078
-0.618817 -0.263489 0.163827 -0.383848 -0.895698 0.224467
-0.609141 -0.266376 0.152260 0.920114 0.331806 -0.208077
-0.633455 -0.264314 0.151178 0.203676 0.961415 -0.184926
-0.635939 -0.265444 0.143292 0.122103 0.977577 -0.171565
-0.633566 -0.267255 0.134058 -0.100611 -0.979980 0.171804
-0.638742 -0.268003 0.126941 -0.092345 -0.979569 0.178651
-0.641931 -0.269034 0.119252 0.122469 0.978186 -0.167790
-0.614216 -0.274226 0.103999 0.123812 0.978130 -0.167132
-0.649039 -0.271012 0.103975 0.244958 0.957031 -0.155202
-0.633595 -0.274493 0.092069 -0.143470 -0.976207 0.162594
-0.650015 -0.273803 0.087270 0.295731 0.943848 -0.147292
-0.624580 -0.278482 0.073773 -0.125916 -0.978139 0.165498
-0.635996 -0.278450 0.067844 -0.125460 -0.978118 0.165965
-0.624894 -0.281228 0.057682 -0.051108 -0.980109 0.191766
-0.616596 -0.283620 0.048263 -0.028387 -0.976701 0.212719
-0.631724 -0.283176 0.042734 -0.218076 -0.966544 0.135039
-0.634044 -0.284289 0.035034 0.482738 0.871060 -0.090653
-0.616595 -0.287696 0.024627 -0.123116 -0.978393 0.166104
-0.618724 -0.288803 0.017068 -0.145897 -0.978171 0.147975
-0.619788 -0.290032 0.009365 -0.140719 -0.977682 0.156003
-0.615827 -0.291816 0.001138 -0.672114 -0.740191 0.019497
-0.611772 -0.293593 -0.006995 -0.154213 -0.972037 0.177093
-0.632400 -0.292715 -0.012971 0.949817 0.293304 0.108722
-0.613308 -0.296079 -0.022254 0.990358 0.095686 0.100174
-0.614948 -0.297232 -0.029830 0.985891 0.153939 0.065736
-0.616508 -0.298396 -0.037432 0.985891 0.153939 0.065736
-0.608047 -0.300562 -0.045472 0.997153 -0.012879 0.074299
-0.624363 -0.300271 -0.052555 0.978852 0.175230 0.105558
-0.610758 -0.302911 -0.060592 0.955730 0.071802 0.285350
-0.613985 -0.303914 -0.068164 0.877120 0.138767 0.459787
-0.625100 -0.304197 -0.075800 0.942292 0.111983 0.315508
-0.617214 -0.306243 -0.083467 0.766903 -0.014824 0.641591
-0.616218 -0.307647 -0.091112 0.756127 0.480605 0.444175
-0.621115 -0.308533 -0.098921 0.758344 0.316828 0.569679
-0.621946 -0.309784 -0.106666 0.727327 0.165411 0.666059
-0.621701 -0.311127 -0.114376 0.727327 0.165411 0.666059
-0.524881 -0.320370 -0.116085 0.065645 -0.932843 0.354251
-0.518560 -0.322027 -0.122355 -0.036116 -0.883676 0.466703
-0.521118 -0.322968 -0.129238 -0.011737 -0.835190 0.549837
-0.515658 -0.324531 -0.135436 -0.036116 -0.883676 0.466703
-0.520056 -0.325340 -0.142554 -0.011737 -0.835190 0.549837
-0.513473 -0.326966 -0.148522 0.110995 0.689858 -0.715385
-0.518712 -0.327730 -0.155841 -0.065375 -0.760284 0.646292
1.844623 -0.599699 0.139161 0.219305 -0.928769 -0.298819
1.837001 -0.596070 0.153097 -0.215417 0.942326 0.256157
1.838084 -0.593399 0.168252 -0.161321 0.957244 0.240124
1.838021 -0.590594 0.183282 -0.189377 0.954963 0.228433
1.850535 -0.589085 0.200562 -0.204633 0.952341 0.226214
1.884366 -0.589688 0.222125 -0.410197 0.903200 0.126364
1.886664 -0.586996 0.238256 -0.461541 0.885155 0.059004
1.883911 -0.583788 0.253444 -0.478315 0.876757 0.050130
1.905315 -0.582895 0.273907 -0.497866 0.866663 0.032001
1.907043 -0.580055 0.290390 -0.497866 0.866663 0.032001
1.926989 -0.578867 0.311351 -0.501291 0.863734 -0.051679
1.932169 -0.576258 0.329116 -0.506602 0.856847 -0.095752
1.944854 -0.574270 0.349037 -0.522941 0.843715 -0.121147
1.877487 -0.565355 0.347484 0.266271 -0.896384 0.354395
3.861378 -0.728204 0.926780 0.741336 -0.650522 0.165050
3.838377 -0.719164 0.958317 0.762336 -0.598360 0.246596
3.831287 -0.711442 0.994429 -0.717462 0.644228 -0.264989
3.828558 -0.704043 1.031995 0.641493 -0.707015 0.297685
3.824461 -0.696507 1.069286 -0.561432 0.788124 -0.252300
3.823725 -0.689186 1.107877 -0.536594 0.810627 -0.234414
3.815017 -0.681253 1.143906 -0.556500 0.811074 -0.180185
3.804979 -0.673215 1.179522 -0.527845 0.833145 -0.165071
3.802033 -0.665639 1.217844 -0.333081 0.915404 -0.226037
3.804233 -0.658353 1.258378 -0.316816 0.921252 -0.225658
3.818005 -0.651719 1.303878 -0.301049 0.934419 -0.190342
3.796090 -0.642824 1.335382 -0.285337 0.938734 -0.193288
3.782151 -0.634426 1.370060 0.076336 -0.984225 0.159609
3.782500 -0.626819 1.410947 -0.285954 0.948030 -0.139534
3.774144 -0.618683 1.448311 -0.066965 0.990027 -0.123948
3.768996 -0.610679 1.487307 -0.019523 -0.990390 0.136919
3.756158 -0.602256 1.522933 -0.068259 -0.984869 0.159293
3.756420 -0.594424 1.564970 -0.072945 -0.988910 0.129366
3.762424 -0.586768 1.610273 -0.059790 -0.975234 0.212939
3.741123 -0.577873 1.642247 -0.124435 -0.974918 0.184527
3.736336 -0.569645 1.682735 -0.154268 -0.979981 0.125854
3.725766 -0.561145 1.720457 0.167530 0.982889 -0.076568
3.723522 -0.552894 1.762936 0.164860 0.980035 -0.111141
3.709411 -0.544191 1.799175 -0.132328 -0.979666 0.150812
3.698355 -0.535556 1.837295 0.160266 0.972340 -0.169913
3.713553 -0.527577 1.891097 -0.132816 -0.975700 0.174268
3.720272 -0.519220 1.940747 0.130460 0.979745 -0.151923
3.708434 -0.510329 1.979698 -0.131385 -0.980635 0.145238
3.696974 -0.501401 2.019136 -0.127836 -0.979272 0.157113
3.711080 -0.492835 2.075345 -0.131376 -0.978572 0.158550
3.666775 -0.483303 2.094041 0.132436 0.977078 -0.166668
3.660547 -0.474298 2.137767 -0.134428 -0.976830 0.166532
3.702317 -0.465579 2.215071 -0.130175 -0.977034 0.168696
3.612042 -0.455851 2.201266 -0.134133 -0.977448 0.163106
3.538608 -0.446543 2.197534 -0.136013 -0.977071 0.163808
3.469598 -0.437527 2.195493 0.135512 0.977579 -0.161172
3.396945 -0.428799 2.189266 0.132460 0.978193 -0.159976
3.329485 -0.420334 2.185437 -0.129101 -0.978277 0.162195
3.267124 -0.412092 2.184160 0.126321 0.978154 -0.165102
3.203519 -0.404113 2.180587 0.123066 0.978610 -0.164855
3.139499 -0.396397 2.175310 0.122121 0.978178 -0.168090
3.083543 -0.388792 2.175362 -0.122884 -0.977820 0.169609
3.021771 -0.381534 2.169311 -0.126481 -0.976708 0.173330
2.973214 -0.374195 2.173384 0.131927 0.974986 -0.178879
2.916611 -0.367265 2.169389 0.132007 0.973154 -0.188535
2.864791 -0.360413 2.168497 0.133428 0.973032 -0.188166
2.812506 -0.353783 2.166097 0.136672 0.971449 -0.193925
2.744528 -0.347985 2.147759 0.134248 0.970466 -0.200432
2.690843 -0.341898 2.141446 0.128441 0.972049 -0.196528
2.646783 -0.335592 2.143377 -0.128118 -0.972657 0.193710
2.594449 -0.329869 2.136138 0.133773 0.971783 -0.194273
2.552258 -0.323824 2.138072 0.129122 0.971523 -0.198671
2.507483 -0.318087 2.136483 0.129362 0.971392 -0.199156
2.465005 -0.312387 2.136395 0.127044 0.970222 -0.206224
2.417333 -0.307197 2.129778 0.132073 0.966402 -0.220511
2.375347 -0.301818 2.128361 0.125897 0.966201 -0.224956
2.339530 -0.296147 2.133060 0.123756 0.964954 -0.231406
2.294680 -0.291310 2.126667 0.130965 0.961900 -0.239994
2.253376 -0.286379 2.123402 -0.130803 -0.962995 0.235652
2.219330 -0.280982 2.127984 -0.122098 -0.966005 0.227875
2.184744 -0.275747 2.131321 0.115776 0.970259 -0.212589
2.152130 -0.270438 2.136524 -0.109663 -0.972600 0.204997
2.109174 -0.266294 2.127891 -0.108314 -0.970350 0.216077
2.070799 -0.261864 2.124173 0.122205 0.965222 -0.231111
2.030883 -0.257776 2.117500 0.118250 0.963762 -0.239125
1.999496 -0.252868 2.121530 -0.129385 -0.961974 0.240554
1.970502 -0.247765 2.128394 0.128156 0.960626 -0.246522
1.931250 -0.244066 2.120171 -0.112511 -0.957800 0.264500
1.897945 -0.239759 2.119614 -0.114193 -0.954808 0.274411
1.865356 -0.235484 2.119434 -0.125942 -0.953323 0.274435
1.840547 -0.230190 2.130503 0.113088 0.952352 -0.283261
1.815650 -0.224941 2.141290 0.106756 0.951002 -0.290170
1.782229 -0.221093 2.138269 0.108643 0.947987 -0.299194
1.747453 -0.217618 2.132247 -0.124899 -0.942449 0.310147
1.712938 -0.214270 2.125748 0.074150 0.953260 -0.292912
1.682196 -0.210414 2.124802 0.062226 0.959760 -0.273841
1.649141 -0.207119 2.119131 0.104678 0.965181 -0.239725
1.618744 -0.203467 2.117370 0.134081 0.963254 -0.232732
1.588504 -0.199913 2.115218 -0.112675 -0.966268 0.231584
1.561214 -0.195862 2.117959 0.137790 0.960557 -0.241545
1.529883 -0.192795 2.112411 0.125566 0.958762 -0.254966
1.500118 -0.189527 2.109121 -0.169090 -0.951166 0.258249
1.469220 -0.186673 2.102774 0.128107 0.924345 -0.359410
1.440698 -0.183392 2.100517 0.172090 0.932414 -0.317787
1.413997 -0.179764 2.101513 0.111135 0.905206 -0.410183
1.389418 -0.175655 2.106721 0.130934 0.958828 -0.252002
1.362830 -0.172165 2.107105 -0.140076 -0.910661 0.388685
1.337106 -0.168519 2.109002 -0.125309 -0.912184 0.390150
1.314855 -0.163889 2.118859 0.144869 0.959183 -0.242858
1.288780 -0.160478 2.119276 0.103949 0.924199 -0.367492
1.260619 -0.157861 2.113841 0.056032 0.966628 -0.249982
1.230547 -0.156072 2.102494 0.095183 0.961148 -0.259102
1.206938 -0.152161 2.107538 0.133901 0.968149 -0.211562
1.177995 -0.150317 2.097368 -0.006888 -0.980250 0.197644
1.153844 -0.146789 2.099974 0.169470 0.985317 0.020759
1.124407 -0.145522 2.086314 0.241448 0.967045 -0.080787
1.104387 -0.140428 2.100614 0.149054 0.967245 0.205477
1.078874 -0.137743 2.097678 0.223024 0.967055 0.122738
1.054615 -0.134592 2.098251 0.241564 0.945967 -0.216317
1.032038 -0.130682 2.104272 0.143966 0.989536 0.009564
1.004935 -0.129165 2.093822 0.148123 0.918863 -0.365720
0.984159 -0.124383 2.106033 0.119369 0.889695 -0.440675
0.956886 -0.123306 2.093086 0.043221 0.989322 -0.139192
0.931327 -0.121472 2.085591 -0.123251 -0.969146 0.213459
0.908858 -0.117836 2.090340 -0.024265 0.987313 -0.156923
0.884217 -0.115709 2.085194 0.216442 0.974195 -0.064005
0.860534 -0.113062 2.083647 0.020431 0.996918 -0.075747
0.836157 -0.111077 2.077965 0.170454 0.984878 -0.030993
0.812119 -0.109014 2.072988 0.101060 0.988532 -0.112215
0.789588 -0.105797 2.075535 -0.134641 -0.987044 0.087266
0.765750 -0.103862 2.070049 0.106981 0.993690 -0.033695
0.743111 -0.100906 2.071138 0.148570 0.974825 -0.166260
0.720196 -0.098314 2.070036 0.100200 0.988852 -0.110145
0.697199 -0.095937 2.067714 0.136475 0.985611 -0.099731
0.673796 -0.094261 2.061230 -0.092541 -0.984894 0.146358
0.652733 -0.089417 2.074113 -0.144204 -0.983116 0.112644
0.629934 -0.087036 2.072060 -0.155239 -0.977841 0.140452
0.607636 -0.083888 2.074680 -0.114037 -0.993475 0.001638
0.584513 -0.082442 2.067240 0.150376 0.986558 -0.063963
0.562236 -0.079394 2.069394 0.165709 0.985098 -0.046072
0.540036 -0.076051 2.073285 -0.069751 -0.989775 0.124416
0.517572 -0.073427 2.073010 0.146800 0.989133 0.008140
0.495153 -0.070681 2.073487 0.187554 0.977804 -0.093396
0.472724 -0.067981 2.073733 0.156972 0.979673 -0.124906
0.450114 -0.067240 2.062915 0.096370 0.995022 -0.025396
0.427794 -0.064474 2.063683 0.130255 0.990974 -0.031702
0.405456 -0.061929 2.063236 0.133170 0.985926 -0.101077
0.383149 -0.059787 2.060589 0.132018 0.991242 -0.003190
0.360835 -0.057341 2.059682 0.119253 0.992600 -0.022891
0.338526 -0.054944 2.058544 0.115930 0.976586 -0.181219
0.316179 -0.052414 2.058158 -0.082596 -0.989923 0.115019
0.293821 -0.049931 2.057541 -0.121662 -0.987599 0.099234
0.271589 -0.047862 2.054731 0.188439 0.953681 -0.234483
0.248849 -0.044557 2.058552 -0.139995 -0.974695 0.174271
0.227147 -0.043692 2.049407 0.159783 0.971654 -0.174237
0.204725 -0.041219 2.048847 -0.136967 -0.973280 0.184300
0.182501 -0.039166 2.046100 -0.189872 -0.975928 0.107299
0.160421 -0.037351 2.042149 0.159500 0.969883 -0.184085
0.138389 -0.035589 2.037973 0.151715 0.977021 -0.149709
0.116268 -0.033690 2.034544 -0.103174 -0.977392 0.184551
0.094028 -0.031651 2.031859 0.087825 0.982988 -0.161309
0.071803 -0.029662 2.028942 -0.111580 -0.978124 0.175564
0.049764 -0.027915 2.024829 0.111962 0.979522 -0.167336
0.027946 -0.026413 2.019524 0.106739 0.980389 -0.165662
0.005999 -0.024770 2.014961 0.099121 0.982081 -0.160287
-0.016306 -0.022791 2.012092 0.098438 0.985796 -0.136076
-0.040507 -0.019107 2.017609 -0.094891 -0.988843 0.114825
-0.061339 -0.018590 2.007563 0.086485 0.987344 -0.132940
-0.084102 -0.016365 2.005892 0.088182 0.986277 -0.139574
-0.105926 -0.014976 2.000176 0.102668 0.984588 -0.141585
-0.127944 -0.013443 1.995183 0.104096 0.983821 -0.145809
-0.148876 -0.012754 1.986183 0.103670 0.983066 -0.151108
-0.170503 -0.011526 1.979804 0.110604 0.977633 -0.178889
-0.192912 -0.009753 1.976018 0.110800 0.976759 -0.183482
-0.214730 -0.008431 1.970123 0.110817 0.977976 -0.176867
-0.235293 -0.007962 1.960272 0.100268 0.984979 -0.140578
-0.258843 -0.005542 1.959508 0.101147 0.984098 -0.146014
-0.281815 -0.003572 1.956628 0.102629 0.981563 -0.161248
-0.303153 -0.002660 1.948885 0.103859 0.981807 -0.158962
-0.326118 -0.000792 1.945513 0.105215 0.981105 -0.162364
-0.346995 -0.000189 1.936402 0.126897 0.974909 -0.182894
-0.369573 0.001372 1.931633 0.122307 0.980976 -0.150755
-0.396588 0.005318 1.937493 -0.087450 -0.985279 0.146893
-0.417743 0.005965 1.928571 -0.074413 -0.984382 0.159545
-0.441924 0.008186 1.926618 0.157525 0.971742 -0.175794
-0.466565 0.010560 1.925276 -0.120727 -0.984862 0.124384
-0.492098 0.013290 1.925421 0.087087 0.978763 -0.185576
-0.518160 0.016174 1.926137 0.114085 0.974324 -0.194108
-0.539215 0.016552 1.915964 -0.112454 -0.975429 0.189454
-0.567595 0.020352 1.920466 0.115422 0.972423 -0.202660
-0.589045 0.020824 1.910655 0.110476 0.972247 -0.206228
-0.613138 0.022469 1.905818 0.106926 0.976941 -0.184808
-0.636319 0.023649 1.898977 0.087975 0.978473 -0.186684
-0.657106 0.023747 1.887592 0.091889 0.976998 -0.192435
-0.681642 0.025428 1.882805 0.112054 0.972863 -0.202436
-0.702267 0.025413 1.870956 0.098571 0.977495 -0.186511
-0.727280 0.027185 1.866465 -0.095512 -0.979083 0.179651
-0.754372 0.029718 1.865008 0.096464 0.976105 -0.194716
-0.776377 0.030144 1.854904 -0.099011 -0.974767 0.200066
-0.806225 0.033582 1.856922 -0.104243 -0.973458 0.203745
-0.838404 0.037776 1.861803 -0.102397 -0.974268 0.200792
-0.861014 0.038227 1.851594 -0.107726 -0.972944 0.204388
-0.892975 0.042089 1.854849 0.117863 0.971742 -0.204512
-0.920654 0.044252 1.851241 0.124440 0.971618 -0.201180
-0.940411 0.043499 1.836140 0.092355 0.974782 -0.203153
-0.965222 0.044519 1.827945 0.085755 0.974100 -0.209225
-0.988841 0.045069 1.817882 0.085169 0.972156 -0.218309
-1.015987 0.046773 1.812198 0.090657 0.971455 -0.219219
-1.041967 0.048007 1.804619 0.189864 0.929631 -0.315813
-1.072860 0.050791 1.802819 0.187878 0.940861 -0.281925
-1.104506 0.053705 1.801339 0.190832 0.900673 -0.390348
-1.138184 0.057149 1.801659 0.104654 0.895110 -0.433388
-1.158659 0.056293 1.785866 0.118062 0.931170 -0.344939
-1.195115 0.060390 1.788283 0.118591 0.954126 -0.274917
-1.220701 0.061001 1.777733 -0.008309 -0.967854 0.251374
-1.255505 0.064337 1.776983 0.040295 0.985239 -0.166375
-1.292493 0.068186 1.777862 0.049072 0.996735 -0.064126
-1.324958 0.070556 1.773210 0.295424 0.881921 -0.367341
-1.356839 0.072646 1.767387 -0.273247 -0.894427 0.354030
-1.391566 0.075442 1.763885 0.200940 0.945675 -0.255581
-1.391428 -0.018293 1.260912 0.763209 -0.616698 0.192862
-1.396669 -0.033218 1.178632 0.610841 -0.744062 0.270637
-1.393557 -0.039138 1.148725 -0.547644 0.733285 -0.402963
-1.389186 -0.045244 1.118494 -0.694274 0.617294 -0.370042
-1.387697 -0.050633 1.090604 0.931497 -0.307255 0.194701
-1.387490 -0.055675 1.063919 0.984943 0.151946 0.082462
-1.399553 -0.058070 1.045005 0.914689 0.403948 -0.013064
-1.408026 -0.061213 1.023972 0.621867 0.772086 -0.131013
-1.411135 -0.065442 0.999947 -0.502237 -0.854466 0.132835
-1.415653 -0.069344 0.976949 0.740035 0.631929 -0.230248
-1.414704 -0.074305 0.951145 0.954531 0.239485 -0.177532
-1.416885 -0.078590 0.927340 0.978263 0.009973 -0.207129
-1.409148 -0.084765 0.898605 0.939762 -0.218814 -0.262617
-1.408035 -0.089577 0.873716 0.901743 -0.277803 -0.331188
-1.406595 -0.094397 0.848964 0.871888 -0.327362 -0.364206
-1.406608 -0.098890 0.825208 0.855408 -0.364103 -0.368384
-1.172268 -0.146644 0.692042 0.683652 -0.729551 0.019361
-1.119306 -0.160143 0.647657 0.760003 -0.638337 0.122158
-1.126019 -0.162611 0.631221 0.672477 -0.729836 0.122938
-1.141621 -0.163499 0.618628 0.669423 -0.733305 0.118900
-1.142556 -0.166997 0.599706 0.625274 -0.773704 0.102053
-1.147836 -0.169716 0.582699 0.600799 -0.794994 0.083812
-1.149251 -0.173087 0.564216 0.616337 -0.785719 0.052666
-1.096908 -0.185483 0.525378 0.627917 -0.767411 0.129618
-1.088393 -0.190335 0.504129 0.625244 -0.770709 0.122787
-1.106581 -0.190747 0.492771 0.660451 -0.731732 0.168440
-1.117225 -0.192434 0.478519 0.652351 -0.742717 0.151029
-1.230905 -0.177725 0.498548 0.145886 -0.959358 0.241558
-1.166354 -0.191498 0.458650 0.604457 -0.757129 0.247765
-1.216372 -0.187212 0.455969 -0.263444 0.885764 -0.382125
-1.218176 -0.190486 0.437843 -0.238529 0.861312 -0.448604
-1.118963 -0.208959 0.390721 -0.528526 0.696857 -0.484821
-1.086644 -0.217051 0.364460 0.975644 -0.176052 0.130860
-1.149630 -0.211041 0.364325 0.627268 -0.628450 0.459985
-1.154245 -0.213696 0.348046 0.758956 -0.542073 0.360753
-1.165426 -0.215418 0.333362 0.911701 -0.288716 0.292307
-1.127247 -0.224080 0.307069 0.964459 0.260080 0.046653
-1.107060 -0.230084 0.285686 0.948034 0.317646 -0.018234
-1.097254 -0.234578 0.267010 0.948034 0.317646 -0.018234
-1.110553 -0.235925 0.253235 0.942099 0.333826 -0.031788
-1.121781 -0.237586 0.238858 0.941129 0.337196 -0.023968
-1.113341 -0.241828 0.220813 0.935259 0.345598 -0.076500
-1.124257 -0.243553 0.206253 0.921931 0.375291 -0.095916
-1.134055 -0.245450 0.191348 0.903574 0.404094 -0.142344
-1.171210 -0.243994 0.180286 0.880751 0.431422 -0.195326
-1.089263 -0.257155 0.152386 0.897417 0.401312 -0.183280
-1.115271 -0.257069 0.139731 0.881701 0.430057 -0.194048
-1.122432 -0.259293 0.124424 0.887400 0.430175 -0.165742
-1.137344 -0.260642 0.109816 0.888996 0.442008 -0.119644
-1.152119 -0.262056 0.094924 0.892340 0.444872 -0.076274
-1.173685 -0.262763 0.080323 0.895605 0.438050 -0.077481
-1.182230 -0.264976 0.064365 0.898880 0.438091 -0.009551
-1.173742 -0.269048 0.047207 0.897400 0.432199 -0.088755
-1.164071 -0.273206 0.030192 0.911774 0.410689 -0.001923
-1.093585 -0.283625 0.010902 0.902063 0.308816 0.301520
-1.109358 -0.284989 -0.004255 0.876661 0.265155 0.401444
-1.108067 -0.288112 -0.020071 0.865368 0.220920 0.449814
-1.100635 -0.291827 -0.035909 0.826023 0.088758 0.556604
-1.080092 -0.296766 -0.051581 0.910423 0.090640 0.403625
-1.062364 -0.301358 -0.066852 0.921995 0.104826 0.372743
-1.040489 -0.306261 -0.081669 0.931842 0.158894 0.326226
-1.037370 -0.309389 -0.096621 0.936999 0.163115 0.308910
-1.030111 -0.312868 -0.111341 0.935002 0.161889 0.315535
-1.023692 -0.316247 -0.125963 0.955103 0.194949 0.223098
-1.038005 -0.317858 -0.141754 0.970101 0.170851 0.172376
-1.034252 -0.321009 -0.156544 0.966543 0.210005 0.147284
-1.055179 -0.322169 -0.173323 0.973763 0.203165 0.102520
-1.048119 -0.325602 -0.187944 0.973763 0.203165 0.102520
-1.043884 -0.328794 -0.202736 0.965775 0.235231 0.109297
-1.116779 -0.326242 -0.226279 0.925098 0.135022 0.354912
1.543699 -0.664627 0.166044 -0.225125 0.536676 0.813202
1.507922 -0.658238 0.171001 0.068208 0.474692 0.877505
1.500539 -0.654931 0.180295 0.192177 0.409600 0.891794
1.496976 -0.652034 0.190185 0.361989 0.268318 0.892731
1.498191 -0.649611 0.200987 -0.472139 -0.011875 -0.881444
1.468102 -0.644202 0.205288 0.107794 -0.935085 0.337635
1.393272 -0.634808 0.199131 -0.140000 -0.962451 0.232566
1.306987 -0.624760 0.188772 0.139803 0.962515 -0.232422
1.235498 -0.616436 0.180179 -0.139801 -0.962516 0.232420
1.221251 -0.613313 0.184539 -0.139801 -0.962516 0.232420
1.229157 -0.612070 0.194460 0.139797 0.962512 -0.232438
1.217703 -0.609241 0.199283 0.139774 0.962498 -0.232509
1.215810 -0.607194 0.206624 0.139774 0.962498 -0.232509
1.218621 -0.605495 0.215357 0.139780 0.962480 -0.232582
1.239446 -0.605055 0.229729 0.139756 0.962485 -0.232574
1.194446 -0.599972 0.223663 0.139736 0.962482 -0.232599
1.233048 -0.600634 0.244181 0.139729 0.962483 -0.232599
1.245799 -0.599439 0.256810 0.139729 0.962483 -0.232599
1.245185 -0.597352 0.265078 0.139711 0.962482 -0.232613
1.259492 -0.596117 0.278812 0.139691 0.962482 -0.232626
1.232451 -0.592513 0.277435 0.139650 0.962498 -0.232583
1.260474 -0.591919 0.296775 0.139663 0.962476 -0.232666
1.255699 -0.589531 0.303776 0.139641 0.962478 -0.232674
1.237745 -0.580124 0.331878 0.139373 0.962547 -0.232547
1.252216 -0.567044 0.394714 0.139083 0.962603 -0.232489
1.280014 -0.565159 0.419263 -0.139088 -0.962619 0.232421
1.274039 -0.562615 0.426195 -0.139067 -0.962628 0.232397
1.249671 -0.559890 0.422795 -0.139065 -0.962630 0.232389
1.263628 -0.557570 0.440807 -0.139107 -0.962631 0.232359
1.259173 -0.555060 0.448521 -0.139107 -0.962631 0.232359
1.284652 -0.552569 0.474186 -0.139172 -0.962644 0.232268
1.268766 -0.549989 0.475305 -0.139172 -0.962644 0.232268
1.282581 -0.547305 0.494750 -0.139172 -0.962644 0.232268
1.281764 -0.544632 0.505337 -0.139172 -0.962644 0.232268
1.264085 -0.542147 0.504986 -0.139172 -0.962644 0.232268
1.284692 -0.539124 0.529939 -0.139497 -0.962644 0.232070
1.272694 -0.536567 0.533313 -0.139497 -0.962644 0.232070
1.262341 -0.534021 0.537643 -0.139405 -0.962652 0.232092
1.254413 -0.531444 0.543561 -0.139405 -0.962652 0.232092
1.245630 -0.528913 0.548781 -0.139405 -0.962652 0.232092
1.239216 -0.526324 0.555669 -0.139405 -0.962652 0.232092
1.293953 -0.521391 0.609124 -0.139569 -0.962703 0.231782
1.383951 -0.514500 0.691953 0.468289 -0.882279 0.047853
1.415197 -0.509570 0.731262 0.544371 -0.825956 0.146481
1.399927 -0.506671 0.734126 0.544371 -0.825956 0.146481
1.400849 -0.502957 0.750134 0.575074 -0.778890 0.250241
1.400003 -0.499276 0.764940 0.575074 -0.778890 0.250241
1.381540 -0.496642 0.764796 0.575074 -0.778890 0.250241
1.381911 -0.492840 0.780854 0.575074 -0.778890 0.250241
1.383520 -0.488880 0.798326 0.575074 -0.778890 0.250241
1.374550 -0.485634 0.806459 -0.597815 0.729000 -0.333430
1.367685 -0.482228 0.816534 -0.597815 0.729000 -0.333430
1.368637 -0.478148 0.834131 -0.597815 0.729000 -0.333430
1.367880 -0.474133 0.850432 0.616735 -0.717392 0.324016
1.367576 -0.470002 0.867500 0.605406 -0.714860 0.349940
1.351595 -0.467343 0.869012 0.584429 -0.732138 0.349882
1.329431 -0.465397 0.863834 -0.566256 0.737850 -0.367330
1.346530 -0.459303 0.899581 -0.532921 0.765239 -0.361116
1.343984 -0.455185 0.915280 -0.531754 0.768417 -0.356051
1.336501 -0.451588 0.925849 -0.529302 0.772754 -0.350271
1.343459 -0.446164 0.952732 -0.521269 0.775219 -0.356811
1.346664 -0.441049 0.976085 -0.520595 0.776776 -0.354401
1.357230 -0.434783 1.008678 -0.515903 0.784885 -0.343220
1.349939 -0.430815 1.020954 -0.382670 0.866445 -0.320682
1.312802 -0.431227 0.996998 0.046451 -0.973374 0.224467
1.295569 -0.428898 0.996468 -0.137757 -0.963504 0.229528
1.310416 -0.421512 1.036366 -0.053897 -0.972135 0.228143
1.277765 -0.421726 1.015959 0.137674 0.963574 -0.229285
1.301308 -0.412486 1.068864 -0.137530 -0.963666 0.228982
1.295475 -0.408078 1.083925 -0.050257 -0.976500 0.209576
1.287658 -0.403969 1.096556 0.137366 0.963733 -0.228801
1.283096 -0.399179 1.114005 0.137366 0.963733 -0.228801
1.283896 -0.393208 1.139637 0.137225 0.963760 -0.228770
1.280339 -0.387962 1.159632 -0.137005 -0.963851 0.228519
1.280274 -0.381828 1.185459 -0.136217 -0.963936 0.228632
1.273269 -0.377065 1.201395 -0.135691 -0.964027 0.228561
1.273435 -0.370539 1.229043 -0.135266 -0.964087 0.228560
1.265267 -0.365814 1.244153 -0.135047 -0.964137 0.228478
1.239924 -0.365321 1.231214 -0.135266 -0.964087 0.228560
1.234587 -0.359849 1.251191 0.134682 0.964200 -0.228428
1.248708 -0.348981 1.305516 -0.132536 -0.964493 0.228447
1.250576 -0.341005 1.340374 -0.132298 -0.964562 0.228292
1.257031 -0.331382 1.384935 -0.132290 -0.964574 0.228246
1.235008 -0.329889 1.378269 -0.132290 -0.964574 0.228246
1.227420 -0.324062 1.398492 -0.132105 -0.964618 0.228168
1.212282 -0.320522 1.404595 -0.132109 -0.964633 0.228101
1.201487 -0.315537 1.419393 -0.131949 -0.964676 0.228011
1.213721 -0.302442 1.482161 -0.131677 -0.964755 0.227835
1.209099 -0.294726 1.512216 -0.131702 -0.964757 0.227812
1.197313 -0.289397 1.527950 -0.131702 -0.964757 0.227812
1.182442 -0.285153 1.537285 -0.131322 -0.964844 0.227661
1.170584 -0.279658 1.553720 -0.130929 -0.964896 0.227671
1.170338 -0.269156 1.598257 -0.401603 -0.904594 0.142915
1.166595 -0.259649 1.636536 0.471223 0.875298 -0.108636
1.153722 -0.253832 1.653809 0.478719 0.871104 -0.109571
1.142673 -0.246997 1.676504 0.479200 0.870126 -0.115105
1.141558 -0.235035 1.726830 -0.407145 -0.900617 0.152058
1.125016 -0.230295 1.737449 0.422779 0.895196 -0.141006
1.103748 -0.228007 1.734899 -0.414066 -0.899215 0.141287
1.122694 -0.203473 1.850521 -0.274581 -0.940685 0.199291
1.114469 -0.192906 1.890878 -0.131503 -0.962544 0.237098
1.100708 -0.185111 1.916230 -0.128932 -0.962141 0.240127
1.092472 -0.173463 1.961246 -0.134822 -0.959962 0.245554
1.083059 -0.161881 2.005327 0.140790 0.960442 -0.240267
1.067175 -0.154088 2.029535 -0.111450 -0.990325 0.082675
1.057743 -0.141204 2.079223 -0.036802 -0.947925 0.316361
1.049028 -0.126869 2.135558 0.117279 0.968714 -0.218721
1.030197 -0.119652 2.155698 0.085583 0.991453 -0.098473
1.003076 -0.119187 2.142253 -0.052613 -0.994346 0.092234
0.978009 -0.117286 2.136152 0.028735 0.993437 -0.110716
0.953934 -0.114692 2.133610 0.172698 0.974056 -0.146255
0.931319 -0.110787 2.137534 0.072871 0.989432 -0.125355
0.905875 -0.109940 2.126795 0.144393 0.932918 -0.329870
0.882443 -0.107180 2.125411 -0.117353 -0.983606 0.136919
0.858411 -0.105307 2.119922 0.101798 0.862419 -0.495853
0.834213 -0.103929 2.112243 0.190500 0.823956 -0.533673
0.810636 -0.102023 2.107210 0.074776 0.784589 -0.615491
0.788261 -0.098530 2.109678 0.137733 0.823002 -0.551087
0.765358 -0.095934 2.108038 0.114927 0.775595 -0.620681
0.742393 -0.093618 2.105189 -0.094103 -0.697105 0.710766
0.719917 -0.090522 2.105989 0.234603 0.825138 -0.513916
0.697343 -0.087700 2.105586 0.201611 0.905863 -0.372512
0.674623 -0.085373 2.103006 0.255806 0.946754 -0.195500
0.652037 -0.082899 2.101166 0.208092 0.863118 -0.460137
0.629743 -0.079615 2.102989 0.190417 0.828595 -0.526471
0.607412 -0.076386 2.104585 0.110101 0.829077 -0.548187
0.584966 -0.073657 2.104003 -0.125583 -0.902528 0.411912
0.562592 -0.070543 2.105141 0.088178 0.831662 -0.548236
0.539965 -0.069953 2.095333 0.137426 0.962298 -0.234727
0.517729 -0.065162 2.103807 0.113060 0.934538 -0.337426
0.495306 -0.062223 2.104258 0.136489 0.866748 0.479707
0.472884 -0.059798 2.102532 -0.061234 0.908045 0.414372
0.450462 -0.057206 2.101551 -0.054332 0.935828 0.348243
0.428268 -0.056288 2.093534 0.131285 0.984856 -0.113241
0.406057 -0.054521 2.089185 0.157342 0.971608 -0.176694
0.383497 -0.050960 2.092382 0.108998 0.993264 0.039315
0.361474 -0.049788 2.085641 0.109376 0.987625 -0.112400
0.339275 -0.047748 2.082559 0.127376 0.983410 -0.129151
0.317198 -0.046008 2.078285 0.138698 0.968358 -0.207476
0.294898 -0.043623 2.076690 0.111811 0.980847 -0.159494
0.272496 -0.041061 2.075832 0.137555 0.988280 -0.066191
0.250304 -0.039035 2.072815 0.097347 0.992962 -0.067451
0.226890 -0.034674 2.079200 0.108208 0.993985 0.016853
0.205867 -0.034930 2.067065 0.106429 0.993353 -0.043854
0.183897 -0.033334 2.062411 -0.087164 -0.995382 0.040225
0.160267 -0.029136 2.068070 -0.071775 -0.997415 -0.003531
0.139789 -0.029849 2.054353 0.042843 0.999028 -0.010325
0.117968 -0.028446 2.049034 0.094205 0.995021 -0.032550
0.094529 -0.024907 2.052061 0.103993 0.994397 0.018976
0.072347 -0.023138 2.048184 0.093931 0.994765 0.040232
0.050811 -0.022170 2.041240 0.104666 0.994493 0.005285
0.028929 -0.020776 2.035972 -0.099693 -0.994326 0.037120
0.005962 -0.018210 2.035192 0.076462 0.996107 -0.043872
-0.013256 -0.019669 2.019136 0.105000 0.986866 -0.122763
-0.036897 -0.016485 2.020714 -0.106034 -0.989247 0.100731
-0.058583 -0.015349 2.014558 0.098684 0.988534 -0.114286
-0.081011 -0.013530 2.010975 -0.105304 -0.986538 0.125119
-0.101771 -0.013273 2.001589 0.109390 0.983738 -0.142452
-0.123556 -0.012083 1.995703 0.106461 0.984077 -0.142334
-0.144997 -0.011209 1.988671 0.104773 0.982733 -0.152505
-0.166983 -0.009897 1.983259 0.110204 0.981217 -0.158331
-0.188936 -0.008650 1.977618 0.106003 0.977647 -0.181577
-0.209874 -0.008223 1.969014 0.096792 0.983089 -0.155455
-0.232062 -0.006854 1.963833 0.110560 0.974012 -0.197681
-0.254923 -0.005044 1.960223 0.109322 0.975538 -0.190722
-0.276375 -0.004309 1.952763 0.099821 0.983775 -0.149072
-0.299958 -0.002123 1.950457 0.103357 0.981575 -0.160709
-0.322463 -0.000760 1.945208 0.103806 0.980942 -0.164245
-0.347654 0.002309 1.945926 0.129605 0.976737 -0.170846
-0.369804 0.003288 1.939276 0.135075 0.982616 -0.127363
-0.394748 0.005974 1.938540 -0.091447 -0.985246 0.144667
-0.419786 0.008593 1.937506 -0.070180 -0.986398 0.148639
-0.444912 0.011145 1.936171 0.162576 0.967706 -0.192652
-0.470125 0.013628 1.934534 0.106878 0.974334 -0.198118
-0.494978 0.015790 1.931733 0.072837 0.975496 -0.207613
-0.520342 0.018136 1.929491 0.111855 0.975279 -0.190578
-0.543477 0.019146 1.922689 0.109789 0.974668 -0.194856
-0.566122 0.019833 1.914782 -0.115143 -0.973965 0.195278
-0.587288 0.019692 1.904104 -0.098376 -0.977836 0.184821
-0.613234 0.022006 1.901564 0.104249 0.977659 -0.182525
-0.636773 0.022986 1.894551 -0.082631 -0.978250 0.190260
-0.657261 0.022382 1.882319 0.086697 0.979098 -0.183987
-0.683287 0.024477 1.878895 0.104414 0.974344 -0.199380
-0.705190 0.024486 1.868636 0.098571 0.977495 -0.186511
-0.733407 0.027435 1.867838 0.097941 0.978094 -0.183683
-0.761212 0.030053 1.865865 -0.099473 -0.974347 0.201875
-0.789124 0.032590 1.863527 -0.104868 -0.972293 0.208923
-0.824403 0.038292 1.871104 0.102149 0.975056 -0.197055
-0.848088 0.038664 1.861675 -0.097928 -0.974364 0.202545
-0.871730 0.038959 1.851971 -0.122328 -0.972607 0.197666
-0.894739 0.038930 1.841219 -0.125053 -0.970934 0.204078
-0.915310 0.037833 1.827140 0.120740 0.973372 -0.194856
-0.938148 0.037654 1.815890 -0.106626 -0.973545 0.202094
-0.966396 0.039616 1.811161 0.100466 0.974014 -0.202986
-0.992244 0.040506 1.803067 0.091471 0.971418 -0.219046
-1.026226 0.044499 1.804274 0.170815 0.940205 -0.294681
-1.052177 0.045212 1.795439 0.249713 0.920230 -0.301365
-1.080685 0.046813 1.789185 0.161829 0.941076 -0.296962
-1.109893 0.048566 1.783267 0.159845 0.924249 -0.346718
-1.144422 0.052160 1.782658 0.134806 0.898977 -0.416735
-1.166492 0.051061 1.768111 0.139949 0.959590 -0.244135
-1.197190 0.053009 1.762410 0.096860 0.961525 -0.257077
-1.240214 0.059167 1.768742 0.066169 0.971194 -0.228921
-1.271193 0.060895 1.762045 0.047964 0.987857 -0.147780
-1.307799 0.064420 1.760336 0.264974 0.932917 -0.243834
-1.357379 0.063093 1.732692 0.259114 0.946195 -0.193844
-1.382760 0.062531 1.719064 0.148921 0.967485 -0.204439
-1.979644 0.094143 1.588145 0.327179 0.938265 -0.112306
-2.022000 0.096101 1.577861 0.147258 0.987835 -0.049967
-2.062758 0.097471 1.565870 0.029695 -0.996983 -0.071714
-2.111111 0.100572 1.557733 0.127189 -0.984775 -0.118499
-2.164661 0.104735 1.551734 0.170117 -0.985423 -0.001590
-2.208187 0.106204 1.539011 0.035833 0.998389 -0.043987
-2.256032 0.108525 1.527945 0.119758 0.991356 -0.053584
-2.309985 0.112081 1.519335 0.121489 0.992554 -0.008717
-2.364946 0.115622 1.510247 0.198835 0.979887 0.016935
-2.410459 0.116735 1.495280 0.042321 -0.996778 -0.068130
-1.865313 -0.016319 1.183866 -0.322353 -0.860192 0.395168
-1.783294 -0.042217 1.112940 -0.253769 0.940711 -0.225088
-1.782384 -0.049634 1.082967 -0.197651 0.953027 -0.229506
-1.790880 -0.054927 1.057674 -0.242996 0.954037 -0.175401
-1.791926 -0.061798 1.029124 -0.289435 0.939137 -0.185063
-1.800710 -0.066972 1.004218 -0.380266 0.909336 -0.168838
-1.793845 -0.075389 0.972742 -0.425547 0.887656 -0.176005
-1.796549 -0.081738 0.945647 0.116915 0.978000 -0.172763
-1.790711 -0.089768 0.915337 0.265797 0.951321 -0.156012
-1.783556 -0.097965 0.884912 -0.284654 -0.938988 0.193065
-1.783364 -0.104696 0.857515 -0.272988 -0.934403 0.228840
-1.776363 -0.112687 0.827881 0.283154 0.921560 -0.265615
-1.785687 -0.117476 0.804380 0.271198 0.919269 -0.285301
-1.777983 -0.125461 0.775085 0.147259 -0.933590 0.326686
-1.779255 -0.131694 0.749125 0.441485 0.859616 -0.257200
-1.775526 -0.138797 0.721749 -0.359266 -0.889473 0.282430
-1.778999 -0.144544 0.696851 -0.443951 -0.865326 0.232635
-1.775569 -0.151483 0.670026 0.361369 0.901960 -0.236389
-1.768964 -0.158912 0.642556 0.532364 0.836590 -0.129248
-1.753449 -0.167787 0.612980 -0.367030 0.921602 -0.126250
-1.761419 -0.172591 0.590032 0.688721 -0.719510 0.089263
-1.754779 -0.179818 0.563413 0.745429 -0.662330 0.075197
-1.760303 -0.184995 0.539989 0.486437 0.867502 -0.104016
-1.772318 -0.189130 0.518061 0.600163 0.792270 -0.110056
-1.766728 -0.196066 0.492188 0.990715 -0.061921 -0.121032
-1.770514 -0.201491 0.468495 0.921710 -0.379730 -0.079096
-1.769189 -0.207684 0.443842 0.968009 -0.246581 -0.046447
-1.770503 -0.213448 0.419820 0.956799 -0.290748 0.001317
-1.774475 -0.218802 0.396340 0.974607 -0.219363 0.044961
-1.762561 -0.226441 0.370285 0.976284 -0.208515 0.058235
-1.766976 -0.231684 0.347072 0.978661 -0.149379 0.141099
-1.768201 -0.237370 0.323402 0.979309 -0.143970 0.142221
-1.757376 -0.244684 0.298206 0.977687 -0.177416 0.112481
-1.755112 -0.250777 0.274352 0.984310 -0.149296 0.094048
-1.751597 -0.257004 0.250481 0.967904 -0.201044 0.150810
-1.744855 -0.263612 0.226426 0.922691 -0.329435 0.200283
-1.749700 -0.268707 0.203616 0.905068 -0.371711 0.206599
-1.747377 -0.274698 0.180192 0.970402 -0.192583 0.145712
-1.740836 -0.281174 0.156574 0.900037 -0.382720 0.208469
-1.740971 -0.286813 0.133532 0.847736 -0.475955 0.234115
-1.735896 -0.293047 0.110273 0.846795 -0.486738 0.214530
-1.737516 -0.298484 0.087412 0.966568 -0.218290 0.134524
-1.738891 -0.303949 0.064542 0.938755 -0.304451 0.161395
-1.730081 -0.310517 0.041485 0.996019 -0.004471 0.089028
-1.731956 -0.315902 0.018712 0.995494 0.063708 0.070234
-1.732593 -0.321419 -0.004082 0.995284 0.072374 0.064588
-1.732985 -0.326959 -0.026875 -0.347203 0.888662 -0.299550
-1.728158 -0.333013 -0.049551 0.292479 -0.900060 0.323030
-1.728061 -0.338586 -0.072286 0.208771 -0.909725 0.358908
-1.725731 -0.344366 -0.094926 0.202601 -0.904578 0.375089
-1.720174 -0.350428 -0.117356 0.258475 -0.898465 0.354895
-1.719348 -0.356046 -0.139989 0.181727 -0.924482 0.335124
-1.720266 -0.361511 -0.162754 0.181475 -0.921017 0.344665
-1.713988 -0.367586 -0.184956 0.257498 -0.890735 0.374547
-1.711443 -0.373331 -0.207413 0.257498 -0.890735 0.374547
-1.709648 -0.379010 -0.229931 0.257498 -0.890735 0.374547
-1.701668 -0.385157 -0.251739 -0.281604 0.877055 -0.389197
-1.705334 -0.390417 -0.274890 -0.281604 0.877055 -0.389197
-1.701825 -0.396213 -0.297192 -0.287574 0.869858 -0.400809
1.394090 -0.646012 0.153049 -0.139909 -0.962476 0.232521
1.376193 -0.642127 0.158351 -0.139908 -0.962473 0.232534
1.385623 -0.641037 0.168591 -0.139927 -0.962470 0.232532
1.390050 -0.639408 0.178037 -0.139948 -0.962465 0.232542
1.396313 -0.637920 0.188004 -0.139948 -0.962465 0.232542
1.385939 -0.634868 0.194387 -0.140000 -0.962451 0.232566
1.371634 -0.631511 0.199656 -0.139954 -0.962449 0.232604
1.380516 -0.630221 0.210377 -0.140000 -0.962451 0.232566
1.381539 -0.628216 0.219305 -0.140038 -0.962440 0.232589
1.378609 -0.625874 0.227235 -0.140070 -0.962432 0.232606
1.368874 -0.623003 0.233244 -0.139815 -0.962452 0.232674
1.366755 -0.620749 0.241297 -0.139896 -0.962441 0.232672
1.359773 -0.618138 0.247885 -0.139664 -0.962463 0.232720
1.363209 -0.616287 0.257622 -0.139664 -0.962463 0.232720
1.328547 -0.611820 0.255163 -0.139678 -0.962441 0.232802
1.352683 -0.611356 0.271661 -0.139600 -0.962438 0.232864
1.359584 -0.609672 0.282795 -0.139602 -0.962431 0.232891
1.370097 -0.608151 0.295434 -0.139578 -0.962424 0.232935
1.359820 -0.605374 0.300709 -0.139544 -0.962425 0.232951
1.355112 -0.602940 0.307930 -0.139580 -0.962425 0.232930
1.353123 -0.600655 0.316174 -0.139550 -0.962425 0.232946
1.342704 -0.597956 0.321038 -0.139577 -0.962422 0.232943
1.327646 -0.595087 0.323802 0.139556 0.962435 -0.232902
1.335576 -0.593269 0.336103 -0.139446 -0.962456 0.232880
1.341500 -0.591307 0.347789 -0.139388 -0.962474 0.232840
1.338151 -0.588949 0.355512 -0.139388 -0.962474 0.232840
1.335626 -0.586618 0.363617 -0.139315 -0.962491 0.232813
1.338426 -0.584447 0.374280 -0.139267 -0.962512 0.232757
1.336591 -0.582108 0.382838 -0.139267 -0.962512 0.232757
1.342700 -0.579956 0.395420 -0.139238 -0.962534 0.232682
1.329950 -0.577332 0.398569 -0.139229 -0.962551 0.232616
1.350831 -0.575393 0.419191 -0.139136 -0.962566 0.232610
1.347604 -0.572923 0.427455 -0.139114 -0.962585 0.232546
1.348660 -0.570500 0.438109 -0.139098 -0.962599 0.232497
1.344350 -0.567994 0.445869 -0.139084 -0.962611 0.232455
1.152625 -0.433810 0.889896 -0.137805 -0.963407 0.229907
1.145038 -0.430817 0.897976 -0.137794 -0.963437 0.229785
1.155243 -0.423571 0.934580 -0.137780 -0.963470 0.229657
1.145575 -0.420882 0.940164 -0.137757 -0.963504 0.229528
1.131772 -0.419251 0.938839 -0.137757 -0.963504 0.229528
1.133052 -0.413702 0.963009 -0.137722 -0.963539 0.229404
1.116198 -0.412921 0.956307 -0.137722 -0.963539 0.229404
1.151595 -0.397403 1.042825 0.137350 0.963734 -0.228804
1.319065 -0.341945 1.376310 -0.000810 -0.970079 0.242786
1.319572 -0.333717 1.411395 0.010281 -0.969074 0.246557
1.316684 -0.326233 1.441342 -0.019242 -0.969141 0.245755
1.290522 -0.326135 1.426314 -0.132109 -0.964633 0.228101
1.277390 -0.321863 1.436655 -0.131949 -0.964676 0.228011
1.267520 -0.316393 1.454008 -0.131949 -0.964676 0.228011
1.274460 -0.304608 1.508025 -0.131830 -0.964729 0.227856
1.272168 -0.295731 1.544311 -0.131702 -0.964757 0.227812
1.256425 -0.291793 1.551775 -0.131615 -0.964792 0.227717
1.237089 -0.289325 1.550913 -0.131615 -0.964792 0.227717
1.228453 -0.282382 1.575330 -0.131333 -0.964845 0.227652
1.233412 -0.269138 1.634471 -0.130990 -0.964912 0.227566
1.230340 -0.258846 1.676401 -0.130314 -0.965042 0.227405
1.209623 -0.256523 1.674194 -0.130314 -0.965042 0.227405
1.202297 -0.247615 1.707804 -0.129977 -0.965112 0.227299
1.201928 -0.234645 1.762758 -0.346989 -0.923482 0.163644
1.191462 -0.226395 1.791789 -0.260870 -0.942157 0.210444
1.177636 -0.219676 1.812373 -0.118720 -0.965441 0.232012
1.168853 -0.209714 1.849712 -0.115915 -0.965368 0.233728
1.160206 -0.199117 1.889859 -0.116479 -0.964681 0.236269
1.149354 -0.189333 1.925292 0.127110 0.962953 -0.237831
1.137529 -0.179655 1.959737 0.130629 0.961577 -0.241467
1.130778 -0.165795 2.014958 0.119975 0.991098 -0.057714
1.115106 -0.157632 2.040786 0.149359 0.987983 0.039772
1.102314 -0.146767 2.079815 -0.170222 -0.937821 0.302516
1.094061 -0.131394 2.140709 0.265852 0.959088 -0.097329
1.072166 -0.126735 2.148100 0.260930 0.956073 -0.133564
1.047410 -0.124668 2.142822 -0.169582 -0.980192 0.102299
1.023005 -0.122492 2.138233 0.157050 0.965274 -0.208761
0.999306 -0.119804 2.136265 0.212627 0.961574 -0.173679
0.975683 -0.117192 2.134045 0.117610 0.973455 -0.196348
0.951626 -0.115264 2.128683 0.107345 0.951940 -0.286859
0.929153 -0.111579 2.131755 0.232086 0.934782 -0.268920
0.904392 -0.111045 2.120092 -0.069034 -0.925742 0.371800
0.881438 -0.108328 2.118811 -0.120903 -0.921463 0.369172
0.858921 -0.105051 2.120200 0.098247 0.876617 -0.471053
0.835797 -0.102889 2.116506 0.146949 0.823059 -0.548616
0.813529 -0.099313 2.119370 0.185204 0.846765 -0.498686
0.790623 -0.097077 2.116174 -0.167838 -0.934127 0.315018
0.767444 -0.095776 2.108852 0.114927 0.775595 -0.620681
0.745440 -0.091735 2.113941 0.222426 0.852978 -0.472182
0.723132 -0.088397 2.115884 0.149358 0.537290 -0.830067
0.700616 -0.085774 2.114678 0.041103 0.936759 0.347553
0.678220 -0.082772 2.115189 0.069763 0.753176 0.654109
0.655775 -0.080051 2.114497 0.149617 0.941235 -0.302806
0.633368 -0.077169 2.114551 0.211875 0.976533 0.038627
0.610955 -0.074345 2.114375 0.198470 0.980107 -0.000659
0.588536 -0.071582 2.113971 0.222112 0.973383 0.056504
0.566116 -0.068878 2.113338 0.056543 0.987503 0.147109
0.543774 -0.067381 2.107610 0.104258 0.993046 0.054672
0.521409 -0.064805 2.106522 0.123725 0.973371 -0.192980
0.499195 -0.063215 2.101317 0.172499 0.984036 0.043777
0.477446 -0.063558 2.088119 0.003515 0.995503 -0.094667
0.454756 -0.059078 2.095096 0.151725 0.956132 -0.250581
0.432364 -0.056285 2.095042 0.181253 0.979278 -0.090339
0.410102 -0.054020 2.092821 0.171953 0.974567 -0.143705
0.387857 -0.051818 2.090373 0.193500 0.976712 -0.092693
0.365732 -0.049916 2.086733 0.151202 0.975908 -0.157291
0.343976 -0.048795 2.079974 0.117640 0.980586 -0.156880
0.321253 -0.045586 2.081673 0.154141 0.976843 -0.148388
0.299103 -0.043634 2.078322 0.114877 0.974874 -0.190849
0.276283 -0.040537 2.079548 0.120438 0.991575 -0.047676
0.254895 -0.039920 2.070946 -0.119504 -0.989161 0.085321
0.232360 -0.037428 2.069791 0.070183 0.996984 -0.033119
0.210824 -0.036460 2.062673 0.113075 0.987752 -0.107517
0.189571 -0.035806 2.054392 0.115891 0.977061 -0.178665
0.165765 -0.031782 2.059210 -0.105675 -0.994147 0.022456
0.143007 -0.029287 2.058072 0.055186 0.997541 0.043200
0.122964 -0.030062 2.044399 0.145809 0.988089 -0.049187
0.099164 -0.026456 2.047526 0.114629 0.993348 0.010956
0.079172 -0.027124 2.034396 -0.121274 -0.986491 0.110129
0.055285 -0.023636 2.037031 0.114595 0.991398 -0.063236
0.033792 -0.022697 2.030047 0.105882 0.991205 -0.079388
0.013164 -0.022575 2.020051 0.108434 0.986039 -0.126371
-0.009499 -0.020518 2.017295 0.112197 0.984560 -0.134366
-0.030487 -0.020029 2.008739 0.118154 0.983793 -0.134871
-0.051952 -0.019104 2.001824 0.107713 0.983716 -0.143879
-0.074557 -0.017238 1.998370 0.106210 0.986339 -0.125919
-0.095612 -0.016696 1.990094 0.108280 0.983353 -0.145921
-0.117217 -0.015715 1.983433 0.094532 0.990892 -0.095903
-0.141418 -0.012778 1.983823 0.070920 0.993724 -0.086509
-0.162646 -0.012179 1.975786 0.061368 0.995977 -0.065304
-0.185900 -0.010127 1.972943 0.099267 0.979901 -0.173030
-0.209187 -0.008139 1.969840 0.096150 0.982707 -0.158248
-0.230283 -0.007737 1.961116 0.098428 0.983702 -0.150471
-0.256612 -0.003849 1.964633 0.109722 0.975445 -0.190964
-0.277665 -0.003579 1.955426 0.102008 0.983574 -0.148917
-0.302216 -0.001091 1.953937 0.105521 0.981466 -0.159971
-0.326027 0.000823 1.950406 0.106249 0.979827 -0.169262
-0.351126 0.003433 1.949218 0.127704 0.977694 -0.166753
-0.375030 0.005212 1.945125 0.123049 0.984578 -0.124359
-0.398963 0.006923 1.940758 0.079915 0.986521 -0.142791
-0.427828 0.011359 1.945554 0.128102 0.969726 -0.207897
-0.448719 0.011153 1.934608 -0.135414 -0.969167 0.205862
-0.471822 0.012147 1.927694 0.090437 0.970955 -0.221511
-0.491112 0.011042 1.913775 0.053875 0.989501 -0.134110
-0.516027 0.012910 1.909737 0.111077 0.976022 -0.187198
-0.541970 0.015212 1.907066 0.104691 0.976022 -0.190844
-0.563481 0.015164 1.896623 0.116122 0.976928 -0.179242
-0.586943 0.016055 1.889244 -0.108099 -0.980261 0.165540
-0.615575 0.019399 1.889761 0.097000 0.977971 -0.184834
-0.642778 0.021906 1.887463 -0.079467 -0.978785 0.188851
-0.663101 0.021062 1.874344 0.091322 0.979564 -0.179207
-0.696377 0.026180 1.880215 -0.107668 -0.973086 0.203745
-0.728269 0.030455 1.883222 0.104630 0.970445 -0.217461
-0.750818 0.030383 1.872384 0.101624 0.975413 -0.195556
-0.776717 0.031737 1.865986 0.098116 0.976043 -0.194202
-0.803218 0.033260 1.860042 0.105798 0.973303 -0.203684
-0.823287 0.031962 1.845296 -0.108472 -0.973279 0.202391
-0.846184 0.031834 1.834167 -0.097091 -0.975260 0.198600
-0.869614 0.031878 1.823533 0.106105 0.975584 -0.192296
-0.900954 0.035056 1.822382 0.121524 0.973615 -0.193149
-0.933686 0.038631 1.822275 0.099824 0.972953 -0.208322
-0.964077 0.041123 1.818746 0.091534 0.972228 -0.215391
-0.990114 0.041804 1.809680 0.085169 0.972156 -0.218309
-1.027753 0.046795 1.813315 0.221963 0.925766 -0.306088
-1.048680 0.045342 1.797728 0.239894 0.931834 -0.272281
-1.080035 0.047695 1.793282 0.161829 0.941076 -0.296962
-1.116170 0.051639 1.793314 0.162170 0.910307 -0.380844
-1.144389 0.052577 1.784447 0.134806 0.898977 -0.416735
-1.186980 0.058460 1.789670 0.114889 0.969027 -0.218601
-1.222979 0.061816 1.787394 0.014643 0.969866 -0.243199
-1.245861 0.060528 1.771762 0.066169 0.971194 -0.228921
-1.265793 0.058209 1.753197 0.047964 0.987857 -0.147780
-1.295528 0.059121 1.743662 0.024643 0.999410 -0.023932
-1.328879 0.061104 1.736975 0.305990 0.948448 -0.082557
-1.395811 0.064724 1.722128 0.082558 0.982201 -0.168720
-1.938580 0.094592 1.606613 0.302469 0.903142 -0.304707
-1.981943 0.096675 1.596304 0.311790 0.930289 -0.193262
-2.032072 0.100285 1.589332 0.187715 0.965080 -0.182711
-2.076462 0.102226 1.578033 0.036629 0.995053 -0.092348
-2.117526 0.103156 1.564051 0.127189 -0.984775 -0.118499
-2.169688 0.106614 1.555638 -0.130097 0.988408 -0.078258
-2.216840 0.108631 1.543508 0.101163 0.986369 -0.129779
-2.270962 0.112089 1.534280 0.158853 0.986584 -0.037647
-2.326085 0.115529 1.524568 0.244674 0.969487 -0.015162
-2.377843 0.117942 1.512126 -0.137540 -0.989910 -0.034078
-2.422648 0.118550 1.495322 0.042321 -0.996778 -0.068130
-2.485105 0.122915 1.486278 -0.020934 -0.996974 -0.074863
-2.549501 0.127411 1.476954 0.143552 0.989343 -0.024359
-2.614061 0.131638 1.466477 0.326272 0.926586 -0.187044
-2.614163 0.121775 1.426222 0.344756 0.935570 -0.076495
-2.813038 0.153911 1.471946 0.112232 -0.988107 0.105110
-2.744219 0.129309 1.401197 0.012599 0.997882 0.063812
-2.823524 0.135546 1.392655 -0.149069 0.986787 0.063478
-2.928650 0.146609 1.392728 -0.107904 0.994145 0.005664
-2.999292 0.150281 1.377475 -0.102690 0.994559 0.017499
-3.070944 0.153823 1.361277 -0.074610 0.997140 0.012022
-3.151009 0.158658 1.346754 -0.034224 0.994319 -0.100792
-3.225617 0.162076 1.328816 0.060009 0.963608 -0.260498
-3.304017 0.165859 1.310755 0.129554 0.941721 -0.310446
-3.392791 0.171191 1.294573 0.139715 0.948129 -0.285537
-3.480740 0.175951 1.276432 0.228208 0.924739 -0.304595
-3.575382 0.181492 1.258624 0.338669 0.881926 -0.327886
-3.677706 0.187934 1.241215 -0.471839 -0.844304 0.254007
-3.773503 0.192756 1.220010 -0.528245 -0.829658 0.180623
-3.889374 0.200546 1.202325 0.635745 0.761461 -0.126512
-4.125895 0.228013 1.213179 0.009676 -0.995353 0.095810
-4.260605 0.237465 1.194240 0.097802 0.922946 -0.372297
-4.429148 0.251754 1.180542 0.168141 0.916848 -0.362103
-4.482258 0.246782 1.137784 -0.162149 -0.909030 0.383891
-4.471201 0.231525 1.080584 -0.111518 -0.920573 0.374312
-4.464316 0.217037 1.024737 -0.054258 -0.928765 0.366676
-4.462614 0.203436 0.970287 -0.043565 -0.920379 0.388594
-4.469063 0.191120 0.917583 0.074969 -0.933551 0.350518
-4.459321 0.176457 0.862246 -0.395677 0.827221 -0.398930
-4.449922 0.161949 0.807390 -0.419998 0.834240 -0.357275
-4.443812 0.148006 0.753428 0.648864 -0.714141 0.262638
-4.442985 0.134875 0.700513 0.683293 -0.685635 0.251027
-4.442556 0.121848 0.647849 0.740325 -0.636543 0.216178
-4.440563 0.108658 0.595182 0.758555 -0.646365 0.082500
-4.438977 0.095571 0.542757 0.912804 -0.364333 0.184527
-4.429904 0.081568 0.489797 0.981686 -0.006622 0.190391
-4.424196 0.068070 0.437444 0.905273 0.355356 0.232814
-4.427810 0.055781 0.386026 0.872234 0.434193 0.225132
-4.417990 0.041882 0.333779 0.767651 0.598958 0.227951
-4.035720 -0.015937 0.261688 -0.208909 -0.154517 0.965651
-4.216003 -0.006770 0.222183 0.243606 -0.061688 0.967911
-4.104041 -0.031537 0.169243 0.150078 0.075787 -0.985765
-4.106690 -0.043052 0.121329 0.138447 0.046717 -0.989267
-4.099879 -0.055588 0.073285 0.138447 0.046717 -0.989267
-1.095197 -0.384384 0.016935 0.949541 0.313641 -0.000867
-1.082661 -0.389881 -0.000074 0.987124 0.096884 0.127277
-1.075907 -0.394731 -0.016922 0.970970 -0.124434 0.204287
-1.082899 -0.398198 -0.034013 0.915944 -0.313368 0.250693
-1.069813 -0.403616 -0.050484 0.750891 -0.579891 0.316054
-1.046604 -0.409909 -0.066204 0.838367 -0.361127 0.408324
-1.040132 -0.414573 -0.082438 0.830015 -0.323342 0.454450
-1.044418 -0.418259 -0.099291 0.842886 -0.198223 0.500250
-1.029649 -0.423597 -0.114743 0.897888 0.041412 0.438271
-1.031595 -0.427478 -0.131404 0.859124 -0.016127 0.511514
-1.027410 -0.431865 -0.147518 0.845772 0.027362 0.532843
-1.025035 -0.436095 -0.163771 0.841705 0.167844 0.513187
-1.006644 -0.441525 -0.178083 0.823031 0.397859 0.405374
-0.996027 -0.446303 -0.193063 0.794763 0.464541 0.390580
-0.998099 -0.450142 -0.209648 0.887753 0.410851 0.207598
-0.983216 -0.455148 -0.223755 0.887753 0.410851 0.207598
2.278996 -0.704902 0.425573 -0.120720 0.877222 0.464659
2.226559 -0.695895 0.431972 0.315345 0.708770 0.631033
2.226256 -0.691333 0.450885 0.587578 0.657093 0.472208
2.220930 -0.686357 0.468522 0.813703 0.527269 0.244694
2.217338 -0.681514 0.486628 0.814514 0.518315 0.260607
2.211634 -0.676510 0.504140 0.881568 0.447719 0.149620
2.217200 -0.672299 0.525056 0.879265 0.450224 0.155534
2.207285 -0.666986 0.541331 0.874454 0.457913 0.160144
2.203851 -0.662116 0.559615 0.887142 0.440250 0.138414
2.201160 -0.657281 0.578194 0.880617 0.450108 0.148045
2.195434 -0.652248 0.595781 0.897937 0.406969 0.167589
2.205491 -0.648106 0.619052 0.909697 0.370346 0.187871
2.195585 -0.642800 0.635275 0.921564 0.337802 0.191336
2.176190 -0.637029 0.647779 0.920787 0.335447 0.199063
2.175290 -0.632222 0.667281 0.924033 0.316622 0.214276
2.172309 -0.627288 0.686069 0.920841 0.324458 0.216283
2.160815 -0.621968 0.701387 0.919117 0.329659 0.215754
2.146420 -0.616558 0.715349 0.923362 0.318702 0.214086
2.138302 -0.611421 0.731912 0.930693 0.304636 0.202503
2.130919 -0.606313 0.748789 0.939656 0.290188 0.181213
2.123354 -0.601198 0.765583 0.944978 0.279986 0.169186
2.123722 -0.596305 0.786178 0.962883 0.233547 0.135325
2.114859 -0.591131 0.802442 0.965377 0.244810 0.090090
2.109396 -0.586036 0.820398 0.976230 0.190524 0.103319
2.117940 -0.581191 0.845661 0.988015 0.121655 0.095013
2.118175 -0.576108 0.866961 0.989727 0.020250 0.141527
2.108467 -0.570843 0.883100 0.989916 0.005117 0.141565
2.108205 -0.565674 0.904465 0.990857 -0.037348 0.129642
2.107665 -0.560447 0.925907 0.987024 -0.068839 0.145071
2.098205 -0.555134 0.942390 0.984470 -0.077518 0.157510
2.104029 -0.549821 0.967983 0.969873 -0.137658 0.200992
2.095826 -0.544452 0.985453 0.964011 -0.140982 0.225402
2.093364 -0.539033 1.006553 0.958150 -0.153483 0.241644
2.088098 -0.533591 1.026083 0.942837 -0.171786 0.285566
2.080914 -0.528140 1.044510 0.910777 -0.265540 0.316186
2.068516 -0.522754 1.059563 0.937309 -0.212323 0.276354
2.060098 -0.517299 1.077279 0.875762 -0.375014 0.303983
2.058036 -0.511673 1.099496 0.863223 -0.419207 0.281268
2.047524 -0.506216 1.115980 0.829572 -0.476044 0.291879
2.036018 -0.500784 1.131770 0.821648 -0.487855 0.294775
2.030763 -0.495134 1.152200 0.792599 -0.541405 0.280478
2.019662 -0.489663 1.168408 0.769773 -0.560597 0.305253
2.017865 -0.483789 1.191840 0.735763 -0.607090 0.300158
2.014168 -0.477925 1.214110 0.679757 -0.679801 0.275319
2.011717 -0.471929 1.237673 0.636929 -0.709322 0.301967
2.010473 -0.465788 1.262572 -0.578919 0.753405 -0.311823
1.998157 -0.460201 1.278567 -0.563360 0.763267 -0.316306
1.994000 -0.454097 1.301590 -0.518042 0.793277 -0.319911
1.995528 -0.447536 1.329915 -0.476862 0.820141 -0.316183
1.986191 -0.441622 1.349080 -0.471653 0.823540 -0.315159
1.983985 -0.435129 1.374913 -0.428672 0.852516 -0.299091
1.967504 -0.429677 1.387911 -0.283129 0.902562 -0.324375
1.961759 -0.423337 1.411021 -0.051893 -0.956311 0.287709
1.954962 -0.417011 1.433455 -0.181641 -0.943618 0.276752
1.939331 -0.411444 1.447471 -0.403255 -0.910407 0.092440
1.924957 -0.405760 1.462731 -0.439060 -0.896103 0.065007
1.926392 -0.398429 1.494301 -0.404112 -0.911935 0.071186
1.923874 -0.391361 1.522426 -0.362169 -0.923531 0.126189
1.922272 -0.384057 1.552103 0.348411 0.930091 -0.116363
1.909436 -0.377945 1.570119 0.452302 0.888255 -0.080160
1.895701 -0.371912 1.587288 0.694811 0.718364 0.034501
1.892260 -0.364510 1.616319 0.691208 0.722363 0.020549
1.875367 -0.358790 1.630324 -0.665330 -0.746481 -0.010168
1.864092 -0.352276 1.651007 -0.647990 -0.761638 -0.004130
1.860756 -0.344525 1.681610 0.645864 0.763261 0.017092
1.855039 -0.336973 1.709981 0.639734 0.768237 0.023518
1.850099 -0.329152 1.739960 0.621079 0.783714 0.007331
1.844057 -0.321351 1.769218 0.534156 0.839831 -0.096749
1.832129 -0.314410 1.791389 0.461542 0.872157 -0.162236
1.816906 -0.307974 1.809502 0.409595 0.898011 -0.160652
1.807862 -0.300339 1.836334 0.404000 0.902539 -0.149024
1.797234 -0.292872 1.861540 0.350964 0.925267 -0.143892
1.787342 -0.285134 1.888343 0.266305 0.948150 -0.173473
1.789870 -0.274665 1.934012 0.137327 0.976537 -0.165880
1.776710 -0.267243 1.957593 0.141349 0.980556 -0.136128
1.766972 -0.258942 1.986922 0.178640 0.975213 -0.130565
1.759410 -0.249959 2.020432 0.121557 0.992515 -0.011707
1.754936 -0.240006 2.059876 -0.158226 -0.980912 0.113036
1.743574 -0.231482 2.089255 0.114410 0.958912 -0.259611
1.732224 -0.222769 2.119458 -0.083792 -0.952201 0.293755
1.726827 -0.212261 2.160779 -0.069301 -0.961815 0.264780
1.723124 -0.200952 2.206503 -0.077418 -0.965141 0.250019
1.717140 -0.189917 2.249756 -0.097712 -0.965171 0.242689
1.692023 -0.184243 2.259119 -0.079828 -0.955341 0.284520
1.654374 -0.182487 2.244564 0.106671 0.958584 -0.264080
1.620310 -0.179900 2.235656 0.114239 0.951043 -0.287170
1.587871 -0.177021 2.228957 0.124468 0.954188 -0.272091
1.554380 -0.174729 2.219178 -0.128840 -0.958195 0.255465
1.525016 -0.171220 2.216999 0.143169 0.953079 -0.266726
1.496626 -0.167512 2.216257 -0.106341 -0.961675 0.252730
1.465108 -0.165156 2.207972 0.123238 0.959915 -0.251745
1.438212 -0.161191 2.209241 0.101351 0.958620 -0.266036
1.407132 -0.159083 2.200209 0.108079 0.962087 -0.250414
1.374072 -0.158089 2.185317 -0.157101 -0.954302 0.254218
1.346181 -0.155107 2.181902 -0.095683 -0.966253 0.239163
1.320230 -0.151393 2.182752 0.095384 0.968563 -0.229758
1.298164 -0.145898 2.193454 0.107632 0.958267 -0.264839
1.270542 -0.143185 2.189129 0.096397 0.960961 -0.259349
1.246366 -0.138841 2.193767 0.111853 0.961823 -0.249772
1.217071 -0.137368 2.183241 0.117304 0.961149 -0.249866
1.194235 -0.132472 2.191055 0.083385 0.971621 -0.221358
1.165030 -0.131394 2.178950 0.113721 0.965517 -0.234187
1.137298 -0.129720 2.170256 0.170751 0.968392 -0.181827
1.108696 -0.128895 2.157469 0.190497 0.959767 -0.206298
1.084988 -0.125048 2.160413 -0.204045 -0.967199 0.151303
1.057134 -0.124261 2.147943 -0.131294 -0.981528 0.139159
1.034319 -0.120005 2.153198 0.134317 0.981305 -0.137837
1.011442 -0.115802 2.158217 0.157646 0.987387 -0.014622
0.987819 -0.112231 2.160138 0.188547 0.981994 -0.011708
0.963980 -0.108919 2.160855 0.138860 0.990311 0.001649
0.940376 -0.105480 2.162278 0.041146 0.982691 0.180626
0.913611 -0.105276 2.148094 0.044263 0.996930 0.064592
0.890378 -0.101795 2.149957 -0.001478 0.989691 0.143212
0.865539 -0.100191 2.142910 0.127620 0.975693 0.178145
0.840881 -0.098680 2.135595 0.136177 0.976985 0.164185
0.818921 -0.093982 2.143473 0.030045 0.989104 0.144120
0.794322 -0.092835 2.134685 -0.020890 0.979719 0.199284
0.770070 -0.091575 2.126603 0.162398 0.953149 0.255211
0.746516 -0.089567 2.122143 0.097378 0.938346 0.331700
0.722262 -0.089117 2.110643 0.176370 0.754182 -0.632537
0.700066 -0.085149 2.115401 0.083243 0.884020 0.459978
0.676638 -0.083801 2.108267 0.143849 0.804057 -0.576887
0.653882 -0.081242 2.106727 0.161866 0.942005 -0.293983
0.630719 -0.080053 2.099114 0.177412 0.717929 -0.673129
0.608110 -0.077636 2.097105 0.144860 0.873398 -0.464963
0.585979 -0.073525 2.102657 0.128168 0.865213 -0.484747
0.563164 -0.072336 2.095317 -0.151857 -0.916807 0.369329
0.540769 -0.069446 2.095540 0.137426 0.962298 -0.234727
0.518503 -0.065271 2.101381 0.055048 0.942209 -0.330473
0.495982 -0.063393 2.097249 0.167219 0.985863 -0.010562
0.473550 -0.060452 2.097759 0.059954 0.992287 0.108495
0.451113 -0.058024 2.096092 0.136555 0.984395 -0.110993
0.428698 -0.055658 2.094197 0.097134 0.994861 -0.028584
0.406366 -0.053816 2.090129 0.157342 0.971608 -0.176694
0.383864 -0.050654 2.091669 0.108998 0.993264 0.039315
0.361459 -0.048244 2.090062 0.151202 0.975908 -0.157291
0.339487 -0.047529 2.081434 0.146305 0.974481 -0.170237
0.316897 -0.044311 2.083256 0.137070 0.986198 -0.092876
0.294320 -0.041381 2.083873 0.113058 0.983867 -0.138646
0.272887 -0.041584 2.071682 -0.148268 -0.980048 0.132373
0.249546 -0.036879 2.079575 0.083515 0.996427 -0.012588
0.228466 -0.037464 2.065990 -0.068127 -0.981758 0.177512
0.205681 -0.034301 2.067622 0.099360 0.994493 -0.033331
0.183484 -0.032393 2.064204 -0.087164 -0.995382 0.040225
0.162033 -0.031754 2.055762 -0.102367 -0.994497 0.022285
0.140104 -0.030219 2.050944 0.054392 0.994684 -0.087433
0.117904 -0.028264 2.047819 0.093636 0.993977 -0.056935
0.095026 -0.025396 2.048284 0.093849 0.995486 0.014152
0.073926 -0.025027 2.038983 0.079750 0.995602 -0.049156
0.052000 -0.023505 2.034231 -0.103175 -0.991942 0.073530
0.029710 -0.021556 2.031152 -0.108581 -0.991562 0.070819
0.006783 -0.018929 2.030676 -0.090630 -0.992992 0.075844
-0.013050 -0.019818 2.016758 0.100191 0.985736 -0.135226
-0.036641 -0.016574 2.018646 -0.106034 -0.989247 0.100731
-0.058869 -0.014875 2.014647 0.098684 0.988534 -0.114286
-0.080060 -0.014233 2.006679 -0.105304 -0.986538 0.125119
-0.103007 -0.011914 2.005024 0.107603 0.984054 -0.141630
-0.124617 -0.010904 1.998479 0.110101 0.984320 -0.137810
-0.146162 -0.009959 1.991715 0.104773 0.982733 -0.152505
-0.167641 -0.009080 1.984733 0.110204 0.981217 -0.158331
-0.189051 -0.008267 1.977535 0.106003 0.977647 -0.181577
-0.210390 -0.007520 1.970121 0.098306 0.980427 -0.170584
-0.231654 -0.006838 1.962492 0.096762 0.983870 -0.150453
-0.251840 -0.006978 1.951924 0.098894 0.984316 -0.146087
-0.272921 -0.006429 1.943878 0.098502 0.983427 -0.152212
-0.294983 -0.005189 1.938322 0.099515 0.982314 -0.158609
-0.316293 -0.004519 1.930738 0.103694 0.980933 -0.164369
-0.337164 -0.004167 1.922043 0.134345 0.972120 -0.192180
-0.360628 -0.002112 1.919357 0.138792 0.977799 -0.156990
-0.381781 -0.001639 1.911097 0.097073 0.993894 -0.052461
-0.402458 -0.001485 1.901741 0.035825 0.996626 -0.073850
-0.425922 0.000374 1.898305 0.071613 0.996901 -0.032547
-0.447737 0.001154 1.891116 -0.138299 -0.980937 0.136511
-0.472091 0.003386 1.888892 0.088681 0.995446 -0.034973
-0.495631 0.005044 1.884654 0.032691 0.998445 -0.045156
-0.520096 0.007140 1.881858 -0.028258 -0.999405 0.019765
-0.545537 0.009672 1.880474 0.109988 0.978262 -0.175800
-0.568732 0.010871 1.874541 0.108489 0.985860 -0.127714
-0.594785 0.013515 1.873394 -0.096254 -0.989657 0.106371
-0.620456 0.015834 1.871084 0.093162 0.985121 -0.144425
-0.645712 0.017828 1.867623 0.070321 0.985870 -0.152038
-0.668005 0.018239 1.858895 0.074379 0.986616 -0.145107
-0.687681 0.017322 1.845817 0.105920 0.980852 -0.163431
-0.716082 0.020605 1.846408 0.093399 0.981247 -0.168616
-0.736680 0.020048 1.834474 0.091559 0.979964 -0.176880
-0.757703 0.019672 1.823133 0.084194 0.980272 -0.178822
-0.775339 0.017726 1.806780 0.086269 0.983314 -0.160161
-0.800007 0.018959 1.800577 0.091495 0.980759 -0.172455
-0.826952 0.021111 1.797217 0.092978 0.977934 -0.187081
-0.855127 0.023679 1.795066 0.103188 0.976227 -0.190613
-0.882829 0.025915 1.791761 0.113524 0.978540 -0.171963
-0.911212 0.028313 1.788857 0.103307 0.979761 -0.171455
-0.942690 0.031858 1.789378 0.098130 0.973793 -0.205179
-0.970702 0.033833 1.784918 0.090043 0.972813 -0.213373
-0.993249 0.033509 1.773343 0.079553 0.973923 -0.212476
-1.019459 0.034579 1.765964 0.092838 0.969957 -0.224865
-1.038105 0.032633 1.749418 0.203516 0.937860 -0.281069
-1.057210 0.030862 1.733424 0.181146 0.976194 -0.119292
-1.080035 0.030478 1.721574 0.035299 0.994854 0.094974
-1.111307 0.033158 1.718755 0.090344 -0.989217 -0.115275
-1.142040 0.035497 1.714776 0.052315 0.993472 0.101370
-1.172877 0.037735 1.710360 -0.209103 -0.977700 0.019461
-1.206526 0.040829 1.708280 -0.052542 -0.997674 0.043432
-1.231406 0.040715 1.696766 -0.081792 -0.992600 -0.089751
-1.260398 0.041938 1.689018 0.030590 0.973511 0.226584
-1.280309 0.039988 1.672122 -0.060745 -0.970239 -0.234406
-1.320607 0.044791 1.674306 0.124875 0.962032 0.242696
-1.360446 0.049226 1.675189 -0.101173 0.940981 0.322984
-1.392566 0.050961 1.668287 0.088498 -0.984315 -0.152621
-1.422565 0.051886 1.658986 0.162759 -0.973358 -0.161502
-1.454794 0.053399 1.651166 0.205968 -0.975206 -0.080938
-1.475917 0.051347 1.633464 0.125123 -0.991864 -0.023446
-1.505894 0.051961 1.622953 -0.058914 0.997349 -0.042710
-1.535117 0.052237 1.611403 -0.068005 0.997171 -0.032035
-1.565851 0.052859 1.600647 -0.025153 0.999204 -0.030971
-1.605072 0.055845 1.595996 -0.018665 -0.995803 0.089594
-1.634326 0.055778 1.583083 -0.041962 -0.995264 0.087688
-1.778694 0.004727 1.311615 -0.131591 0.971543 -0.196945
-1.761991 -0.029632 1.178153 0.238077 -0.941983 0.236616
-1.769918 -0.035152 1.152269 0.238077 -0.941983 0.236616
-1.771412 -0.042099 1.123279 0.213352 -0.944057 0.251472
-1.777813 -0.047882 1.096993 -0.219308 0.946800 -0.235529
-1.775051 -0.055648 1.066486 0.226042 -0.951884 0.206934
-1.769213 -0.063991 1.034933 -0.300476 0.932395 -0.200883
-1.764731 -0.071937 1.004443 -0.393601 0.906903 -0.150346
-1.750852 -0.081769 0.970223 -0.405021 0.892579 -0.198142
-1.750932 -0.088549 0.942593 -0.398631 0.889580 -0.223028
-1.743403 -0.096826 0.912070 -0.372909 0.894795 -0.245520
-1.745490 -0.103057 0.885862 0.265658 -0.930699 0.251446
-1.743597 -0.110034 0.858295 0.239945 -0.932552 0.269764
-1.735836 -0.118093 0.828790 0.186149 -0.936456 0.297320
-1.727682 -0.126128 0.799555 0.137311 -0.938832 0.315817
-1.727490 -0.132552 0.773557 0.106553 -0.936404 0.334357
-1.724188 -0.139507 0.746707 0.062909 -0.935075 0.348824
-1.725225 -0.145597 0.721574 -0.301760 -0.909015 0.287459
-1.725964 -0.151700 0.696517 -0.007099 -0.952755 0.303658
-1.731118 -0.156976 0.672991 -0.624907 0.752393 -0.208318
-1.725613 -0.164111 0.646359 0.674721 -0.720489 0.160148
-1.722621 -0.170741 0.620741 0.701034 -0.701624 0.127571
-1.717418 -0.177692 0.594748 0.733644 -0.677036 0.058212
-1.709031 -0.185110 0.568188 0.664546 -0.744016 0.069416
-1.700312 -0.192501 0.541880 0.704156 -0.707732 0.057268
-1.270694 -0.268001 0.414234 -0.137228 -0.919313 0.368825
-1.118602 -0.296934 0.360127 0.882732 0.466899 0.052819
-1.104507 -0.303412 0.339756 0.886390 0.460731 0.045169
-1.103695 -0.307748 0.322556 0.944568 0.328315 0.000392
-1.109478 -0.311061 0.306766 0.949989 0.311687 -0.019288
-1.093701 -0.317591 0.286890 0.949989 0.311687 -0.019288
-1.100083 -0.320784 0.271346 0.948514 0.316598 -0.009305
-1.089701 -0.326396 0.252952 0.957493 0.286686 -0.031919
-1.094752 -0.329766 0.237246 0.960470 0.275166 -0.042217
-1.094736 -0.333846 0.220763 0.960470 0.275166 -0.042217
-1.096502 -0.337671 0.204579 0.948898 0.304080 -0.084425
-1.099078 -0.341383 0.188515 0.945102 0.313789 -0.091203
-1.092613 -0.346275 0.171422 0.919745 0.371122 -0.127817
-1.094832 -0.350012 0.155408 0.906242 0.404522 -0.122830
-1.094903 -0.354018 0.139192 0.877429 0.457180 -0.145276
-1.087873 -0.358885 0.122430 0.878722 0.463294 -0.114922
-1.087584 -0.362898 0.106337 0.898401 0.431172 -0.083461
-1.101990 -0.365173 0.091192 0.875366 0.472369 -0.102967
-1.090452 -0.370498 0.074441 0.908809 0.416600 -0.022604
-1.088651 -0.374662 0.058356 0.907402 0.416011 0.059633
-1.091642 -0.378285 0.042479 0.933694 0.358062 -0.002805
-1.091483 -0.382256 0.026494 0.963498 0.266243 -0.028030
-1.097118 -0.385614 0.010589 0.949541 0.313641 -0.000867
-1.086669 -0.390643 -0.005426 0.996498 0.021880 0.080697
-1.079028 -0.395336 -0.021247 0.970970 -0.124434 0.204287
-1.059274 -0.401167 -0.036665 0.896852 -0.235021 0.374729
-1.184633 -0.393145 -0.056066 -0.474725 -0.632836 0.611682
-1.141645 -0.401285 -0.071220 0.806139 -0.380670 0.453023
-1.151217 -0.404493 -0.088166 -0.040627 0.876101 -0.480414
-1.162593 -0.407593 -0.105426 0.051691 0.994851 -0.087180
-1.156884 -0.412199 -0.121718 -0.117954 0.980879 0.154802
-1.274182 -0.406675 -0.147919 0.417170 0.905026 0.083051
-0.868974 -0.443346 -0.128671 0.156008 0.701944 -0.694936
-0.698306 -0.459891 -0.125025 0.345141 -0.601562 0.720417
-0.655639 -0.466034 -0.132250 0.345141 -0.601562 0.720417
-0.616887 -0.471682 -0.139099 0.504447 -0.522900 0.687101
-0.632489 -0.473362 -0.152391 0.345141 -0.601562 0.720417
-1.508253 -0.417578 -0.289192 -0.029686 0.923767 -0.381803
-1.559863 -0.419310 -0.317647 -0.191823 0.897832 -0.396359
-1.556925 -0.424689 -0.338290 -0.089584 0.918487 -0.385170
-1.544913 -0.430604 -0.357354 -0.089584 0.918487 -0.385170
-1.541546 -0.435982 -0.377833 -0.087141 0.913197 -0.398092
-1.543838 -0.441051 -0.399421 -0.087141 0.913197 -0.398092
-1.541975 -0.446363 -0.420280 -0.038722 0.917504 -0.395837
-1.524264 -0.452458 -0.437751 -0.038722 0.917504 -0.395837
3 6647 6648 6646
3 6648 6647 6650
3 6651 6648 6650
3 6636 6633 6632
3 6633 6631 6632
3 6633 6630 6631
3 9723 9720 9717
3 9399 9398 9400
3 9398 8028 9397
3 10569 10562 10554
3 8027 9396 9397
3 8027 5264 6659
3 3188 3189 1761
3 10451 10449 10454
3 10441 10432 10433
3 9399 8029 9398
3 6649 6648 6651
3 6652 6649 6651
3 6634 6633 6636
3 6630 6634 6628
3 6633 6634 6630
3 9395 8026 8025
3 9956 10231 9955
3 9956 9957 10231
3 9957 9960 10231
3 10756 10230 10757
3 10744 10750 10757
3 8837 10224 10218
3 9403 9401 9400
3 9408 9407 9717
3 8030 9399 9400
3 8028 6660 5265
3 6665 3845 8032
3 8030 3843 5269
3 9401 8031 9400
3 3843 8031 5270
3 9072 10450 10454
3 436 437 429
3 1769 435 429
3 435 1769 430
3 10440 10441 10433
3 423 1763 424
3 10451 10447 10449
3 10447 10448 10449
3 6668 6667 3848
3 5267 6662 6661
3 5267 3842 6662
3 5277 6901 6669
3 6645 6649 6652
3 6648 6645 6646
3 6649 6645 6648
3 6634 6629 6628
3 6629 6634 6635
3 6629 6627 6628
3 6635 6640 6642
3 6634 6640 6635
3 8000 8001 8002
3 10041 10040 10042
3 9978 9995 9970
3 10020 9996 10011
3 10273 10268 10033
3 10268 10267 10266
3 10022 10266 9995
3 9996 10022 9995
3 10022 9996 10020
3 10022 10268 10266
3 10268 10022 10033
3 8807 8819 8806
3 10203 10200 8830
3 9728 9724 9723
3 9726 9724 9728
3 9725 9724 9726
3 9723 9724 9418
3 1052 9723 9418
3 9721 9720 9723
3 9402 9401 9403
3 8033 9402 9403
3 9401 9402 8032
3 5274 6667 6666
3 2419 8033 9403
3 9404 9406 9405
3 8039 9407 9408
3 6660 5266 6661
3 5266 6660 8028
3 5266 8029 6661
3 6665 5272 3845
3 3845 5272 5271
3 3843 6663 5269
3 6663 3843 5270
3 6663 6662 5269
3 3844 8031 5271
3 8031 3844 5270
3 9720 9719 9717
3 9719 9718 9717
3 1044 9410 8320
3 9409 9408 9717
3 9410 9409 9717
3 1044 9409 9410
3 10575 10573 10571
3 5164 5170 6562
3 10286 10282 10281
3 10282 10283 10038
3 10039 10283 10042
3 10283 10039 10038
3 10040 10039 10042
3 10571 10570 10569
3 9203 10570 10571
3 10560 10562 10561
3 10562 10560 10554
3 10560 10557 10554
3 10743 10744 10469
3 8561 8842 9955
3 8881 8887 8880
3 9959 8564 9960
3 9956 9959 9957
3 9959 9956 9955
3 4625 3181 4624
3 6017 4625 4626
3 3185 4627 4628
3 10420 9043 10421
3 3178 4621 4622
3 4621 3177 4620
3 10450 10452 10454
3 4629 3186 4628
3 1759 3186 4629
3 418 3186 1759
3 1758 3185 4628
3 3185 1758 417
3 4639 4637 4638
3 419 418 1759
3 414 415 9046
3 10424 9045 9046
3 9045 414 9046
3 438 434 440
3 424 3190 3191
3 1763 3190 424
3 1764 424 3191
3 1764 425 424
3 448 1792 1791
3 1792 448 451
3 3189 1762 1761
3 10440 10442 10441
3 10442 10440 10439
3 10438 10445 10444
3 9404 8034 9403
3 2419 8034 3848
3 8034 2419 9403
3 6668 5278 6669
3 5278 8035 6669
3 3842 3841 8029
3 3842 5268 6662
3 5268 3842 8030
3 6662 5268 5269
3 5268 8030 5269
3 9405 2422 8036
3 6905 6901 5277
3 6905 6903 6901
3 6903 6905 6904
3 8026 6657 8025
3 9395 9392 8026
3 9392 9389 8026
3 5239 5240 5238
3 6654 5257 6653
3 5247 5242 5245
3 6655 8021 5260
3 10034 10273 10033
3 10034 10040 10041
3 10273 10034 10041
3 10039 10034 10038
3 10034 10039 10040
3 10271 10273 10272
3 9978 9982 9995
3 10019 10020 10011
3 10019 10021 10020
3 10021 10018 10274
3 10019 10018 10021
3 10024 10022 10020
3 9088 9084 10748
3 10318 10591 10586
3 10591 10589 10586
3 8880 10001 9998
3 10750 10754 10757
3 10754 10756 10757
3 10756 10754 10755
3 10756 10752 10230
3 10752 10756 10755
3 10229 10227 10224
3 9089 9090 10471
3 9730 9729 9728
3 8330 9417 9723
3 1052 8330 9723
3 1049 8326 9720
3 9722 1051 8329
3 1051 9722 9417
3 9417 9722 9723
3 9722 9721 9723
3 3850 5277 6669
3 8035 3850 6669
3 8035 2420 9404
3 2420 8034 9404
3 8034 2420 3849
3 2420 5278 3849
3 5278 2420 8035
3 2413 5274 6666
3 6667 5275 3848
3 5275 2419 3848
3 2419 3847 8033
3 5275 3847 2419
3 5274 3847 6667
3 3847 5275 6667
3 3857 8039 9408
3 8039 2425 9407
3 2425 2424 9407
3 5273 3846 6666
3 6664 3844 5271
3 3844 6664 5270
3 9718 9412 9717
3 9719 8325 8045
3 9413 9719 8045
3 9719 9413 9718
3 9413 8324 9718
3 9714 9411 9717
3 9411 9410 9717
3 9411 8321 9410
3 9713 9712 9714
3 9713 9714 9717
3 10043 10041 10042
3 10043 10044 10041
3 10580 10571 10581
3 10580 10579 10571
3 10578 10575 10571
3 10579 10578 10571
3 10285 10282 10286
3 10282 10285 10283
3 10279 10282 10038
3 10560 10559 10557
3 7890 10100 7892
3 10104 7884 7883
3 7884 10104 10100
3 4879 4878 4877
3 10742 10739 10744
3 10743 10742 10744
3 8842 8562 9955
3 9958 9960 9957
3 9959 9958 9957
3 9958 9959 9960
3 3181 6016 4624
3 6016 3181 409
3 1755 6017 4626
3 6017 3182 4625
3 10420 9042 9043
3 9042 10420 10419
3 6015 4623 4624
3 1752 6015 4624
3 408 1752 4624
3 2027 7667 3178
3 8832 6330 8836
3 8832 6328 6330
3 402 2027 681
3 2027 402 7667
3 4620 4618 4617
3 4619 4618 4620
3 10425 10424 9046
3 10453 10451 10454
3 10452 10453 10454
3 10453 10452 10451
3 6034 6036 6035
3 3186 6020 4628
3 6020 1758 4628
3 6020 3186 418
3 1758 6020 418
3 4631 4633 4632
3 4634 4633 4630
3 4633 4631 4630
3 4637 4636 4638
3 6021 4633 4634
3 4633 6021 4632
3 6021 419 1759
3 6021 1759 4629
3 6021 4631 4632
3 6021 4629 4630
3 4631 6021 4630
3 6023 6024 6022
3 6024 421 6022
3 420 421 9049
3 419 420 9049
3 6021 420 419
3 3184 415 414
3 416 3185 417
3 9043 10422 10421
3 9045 413 414
3 1775 1773 439
3 1773 438 439
3 1773 434 438
3 434 1773 440
3 1790 1788 1796
3 10437 10438 10439
3 10438 10437 10436
3 10436 10437 10433
3 10437 10440 10433
3 10440 10437 10439
3 10438 10435 10434
3 10435 10438 10436
3 10434 10435 10433
3 10435 10436 10433
3 1765 3193 1766
3 450 1791 449
3 450 448 1791
3 448 450 451
3 1793 1792 451
3 10445 10446 10444
3 10447 10446 10448
3 10446 10445 10448
3 10443 10442 10439
3 10438 10443 10439
3 10443 10438 10444
3 10446 10443 10444
3 10443 10446 10442
3 5278 5276 3849
3 5276 5278 6668
3 5276 8034 3849
3 5276 6668 3848
3 8034 5276 3848
3 3841 3836 8029
3 3839 3842 5267
3 5801 5799 5798
3 9742 9741 9170
3 9741 9742 9433
3 9742 9744 9743
3 9744 9742 9170
3 2422 3852 8036
3 6637 6634 6636
3 6637 6638 6634
3 6641 6637 6636
3 6639 6640 6634
3 6638 6639 6634
3 6637 6639 6638
3 6639 6641 6640
3 6639 6637 6641
3 5237 5236 5235
3 5240 5237 5238
3 5229 5230 5232
3 9393 9392 9395
3 9387 9386 8026
3 9386 9387 6658
3 9389 9388 8026
3 9388 9387 8026
3 9387 9388 6658
3 8010 8012 5261
3 8018 8020 8019
3 8018 8021 8020
3 5242 5244 5245
3 5243 5244 5242
3 5258 5257 6654
3 8023 5261 8019
3 10277 10031 10274
3 10032 10277 10278
3 10277 10032 10031
3 10035 10036 10038
3 10034 10035 10038
3 10035 10034 10033
3 10032 10035 10033
3 10035 10032 10036
3 10267 10270 10272
3 10270 10271 10272
3 10269 10268 10273
3 10271 10269 10273
3 10268 10269 10267
3 10269 10270 10267
3 10270 10269 10271
3 10239 9961 10248
3 9962 9974 9963
3 9993 9992 9996
3 10017 10009 8880
3 10018 10017 8880
3 10021 10023 10020
3 10023 10024 10020
3 10023 10021 10274
3 10024 10023 10274
3 9362 9087 10748
3 9087 9088 10748
3 9088 9085 9084
3 5169 5167 6562
3 5165 5164 5162
3 5164 5165 5170
3 5164 5163 5162
3 10009 10004 8880
3 10004 10001 8880
3 10001 10000 9998
3 10753 10754 10750
3 10754 10753 10755
3 10753 10752 10755
3 10225 10223 10224
3 10222 10223 10225
3 10223 10221 10224
3 10221 10223 10222
3 8833 8835 8819
3 8837 8835 8836
3 10226 10225 10224
3 10227 10226 10224
3 8841 10750 10744
3 8820 8819 8830
3 10199 10201 10198
3 10201 10199 10200
3 10200 10195 8830
3 4618 3451 4617
3 9024 10688 9023
3 7660 8781 1740
3 8781 7660 9027
3 4382 4376 9089
3 6881 8271 6870
3 9729 9422 9728
3 9423 9729 9730
3 9419 9725 9726
3 9724 8331 9418
3 8331 1052 9418
3 2439 8331 9724
3 8049 1051 9417
3 8330 8049 9417
3 9415 9721 8327
3 1049 9415 8327
3 9721 9415 9720
3 9415 1049 9720
3 8047 8327 2435
3 8047 1049 8327
3 10557 10556 10554
3 10556 10555 10554
3 9681 10476 10489
3 10476 9681 10472
3 8600 8616 8602
3 5279 3851 6909
3 5279 6905 5277
3 6905 5279 6909
3 2421 3850 8035
3 5279 2421 3851
3 2421 9405 8036
3 3851 2421 8036
3 2421 9404 9405
3 2421 8035 9404
3 3850 2421 5277
3 2421 5279 5277
3 2415 2418 2413
3 2418 9402 8033
3 2417 3847 5274
3 3847 2417 8033
3 2417 2418 8033
3 8037 2423 3853
3 2423 8037 9406
3 2422 8037 3853
3 9406 8037 9405
3 8037 2422 9405
3 2424 8038 9407
3 8038 9406 9407
3 8038 2423 9406
3 3857 2426 5286
3 2426 3857 9408
3 5001 6915 8039
3 3857 5001 8039
3 5001 3857 5286
3 2425 3855 2424
3 6914 4999 6674
3 6915 5285 8039
3 5285 2425 8039
3 9412 9715 9717
3 9715 9713 9717
3 9716 9412 9718
3 9716 9715 9412
3 8326 9414 9720
3 9414 9719 9720
3 1047 9413 8045
3 9413 1047 8324
3 3860 8321 5005
3 8321 3860 9410
3 8321 2429 5005
3 9712 8322 9714
3 8322 9411 9714
3 10578 10577 10575
3 10577 10578 10062
3 10053 565 835
3 834 565 10053
3 10583 10581 10586
3 10589 10587 10586
3 10588 10587 10589
3 10043 10284 10044
3 10285 10284 10283
3 10283 10284 10042
3 10284 10043 10042
3 10279 10037 10278
3 10037 10032 10278
3 10032 10037 10036
3 10036 10037 10038
3 10037 10279 10038
3 10282 10280 10281
3 10279 10280 10282
3 10280 10279 10278
3 10277 10280 10278
3 9203 8927 10570
3 8632 8630 8634
3 8633 8632 8634
3 10275 10277 10274
3 8886 8888 8887
3 8616 8606 8602
3 7886 7884 7888
3 10747 10746 10749
3 10747 9663 10746
3 10747 10749 10748
3 9663 10747 10748
3 10466 10743 10469
3 10740 10743 10458
3 10735 10740 10458
3 10740 9954 10739
3 8503 8519 8502
3 10746 10470 10749
3 9663 9357 10746
3 10730 10740 10735
3 9954 10730 10724
3 10740 10730 9954
3 9943 10720 9944
3 9934 9933 9928
3 9933 9932 9928
3 4886 4884 4887
3 8844 8562 8842
3 8570 8563 8568
3 8563 9959 9955
3 8562 8563 9955
3 1753 6016 409
3 408 1753 409
3 6016 1753 4624
3 1753 408 4624
3 8834 8832 8836
3 8832 8834 8833
3 8835 8834 8836
3 8834 8835 8833
3 8831 8832 8833
3 1747 6012 4620
3 2025 3177 679
3 3177 2025 4620
3 2025 1747 4620
3 680 9035 679
3 10411 9035 10412
3 9035 10411 9034
3 3177 401 679
3 401 680 679
3 6038 6036 6040
3 6039 6042 6044
3 6042 6039 6040
3 6039 6038 6040
3 422 3188 1761
3 4635 4634 4630
3 4636 4635 4638
3 421 1760 6022
3 420 1760 421
3 3187 420 6021
3 3187 1760 420
3 3187 4636 4637
3 3187 4635 4636
3 3187 6021 4634
3 4635 3187 4634
3 6032 422 6034
3 6029 6027 3188
3 9048 10428 10427
3 1758 9048 417
3 9048 1758 418
3 3185 6019 4627
3 6019 3184 4627
3 3184 6019 415
3 9044 413 9045
3 9044 10422 9043
3 10423 9045 10424
3 10423 9044 9045
3 9044 10423 10422
3 6018 3184 414
3 4627 6018 4626
3 3184 6018 4627
3 1794 1795 1796
3 1788 1794 1796
3 1789 1787 1795
3 1789 1788 1787
3 1794 1789 1795
3 1789 1794 1788
3 457 453 456
3 3829 3831 5267
3 3830 3831 3829
3 3836 3837 3833
3 3837 3839 5267
3 3840 3841 3842
3 3839 3840 3842
3 3840 3839 3841
3 9683 7431 7433
3 9683 9681 10489
3 9741 9740 9739
3 6862 6064 7198
3 6911 2422 3853
3 6911 3852 2422
3 3852 6911 6671
3 6910 3851 8036
3 5236 5234 5235
3 5233 5234 5236
3 5234 5237 5235
3 9394 9395 9396
3 9394 9393 9395
3 8027 9394 9396
3 9393 9394 8027
3 9393 9391 9392
3 9391 9393 8027
3 9386 9385 8026
3 5262 9385 9384
3 9385 9386 9384
3 8004 5241 8002
3 8017 8018 8019
3 8018 8017 8016
3 5261 8017 8019
3 8012 8017 5261
3 8011 8012 8010
3 8021 6656 5260
3 8018 6656 8021
3 6656 8018 8016
3 8021 8022 8020
3 8020 8022 8019
3 8022 8023 8019
3 9967 9968 9970
3 9971 9975 9968
3 9975 9978 9970
3 9968 9975 9970
3 9964 9965 9968
3 9965 9971 9968
3 9965 9964 9963
3 9960 10235 10231
3 9961 10235 9960
3 10236 9961 10239
3 9962 9976 9974
3 9976 9977 9974
3 9979 9982 9978
3 9977 9979 9978
3 9979 9976 9981
3 9976 9979 9977
3 9974 9972 9963
3 9992 9991 9996
3 9991 9990 9996
3 9985 9986 9981
3 9982 9994 9995
3 9993 9994 9982
3 9994 9996 9995
3 9994 9993 9996
3 9984 9993 9982
3 9979 9984 9982
3 10016 10018 10019
3 10015 10016 10019
3 10016 10017 10018
3 10014 10019 10011
3 10014 10015 10019
3 10024 10025 10022
3 10025 10026 10022
3 10027 10024 10274
3 10027 10025 10024
3 10025 10027 10026
3 10027 10028 10026
3 10104 10103 10100
3 5170 5168 6562
3 5168 5169 6562
3 5440 5165 5162
3 5163 5440 5162
3 10591 10315 10589
3 9996 10006 10011
3 10006 10010 10011
3 10224 10220 10218
3 10221 10220 10224
3 10228 10226 10227
3 10226 10228 10225
3 10228 10229 10230
3 10228 10227 10229
3 10228 10222 10225
3 4612 4611 4892
3 8813 8827 8812
3 8839 8827 8838
3 8827 8839 8840
3 8839 8841 8840
3 8839 8838 10750
3 8841 8839 10750
3 10688 9022 9023
3 10214 10209 10203
3 10214 8837 10218
3 10202 10200 10203
3 10202 10201 10200
3 8827 8828 8838
3 8813 8828 8827
3 10751 10215 10222
3 10751 10753 10750
3 10753 10751 10752
3 10228 10751 10222
3 10752 10751 10230
3 10751 10228 10230
3 10209 10210 10207
3 10191 10193 10709
3 10193 10191 10192
3 10193 10710 10709
3 10710 10193 10711
3 10197 10195 10200
3 10197 10199 10198
3 10199 10197 10200
3 10711 10194 10201
3 10193 10194 10711
3 10195 10194 10192
3 10194 10193 10192
3 6008 3171 4617
3 3451 6008 4617
3 3171 3450 4617
3 5777 5786 5776
3 5786 5777 5787
3 5777 5789 5787
3 9721 8328 8327
3 6881 8278 8271
3 6678 5542 5543
3 9423 8337 9729
3 9727 9726 9728
3 6864 5489 5486
3 5489 3242 5486
3 6868 9372 6869
3 1054 9419 9726
3 9419 1054 8332
3 1053 3569 2439
3 1053 2439 9724
3 1053 9724 9725
3 9419 1053 9725
3 8049 2437 1051
3 10556 9186 10555
3 10472 9676 9671
3 9681 9676 10472
3 10473 10472 10471
3 8595 8601 8602
3 8599 8601 8595
3 8601 8600 8602
3 8600 8601 8599
3 8600 8597 8596
3 8597 8595 8596
3 9671 9672 9955
3 9672 8555 9955
3 8596 9684 7443
3 8555 9684 8596
3 9680 9684 9678
3 2413 2416 5274
3 2416 2417 5274
3 2418 2416 2413
3 2417 2416 2418
3 2423 3854 5282
3 8038 3854 2423
3 3854 6673 5282
3 5284 3855 2425
3 5284 4999 6914
3 4999 5284 2425
3 3856 4999 2425
3 5285 3856 2425
3 3846 2406 2407
3 2406 2405 2407
3 1048 8325 9719
3 9414 1048 9719
3 8325 1048 2433
3 1048 3562 2433
3 3562 1048 3866
3 3561 1047 8045
3 5555 6678 5289
3 3860 5555 5289
3 2428 3860 5289
3 5554 2428 5289
3 3860 2428 9410
3 9410 2428 8320
3 2428 8041 8320
3 2427 3858 8319
3 3858 8040 8319
3 8040 9409 8319
3 9409 8040 9408
3 8040 2426 9408
3 8042 2429 8321
3 6678 5549 5289
3 5549 5554 5289
3 5549 6678 5543
3 2428 5004 8041
3 5004 2428 5554
3 10051 10049 10291
3 10054 10051 10293
3 10051 10050 10049
3 10049 10048 10291
3 10047 10048 10049
3 10048 10047 10288
3 10580 10304 10579
3 9213 10304 10580
3 10578 10302 10062
3 10577 10576 10575
3 10055 10056 10053
3 10054 10055 10053
3 10055 10054 10295
3 10054 10294 10295
3 10294 10054 10293
3 560 10294 10293
3 840 572 841
3 10284 10287 10044
3 10047 10287 10288
3 10289 10287 10286
3 10287 10289 10288
3 10287 10285 10286
3 10287 10284 10285
3 6475 9777 8101
3 10570 9202 10569
3 8927 9202 10570
3 10558 10559 9765
3 10559 10558 10557
3 9187 10556 10557
3 8658 8659 8662
3 8659 8660 8662
3 10559 9190 9765
3 8867 8570 8568
3 8882 8632 8633
3 10562 9193 10561
3 10280 10276 10281
3 10276 10280 10277
3 10275 10276 10277
3 8881 8884 8887
3 8884 8886 8887
3 8882 8884 8881
3 8884 8882 8883
3 555 1914 10286
3 1914 556 10286
3 7886 7885 7884
3 4596 4876 4877
3 6613 6614 9362
3 6614 6860 9362
3 9657 9656 9652
3 9657 9660 9656
3 9660 9661 9663
3 9664 9654 9656
3 9660 9664 9656
3 9953 10738 10460
3 8519 9323 8502
3 10466 10462 10743
3 10736 10735 10458
3 10729 9953 10728
3 9953 10729 10738
3 10741 10742 10743
3 10740 10741 10743
3 10742 10741 10739
3 10741 10740 10739
3 10745 10470 10746
3 10729 10731 10732
3 10731 10729 10730
3 10730 10727 10724
3 10727 10729 10728
3 10729 10727 10730
3 10720 10722 10725
3 10721 10722 10720
3 9942 9943 9939
3 10718 9943 10716
3 9943 10718 10720
3 9943 9930 9939
3 4886 4885 4884
3 4885 4886 4604
3 4888 4606 4887
3 8843 8842 8561
3 8843 8844 8842
3 8556 8558 8561
3 8558 8556 8557
3 8556 8561 9955
3 8555 8556 9955
3 8556 8555 8557
3 8595 8560 8596
3 8560 8555 8596
3 8563 8565 9959
3 9959 8565 8564
3 8565 8566 8564
3 8566 8565 8570
3 9683 7430 7431
3 411 3182 6017
3 3182 1754 4625
3 1754 3181 4625
3 6015 3180 4623
3 3180 1751 4623
3 9041 9042 10419
3 10418 9041 10419
3 9041 10418 9040
3 9042 9041 409
3 9041 408 409
3 3175 4619 4620
3 403 9036 681
3 9036 403 9037
3 9036 402 681
3 9035 9036 10412
3 402 9036 7667
3 9036 680 7667
3 9036 9035 680
3 2026 3177 4621
3 2026 401 3177
3 401 2026 680
3 6288 3173 4619
3 3173 4618 4619
3 10163 10402 9027
3 10402 10163 10162
3 10402 8781 9027
3 8781 10402 10162
3 10405 8786 10166
3 10405 8785 8786
3 9028 10404 10164
3 6037 6039 6035
3 6039 6037 6038
3 6036 6037 6035
3 6038 6037 6036
3 6042 6043 6044
3 6033 6034 6035
3 6033 6032 6034
3 6033 6031 6032
3 421 6033 6035
3 6024 6025 421
3 6025 6024 6023
3 6028 6029 421
3 6028 6027 6029
3 9071 10450 9072
3 9069 9071 9072
3 9070 9071 9069
3 10426 9047 10427
3 9047 9048 10427
3 9047 416 417
3 9048 9047 417
3 9047 10425 9046
3 10425 9047 10426
3 415 9047 9046
3 10430 9053 9049
3 9054 9053 10430
3 9056 9055 10430
3 9055 9054 10430
3 9055 9056 10429
3 9061 9059 10430
3 9061 9062 10429
3 416 1757 3185
3 1757 6019 3185
3 9044 412 413
3 412 1755 4626
3 6018 3183 4626
3 3183 412 4626
3 412 3183 413
3 413 1756 414
3 1756 6018 414
3 3183 1756 413
3 1756 3183 6018
3 1773 1770 1769
3 1774 1773 1775
3 1774 1772 1773
3 1774 1770 1772
3 1774 1775 1769
3 1770 1774 1769
3 1777 1783 1776
3 1783 1777 1778
3 1786 1785 439
3 1775 1768 1769
3 1768 1767 1769
3 3213 3218 3211
3 3218 3217 3211
3 3217 3218 3220
3 3216 3213 3209
3 3220 3216 3219
3 3218 3216 3220
3 3216 3218 3213
3 3207 3205 3208
3 3192 1764 3191
3 3192 3194 1764
3 3193 3192 3191
3 3194 3192 3193
3 3212 3217 3214
3 3210 3212 3214
3 3217 3212 3211
3 3831 3832 5267
3 3837 3832 3833
3 3832 3837 5267
3 3836 3835 8029
3 3830 3835 3831
3 3835 3832 3831
3 3826 3824 3827
3 3828 3830 3829
3 3828 3829 5267
3 3828 3826 3827
3 3830 3828 3827
3 3839 3838 3841
3 3837 3838 3839
3 3838 3836 3841
3 3838 3837 3836
3 9684 7442 7443
3 7442 9684 9680
3 7437 9683 7433
3 9683 7437 7441
3 7439 7437 7433
3 9683 10491 10494
3 7437 7446 7441
3 7431 7434 7433
3 7434 7439 7433
3 10520 10521 10522
3 10530 10528 10529
3 10526 10530 10531
3 10528 10530 10526
3 9742 8353 9433
3 9434 9742 9743
3 9434 8353 9742
3 9745 9744 9170
3 9746 9745 9170
3 5803 5801 5798
3 6084 5803 6092
3 6066 6862 5770
3 6066 6064 6862
3 2423 6672 3853
3 6671 6902 6904
3 6900 6902 6671
3 6902 6903 6904
3 6903 6902 6901
3 6902 6900 6901
3 3852 5280 8036
3 5280 6910 8036
3 5280 3852 6671
3 5280 6671 6904
3 6910 5280 6904
3 3851 6670 6909
3 6910 6670 3851
3 5262 9381 6657
3 9381 9380 6657
3 9380 9378 6657
3 5234 5231 5230
3 5231 5234 5233
3 5230 5231 5232
3 5231 5233 5232
3 9392 9390 9389
3 9391 9390 9392
3 9388 9390 6658
3 9390 9388 9389
3 8001 8003 8002
3 8003 8004 8002
3 8017 8015 8016
3 8015 8017 8012
3 8015 6656 8016
3 5258 5256 5257
3 6655 8024 8021
3 8024 8022 8021
3 8023 8024 8025
3 8022 8024 8023
3 9966 9964 9968
3 9967 9966 9968
3 9964 9966 9970
3 9966 9967 9970
3 10236 10234 9961
3 10235 10234 10231
3 10234 10235 9961
3 9985 10261 9990
3 10261 10265 9996
3 9990 10261 9996
3 9977 9973 9974
3 9973 9972 9974
3 9973 9977 9978
3 9975 9973 9978
3 9973 9975 9971
3 9972 9969 9963
3 9969 9965 9963
3 9965 9969 9971
3 9969 9973 9971
3 9973 9969 9972
3 9991 9988 9990
3 9988 9991 9986
3 9989 9984 9986
3 9989 9991 9992
3 9991 9989 9986
3 9993 9989 9992
3 9984 9989 9993
3 9986 9983 9981
3 9984 9983 9986
3 9983 9979 9981
3 9983 9984 9979
3 10016 10012 10017
3 10010 10012 10011
3 10012 10010 10009
3 10017 10012 10009
3 10026 10030 10022
3 10028 10030 10026
3 10022 10030 10033
3 10030 10032 10033
3 10032 10030 10031
3 10029 10027 10274
3 10029 10028 10027
3 10031 10029 10274
3 10030 10029 10031
3 10029 10030 10028
3 10103 10341 10100
3 10341 10103 10617
3 6614 6587 6839
3 9361 9087 9362
3 7939 6617 7938
3 6617 9361 9362
3 9361 6617 7712
3 9087 9086 9088
3 9361 9086 9087
3 9086 9361 7712
3 9363 9085 9088
3 9086 9363 9088
3 9363 9086 7712
3 10317 10591 10318
3 5171 5173 6562
3 10315 10074 10589
3 10074 10315 8948
3 10010 10008 10009
3 10006 10008 10010
3 10008 10004 10009
3 10004 10003 10001
3 10003 10002 10001
3 9999 10000 10001
3 10002 9999 10001
3 10000 9999 9998
3 10217 10214 10218
3 10215 10219 10222
3 10219 10221 10222
3 10219 10220 10221
3 10220 10219 10218
3 10219 10217 10218
3 4611 4895 4892
3 4612 3443 3164
3 3448 4615 4616
3 4616 4614 4892
3 4615 4614 4616
3 9020 10687 10686
3 10687 9020 9021
3 9020 8776 9021
3 9918 9907 9913
3 9915 9920 9913
3 9915 9912 10713
3 9912 6052 8812
3 10677 10676 10398
3 10172 8805 10688
3 10401 8781 10162
3 8781 10401 9026
3 8818 8820 8830
3 10689 8796 10688
3 10208 10209 10207
3 10209 10208 10203
3 10208 10205 10203
3 10205 10204 10203
3 10204 10202 10203
3 10202 10204 10201
3 10204 10205 10207
3 8828 8823 8825
3 10214 10211 10209
3 10211 10210 10209
3 10711 10712 8829
3 10210 10712 10207
3 10712 10204 10207
3 10712 10711 10201
3 10204 10712 10201
3 10201 10196 10198
3 10194 10196 10201
3 10196 10197 10198
3 10197 10196 10195
3 10196 10194 10195
3 2017 7660 1740
3 2017 6008 7660
3 3463 3462 7661
3 3462 3463 4618
3 6008 3454 7660
3 3454 6008 3451
3 1741 2018 7661
3 7659 8781 9026
3 5789 5790 5787
3 9097 9096 9095
3 9091 9092 9090
3 9092 9091 9099
3 9091 9090 9089
3 9099 9091 9089
3 9103 9100 9099
3 9100 9097 9099
3 9096 9100 9098
3 9097 9100 9096
3 9103 9111 9107
3 6107 9111 9099
3 9111 9103 9099
3 9112 9111 9113
3 9112 9115 9116
3 9115 9112 9113
3 8345 9735 9736
3 9735 9734 9736
3 9736 9734 9731
3 9734 9732 9731
3 9732 9734 9733
3 9424 9730 9731
3 8343 2143 9733
3 9426 9732 9733
3 6928 5568 4747
3 5568 6928 5300
3 8327 1050 2435
3 8328 1050 8327
3 1050 5300 2435
3 1050 5568 5300
3 1050 8048 3565
3 8048 1050 8328
3 5542 5539 5541
3 9375 9373 9372
3 3564 8047 2435
3 1049 2434 8326
3 9715 8044 8323
3 9716 8044 9715
3 8324 8044 9718
3 8044 9716 9718
3 9421 9727 9728
3 1057 9422 9729
3 8337 1057 9729
3 9375 6866 9373
3 8331 8050 1052
3 8050 3872 1052
3 3568 8050 8331
3 6932 3568 4753
3 6690 6932 4753
3 5306 5021 2439
3 6690 5021 5306
3 3569 4754 2439
3 4754 5306 2439
3 8051 9419 8332
3 8051 1053 9419
3 5302 5570 3870
3 5494 5495 6869
3 6928 6686 5300
3 3566 2437 5571
3 2437 3566 1051
3 1051 3566 8329
3 3871 2437 8049
3 3871 8049 8330
3 9172 10553 9174
3 10553 9170 10554
3 10553 9172 9170
3 10553 9183 10552
3 9184 9183 10554
3 9183 10553 10554
3 10555 9185 10554
3 8892 8891 8895
3 8656 8658 8662
3 9676 9677 9678
3 10484 10481 10483
3 10481 10484 10476
3 10481 10482 10483
3 10476 10488 10489
3 10484 10488 10476
3 10474 10476 10472
3 10473 10474 10472
3 8598 8600 8599
3 8598 8597 8600
3 8598 8599 8595
3 8597 8598 8595
3 9672 9674 8555
3 9674 9684 8555
3 9446 9756 9180
3 2408 2410 6666
3 3846 2408 6666
3 2408 3846 2407
3 3854 5283 6673
3 5283 3854 8038
3 5283 8038 2424
3 3855 5283 2424
3 5001 6675 6915
3 6675 5001 5286
3 3856 5000 4999
3 5000 3856 5285
3 2406 2404 2405
3 1048 8046 3866
3 8046 5297 3866
3 8046 9414 8326
3 8046 1048 9414
3 5297 8046 4744
3 2434 8046 8326
3 8046 2434 4744
3 5555 6919 6678
3 9698 6919 5005
3 6919 9698 6678
3 6919 3860 5005
3 6919 5555 3860
3 8313 6917 3858
3 5287 8040 3858
3 6917 5287 3858
3 8041 1043 8320
3 1043 1044 8320
3 8315 8312 8314
3 8312 8315 3859
3 2429 1045 3861
3 8042 1045 2429
3 8322 1045 9411
3 9411 1045 8321
3 1045 8042 8321
3 8318 1041 8041
3 5004 8318 8041
3 5549 5550 5554
3 5550 5004 5554
3 2190 560 10293
3 10292 10051 10291
3 10051 10292 10293
3 10292 10291 559
3 10052 10054 10053
3 10052 10051 10054
3 10050 10052 10053
3 10052 10050 10051
3 10289 10290 10288
3 10048 10290 10291
3 10290 10048 10288
3 10290 2189 10291
3 10290 10289 558
3 10044 10045 10041
3 10287 10045 10044
3 10045 10287 10047
3 10046 10047 10049
3 10050 10046 10049
3 10046 10045 10047
3 10045 10046 10041
3 10304 10064 10579
3 10064 10304 9213
3 8939 10305 10581
3 565 2196 835
3 10300 9782 10575
3 10576 10300 10575
3 10300 10576 9209
3 10300 9470 9782
3 2808 1923 3375
3 2808 10059 1923
3 10057 564 834
3 10057 834 10053
3 10056 10057 10053
3 10055 562 10056
3 10584 10583 10586
3 8681 6475 7006
3 8681 9777 6475
3 8681 8927 9203
3 9777 8681 9203
3 8928 9777 9203
3 9777 8928 8101
3 8928 9203 10571
3 9204 8928 10571
3 10291 830 559
3 2189 830 10291
3 7578 6475 8101
3 10572 9204 10571
3 10573 10572 10571
3 8378 9453 5927
3 9453 8378 9188
3 9454 10558 9765
3 10558 9454 9189
3 9453 5641 5927
3 9762 9186 10556
3 9187 9762 10556
3 8569 8563 8562
3 9457 6195 8092
3 9768 9193 10562
3 8918 9768 10562
3 9768 9457 9193
3 9457 9768 8918
3 9457 6996 6195
3 6195 7293 8092
3 7293 1396 8092
3 1396 3084 8092
3 7293 4551 1396
3 8885 8884 8883
3 8884 8885 8886
3 8888 8885 8883
3 8886 8885 8888
3 8628 8618 8616
3 8619 8618 8628
3 8618 8614 8616
3 556 1915 10286
3 1915 828 10286
3 557 10289 10286
3 828 557 10286
3 557 1916 10289
3 1351 1350 1347
3 1352 1351 1347
3 1351 1352 1355
3 1353 1354 1350
3 1351 1353 1350
3 1353 1351 1355
3 7890 7889 10100
3 7889 7884 10100
3 7884 7889 7888
3 4596 7902 4876
3 7918 8190 8186
3 7920 8190 7918
3 6262 8162 7892
3 6610 6611 9362
3 6611 6613 9362
3 6857 6614 6839
3 6857 6860 6614
3 5754 6570 5748
3 6570 5744 5748
3 8181 8182 7078
3 1722 7905 2876
3 7905 7906 2876
3 8182 10373 10649
3 8181 10373 8182
3 4598 4878 4879
3 7907 4598 4879
3 4598 7907 7906
3 4598 7905 4878
3 7905 4598 7906
3 9657 9659 9660
3 9659 9661 9660
3 9085 9083 9084
3 7988 9593 7710
3 9951 10725 10728
3 9951 10720 10725
3 10720 9951 9944
3 10738 10459 10460
3 10459 10462 10460
3 10743 10459 10458
3 10462 10459 10743
3 10461 10463 9948
3 10461 9953 10460
3 9953 10461 9948
3 10462 10461 10460
3 10463 10461 10462
3 10464 10462 10466
3 10464 10463 10462
3 10468 10745 9948
3 10745 10468 10470
3 10470 10468 10469
3 10729 10457 10738
3 10457 10729 10732
3 10457 10459 10738
3 8525 9320 9319
3 9320 8525 8524
3 9306 9307 8506
3 10745 9354 9948
3 10726 10725 10724
3 10727 10726 10724
3 10725 10726 10728
3 10726 10727 10728
3 10725 10723 10724
3 10722 10723 10725
3 10723 9954 10724
3 10723 10721 9954
3 10721 10723 10722
3 10719 10721 10720
3 10718 10719 10720
3 10721 10719 9954
3 10719 10718 10716
3 9934 9938 9933
3 9938 10714 9933
3 9938 9937 10739
3 9954 9938 10739
3 10717 10719 10716
3 9943 10715 10716
3 9942 10715 9943
3 10715 10717 10716
3 10717 10715 10714
3 9940 9932 9933
3 10714 9940 9933
3 9932 9927 9928
3 9927 9925 9928
3 4886 3154 4604
3 4885 4603 4884
3 4606 6270 4887
3 9902 9908 9320
3 9902 9320 8524
3 9911 9907 9918
3 9911 9902 9903
3 9908 9909 9320
3 9315 9909 8519
3 9909 9323 8519
3 906 95 5988
3 7916 7918 8186
3 8559 8558 8557
3 8559 8560 8558
3 8555 8559 8557
3 8560 8559 8555
3 8567 8563 8570
3 8565 8567 8570
3 8567 8565 8563
3 7430 7432 7431
3 3181 410 409
3 1754 410 3181
3 2027 1749 681
3 1749 403 681
3 1749 2027 3178
3 10416 9039 9040
3 10418 10416 9040
3 9039 10416 10417
3 10416 10418 10417
3 6012 3176 4620
3 2024 3176 6012
3 3176 2024 1746
3 6328 6329 6330
3 10413 10415 10412
3 9036 10413 10412
3 10413 10414 10415
3 10413 9036 9037
3 10414 10413 9037
3 6325 6327 6326
3 6327 6325 6330
3 10411 10171 9034
3 10171 10410 9034
3 2025 400 1747
3 1748 2026 4621
3 3178 1748 4621
3 7667 1748 3178
3 680 1748 7667
3 2026 1748 680
3 8782 10163 9027
3 7660 8782 9027
3 1741 8782 7660
3 8782 1741 7661
3 9028 8782 7661
3 10163 10403 10164
3 10403 9028 10164
3 8782 10403 10163
3 10403 8782 9028
3 9029 10404 8784
3 10404 9029 10165
3 9029 10405 10165
3 10405 9029 8785
3 6299 9029 8784
3 8785 9029 6299
3 10404 8783 8784
3 8783 10404 9028
3 8783 9028 7661
3 6041 6042 6040
3 6041 6043 6042
3 6029 6030 421
3 6031 6030 6029
3 6030 6033 421
3 6033 6030 6031
3 6028 6026 6027
3 6026 6025 6023
3 6025 6026 421
3 6026 6028 421
3 6026 6023 3188
3 6027 6026 3188
3 9052 10428 419
3 10428 9052 10429
3 9052 9055 10429
3 9052 9053 9054
3 9055 9052 9054
3 9058 9056 10430
3 9059 9058 10430
3 9060 9061 10429
3 9060 9059 9061
3 9060 9058 9059
3 9068 9070 9069
3 9071 9068 10450
3 9068 9071 9070
3 9067 9068 9069
3 1772 1771 1773
3 1771 1770 1773
3 1770 1771 1772
3 1786 1784 1785
3 1784 1779 1785
3 1779 1781 1785
3 1781 1775 439
3 1785 1781 439
3 3207 3206 3205
3 3195 3194 3193
3 3196 3195 3193
3 3194 3195 1764
3 3195 3196 1764
3 3197 3196 3193
3 3196 3197 1764
3 3819 3820 3816
3 3820 3822 3821
3 3822 3820 3819
3 3815 3817 3816
3 3834 3836 3833
3 3834 3835 3836
3 3832 3834 3833
3 3835 3834 3832
3 3823 3824 3826
3 3828 3823 3826
3 3824 3823 3821
3 5867 6106 6107
3 6106 6092 6107
3 9683 9682 9681
3 9682 9683 7441
3 9682 9680 9681
3 9682 7442 9680
3 10521 10523 10522
3 10491 10490 10492
3 10490 9683 10489
3 10490 10491 9683
3 10491 10493 10494
3 10493 10491 10492
3 7440 7437 7439
3 7440 7446 7437
3 9441 9174 9751
3 9174 9441 9750
3 9173 9174 9750
3 9173 9172 9174
3 10525 10527 10526
3 10527 10528 10526
3 10528 10527 10525
3 8354 9434 9743
3 8352 9741 9433
3 8352 802 9741
3 802 8352 8066
3 9745 9436 9744
3 6065 6069 5838
3 9153 9154 9155
3 5281 6911 3853
3 6672 5281 3853
3 5281 6672 6911
3 6912 2423 5282
3 6912 6672 2423
3 6907 6910 6904
3 6907 6905 6909
3 9383 5262 9384
3 9381 9382 9380
3 9382 9381 5262
3 9383 9382 5262
3 9379 9378 9380
3 9378 9377 9376
3 9379 9377 9378
3 8003 8005 8004
3 8005 8003 8001
3 8005 8001 8000
3 8006 8005 8000
3 8015 8014 6656
3 5249 5246 5250
3 5246 5243 6644
3 5250 5246 6644
3 5246 5244 5243
3 5257 5251 6644
3 5251 5250 6644
3 5250 5253 5258
3 10264 10263 10262
3 10263 10264 10265
3 9976 9980 9981
3 9980 9976 9962
3 9980 9985 9981
3 9980 10261 9985
3 10240 10239 10248
3 10234 10233 10231
3 10233 10234 10236
3 9985 9987 9986
3 9987 9988 9986
3 9987 9985 9990
3 9988 9987 9990
3 10013 10016 10015
3 10013 10012 10016
3 10014 10013 10015
3 10013 10014 10011
3 10012 10013 10011
3 7877 10341 10617
3 10103 7878 10617
3 6587 6578 6839
3 6563 6610 6562
3 6563 6564 6610
3 10608 10606 10609
3 10614 10097 10100
3 10100 10097 7892
3 6617 7940 7938
3 7940 5754 7938
3 7937 6616 6620
3 9363 7713 9085
3 7713 9363 7712
3 7713 7710 9085
3 5171 5158 5173
3 5166 5168 5170
3 5166 5438 5168
3 10314 9223 10589
3 10074 10314 10589
3 10314 10074 9223
3 10074 9796 9223
3 10007 10008 10006
3 10002 10005 10006
3 10003 10005 10002
3 10005 10003 10004
3 10005 10007 10006
3 10008 10005 10004
3 10007 10005 10008
3 9997 9999 10002
3 10264 9997 10265
3 9997 10264 10262
3 9997 10002 10006
3 9999 9997 9998
3 10265 9997 9996
3 9997 10006 9996
3 9997 10248 9998
3 10248 9997 10262
3 10214 10216 10215
3 10217 10216 10214
3 10216 10219 10215
3 10219 10216 10217
3 3442 4611 4612
3 4904 4895 4611
3 3169 3448 4616
3 7382 9022 9021
3 8776 7382 9021
3 3447 4614 4615
3 8823 8824 8825
3 8809 8824 8814
3 8824 8823 8814
3 7413 7412 8792
3 7412 7413 8801
3 8800 7412 8801
3 8809 8800 8801
3 10687 8794 10686
3 7416 8816 7415
3 7412 7401 8792
3 7401 7402 8792
3 9905 9911 9903
3 9911 9905 9907
3 9919 9918 9913
3 9920 9919 9913
3 9929 9920 9915
3 9929 9934 9928
3 9919 9929 9928
3 9929 9919 9920
3 9907 9901 9913
3 9901 9902 8524
3 8788 9886 9887
3 3437 4608 4890
3 4608 3437 3159
3 8805 10173 10688
3 10173 8805 10175
3 10401 9025 9026
3 9025 7659 9026
3 8805 10177 10175
3 10177 10176 10175
3 7425 7428 8817
3 7428 7425 7426
3 7427 7428 7426
3 7428 7427 7429
3 8778 9024 9023
3 8778 8779 9024
3 10205 10206 10207
3 10206 10208 10207
3 10208 10206 10205
3 8823 8826 8814
3 8826 8823 8828
3 8826 8828 8813
3 7422 7423 8817
3 8816 7422 8817
3 7423 7424 8817
3 7424 7425 8817
3 10213 10214 10215
3 10213 10211 10214
3 10212 10712 10210
3 10212 10213 10215
3 10211 10212 10210
3 10213 10212 10211
3 10707 10705 10703
3 10187 10707 10703
3 10695 10181 10697
3 3171 6286 1740
3 6286 2017 1740
3 6008 6286 3171
3 2017 6286 6008
3 3461 3463 7661
3 2018 3461 7661
3 3463 3461 4618
3 4618 3461 3172
3 3461 3460 3172
3 3456 1741 7660
3 3454 3456 7660
3 3456 3454 3451
3 3460 6287 3172
3 3461 6287 3460
3 6287 3461 2018
3 8781 2016 1740
3 7659 2016 8781
3 2016 7659 3450
3 2016 3171 1740
3 2016 3450 3171
3 5799 5791 5798
3 9094 9097 9095
3 9097 9094 9099
3 9102 9104 9098
3 9104 9102 9103
3 9105 9103 9107
3 9105 9104 9103
3 9111 9114 9113
3 9114 9111 6107
3 9114 9115 9113
3 9427 8343 9733
3 9734 9427 9733
3 6109 6119 6108
3 6118 6120 6119
3 6109 6118 6119
3 9424 8057 8339
3 9732 9425 9731
3 9425 9424 9731
3 9425 8340 9424
3 6119 6124 6108
3 6124 6125 6108
3 8342 9426 9733
3 9426 8341 9732
3 8341 9425 9732
3 9416 8048 8328
3 9722 9416 9721
3 9416 8328 9721
3 9416 9722 8329
3 8048 9416 8329
3 3870 2436 8329
3 2436 8048 8329
3 8048 2436 3565
3 2436 5569 3565
3 3869 1050 3565
3 1050 3869 5568
3 5568 3869 4747
3 8278 6882 8271
3 9695 5542 6678
3 9695 5539 5542
3 9695 5534 5539
3 3868 3564 2435
3 3868 6927 3564
3 4742 4733 6925
3 5297 5564 3866
3 4743 3562 3866
3 3865 8325 2433
3 8325 3865 8045
3 3562 5563 2433
3 5563 3865 2433
3 3865 5563 5296
3 1047 2432 8324
3 1056 9421 9728
3 8054 1056 9728
3 1057 8336 9422
3 9422 8336 9728
3 8336 8054 9728
3 1058 8339 4185
3 1058 9424 8339
3 9424 1058 9730
3 4162 4161 4163
3 8055 8337 9423
3 3576 8055 9423
3 8055 1057 8337
3 8055 2444 1057
3 8338 3576 9423
3 8338 9423 9730
3 1058 8338 9730
3 8338 1058 8056
3 9727 9420 9726
3 8334 9420 9727
3 1055 9727 8053
3 1055 8334 9727
3 6865 5489 6864
3 6865 6866 5489
3 9373 6865 6864
3 6866 6865 9373
3 6866 6339 6342
3 6868 9374 9372
3 6867 9374 6868
3 4754 5575 6933
3 5575 4754 3569
3 3567 8330 1052
3 3567 5572 8330
3 5020 8050 3568
3 5021 3873 2439
3 3568 3873 4753
3 2439 3873 8331
3 3873 3568 8331
3 3874 8051 8332
3 3874 5575 3569
3 1053 3874 3569
3 8051 3874 1053
3 5570 5017 3870
3 5017 5302 6929
3 5302 5017 5570
3 5302 4749 6929
3 6930 4749 5571
3 4749 3566 5571
3 4749 5302 3870
3 4749 3870 8329
3 3566 4749 8329
3 5498 5495 5520
3 5495 5498 6869
3 6686 5015 5300
3 5015 6686 4746
3 5300 5015 2435
3 5016 6928 4747
3 5016 6687 6928
3 3869 5016 4747
3 5569 5016 3565
3 5016 3869 3565
3 2437 5018 5571
3 5018 6930 5571
3 5572 4751 8330
3 4751 3871 8330
3 4751 6931 6688
3 6931 4751 5572
3 10551 9182 10552
3 9185 9761 9450
3 9186 9761 10555
3 9761 9185 10555
3 8376 9761 9186
3 1589 1571 1574
3 8890 8628 8889
3 8890 8892 8628
3 8890 8891 8892
3 8640 8641 8642
3 8640 8644 8639
3 8655 8656 8654
3 9679 9677 9676
3 9679 9676 9681
3 9680 9679 9681
3 9679 9680 9678
3 9677 9679 9678
3 10479 10481 10476
3 10485 10484 10483
3 10486 10485 10483
3 10485 10486 10484
3 10487 10488 10484
3 10486 10487 10484
3 10477 10474 10473
3 10477 10473 10471
3 10530 10532 10531
3 10532 10533 10531
3 10534 10536 10540
3 9673 9672 9671
3 9673 9674 9672
3 9674 9675 9684
3 9684 9675 9678
3 9675 9673 9671
3 9673 9675 9674
3 9676 9675 9671
3 9675 9676 9678
3 1797 1570 2676
3 1570 1568 2676
3 9756 9757 9180
3 9757 9756 10553
3 9757 10553 9181
3 2414 2418 2415
3 2414 2412 2418
3 2414 2415 2413
3 2411 2413 6666
3 2410 2411 6666
3 2412 2411 2410
3 2411 2414 2413
3 2414 2411 2412
3 2408 2409 2410
3 2409 2412 2410
3 2409 2408 2407
3 5283 6913 6673
3 6913 5283 3855
3 6913 5284 6673
3 5284 6913 3855
3 8301 8303 8302
3 8303 8301 5527
3 8302 8303 8304
3 5525 5524 5527
3 5528 5525 5527
3 5529 5528 5527
3 5526 5529 5530
3 5529 5526 5528
3 5526 5525 5528
3 2427 8316 3858
3 8316 8313 3858
3 8313 8316 8314
3 8317 8316 2427
3 8316 8315 8314
3 8315 8316 8317
3 5287 5002 8040
3 8040 5002 2426
3 5002 6916 5286
3 2426 5002 5286
3 5002 6676 6916
3 6676 5002 5287
3 1041 1042 8041
3 1042 1043 8041
3 1042 1041 1044
3 1043 1042 1044
3 5003 6677 6917
3 5003 8313 8314
3 8313 5003 6917
3 8312 5003 8314
3 6677 5003 8312
3 5552 8312 3859
3 5553 5552 3859
3 5552 6677 8312
3 5288 5553 3859
3 8318 5288 3859
3 5288 8318 5004
3 5548 5549 5543
3 5548 5550 5549
3 9204 8102 6476
3 2190 4562 560
3 1918 2190 10293
3 10292 1918 10293
3 1918 10292 559
3 1917 10290 558
3 10290 1917 2189
3 9787 10065 8938
3 10065 10305 8938
3 10065 9787 10580
3 10065 10580 10581
3 10305 10065 10581
3 8693 10305 8939
3 10302 9784 10062
3 8935 9784 10302
3 9784 10577 10062
3 10064 9786 10579
3 9785 9211 10578
3 9211 10302 10578
3 9211 8935 10302
3 9786 10303 10579
3 1923 4566 3375
3 8933 10300 9209
3 8933 9470 10300
3 1924 565 834
3 9779 10572 10573
3 10572 9779 9205
3 9780 9206 10573
3 9206 9779 10573
3 10059 3101 2504
3 3101 10059 2808
3 2193 10057 10056
3 562 2193 10056
3 1931 571 570
3 8941 10307 10583
3 10066 8939 10581
3 10066 10306 8939
3 10306 9215 8939
3 2203 572 840
3 7843 10307 8941
3 9788 9475 7841
3 9788 8693 8939
3 9215 9788 8939
3 9788 9215 9475
3 839 569 1930
3 3650 7591 1930
3 569 3650 1930
3 3650 569 2510
3 10585 10584 10586
3 10584 10585 10309
3 164 573 841
3 1938 5676 7323
3 10588 10312 10587
3 10072 10312 10588
3 572 296 841
3 7828 8392 8100
3 4252 7828 8100
3 7828 4252 7005
3 7828 7005 8680
3 8392 7828 8680
3 6757 7578 8101
3 7578 6757 7829
3 5385 6205 7006
3 6205 9464 8927
3 6205 8681 7006
3 8681 6205 8927
3 6757 4253 7829
3 7829 4253 7006
3 4253 5385 7006
3 7578 8393 6475
3 8393 7578 7829
3 6475 8393 7006
3 8393 7829 7006
3 2497 4252 8100
3 2497 3368 1916
3 9776 9202 8927
3 9464 9776 8927
3 9202 9776 10569
3 6474 8392 8680
3 9776 6474 8680
3 6474 9776 9464
3 9778 10572 9205
3 10572 9778 9204
3 9764 9453 9188
3 9764 10558 9189
3 9764 9188 10557
3 10558 9764 10557
3 9763 8378 9452
3 8378 9763 9188
3 9187 9763 9452
3 9188 9763 10557
3 9763 9187 10557
3 8378 5926 9452
3 8663 8661 8664
3 8659 8661 8660
3 8660 8661 8662
3 8661 8663 8662
3 10563 10564 9770
3 1339 1341 1356
3 9193 8917 10561
3 8917 8671 10561
3 9192 10560 10561
3 9192 8916 10560
3 472 1334 1336
3 1294 474 1336
3 1341 1340 1356
3 1339 1340 1341
3 1340 1339 471
3 6996 6747 6195
3 10563 9194 10562
3 9194 8918 10562
3 9194 8672 8918
3 5090 5646 8092
3 3084 5090 8092
3 822 3084 1396
3 4551 822 1396
3 8606 8613 8607
3 8613 8606 8616
3 8614 8613 8616
3 8594 8560 8595
3 8560 8594 8558
3 8605 8608 8593
3 8594 8605 8593
3 8893 8641 8892
3 8893 8896 8897
3 8641 8893 8642
3 10567 10568 9200
3 10568 10567 10569
3 10567 10562 10569
3 10567 10563 10562
3 557 3093 3944
3 7005 6204 8680
3 1915 2187 828
3 7887 7886 7888
3 8157 7887 7888
3 5744 5743 5748
3 5754 5759 7938
3 7887 8156 7886
3 8156 7887 6258
3 3435 7902 4596
3 7902 2570 4876
3 8183 8182 10649
3 7917 8183 8186
3 8187 7917 8186
3 8185 8187 8188
3 8187 8185 7917
3 4876 4593 7892
3 4594 4593 4876
3 7080 8185 8188
3 7891 7890 7892
3 7943 7941 7942
3 6592 6587 6614
3 9261 9834 9262
3 7948 7949 7951
3 7949 7948 7947
3 6860 6859 9362
3 6859 6623 9362
3 6853 7937 6620
3 6623 6853 6620
3 6826 5716 5717
3 1992 4597 4878
3 4878 4597 4877
3 4597 7904 4877
3 9541 10133 10373
3 7907 1994 7906
3 5986 1482 98
3 9658 9357 9663
3 9658 9650 9357
3 9659 9658 9661
3 9653 9657 9652
3 9653 9659 9657
3 8204 8211 8200
3 8204 8212 8211
3 8202 8204 8200
3 8203 8204 8201
3 8204 8202 8201
3 8212 7965 8211
3 7962 7963 8211
3 7965 7962 8211
3 7963 7957 8211
3 8211 7957 8200
3 7962 7964 7963
3 7964 7962 7965
3 7987 7988 7710
3 9669 9081 9080
3 9081 9358 9593
3 9593 9360 7710
3 7710 9360 9085
3 9360 9083 9085
3 9358 9360 9593
3 9083 9360 9084
3 7709 9593 7988
3 9669 9670 10748
3 9670 9663 10748
3 9670 9660 9663
3 9670 9664 9660
3 9953 9952 10728
3 9952 9951 10728
3 9365 9930 9943
3 9365 9364 9930
3 9365 9943 9944
3 10465 10464 10466
3 10464 10465 10463
3 10463 10467 9948
3 10467 10468 9948
3 10465 10467 10463
3 10467 10465 10466
3 10467 10466 10469
3 10468 10467 10469
3 10736 10455 10735
3 10734 10455 10736
3 10731 10733 10732
3 10733 10734 10732
3 10733 10455 10734
3 10733 10731 10730
3 10733 10730 10735
3 10455 10733 10735
3 10456 10457 10732
3 10734 10456 10732
3 10456 10734 10736
3 10456 10736 10458
3 9317 9316 9319
3 9316 8525 9319
3 8507 9306 8506
3 9305 8507 8508
3 8507 9305 9306
3 8503 8517 8519
3 9307 8517 8503
3 10669 9298 10670
3 9354 9367 9948
3 9355 9354 10745
3 9355 10745 10746
3 9354 9355 8546
3 9355 8547 8546
3 4602 4883 4884
3 4602 3152 4883
3 9563 9567 9568
3 7103 9563 9568
3 7922 8190 7920
3 9941 9940 10714
3 9941 10715 9942
3 10715 9941 10714
3 9941 9942 9939
3 9940 9941 9939
3 9940 9931 9932
3 9931 9927 9932
3 9930 9931 9939
3 9931 9940 9939
3 1193 3154 4886
3 4605 4886 4887
3 10387 10664 9294
3 10664 10387 10148
3 9902 9910 9908
3 9911 9910 9902
3 9910 9909 9908
3 9909 9910 9917
3 9916 9911 9918
3 9910 9916 9917
3 9916 9910 9911
3 9318 9909 9315
3 9909 9318 9320
3 9320 9318 9319
3 9318 9317 9319
3 9317 9318 9315
3 640 364 95
3 906 640 95
3 8183 9281 8186
3 9281 8183 10649
3 10650 10374 7913
3 10650 7916 8186
3 9281 10650 8186
3 10650 9281 10374
3 10650 7914 7916
3 7916 7914 7918
3 8843 8846 8844
3 8867 8865 8870
3 8863 8865 8867
3 8571 8867 8568
3 8563 8571 8568
3 8569 8571 8563
3 10495 10493 10492
3 10493 10495 10494
3 6013 3178 4622
3 6013 1749 3178
3 1749 6013 403
3 4623 3179 4622
3 407 9041 9040
3 408 407 1752
3 9041 407 408
3 10410 9033 9034
3 10170 9033 10410
3 2023 1745 3175
3 2023 3175 4620
3 3176 2023 4620
3 6321 6324 6327
3 6327 6324 6326
3 6324 6323 6326
3 7666 2025 679
3 7666 400 2025
3 3173 3452 4618
3 6009 3452 3173
3 3452 3462 4618
3 8786 10406 10166
3 6306 10406 8786
3 6305 6307 6306
3 6305 6301 6307
3 8785 9030 8786
3 6305 9030 6304
3 9030 8785 6302
3 6304 9030 6302
3 9030 6306 8786
3 9030 6305 6306
3 6301 6303 6302
3 6303 6304 6302
3 6305 6303 6301
3 6303 6305 6304
3 4642 4644 4645
3 4642 4640 4638
3 4641 4640 4642
3 4643 4640 4641
3 4650 4643 4645
3 4643 4642 4645
3 4643 4641 4642
3 9053 9050 9049
3 9050 419 9049
3 9056 9057 10429
3 9058 9057 9056
3 9057 9060 10429
3 9060 9057 9058
3 1782 1784 1778
3 3204 3198 3205
3 3206 3204 3205
3 3198 3202 3201
3 3204 3202 3198
3 3199 3201 1764
3 3197 3199 1764
3 3198 3199 3193
3 3199 3197 3193
3 3822 3825 3821
3 3824 3825 3827
3 3825 3824 3821
3 3825 3822 3819
3 3818 3819 3816
3 3817 3818 3816
3 3818 3817 3819
3 9737 9429 9736
3 799 9429 9737
3 9429 8346 9736
3 9429 799 8346
3 8347 799 9737
3 8347 9737 9430
3 8348 8063 9430
3 9738 8348 9430
3 9737 9738 9430
3 9738 9741 9739
3 9741 9738 9170
3 9738 9737 9736
3 9738 9736 9731
3 5868 5867 6107
3 5868 5869 5872
3 2681 749 752
3 7445 7444 7441
3 7442 7444 7443
3 7444 9682 7441
3 9682 7444 7442
3 10523 10524 10525
3 10528 10524 10529
3 10524 10528 10525
3 10520 10518 10519
3 10518 10517 10519
3 9441 8363 9750
3 9173 9749 9172
3 9175 9442 9751
3 9174 9175 9751
3 9744 9435 9743
3 9435 8355 9743
3 9432 9740 9741
3 802 8351 9741
3 8351 9432 9741
3 5891 8350 8065
3 9432 8350 9740
3 8350 9432 8065
3 9740 8350 9739
3 4786 5891 8065
3 7233 7234 7230
3 8357 9436 9745
3 5900 8357 9745
3 9168 9437 9746
3 6063 6065 5770
3 6067 6066 5770
3 6065 6067 5770
3 5834 7745 7746
3 7745 7743 7746
3 775 782 785
3 6070 7737 6073
3 5785 6059 5779
3 6059 5785 6073
3 9105 9106 9104
3 9108 9106 9107
3 9106 9105 9107
3 9110 9111 9112
3 9111 9110 9107
3 6084 6075 5803
3 5807 6075 6084
3 6106 6094 6092
3 6908 6670 6910
3 6907 6908 6910
3 6670 6908 6909
3 6908 6907 6909
3 6905 6906 6904
3 6906 6907 6904
3 6907 6906 6905
3 8008 8005 8006
3 8004 8008 8010
3 8005 8008 8004
3 8014 8013 6656
3 8011 8013 8012
3 8013 8015 8012
3 8013 8014 8015
3 5255 5256 5258
3 5253 5255 5258
3 10254 10253 10245
3 10245 10253 9962
3 10253 9980 9962
3 9980 10253 10261
3 10255 10251 10262
3 10242 10241 10248
3 10241 10240 10248
3 10243 10246 10245
3 10243 10241 10242
3 10252 10246 10251
3 10255 10252 10251
3 10252 10255 10254
3 10252 10254 10245
3 10246 10252 10245
3 10249 10248 10262
3 10251 10249 10262
3 7878 10102 10617
3 3503 3502 3802
3 6805 3415 7878
3 10619 8149 10104
3 4071 3503 4089
3 3503 4071 4070
3 6564 6567 6610
3 6830 6567 6564
3 6566 6567 6830
3 6831 6566 6830
3 6552 6568 6565
3 6568 6578 6587
3 10605 10087 10606
3 10606 10087 10609
3 6558 6559 6562
3 6556 6559 6558
3 6561 6563 6562
3 6563 6561 6554
3 4028 5207 3732
3 6563 5207 6564
3 5207 6563 6554
3 10613 10097 10614
3 10605 10604 10329
3 5223 5187 5186
3 5187 4024 5186
3 10330 10605 10090
3 10330 10604 10605
3 6513 10606 10332
3 6622 6617 9362
3 7936 6616 7937
3 7936 7940 6617
3 6616 7936 6617
3 7936 6570 5754
3 7940 7936 5754
3 7713 7711 7710
3 7711 7713 7712
3 10077 9227 8951
3 9227 10077 10318
3 10321 10320 10586
3 9798 10076 7852
3 10317 10076 10591
3 5676 8414 7323
3 6777 8414 5676
3 7850 9796 10074
3 7850 10074 8948
3 9483 7850 8948
3 1542 1541 2070
3 7651 6001 69
3 2071 1563 1549
3 1563 2071 1564
3 4905 4904 4611
3 1500 9881 7648
3 4610 4891 4892
3 4891 4888 4892
3 4891 4890 4888
3 7374 3443 4612
3 7389 9019 7383
3 6280 66 3444
3 8774 9020 10686
3 3449 1738 4616
3 1738 3449 7658
3 8778 7381 677
3 8815 8816 8829
3 8825 8815 8829
3 8824 8815 8825
3 7415 8815 8801
3 8816 8815 7415
3 8815 8809 8801
3 8815 8824 8809
3 7414 7415 8801
3 7413 7414 8801
3 7411 8800 7410
3 8800 7411 7412
3 7411 7401 7412
3 8816 7417 7419
3 7416 7417 8816
3 8794 8793 10686
3 7402 8793 8792
3 7400 7401 7399
3 7401 7400 7402
3 1561 1560 1549
3 1563 1561 1549
3 9929 9935 9934
3 9938 9935 9937
3 9935 9938 9934
3 9914 9915 9913
3 9901 9914 9913
3 9914 9912 9915
3 9914 9901 9912
3 9905 9906 9907
3 9906 9901 9907
3 6052 6049 6047
3 9912 6049 6052
3 10676 10158 10398
3 10158 9881 10398
3 10158 385 7648
3 9881 10158 7648
3 8772 10682 7383
3 10682 8772 10683
3 6052 6051 8812
3 9888 8788 9887
3 9881 10159 10398
3 10159 10677 10398
3 7651 70 668
3 70 1730 668
3 70 390 1730
3 7387 7384 7388
3 8520 9315 8519
3 7366 4606 4888
3 7366 2010 4606
3 7366 1198 929
3 8804 10689 10688
3 10173 8804 10688
3 8779 8780 9024
3 8780 9025 9024
3 8780 8779 7658
3 9025 8780 7659
3 10696 10695 10697
3 7657 8778 677
3 8778 7657 8779
3 3168 3447 4615
3 6283 3168 4615
3 3447 6005 1736
3 3168 6005 3447
3 6005 3168 6283
3 6005 6283 677
3 7381 6005 677
3 8803 8796 10689
3 10706 10705 10707
3 10710 10706 10709
3 10706 10710 10711
3 10705 10706 10711
3 10705 10704 10703
3 10704 8816 8817
3 10704 10705 10711
3 10707 10190 10191
3 10187 10190 10707
3 10191 10190 10192
3 10190 10195 10192
3 10186 10187 10185
3 10701 10187 10703
3 10187 8822 10185
3 10701 8822 10187
3 10698 10696 10697
3 10184 10186 10185
3 10177 10178 10176
3 10178 10694 10176
3 10694 10178 10695
3 3456 3453 1741
3 3453 3456 3451
3 3453 4618 3172
3 3453 3451 4618
3 3170 3449 4616
3 3170 4616 4617
3 3450 3170 4617
3 5793 5794 5788
3 5786 5792 5788
3 5792 5793 5788
3 5792 5786 5787
3 5790 5792 5787
3 9096 9093 9095
3 9093 9094 9095
3 9093 9096 9098
3 9092 9093 9090
3 9093 9092 9099
3 9094 9093 9099
3 9093 6863 9090
3 9101 9100 9103
3 9102 9101 9103
3 9100 9101 9098
3 9101 9102 9098
3 9428 9735 8345
3 9734 9428 8344
3 9428 9734 9735
3 1063 797 8345
3 797 9428 8345
3 4388 4387 4376
3 3232 5487 5486
3 6118 6117 6120
3 8339 2446 4185
3 8340 1059 9424
3 1059 8057 9424
3 8057 1059 2141
3 6123 6124 6119
3 6125 6126 6129
3 6126 6128 6129
3 6415 6135 6138
3 6135 6415 6129
3 9425 1060 8340
3 1060 8341 8058
3 8341 1060 9425
3 2447 1059 8340
3 1059 2447 4187
3 8342 4189 9426
3 4189 8341 9426
3 8341 2142 8058
3 4110 4377 4401
3 3813 4110 4401
3 6687 4748 6929
3 4748 5017 6929
3 4748 6687 5569
3 2436 4748 5569
3 4748 2436 3870
3 5017 4748 3870
3 6883 6882 8286
3 6882 6883 8277
3 6884 6883 8286
3 8274 8275 8277
3 8275 6882 8277
3 6883 8276 8277
3 8276 6883 6884
3 8276 8274 8277
3 8276 8272 8274
3 6872 6881 6870
3 6872 6877 6881
3 6871 6872 6870
3 6872 6871 6873
3 6878 6876 6875
3 6878 6880 6879
3 6877 6878 6879
3 6876 6878 6877
3 6679 9700 5005
3 9700 6679 9703
3 2434 5565 4744
3 4736 5297 4744
3 6927 5299 3564
3 5299 6927 5014
3 6927 5567 4746
3 5567 6927 3868
3 5567 5015 4746
3 5567 3868 2435
3 5015 5567 2435
3 4745 6927 6685
3 6927 4745 5014
3 4734 4733 4742
3 4729 4734 4732
3 4734 4729 4733
3 4729 4727 4733
3 4740 4738 5297
3 4734 4738 4732
3 5012 4742 6925
3 4743 5012 6925
3 5012 4743 3866
3 5564 5012 3866
3 5012 5564 4742
3 5562 3561 8045
3 3865 5562 8045
3 9697 9696 9698
3 9698 9696 6678
3 9696 9695 6678
3 9696 9694 9695
3 9696 9697 9693
3 9694 9696 9693
3 8044 2431 8323
3 3561 3559 1047
3 3559 2432 1047
3 3549 2432 5561
3 5294 3549 5561
3 3549 5294 3548
3 6682 5294 5561
3 4724 4719 4723
3 4764 6940 5584
3 4092 5489 4094
3 4092 4093 5489
3 8336 2138 8054
3 5313 2138 5582
3 3251 3252 3266
3 3251 3266 3267
3 1058 2140 8056
3 2140 3882 8056
3 2140 1058 4185
3 3882 2445 8056
3 2445 8338 8056
3 8333 1054 9726
3 9420 8333 9726
3 6339 6340 6342
3 3879 1056 8054
3 2138 3879 8054
3 6355 6866 6342
3 6355 4105 4094
3 3875 3570 1054
3 5577 3875 1054
3 6935 4757 6692
3 1054 2440 8332
3 3570 2440 1054
3 2440 5576 4755
3 2440 3874 8332
3 3874 2440 4755
3 3872 2438 1052
3 2438 3567 1052
3 4752 2438 3872
3 4752 6689 6931
3 3567 5019 5572
3 5019 6931 5572
3 6932 5305 3568
3 5305 5020 3568
3 5020 5305 6932
3 8050 5573 3872
3 5020 5573 8050
3 5573 4752 3872
3 5573 6689 4752
3 3873 5574 4753
3 5574 3873 5021
3 5574 6690 4753
3 5574 5021 6690
3 5509 5518 5519
3 5519 5518 2085
3 5515 5510 5514
3 5507 5505 5514
3 5505 5500 5520
3 5500 5498 5520
3 6687 5301 5569
3 5301 5016 5569
3 5016 5301 6687
3 6930 5303 6688
3 5303 4751 6688
3 4751 5303 3871
3 8373 9759 9183
3 9183 9759 10552
3 9759 10551 10552
3 9762 9451 9186
3 9451 8376 9186
3 1290 1572 1582
3 1290 1571 1572
3 1290 1578 1575
3 1571 1290 1574
3 8085 9760 8375
3 8375 9760 9450
3 9760 9185 9450
3 9760 9184 10554
3 9185 9760 10554
3 9761 5637 9450
3 6186 5637 9761
3 5637 6186 5081
3 8635 8633 8634
3 8636 8635 8634
3 8635 8882 8633
3 8635 8636 8639
3 8636 8637 8639
3 8641 8637 8634
3 8637 8636 8634
3 8638 8640 8639
3 8640 8638 8641
3 8637 8638 8639
3 8638 8637 8641
3 8643 8640 8642
3 8643 8644 8640
3 8899 8897 8900
3 8899 8898 8897
3 8901 8899 8900
3 8898 8650 8649
3 8898 8645 8897
3 8893 8645 8642
3 8645 8893 8897
3 8646 8645 8898
3 8645 8643 8642
3 8643 8645 8644
3 8645 8646 8644
3 8656 8657 8658
3 8655 8657 8656
3 10481 10480 10482
3 10480 10479 10482
3 10479 10480 10481
3 10474 10475 10476
3 10475 10477 10476
3 10477 10475 10474
3 10479 10478 10482
3 10478 10477 10482
3 10478 10479 10476
3 10477 10478 10476
3 1804 1816 2718
3 1801 1289 1288
3 1804 1801 1816
3 10535 10534 10533
3 10535 10536 10534
3 9447 8371 9181
3 8371 9757 9181
3 9757 8371 5918
3 1578 1581 1575
3 9445 9755 9179
3 9758 9447 9181
3 9182 9758 10552
3 10553 9758 9181
3 9758 10553 10552
3 8370 9446 9180
3 8370 5917 9446
3 9757 8370 9180
3 8370 9757 5918
3 6981 8370 5918
3 5917 8370 8081
3 1568 2672 2676
3 2671 1565 1810
3 8305 8303 5527
3 8303 8305 8304
3 6891 6893 6892
3 6893 6891 6894
3 6893 8302 6892
3 8276 8280 8279
3 8280 8276 6884
3 8291 8287 8286
3 2399 2400 2397
3 2403 2400 2399
3 2396 2395 2399
3 5525 5523 5524
3 1041 1040 1044
3 8318 1040 1041
3 5552 8311 6677
3 8311 5552 5553
3 6918 5288 5004
3 5288 6918 5553
3 5547 5548 5543
3 5548 5547 5550
3 1407 4562 2190
3 830 1101 559
3 1918 2499 2190
3 8102 6758 6476
3 5657 5101 6206
3 8692 9213 10580
3 9787 8692 10580
3 9474 9787 8938
3 10305 9214 8938
3 9214 8693 8938
3 8693 9214 10305
3 8405 5668 7590
3 6768 8405 7590
3 8937 10064 9213
3 8937 9786 10064
3 8692 8937 9213
3 2198 567 836
3 567 837 10053
3 836 567 10053
3 10063 9785 10578
3 10063 10303 9785
3 10063 10578 10579
3 10303 10063 10579
3 1925 2810 835
3 1925 3377 2810
3 3377 1925 4845
3 2196 1925 835
3 1925 2196 4845
3 1414 4568 2810
3 4566 8399 3375
3 2195 1924 834
3 4567 3102 2809
3 3102 1924 2809
3 10301 10576 10577
3 10301 10061 10576
3 8684 9206 9467
3 9206 8684 9779
3 9206 8930 9467
3 8685 8930 9780
3 8930 9206 9780
3 10296 10055 10295
3 10296 562 10055
3 1106 3952 564
3 1106 10059 2504
3 10059 1106 564
3 3952 1412 7310
3 3101 1412 2504
3 1412 1106 2504
3 1106 1412 3952
3 5949 3952 7310
3 10057 3642 4565
3 2193 3642 10057
3 2502 2193 562
3 1931 2202 571
3 10582 9215 10306
3 10582 10066 10581
3 10066 10582 10306
3 10583 10582 10581
3 1666 7318 5401
3 7318 7022 5401
3 9791 9218 8697
3 8942 10584 10309
3 9218 8942 10309
3 10308 8942 7844
3 8942 10308 10584
3 9791 8942 9218
3 5116 4851 7844
3 5116 5957 4851
3 1932 174 840
3 174 2203 840
3 5957 174 4851
3 4851 8408 7844
3 10584 10068 10583
3 10308 10068 10584
3 10068 8941 10583
3 8940 10307 9216
3 6487 9788 7841
3 9788 6487 8693
3 8405 6487 7841
3 6768 6487 8405
3 5113 289 2814
3 2200 569 838
3 3381 2200 838
3 7019 6769 7591
3 10311 10071 9220
3 10587 10311 10586
3 10071 10311 10587
3 842 151 2819
3 573 151 842
3 10585 10069 10309
3 10069 10585 8943
3 9218 10069 8697
3 10069 9218 10309
3 164 2204 573
3 7025 8945 8700
3 8945 10071 10587
3 9221 10312 10072
3 8945 9221 8700
3 10312 9221 10587
3 9221 8945 10587
3 6775 7025 8700
3 6491 6772 8697
3 7022 6772 5401
3 1933 162 841
3 8682 9204 6476
3 8682 8928 9204
3 9465 7007 6206
3 8928 9465 8101
3 8682 9465 8928
3 9465 8682 7007
3 5101 9465 6206
3 7007 5386 6206
3 5386 7007 4254
3 3946 1651 830
3 1101 1651 4254
3 1651 1101 830
3 1651 5386 4254
3 5386 1651 3946
3 5386 7304 6206
3 7304 5386 3946
3 7303 1100 4837
3 6205 7303 4837
3 7303 6205 5385
3 3368 2188 1916
3 1916 2188 10289
3 3637 6757 2498
3 3637 4253 6757
3 3637 1917 558
3 1917 3637 2498
3 4253 1650 5385
3 1650 3637 558
3 3637 1650 4253
3 2497 3636 4252
3 557 3636 1916
3 3636 2497 1916
3 6205 5656 9464
3 5656 5100 9464
3 5656 6205 4837
3 8392 7577 8100
3 7577 6474 8100
3 6474 7577 8392
3 5100 6756 9464
3 6756 6474 9464
3 6474 6756 8100
3 6756 2497 8100
3 7831 9466 9205
3 9466 8683 9205
3 8683 9778 9205
3 8929 8102 9204
3 9778 8929 9204
3 8683 8929 9778
3 8929 8683 7008
3 9764 8379 9453
3 8379 9764 9189
3 9454 8379 9189
3 1633 6188 7286
3 6188 1633 8087
3 5926 6188 9452
3 9190 8380 9765
3 7564 8380 9190
3 8380 9454 9765
3 5641 7562 5927
3 6460 7562 5641
3 8910 1903 8911
3 1029 1010 1300
3 818 2785 2174
3 1297 1312 1316
3 8844 8849 8562
3 8851 8849 8844
3 8853 8569 8562
3 8849 8853 8562
3 8853 8849 8854
3 10564 9196 9770
3 9196 9771 9459
3 9771 9196 10564
3 8671 9767 10561
3 9767 9192 10561
3 5646 7819 8092
3 468 474 1294
3 1295 1334 472
3 6193 8916 8382
3 6994 6193 8382
3 2179 1906 8669
3 3359 1908 3627
3 1342 1340 1338
3 1340 1342 1356
3 473 1340 471
3 1340 473 1338
3 473 1337 1338
3 1294 473 471
3 473 1294 1336
3 1337 473 1336
3 5375 7293 6195
3 6747 5375 6195
3 5090 3358 5646
3 3358 7819 5646
3 2180 822 4551
3 2180 4243 3627
3 8603 8595 8602
3 8603 8594 8595
3 8606 8603 8602
3 8603 8605 8594
3 8575 8845 8561
3 8845 8843 8561
3 8845 8846 8843
3 8846 8845 8847
3 8608 8592 8593
3 8591 8592 8608
3 8578 8580 8579
3 8590 8591 8608
3 8630 8631 8634
3 8631 8641 8634
3 8892 8631 8628
3 8641 8631 8892
3 8610 8605 8607
3 8613 8610 8607
3 8610 8613 8614
3 8896 8894 8895
3 8893 8894 8896
3 8894 8892 8895
3 8894 8893 8892
3 10567 9199 10566
3 3364 2797 826
3 10565 10564 10563
3 10567 10565 10563
3 10565 10567 10566
3 9198 10565 10566
3 10565 9198 9772
3 10568 9775 9200
3 1099 557 828
3 5384 6204 7005
3 5384 4252 3944
3 4252 5384 7005
3 7302 3093 5655
3 6204 7302 5655
3 3093 7302 3944
3 7302 5384 3944
3 5384 7302 6204
3 6749 3361 2182
3 8920 8386 7570
3 3146 8157 7888
3 9834 8985 9262
3 8985 9834 339
3 1463 3146 339
3 3146 1463 8157
3 1975 7887 8157
3 2859 1975 880
3 1975 2859 7887
3 3425 7889 7890
3 5743 5741 5739
3 5741 5743 5744
3 5742 5743 5739
3 5749 5754 5748
3 3422 9518 7886
3 8156 3422 7886
3 3145 8156 6258
3 1990 3435 4596
3 3435 1990 2873
3 897 2574 631
3 2574 897 3435
3 2570 1989 4876
3 7699 8552 7701
3 7697 8549 7977
3 9629 9649 9654
3 9649 9629 9635
3 9629 9628 9635
3 6334 6335 6333
3 8533 7114 7115
3 7086 7085 8188
3 8192 7086 8188
3 7086 8192 8197
3 7086 8198 7085
3 8197 7097 7096
3 8184 8183 7917
3 8185 8184 7917
3 8183 8184 8182
3 8182 8184 7078
3 8184 8185 7078
3 8202 8199 8201
3 8199 8202 8200
3 8199 8203 8201
3 4595 4594 4876
3 10646 7077 10645
3 7077 10646 10647
3 10648 7077 10647
3 9278 10646 10645
3 9000 8755 10645
3 8755 10129 8467
3 10129 9000 9851
3 10129 8755 9000
3 2319 2339 2338
3 1990 1478 2873
3 1478 1990 4596
3 7085 7084 8188
3 7084 7080 8188
3 8198 7084 7085
3 8185 7079 7078
3 7080 7079 8185
3 6262 1711 8162
3 7358 1711 6262
3 1711 7358 7636
3 2306 5751 2305
3 5738 2600 5739
3 2600 5738 2303
3 6570 5735 5744
3 5735 6570 5733
3 5734 5735 5733
3 2665 5768 2380
3 6613 6607 6614
3 6603 6592 6614
3 6607 6603 6614
3 6603 6607 6606
3 6568 6586 6565
3 9263 8741 8453
3 7631 8450 8983
3 5718 6826 5717
3 7884 8153 7883
3 8450 9260 8983
3 7945 7943 7942
3 6857 6626 6860
3 6856 6853 6623
3 5728 5730 6570
3 5732 5731 5729
3 5731 5730 5729
3 5731 5732 5733
3 6570 5731 5733
3 5730 5731 6570
3 10648 8180 8181
3 8180 10373 8181
3 8180 9541 10373
3 9280 8180 10648
3 9280 9854 8470
3 9541 9280 8470
3 8180 9280 9541
3 10133 9003 8758
3 9541 9003 10133
3 9003 5986 8758
3 9003 9541 5986
3 1994 902 5986
3 902 1482 5986
3 902 1994 7907
3 9661 9662 9663
3 9662 9658 9663
3 9658 9662 9661
3 9655 9658 9659
3 9653 9655 9659
3 9658 9655 9650
3 8209 8205 8208
3 8204 8210 8212
3 8200 7955 7947
3 7957 7955 8200
3 9596 9592 9591
3 9592 9596 9593
3 9600 9074 9598
3 9600 8553 9601
3 9664 9600 9601
3 9074 9600 9664
3 9079 9074 9664
3 9079 9669 9080
3 9078 9079 9080
3 9074 9075 9596
3 9075 9074 9076
3 9596 9075 9593
3 9075 9081 9593
3 9081 9075 9080
3 9075 9078 9080
3 9078 9075 9076
3 7964 7966 7970
3 7966 7964 7965
3 7987 7986 7988
3 7709 7986 7970
3 7986 7709 7988
3 7986 7964 7970
3 7964 7986 7963
3 7986 7987 7963
3 9082 9358 9081
3 9082 9081 9669
3 9084 9082 10748
3 9082 9669 10748
3 9360 9359 9084
3 9359 9360 9358
3 9359 9082 9084
3 9082 9359 9358
3 9670 9668 9664
3 9949 9952 9953
3 9952 9949 9951
3 9563 9566 9567
3 10660 10384 10661
3 9369 9365 9944
3 10737 10456 10458
3 10456 10737 10457
3 10459 10737 10458
3 10457 10737 10459
3 8512 8510 8511
3 9308 9307 9306
3 9308 8512 8514
3 9366 9367 9364
3 9365 9366 9364
3 7982 8526 9323
3 9322 7982 9323
3 9357 9356 10746
3 9356 9355 10746
3 7997 9355 9324
3 9355 7997 8547
3 2005 4885 4604
3 4601 1999 4882
3 368 91 644
3 10142 369 8479
3 7102 7101 7100
3 7110 7111 7112
3 7111 7110 7109
3 7105 7103 9568
3 7114 7105 9568
3 7919 7920 7918
3 7922 8194 8190
3 9923 9930 9917
3 9927 9926 9925
3 9931 9926 9927
3 9926 9931 9930
3 9923 9926 9930
3 4605 2007 4886
3 10388 9871 10149
3 10665 10388 10149
3 10388 10665 10664
3 9872 10665 10149
3 10665 9872 10666
3 9874 10669 10668
3 10664 10663 9294
3 9293 10663 10662
3 10663 9293 10386
3 9921 9916 9918
3 9925 9921 9928
3 9921 9919 9928
3 9919 9921 9918
3 2880 1998 4881
3 2880 4881 4882
3 1999 2880 4882
3 9006 9545 8761
3 9859 9006 8761
3 640 1182 364
3 8471 9281 10649
3 1996 904 5987
3 361 1996 5987
3 1179 1996 361
3 1996 2878 904
3 9544 362 1725
3 905 9544 1725
3 7914 9283 7918
3 9283 10651 7918
3 8848 8846 8847
3 8848 8851 8844
3 8846 8848 8844
3 7244 7229 7503
3 7229 7244 7236
3 10498 10497 10496
3 10495 10497 10494
3 10497 10495 10496
3 10497 10500 10494
3 10497 10498 10500
3 1751 6014 4623
3 6014 3179 4623
3 403 682 9037
3 682 7671 9037
3 6013 682 403
3 6307 6311 6306
3 6314 6313 6309
3 1745 6011 3175
3 6011 1745 397
3 7664 6011 397
3 6011 2022 3175
3 6011 7664 2022
3 6322 6324 6321
3 6324 6322 6323
3 6294 6292 394
3 6295 6294 394
3 3175 3174 4619
3 2022 3174 3175
3 3174 2022 1744
3 3491 3496 3492
3 3497 3496 3491
3 3490 3491 3492
3 3496 3490 3492
3 37 35 2053
3 18 1 2054
3 33 22 2054
3 3462 3465 7661
3 8783 1742 8784
3 1742 8783 7661
3 1742 6290 8784
3 6290 7662 8784
3 4644 4647 4651
3 4647 4644 4648
3 4647 4652 4651
3 4646 4650 4645
3 4644 4646 4645
3 4650 4646 4651
3 4646 4644 4651
3 4655 4654 4648
3 4654 4655 4657
3 4655 4658 4657
3 4658 4656 4659
3 4656 4658 4655
3 4656 4655 4648
3 9052 9051 9053
3 9051 9050 9053
3 9051 9052 419
3 9050 9051 419
3 9067 9066 9068
3 9065 9066 9067
3 9064 9065 9062
3 9064 9066 9065
3 1784 1780 1779
3 1782 1780 1784
3 1779 1780 1778
3 1780 1782 1778
3 3202 3203 3201
3 3203 3204 3206
3 3203 3202 3204
3 3200 3198 3201
3 3199 3200 3201
3 3200 3199 3198
3 4128 4375 4114
3 3806 4375 3805
3 4375 4117 4114
3 4117 4375 3806
3 5045 2147 4504
3 4504 1064 9430
3 1064 8347 9430
3 2147 1064 4504
3 1065 8063 8348
3 2454 4504 9430
3 8063 2454 9430
3 9431 9738 9739
3 8349 9431 9739
3 5873 5876 5867
3 5873 5868 5872
3 5868 5873 5867
3 5876 5873 5878
3 3222 2682 2681
3 4121 4128 4114
3 4454 4461 4455
3 4117 4118 4122
3 4118 4117 3806
3 4117 4119 4114
3 4119 4121 4114
3 4121 4119 4125
3 7246 7251 7241
3 7242 7246 7241
3 9169 9746 9170
3 9169 9168 9746
3 2993 2687 2686
3 9753 8366 9443
3 9752 9176 9443
3 9176 9753 9443
3 9753 9176 9177
3 9175 9176 9752
3 9176 9175 9174
3 9176 10553 9177
3 10553 9176 9174
3 2715 1816 2713
3 2716 2715 2713
3 1816 2715 2718
3 2715 2716 2718
3 5911 9752 9443
3 1819 1814 1306
3 1816 1304 2713
3 1305 1288 1306
3 1814 1305 1306
3 1305 1304 1288
3 1304 1305 1815
3 2714 2711 2712
3 2714 2716 2713
3 2711 2714 1815
3 1304 2714 2713
3 2714 1304 1815
3 1307 1308 1306
3 1308 1819 1306
3 2704 1820 1307
3 8351 5892 9432
3 5892 793 8065
3 9432 5892 8065
3 4096 4099 747
3 753 754 748
3 754 4098 748
3 3318 4786 6711
3 4786 3318 5891
3 7232 7233 7230
3 6069 5836 5838
3 5836 7745 5834
3 7749 5834 7746
3 9153 9148 9152
3 8353 5895 9433
3 5769 6063 5770
3 5771 7718 7728
3 5769 7718 5771
3 7714 7715 10471
3 7723 7724 6863
3 7723 9106 9108
3 9106 7723 9104
3 7735 7734 6060
3 5785 5797 6073
3 5797 5785 6071
3 5780 5785 5779
3 7737 7736 6073
3 7736 6059 6073
3 9108 9109 9112
3 9109 9110 9112
3 9109 9108 9107
3 9110 9109 9107
3 5802 5799 5801
3 5803 5802 5801
3 6075 5802 5803
3 5796 5802 6075
3 5802 5796 5799
3 5796 5791 5799
3 5806 6075 5807
3 5806 5796 6075
3 5796 5806 5804
3 6080 5807 6084
3 6100 6096 6093
3 6094 6101 6093
3 6101 6100 6093
3 6101 6106 6105
3 6101 6094 6106
3 5819 6084 6092
3 6091 6094 6093
3 6094 6091 6092
3 6091 5819 6092
3 5839 6065 5838
3 5839 6067 6065
3 8008 8009 8010
3 8009 8011 8010
3 5255 5254 5256
3 5256 5254 5257
3 5254 5251 5257
3 5252 5255 5253
3 5251 5252 5250
3 5252 5253 5250
3 5254 5252 5251
3 5252 5254 5255
3 10263 10260 10262
3 10260 10255 10262
3 10261 10260 10265
3 10260 10263 10265
3 10232 10233 10236
3 10233 10232 10231
3 10232 9963 10231
3 10232 9962 9963
3 10246 10250 10251
3 10250 10249 10251
3 10243 10247 10246
3 10247 10250 10246
3 10250 10247 10249
3 10249 10247 10248
3 9823 1965 3138
3 1965 8441 3138
3 10616 5697 9823
3 5697 1965 9823
3 6531 6530 6534
3 6530 6532 6534
3 6522 9823 3138
3 10616 6522 10341
3 6522 10616 9823
3 9824 10102 7878
3 3415 9824 7878
3 7879 10103 10104
3 8149 7879 10104
3 7879 9511 2851
3 9511 7879 8149
3 10619 10344 8149
3 10344 9511 8149
3 3707 3702 3709
3 3416 7879 2851
3 8148 6805 7878
3 4071 4045 4070
3 8145 9507 7875
3 7881 10104 7883
3 6843 6857 6839
3 10085 10325 10324
3 10086 10087 10327
3 10087 10086 10324
3 10086 10085 10324
3 6560 6559 6556
3 6559 6560 6562
3 6560 6561 6562
3 3729 3724 5201
3 5207 3724 3731
3 10606 10607 10332
3 10608 10607 10606
3 5204 3729 5201
3 5207 3720 3732
3 3720 5207 3731
3 10603 10605 10329
3 10603 10087 10605
3 1441 8963 2533
3 8963 6511 7865
3 2224 1441 2533
3 5223 5185 5187
3 5185 4024 5187
3 10330 8135 7865
3 8135 10330 9239
3 8135 8963 7865
3 10089 10330 7865
3 10330 10089 10604
3 10604 10089 10329
3 5203 5218 5195
3 5218 6553 5219
3 6553 6555 6556
3 6561 6555 6554
3 6555 6553 6554
3 6616 6621 6620
3 6622 6621 6616
3 6621 6622 9362
3 6623 6621 9362
3 6621 6623 6620
3 6622 6619 6617
3 10592 9226 10317
3 10592 10077 9226
3 10592 10317 10318
3 10077 10592 10318
3 5168 5441 5169
3 5438 5441 5168
3 9800 10078 7854
3 10078 9800 9227
3 1675 5679 3662
3 5679 5965 3662
3 5679 6500 5965
3 10593 9227 10318
3 10593 10078 9227
3 10322 10087 10324
3 10322 10321 10586
3 10581 10322 10586
3 9224 10315 10590
3 10315 9224 8948
3 8416 9798 7852
3 1121 579 3117
3 579 3392 3117
3 3392 579 303
3 10076 10316 10591
3 10316 10315 10591
3 9225 10076 9798
3 9225 10316 10076
3 10316 9225 8949
3 9484 7851 8949
3 9797 7851 8415
3 8414 5406 7323
3 6496 6777 9796
3 6777 6496 8414
3 7850 6496 9796
3 6496 7850 8414
3 1542 1544 1541
3 1540 1552 1538
3 1552 1540 1541
3 1553 1552 1541
3 4914 4913 4917
3 6001 6278 69
3 390 7372 1730
3 389 7372 390
3 68 391 7652
3 3165 7374 4612
3 66 3165 3444
3 7374 3165 7653
3 3165 66 7653
3 672 6280 1733
3 672 66 6280
3 4930 2069 4931
3 7382 8777 9022
3 7381 8777 7382
3 8777 7381 8778
3 9022 8777 9023
3 8777 8778 9023
3 7378 7656 7382
3 8802 8816 7419
3 7420 8802 7419
3 8802 7420 7421
3 8802 7422 8816
3 7422 8802 7421
3 7417 7418 7419
3 8793 10685 10686
3 10685 8774 10686
3 8774 10685 8773
3 1561 1562 1560
3 1562 1561 1563
3 4613 6280 3444
3 4613 3165 4612
3 3165 4613 3444
3 4613 4612 4892
3 4614 4613 4892
3 9936 9935 9929
3 9936 9915 10713
3 9936 9929 9915
3 9935 9936 9937
3 10739 9936 10713
3 9937 9936 10739
3 9904 9906 9905
3 9906 9904 9901
3 9904 9905 9903
3 9902 9904 9903
3 9901 9904 9902
3 6049 6046 6047
3 8515 6048 8524
3 6048 6049 9912
3 10672 10673 9304
3 661 3437 4890
3 76 661 4890
3 10675 10397 10676
3 10397 10158 10676
3 662 3160 385
3 662 7369 3160
3 10681 7389 7383
3 10682 10681 7383
3 7389 10680 7388
3 7387 10680 7390
3 10680 7387 7388
3 7392 8788 7390
3 9898 9899 9890
3 6050 6052 6047
3 6050 6051 6052
3 4895 4899 4892
3 1500 1503 9881
3 1503 10159 9881
3 10159 1503 9882
3 9882 1503 1504
3 10679 7385 10400
3 10679 7387 7390
3 9884 7384 10400
3 7385 9884 10400
3 7384 7386 10400
3 7387 7386 7384
3 7386 10679 10400
3 10679 7386 7387
3 8520 8518 9311
3 8517 8518 8519
3 8518 8520 8519
3 9313 9312 9310
3 8525 8523 8524
3 8523 9313 8524
3 9316 8523 8525
3 8523 9316 9317
3 9300 10154 10671
3 3157 7366 4888
3 5997 4889 4608
3 4890 4889 4888
3 4608 4889 4890
3 8780 1739 7659
3 7659 1739 3450
3 6283 2013 677
3 2013 4615 3448
3 2013 6283 4615
3 3169 6006 3448
3 10706 10708 10709
3 10708 10706 10707
3 10708 10191 10709
3 10708 10707 10191
3 10190 10189 10195
3 10189 10190 10187
3 10702 10701 10703
3 10701 10702 8821
3 8821 10702 8817
3 10702 10704 8817
3 10704 10702 10703
3 10699 10698 10697
3 10698 10699 10700
3 10182 10181 8818
3 10184 10182 8818
3 10181 10180 8818
3 10180 10181 10695
3 10178 10180 10695
3 3459 2018 1741
3 3459 6287 2018
3 6285 3170 3450
3 3170 6285 6007
3 1739 6285 3450
3 6285 1739 6007
3 5794 5783 5788
3 5785 5795 6071
3 5796 5800 5790
3 5800 5796 5804
3 798 1063 8345
3 3804 3808 3805
3 9428 2451 8344
3 797 2451 9428
3 4388 4390 4387
3 4382 4385 4376
3 4112 3804 4376
3 1062 9734 8344
3 1062 9427 9734
3 6110 6118 6109
3 6110 6117 6118
3 6110 6116 6117
3 6111 6110 6109
3 6126 6127 6128
3 6123 6127 6124
3 6124 6127 6125
3 6127 6126 6125
3 6127 6132 6128
3 2446 4174 4185
3 4174 2446 5033
3 2143 1061 9733
3 1061 8342 9733
3 5035 3579 8340
3 3579 2447 8340
3 2447 5319 4187
3 3579 5319 2447
3 4189 2448 8341
3 2448 2142 8341
3 4412 4110 3813
3 4475 4474 6129
3 2142 4771 8058
3 4395 4396 4377
3 3307 4189 4494
3 6417 3307 4494
3 8272 8273 8274
3 8273 8275 8274
3 8273 8272 8271
3 6882 8273 8271
3 8275 8273 6882
3 6872 6874 6877
3 6874 6876 6877
3 6874 6872 6873
3 6875 6874 6873
3 6876 6874 6875
3 9691 9690 9695
3 5290 6679 5005
3 2429 5290 5005
3 5290 2429 3861
3 9699 9698 5005
3 9700 9699 5005
3 9699 9697 9698
3 9711 8322 9712
3 5532 5531 5530
3 3867 2434 1049
3 4745 3867 1049
3 4739 4740 5297
3 4736 4739 5297
3 4739 4738 4740
3 4731 4724 4723
3 4731 4736 4724
3 5566 5299 5014
3 5566 4745 1049
3 4745 5566 5014
3 8047 5566 1049
3 3564 5566 8047
3 5299 5566 3564
3 4741 4734 4742
3 4741 4738 4734
3 5564 4741 4742
3 4741 5564 5297
3 4738 4741 5297
3 3863 9709 9713
3 3551 3546 5560
3 3551 2431 8044
3 3555 3864 8044
3 3555 8044 8324
3 4945 4946 6869
3 4660 4661 6869
3 4661 4945 6869
3 4727 4728 4733
3 4719 4720 4723
3 4720 4717 4727
3 2137 5580 8053
3 5580 4760 8053
3 5580 2137 5027
3 3879 5581 1056
3 1056 8335 9421
3 8335 2137 8053
3 9727 8335 8053
3 9421 8335 9727
3 3880 8336 1057
3 6698 6413 6942
3 4109 3232 3238
3 3232 4109 5487
3 5487 4109 5488
3 2139 8055 3576
3 3881 2139 3576
3 2444 2139 5584
3 8055 2139 2444
3 5585 3881 3576
3 8338 4176 3576
3 6346 6338 6867
3 6338 6340 6339
3 5028 5581 3879
3 5581 5028 6938
3 6404 6402 6403
3 6347 6355 6342
3 6362 6361 6365
3 5576 5307 4755
3 5022 3874 4755
3 5575 5022 6933
3 3874 5022 5575
3 2083 2092 2088
3 2092 2083 2082
3 4757 2128 5024
3 2128 5577 1054
3 2128 4757 5577
3 6402 6691 6405
3 6691 6402 6404
3 2438 5304 3567
3 5304 5019 3567
3 4752 5304 2438
3 5304 4752 6931
3 5019 5304 6931
3 5510 5511 5506
3 5511 5509 5496
3 5506 5511 5496
3 5511 5513 5509
3 5511 5510 5515
3 5513 5511 5515
3 5508 5507 5514
3 5507 5508 5506
3 5510 5508 5514
3 5508 5510 5506
3 5498 5497 6869
3 5303 4750 3871
3 3871 4750 2437
3 4750 5018 2437
3 5018 4750 6930
3 4750 5303 6930
3 5362 5920 7555
3 5920 9448 8373
3 9448 9759 8373
3 9759 9448 10551
3 9449 9183 9184
3 9760 9449 9184
3 8374 9449 9760
3 5639 8377 8087
3 8377 9762 9187
3 8377 9187 9452
3 6188 8377 9452
3 8377 6188 8087
3 487 1581 1578
3 509 508 513
3 5923 8375 9450
3 5637 5923 9450
3 5923 5637 7558
3 5637 3349 7558
3 8086 6186 9761
3 1021 1022 1032
3 8646 8647 8644
3 8650 8647 8649
3 8647 8650 8651
3 8882 8647 8883
3 8644 8647 8639
3 8635 8647 8882
3 8647 8635 8639
3 8648 8898 8649
3 8648 8646 8898
3 8647 8648 8649
3 8648 8647 8646
3 1799 1804 1289
3 1801 1799 1289
3 1799 1801 1804
3 1584 1589 1574
3 2673 485 1589
3 1584 2673 1589
3 2673 1584 1586
3 1372 1616 1613
3 8371 5632 5918
3 5632 7553 5918
3 1896 1617 1618
3 1620 1617 1896
3 1581 1579 1575
3 1579 1581 489
3 7808 1896 1618
3 1619 1616 6734
3 1616 1619 1613
3 7554 6734 814
3 1566 2672 1568
3 1566 1567 1809
3 2672 1566 1809
3 8369 9756 9446
3 9756 8369 9179
3 6981 4813 6451
3 4813 6981 5918
3 8370 5631 8081
3 5631 8370 6981
3 5075 5631 6981
3 6980 2475 5074
3 5917 6980 9446
3 4812 6980 5917
3 6980 4812 2475
3 1367 1368 10544
3 1813 1804 2718
3 8296 8291 8297
3 6896 6893 6894
3 6895 6896 6894
3 6893 6896 8302
3 9685 6886 6892
3 6886 6891 6892
3 8288 6890 8284
3 6895 6890 8288
3 6890 6895 6894
3 6891 6890 6894
3 6889 6890 6891
3 8285 8288 8284
3 8288 8285 8287
3 8287 8285 8286
3 8283 8285 8284
3 8285 6884 8286
3 8285 8283 6884
3 2401 2400 2403
3 2398 2399 2397
3 2396 2398 2397
3 2398 2396 2399
3 2395 2394 2399
3 2393 2394 2395
3 2394 2393 2392
3 1037 8318 3859
3 1036 1037 3859
3 1034 1036 3859
3 8315 1034 3859
3 1034 8315 8317
3 1033 1034 8317
3 1034 1033 1035
3 1036 1034 1035
3 6677 8310 8309
3 8311 8310 6677
3 5550 5551 5004
3 5551 6918 5004
3 5547 5551 5550
3 5551 5547 6918
3 5545 8311 5553
3 6918 5545 5553
3 5545 5540 8311
3 5539 5545 5541
3 5540 5545 5539
3 5546 5547 5543
3 5547 5546 6918
3 1407 3096 5658
3 3096 1407 2190
3 7007 7579 4254
3 7579 6758 4254
3 3638 1101 4254
3 6758 3638 4254
3 3638 1918 559
3 1101 3638 559
3 5943 6757 8101
3 9465 5943 8101
3 5943 9465 5101
3 1661 4264 837
3 8405 5954 5668
3 5954 8405 7841
3 5113 5954 7841
3 4571 838 1929
3 4571 3381 838
3 5668 4571 1929
3 3381 4571 5668
3 288 5113 2814
3 2200 288 2814
3 288 2200 3381
3 288 5954 5113
3 288 3381 5668
3 5954 288 5668
3 3377 5109 2810
3 2196 3645 4845
3 3647 2198 836
3 9212 10303 9786
3 566 10053 835
3 566 836 10053
3 2810 3103 835
3 4568 3103 2810
3 1412 6212 7310
3 6212 1412 3101
3 6212 5949 7310
3 2195 4844 1924
3 5108 4567 2809
3 5108 7836 4567
3 9784 9210 10577
3 9210 10301 10577
3 8689 9210 9784
3 10301 9210 10061
3 8930 6209 9467
3 10294 561 10295
3 2191 561 10294
3 8931 9207 9781
3 9207 10574 9781
3 10574 10299 9781
3 10574 9780 10573
3 10574 9207 9780
3 10574 10573 10575
3 10299 10574 10575
3 2806 2502 562
3 1419 2511 571
3 5956 3383 7592
3 3383 2202 1931
3 3383 170 7592
3 170 3383 1931
3 1114 7318 296
3 1114 296 572
3 1114 2203 2512
3 2203 1114 572
3 161 7318 1666
3 7318 161 296
3 7318 6221 7022
3 174 3384 4851
3 3384 174 1932
3 2511 295 571
3 571 295 840
3 295 1113 840
3 1665 5400 173
3 1113 1665 840
3 3652 1932 840
3 8407 6489 7843
3 8407 5956 7592
3 8407 5670 5956
3 6490 10308 7844
3 6490 8696 10308
3 6771 6490 8408
3 8696 9217 10308
3 10068 9217 8941
3 9217 10068 10308
3 3382 839 1930
3 3382 291 839
3 291 2201 839
3 1112 2201 292
3 839 2201 570
3 2201 1112 570
3 8940 10067 10307
3 10067 8940 10582
3 10307 10067 10583
3 10067 10582 10583
3 289 3107 2814
3 3107 2200 2814
3 2200 3107 569
3 10071 8699 9220
3 9793 8699 10071
3 2820 3387 8117
3 298 1935 843
3 297 151 573
3 297 1934 151
3 151 3386 2819
3 1934 3386 151
3 10585 10310 8943
3 10310 10585 10586
3 10070 10310 10586
3 163 164 841
3 1421 2204 164
3 2820 2206 1935
3 8945 7847 10071
3 7848 9794 10072
3 9794 9221 10072
3 9221 9794 8700
3 9794 6775 8700
3 9481 7848 10072
3 7848 9481 8412
3 9481 8118 8412
3 575 299 146
3 6775 7597 7025
3 8118 3388 8412
3 7026 7598 5675
3 577 1938 301
3 9223 8947 10589
3 9478 6491 8697
3 162 3385 841
3 3385 163 841
3 1933 3653 4269
3 161 3653 296
3 296 3653 841
3 3653 1933 841
3 3653 161 1666
3 3653 1666 5401
3 4269 3653 5401
3 4838 5657 6206
3 7304 4838 6206
3 4838 7304 3946
3 3945 7303 5385
3 7303 3945 1100
3 1100 3945 558
3 3945 1650 558
3 1650 3945 5385
3 1100 829 4837
3 829 1100 558
3 10289 829 558
3 2188 829 10289
3 4252 1649 3944
3 3636 1649 4252
3 1649 557 3944
3 1649 3636 557
3 1405 2188 3368
3 5100 1405 3368
3 5656 1405 5100
3 5942 5100 3368
3 5942 6756 5100
3 2497 5942 3368
3 6756 5942 2497
3 1919 2191 10294
3 8684 8103 9779
3 7009 8103 8684
3 6208 8103 7009
3 9779 8103 9205
3 8103 7831 9205
3 8929 6207 8102
3 6207 8929 7008
3 6207 5944 8102
3 8379 6190 9453
3 5928 8379 9454
3 6188 5368 7286
3 5368 6188 5926
3 2785 537 2174
3 7814 5926 8378
3 5643 6462 7564
3 2786 543 542
3 1902 2786 6460
3 543 1902 541
3 1902 543 2786
3 6990 7562 6460
3 2786 6990 6460
3 483 1006 1291
3 1009 483 1291
3 537 534 2174
3 8905 8903 8904
3 5083 5639 8087
3 818 3077 1633
3 1633 3077 8087
3 3077 818 2174
3 3077 5083 8087
3 5083 3077 4544
3 534 3077 2174
3 2785 3928 7286
3 818 3928 2785
3 3928 1633 7286
3 3928 818 1633
3 1004 1317 480
3 482 1297 1005
3 8859 8572 8851
3 8572 8849 8851
3 8849 8572 8854
3 8858 8571 8569
3 8858 8863 8867
3 8571 8858 8867
3 8921 9771 8675
3 9771 8921 9459
3 9767 9456 9192
3 8916 9456 8382
3 9192 9456 8916
3 6465 3358 1092
3 3358 6465 7819
3 7819 6465 8092
3 464 470 465
3 470 1295 465
3 3626 1092 550
3 1640 3359 3627
3 4243 1640 3627
3 3935 5375 6747
3 4243 3935 6747
3 3935 4551 7293
3 5375 3935 7293
3 3935 2180 4551
3 2180 3935 4243
3 1344 1339 1356
3 9194 6997 6196
3 8920 9195 9770
3 9195 8920 7570
3 9195 10563 9770
3 822 2791 3084
3 2791 5090 3084
3 2791 3358 5090
3 8604 8603 8606
3 8603 8604 8605
3 8604 8606 8607
3 8605 8604 8607
3 8621 8877 8608
3 8621 8879 8877
3 8879 8621 8622
3 8588 8594 8593
3 8592 8588 8593
3 8558 8588 8561
3 8594 8588 8558
3 8588 8592 8591
3 8605 8609 8608
3 8610 8609 8605
3 8618 8615 8614
3 8615 8610 8614
3 3632 826 1912
3 3632 3364 826
3 826 1913 555
3 2494 1913 826
3 3941 2494 826
3 9199 9773 10566
3 9773 9198 10566
3 9774 10567 9200
3 9774 9199 10567
3 8389 7825 5096
3 9197 9771 10564
3 10565 9197 10564
3 9771 9197 8675
3 9197 10565 9772
3 6204 8926 8680
3 9776 8926 10569
3 8926 9776 8680
3 2800 3093 557
3 1099 2800 557
3 2187 1404 828
3 1404 1099 828
3 1914 827 556
3 2186 827 1914
3 3365 4557 555
3 6468 5093 3361
3 6749 6468 3361
3 5093 6468 5649
3 8386 6468 7570
3 6468 7822 5649
3 7822 6468 8386
3 8386 8674 9459
3 8920 8674 8386
3 8674 9196 9459
3 9196 8674 9770
3 8674 8920 9770
3 553 1095 3630
3 3361 824 2182
3 2183 553 3362
3 4831 553 3630
3 1096 825 3631
3 9520 3146 7888
3 3146 9520 339
3 9520 8985 339
3 1463 3423 8157
3 3425 4305 7889
3 4305 3425 1465
3 3425 2249 1465
3 2249 9522 1465
3 3147 7355 7889
3 5751 5755 5754
3 5743 5745 5748
3 5742 5745 5743
3 5750 5751 5754
3 5749 5750 5754
3 5751 5750 5746
3 5750 5749 5746
3 3145 1155 8156
3 8155 7885 7886
3 6257 8155 7886
3 3435 2573 7902
3 897 2573 3435
3 355 2573 631
3 2573 897 631
3 1172 630 2570
3 7699 7700 8552
3 7700 8549 8552
3 7698 7700 7699
3 8549 7700 7977
3 9605 9629 9654
3 8549 9602 8552
3 9602 8553 8552
3 8553 9602 9601
3 9602 9664 9601
3 9664 9602 9654
3 9602 9605 9654
3 6335 6337 8221
3 8221 8225 8220
3 8225 8224 8220
3 8226 8225 8221
3 8225 8226 7690
3 7690 8228 7694
3 8226 8228 7690
3 8228 8226 8221
3 8225 7689 8224
3 7699 7692 7694
3 7692 7690 7694
3 7692 7699 7701
3 9595 9074 9596
3 9592 9589 9591
3 8552 8550 7701
3 8553 8550 8552
3 9649 9651 9654
3 9656 9651 9652
3 9654 9651 9656
3 9628 9073 9635
3 7113 8533 7112
3 8533 7113 7114
3 7113 7105 7114
3 8187 8189 8188
3 8189 8192 8188
3 8189 8187 8186
3 8190 8189 8186
3 8193 8194 8195
3 8194 8193 8190
3 7088 7086 8197
3 7101 7099 7100
3 7100 7099 8195
3 7098 7099 7101
3 4593 3430 7896
3 2325 2319 2338
3 1991 2874 2578
3 7904 2874 4877
3 2874 1991 4877
3 1174 1991 2578
3 5984 356 8467
3 2874 2579 2578
3 10369 9000 10645
3 9000 10369 9851
3 1991 7903 4877
3 7903 4596 4877
3 7903 1478 4596
3 9537 8174 1478
3 1478 8174 2873
3 9537 1720 5984
3 1720 9537 1478
3 7358 344 7636
3 7636 344 8456
3 5736 5734 2304
3 2303 5736 2304
3 5738 5736 2303
3 5736 5735 5734
3 5741 5740 5739
3 5740 5738 5739
3 5740 5741 5744
3 5738 5740 5744
3 5752 5753 5760
3 5764 7939 7938
3 5753 5764 5760
3 5764 5753 5761
3 5764 5759 5760
3 5759 5764 7938
3 5767 5768 7941
3 5767 5766 5768
3 5767 7941 7939
3 5764 5767 7939
3 6589 6603 6591
3 6603 6589 6592
3 6589 6586 6592
3 6589 6591 6565
3 6586 6589 6565
3 6592 6588 6587
3 6586 6588 6592
3 6588 6568 6587
3 6588 6586 6568
3 10354 9263 7063
3 9836 9263 8453
3 9836 9264 9263
3 5734 2301 2304
3 7064 10355 9522
3 7062 9834 9261
3 8739 7062 9261
3 8984 8451 9261
3 8451 8739 9261
3 5721 5718 5719
3 5718 5721 6826
3 5720 5721 5719
3 338 1706 8984
3 9833 338 8984
3 7887 4303 6258
3 4303 338 6258
3 338 4303 1706
3 7885 8154 7884
3 7944 7945 7942
3 7944 7942 7947
3 6582 7929 6585
3 7929 7936 7937
3 7936 7929 6570
3 6838 7931 6837
3 6578 7931 6839
3 7931 6838 6839
3 6625 6858 6859
3 6858 6625 6856
3 6859 6858 6623
3 6858 6856 6623
3 5727 5728 6570
3 5725 5727 5726
3 6826 5715 5716
3 9002 8757 8469
3 8177 9540 8469
3 9540 9002 8469
3 10372 8757 9002
3 10372 10648 10647
3 1993 7905 1722
3 7906 1177 2876
3 1994 1177 7906
3 1177 635 2876
3 635 1177 359
3 8533 8244 7112
3 9073 9643 9641
3 9640 9643 9637
3 9643 9073 9637
3 9650 9352 9357
3 9351 9352 9650
3 9634 9640 9637
3 8207 8204 8203
3 8207 8210 8204
3 9571 8216 9570
3 7955 7952 7947
3 9665 9079 9664
3 9074 9077 9076
3 9079 9077 9074
3 9077 9078 9076
3 9077 9079 9078
3 9950 9953 9948
3 9950 9949 9953
3 9947 9950 9948
3 9950 9947 9949
3 9951 9945 9944
3 9949 9945 9951
3 9945 9369 9944
3 9369 9945 9370
3 8514 8513 8515
3 8512 8513 8514
3 8515 8513 8511
3 8513 8512 8511
3 8510 8509 8508
3 8512 8509 8510
3 8509 9305 8508
3 9308 8509 8512
3 9305 8509 9306
3 8509 9308 9306
3 9308 8516 9307
3 8518 8516 9311
3 8516 8517 9307
3 8516 8518 8517
3 9309 9308 8514
3 8516 9309 9311
3 9309 8516 9308
3 9312 9309 9310
3 9309 9312 9311
3 9309 8515 9310
3 9309 8514 8515
3 8491 8492 8502
3 8491 8489 8492
3 8505 9307 8503
3 9307 8505 8506
3 9371 9366 9370
3 9366 9371 9367
3 9367 9371 9948
3 9371 9947 9948
3 9369 9368 9365
3 9368 9366 9365
3 9368 9369 9370
3 9366 9368 9370
3 7982 7983 7980
3 7983 7982 9322
3 9321 7983 9322
3 9349 9356 9357
3 7998 7997 9324
3 8767 88 9013
3 88 8767 371
3 7361 371 1491
3 4603 7361 4884
3 917 2005 4604
3 641 908 365
3 908 641 1999
3 9010 368 8478
3 4883 2882 4882
3 1489 911 644
3 911 1186 644
3 1186 368 644
3 9566 9564 9565
3 9562 9566 9563
3 9562 9564 9566
3 368 912 8478
3 8765 369 10142
3 8765 9010 8478
3 912 8765 8478
3 9291 10384 10660
3 7108 7111 7109
3 7111 7106 7112
3 7106 7113 7112
3 7113 7106 7105
3 7108 7106 7111
3 7102 7106 7101
3 8474 9859 8761
3 9545 8474 8761
3 95 8474 5988
3 8474 9545 5988
3 10653 9860 10138
3 7921 7922 7920
3 7919 7921 7920
3 7921 7919 7922
3 10651 7915 7918
3 7915 7919 7918
3 9553 7928 9552
3 9553 9555 7928
3 9555 9553 9554
3 7919 7923 7922
3 9284 7915 10136
3 7915 9284 7919
3 9921 9922 9916
3 9916 9922 9917
3 9922 9923 9917
3 1193 651 3154
3 3154 7363 4604
3 7363 1493 4604
3 9871 9295 10664
3 9295 10388 10664
3 10388 9295 9871
3 10667 10389 9873
3 922 7365 6270
3 7365 922 1196
3 923 654 6270
3 654 922 6270
3 2917 1260 2916
3 10669 10152 9298
3 9874 10152 10669
3 9297 9874 10668
3 10663 10147 9294
3 10147 10663 10386
3 1183 641 365
3 641 1183 1999
3 1183 2880 1999
3 9855 8471 10649
3 10373 9855 10649
3 10133 9855 10373
3 9855 10133 8758
3 8471 9855 8758
3 7909 8471 8758
3 5986 7909 8758
3 8471 9542 9281
3 7909 9542 8471
3 9282 9543 7914
3 9282 10650 7913
3 9282 7914 10650
3 9857 9543 9005
3 9543 9857 7914
3 8760 8473 9544
3 8473 10375 9005
3 9283 10375 10651
3 904 96 5987
3 2878 96 904
3 96 362 9544
3 8473 96 9544
3 96 9005 5987
3 96 8473 9005
3 1180 2878 1725
3 362 1180 1725
3 363 905 1997
3 363 1726 5988
3 905 4880 1997
3 1997 4880 4881
3 2878 4880 1725
3 4880 905 1725
3 4881 4880 4879
3 10501 10502 10500
3 10499 10501 10500
3 10498 10499 10500
3 7160 7157 7168
3 7199 7205 7188
3 7201 7200 7503
3 7200 7197 7198
3 7200 7201 7197
3 7215 7216 7205
3 7229 7215 7503
3 7434 7436 7439
3 7438 7436 7432
3 7436 7434 7431
3 7432 7436 7431
3 7435 7432 7430
3 7435 7438 7432
3 7219 7229 7227
3 7219 7215 7229
3 7146 7150 7147
3 7150 7151 7147
3 6014 2029 3179
3 3179 2029 1750
3 2037 6014 1751
3 682 7669 7671
3 7671 7674 9037
3 9038 10414 9037
3 10415 9038 10417
3 10414 9038 10415
3 9038 9039 10417
3 6312 6313 6318
3 6311 6312 6318
3 6313 6312 6309
3 6317 6314 6319
3 6320 6329 6328
3 6298 6295 6301
3 6291 6295 394
3 6295 6291 6301
3 3487 3495 3488
3 3484 3495 3483
3 3495 3494 3483
3 50 7665 1746
3 7665 54 1746
3 2042 56 57
3 56 2042 54
3 10409 9032 9033
3 9032 7664 397
3 10168 9032 10408
3 9032 10168 9031
3 9032 9031 396
3 7664 9032 396
3 3498 3499 3497
3 11 1 18
3 22 32 2054
3 32 24 2054
3 1742 2019 6009
3 2019 1742 7661
3 6297 6298 6299
3 6297 6299 8784
3 7662 6297 8784
3 4654 4649 4648
3 4649 4647 4648
3 4647 4649 4652
3 4653 4654 4657
3 4653 4657 4651
3 4652 4653 4651
3 4649 4653 4652
3 4653 4649 4654
3 9063 9061 10430
3 9064 9063 10430
3 9063 9062 9061
3 9063 9064 9062
3 4129 4128 4455
3 5869 5871 5872
3 5871 5874 5872
3 5871 5869 5870
3 4781 2147 5045
3 5600 1064 2147
3 4471 4147 4146
3 7770 7771 7772
3 4096 2668 4099
3 7763 9136 9134
3 9738 800 8348
3 800 1065 8348
3 4504 5330 6424
3 2454 5330 4504
3 5330 6151 6424
3 5873 5875 5878
3 5874 5875 5872
3 5875 5873 5872
3 5880 5879 5881
3 6951 5042 4195
3 795 797 1063
3 4500 795 1063
3 4126 4454 4125
3 4127 4121 4125
3 4454 4127 4125
3 4121 4127 4128
3 4128 4127 4455
3 4127 4454 4455
3 7491 7493 7497
3 7502 7234 7241
3 3028 1821 3026
3 3336 5352 6444
3 7246 7250 7251
3 7250 7246 7247
3 7251 7250 7254
3 7252 7248 7249
3 7248 7250 7247
3 7250 7248 7252
3 7253 7255 7254
3 7250 7253 7254
3 7253 7250 7252
3 7253 7252 7249
3 7246 7243 7247
3 7239 7243 7242
3 7243 7246 7242
3 7244 7243 7236
3 7243 7239 7236
3 7243 7248 7247
3 2384 2990 2686
3 5622 9441 7544
3 5622 8363 9441
3 3025 3020 3023
3 2993 3009 3012
3 7266 4216 5348
3 4216 7266 6970
3 5913 9444 8367
3 9754 9444 9177
3 9444 9754 8367
3 9444 9753 9177
3 9444 5913 9753
3 8078 8366 9753
3 5913 8078 9753
3 8366 8078 5626
3 2722 2723 2725
3 9178 9754 9177
3 9445 9178 9755
3 10553 9178 9177
3 9756 9178 10553
3 9178 9756 9179
3 9755 9178 9179
3 9754 5914 8367
3 9178 5914 9754
3 5911 8365 9752
3 8365 5910 9442
3 9175 8365 9442
3 8365 9175 9752
3 1308 2709 1819
3 1800 1801 1288
3 1304 1800 1288
3 1801 1800 1816
3 1800 1304 1816
3 1818 2711 1815
3 1818 1305 1814
3 1305 1818 1815
3 1819 1818 1814
3 2711 1818 1819
3 2693 2692 2689
3 2693 2697 2692
3 2703 3029 2726
3 7270 3336 6444
3 1820 1817 1307
3 1817 1308 1307
3 1817 2709 1308
3 2705 2704 2726
3 8354 1069 9434
3 1069 5896 9434
3 8356 9435 9744
3 9436 8356 9744
3 8356 1070 9435
3 4510 5606 8351
3 5606 5050 4787
3 5606 1067 8351
3 1067 5892 8351
3 1067 5606 4787
3 5892 1067 4787
3 5334 5892 4787
3 5892 5334 793
3 6155 5334 4787
3 5334 6155 6428
3 3221 4097 747
3 4097 4096 747
3 2668 4097 3221
3 4097 2668 4096
3 801 8350 5891
3 6154 3318 6711
3 6427 6154 6711
3 7232 7235 7233
3 7231 7229 7236
3 7229 7231 7227
3 7235 7231 7236
3 7231 7235 7232
3 1071 8357 5900
3 9167 9437 9168
3 9165 9745 9746
3 9165 5900 9745
3 5851 5856 5854
3 5836 5843 5838
3 5840 5843 5836
3 7743 7744 7746
3 5866 5865 5864
3 5865 5866 7503
3 7770 7773 7769
3 7773 7770 7772
3 9146 7515 7518
3 7517 7522 7518
3 9149 9148 9147
3 9148 9149 9152
3 8067 5895 8353
3 7718 7721 7728
3 7715 7716 10471
3 6862 7716 5770
3 7716 5769 5770
3 7716 7718 5769
3 7723 7725 7724
3 7729 7725 7731
3 6065 6061 6069
3 6063 6061 6065
3 5769 6061 6063
3 6061 5769 5771
3 6061 6062 6069
3 6062 6061 5771
3 6062 5771 7728
3 6058 6062 7728
3 7730 6058 7728
3 7730 7732 6053
3 7729 7730 7728
3 7730 7729 7731
3 7732 7730 7731
3 6055 7730 6053
3 7730 6055 6058
3 7738 7735 7737
3 5772 7725 7723
3 7725 5772 7731
3 5781 7736 7737
3 6078 5806 5807
3 6080 6078 5807
3 5806 6078 5804
3 6099 6096 6100
3 6103 6099 6100
3 6099 6098 6095
3 6096 6099 6095
3 6098 6099 6105
3 6099 6103 6105
3 6102 6103 6100
3 6101 6102 6100
3 6102 6101 6103
3 6103 6104 6105
3 6104 6101 6105
3 6101 6104 6103
3 5822 6091 6093
3 5820 5822 6087
3 5822 5820 6091
3 6098 5825 6095
3 8007 8008 8006
3 8007 8009 8008
3 10253 10257 10261
3 10257 10253 10254
3 10241 10237 10240
3 10243 10237 10241
3 10232 10237 9962
3 10237 10245 9962
3 10237 10243 10245
3 10244 10243 10242
3 10244 10247 10243
3 10244 10242 10248
3 10247 10244 10248
3 8147 7877 10617
3 9509 5697 7877
3 7877 10101 10341
3 10101 10616 10341
3 5697 10101 7877
3 10101 5697 10616
3 6529 6530 6528
3 6530 6529 6532
3 6529 6810 6532
3 4055 4054 3737
3 4045 4056 4070
3 4056 3503 4070
3 1145 603 7623
3 8146 7623 9508
3 6522 8146 10341
3 6803 8146 9508
3 7623 2544 9508
3 2544 1452 9508
3 10344 3995 9511
3 8731 871 605
3 7879 10618 10103
3 3416 10618 7879
3 8148 9510 6805
3 1147 8148 3994
3 1147 8731 605
3 6836 6834 6565
3 6833 6836 6566
3 3736 4044 4046
3 4044 4048 4046
3 4039 4037 4033
3 4039 4040 4037
3 4044 4040 4048
3 4040 4044 4037
3 10340 8145 7875
3 10340 10614 10100
3 10340 7875 10614
3 5696 6803 9508
3 1452 5696 9508
3 9507 6802 7875
3 6802 6520 7875
3 6520 6802 9821
3 4036 4029 4034
3 124 8973 9249
3 8973 2234 9249
3 1143 8439 8727
3 2847 1143 1695
3 1143 8727 1695
3 3717 4035 4031
3 4047 3736 4046
3 6840 6838 6837
3 6840 6843 6839
3 6838 6840 6839
3 6829 6547 6823
3 5225 5484 6562
3 10600 10325 10085
3 10325 10084 10324
3 8958 10084 10325
3 10333 10607 10608
3 10334 10608 10609
3 10334 7869 10608
3 3724 5205 5201
3 5205 3724 5207
3 7868 10333 6514
3 5215 5204 5201
3 5200 5215 5222
3 5215 5200 5204
3 5215 6554 5222
3 5215 5207 6554
3 9500 7868 6514
3 3718 3717 4031
3 10335 7870 10609
3 9497 6511 8963
3 9497 1441 2838
3 1441 9497 8963
3 6792 8134 10329
3 10605 10331 10090
3 10331 10605 10606
3 10330 6793 9239
3 9812 6793 10330
3 6555 6557 6556
3 6557 6555 6561
3 6557 6560 6556
3 6560 6557 6561
3 6618 6622 6616
3 6618 6619 6622
3 6618 6616 6617
3 6619 6618 6617
3 10077 7853 9226
3 7853 10077 8951
3 10078 8952 7854
3 10079 10320 8953
3 5965 140 3662
3 140 1675 3662
3 9227 9486 8951
3 10080 10320 10321
3 10322 10081 10321
3 8703 9224 9797
3 6778 8703 9797
3 9224 8703 8948
3 8703 9483 8948
3 6497 9797 8415
3 6497 6778 9797
3 1940 3392 303
3 847 1940 303
3 8121 7851 9484
3 8121 9484 7029
3 7851 10075 8949
3 10075 10316 8949
3 10075 7851 9797
3 10315 10075 10590
3 10316 10075 10315
3 10075 9224 10590
3 9224 10075 9797
3 1560 1557 1549
3 1545 1542 2070
3 1543 2071 1549
3 1548 1543 1549
3 2071 1543 2070
3 1543 1545 2070
3 1540 1539 1541
3 1539 1540 1538
3 1553 1554 1555
3 1554 1553 1541
3 1554 1544 1555
3 1544 1554 1541
3 1552 1537 1538
3 4914 4916 4915
3 4905 4906 4904
3 4904 4906 4895
3 389 71 667
3 71 7650 667
3 7369 6274 3160
3 7650 1729 667
3 4891 4609 4890
3 3160 4609 385
3 4609 663 385
3 3439 4609 4891
3 4609 3439 663
3 670 392 7652
3 8774 8775 9020
3 9020 8775 8776
3 8775 7380 8776
3 7656 676 7382
3 7379 676 7656
3 676 7381 7382
3 676 7379 1736
3 6005 676 1736
3 676 6005 7381
3 7377 7379 7656
3 7378 7377 7656
3 7379 7377 1736
3 7377 3447 1736
3 10685 10684 8773
3 8772 10684 10683
3 10684 8772 8773
3 6281 6004 675
3 64 6281 675
3 65 672 1733
3 6045 6046 6049
3 6048 6045 6049
3 9303 10156 10673
3 10672 9303 10673
3 9303 10672 9304
3 10673 9879 10674
3 10156 9879 10673
3 1215 661 76
3 5998 662 7647
3 662 5998 7369
3 5998 6274 7369
3 8791 7397 7398
3 8791 7398 7399
3 8791 7411 7410
3 7401 8791 7399
3 7411 8791 7401
3 7391 10680 7389
3 7392 7391 7393
3 10680 7391 7390
3 7391 7392 7390
3 8789 9885 7393
3 7392 9885 8788
3 9885 7392 7393
3 9885 9886 8788
3 9885 8789 9886
3 7395 10681 10682
3 8791 8790 7397
3 9900 8813 8812
3 9899 9900 8812
3 9900 8810 8813
3 9896 8810 9898
3 8810 9899 9898
3 8810 9900 9899
3 8789 8798 9886
3 8797 9898 9890
3 9889 8797 9890
3 4903 4899 4895
3 4906 4903 4895
3 1502 1503 1500
3 1503 1502 1501
3 10399 10678 10677
3 10159 10399 10677
3 10399 10159 9882
3 9883 10399 9882
3 10679 10161 7385
3 10678 10161 10679
3 10161 9884 7385
3 9884 10161 9883
3 8520 8521 9315
3 8521 8520 9311
3 9312 8521 9311
3 9314 9317 9315
3 9314 8523 9317
3 8523 9314 9313
3 10393 9300 9876
3 10393 10154 9300
3 7366 6271 1198
3 3157 6271 7366
3 1198 6271 656
3 5996 380 933
3 380 5996 1199
3 380 1199 657
3 934 5996 933
3 5996 934 935
3 9300 10392 9876
3 10392 10671 10670
3 10392 9300 10671
3 991 982 980
3 3436 4889 5997
3 1739 2015 6007
3 2015 1739 8780
3 2015 8780 7658
3 2015 3170 6007
3 3449 2015 7658
3 3170 2015 3449
3 10690 8804 10173
3 10691 10690 10173
3 8804 10690 10689
3 10690 10691 10689
3 10176 10693 10175
3 10694 10693 10176
3 678 7657 677
3 2013 678 677
3 678 6006 7657
3 6284 6006 3169
3 7657 6284 8779
3 6006 6284 7657
3 10184 10188 10186
3 10186 10188 10187
3 10188 10189 10187
3 10183 10182 10184
3 8822 10183 10185
3 10183 10184 10185
3 10182 10183 10181
3 10181 10183 10697
3 10180 10179 8818
3 10179 10180 10178
3 10179 10178 10177
3 3455 3453 3172
3 3453 3458 1741
3 3458 3459 1741
3 3455 3458 3453
3 6287 3457 3172
3 3459 3457 6287
3 3457 3455 3172
3 3458 3457 3459
3 3457 3458 3455
3 5784 5795 5785
3 5795 5784 5794
3 5784 5783 5794
3 5780 5784 5785
3 796 8345 9736
3 796 798 8345
3 8346 796 9736
3 798 796 794
3 3810 3806 3805
3 4123 3810 3808
3 3810 4123 3806
3 6146 5325 5596
3 5325 6146 5040
3 6146 6704 5040
3 4392 4385 4391
3 4402 4390 4388
3 4392 4402 4388
3 4386 4388 4376
3 4385 4386 4376
3 4386 4392 4388
3 4392 4386 4385
3 4384 4385 4382
3 4385 4384 4391
3 4112 4113 3804
3 4113 4115 3804
3 4438 4113 4112
3 4111 4112 4376
3 4112 4111 4429
3 4437 4429 4435
3 4437 4112 4429
3 4437 4438 4112
3 4387 3811 4376
3 4390 4421 4387
3 4421 3811 4387
3 3811 4421 4427
3 5323 6419 6703
3 6145 6419 3309
3 4426 4436 4435
3 4426 4111 4376
3 6112 6111 6114
3 6112 6110 6111
3 4769 3304 2141
3 1059 3884 2141
3 3884 4769 2141
3 3884 1059 4187
3 6121 6123 6119
3 6121 6122 6123
3 6120 6121 6119
3 6122 6121 6120
3 5317 5587 4185
3 4174 5317 4185
3 5587 5317 4767
3 5317 6698 4767
3 6128 6130 6129
3 6130 6131 6129
3 6132 6130 6128
3 6131 6130 6132
3 6418 3308 6144
3 4496 3308 6418
3 3308 4496 5593
3 3582 5323 6703
3 3582 6703 6144
3 3582 4191 8343
3 4497 3582 8343
3 3582 4497 5323
3 6419 4497 3309
3 4497 6419 5323
3 5592 4495 8342
3 4189 4495 4494
3 4495 4189 8342
3 4495 6417 4494
3 4190 1061 2143
3 4190 8059 1061
3 8059 5592 8342
3 1061 8059 8342
3 4770 3579 5035
3 4770 5319 3579
3 4110 4393 4377
3 4412 4393 4110
3 4480 4475 4477
3 4488 4771 2142
3 4771 4488 4486
3 4488 4482 4486
3 4377 4398 4401
3 4396 4398 4377
3 4398 3813 4401
3 4397 4396 4395
3 4495 6143 6417
3 9692 9691 9695
3 9692 9694 9693
3 9694 9692 9695
3 9697 9692 9693
3 5556 5290 3861
3 5290 5556 6679
3 8043 9711 9712
3 9713 8043 9712
3 9709 8043 9713
3 8308 5533 8309
3 5532 5533 8308
3 8307 5532 8308
3 5532 8307 5531
3 5531 8307 5530
3 3563 5565 2434
3 3867 3563 2434
3 6926 5298 6685
3 5298 4745 6685
3 5298 3867 4745
3 5565 5013 6926
3 5013 5298 6926
3 5298 5013 3867
3 3563 5013 5565
3 5013 3563 3867
3 4731 4735 4736
3 5011 3865 5296
3 6683 5011 5296
3 1046 3863 9713
3 1046 9715 8323
3 9715 1046 9713
3 2431 1046 8323
3 3863 1046 2431
3 3864 3560 8044
3 3560 3551 8044
3 3555 3552 3864
3 3554 3555 8324
3 2432 3554 8324
3 3549 3554 2432
3 3554 3549 3548
3 2432 3558 5561
3 6923 6682 5561
3 3558 6923 5561
3 4717 4718 4708
3 4718 4724 4708
3 4718 4719 4724
3 4718 4720 4719
3 4720 4718 4717
3 4105 4107 4094
3 4108 4107 4105
3 2136 9420 8334
3 2136 8333 9420
3 8335 2442 2137
3 2122 5581 6938
3 2443 2138 8336
3 6939 6410 5582
3 2444 3575 1057
3 3575 3880 1057
3 6940 3575 5584
3 3575 2444 5584
3 3246 3247 3238
3 3229 3224 5488
3 3239 3247 3248
3 3261 3258 3259
3 3258 3246 3259
3 3246 3258 3247
3 4172 5032 6942
3 5032 3577 6942
3 2140 4181 3882
3 4181 4178 3882
3 3577 4181 2140
3 4181 3577 5032
3 4181 4172 4178
3 4172 4181 5032
3 5315 2139 3881
3 5316 4766 4171
3 4170 5316 4171
3 5316 4170 4177
3 4179 4178 4171
3 4766 4179 4171
3 4178 4179 3882
3 4180 2445 3882
3 4179 4180 3882
3 4180 4179 4766
3 2445 5031 8338
3 5031 4176 8338
3 6343 6338 6346
3 4762 5028 3879
3 4762 2138 5313
3 4762 3879 2138
3 6360 6362 6363
3 6360 6361 6362
3 6359 6360 6363
3 2095 2093 2097
3 2097 2093 2088
3 2118 2117 2111
3 2117 2110 2111
3 5308 4756 3570
3 5512 5518 5509
3 5513 5512 5509
3 5516 5512 5515
3 5512 5513 5515
3 5518 5517 2085
3 5512 5517 5518
3 5517 5512 5516
3 2087 5517 5515
3 5517 5516 5515
3 5507 5504 5505
3 5504 5502 5505
3 5502 5504 5496
3 5504 5506 5496
3 5504 5507 5506
3 5500 5499 5498
3 5499 5497 5498
3 5497 5499 5500
3 5502 5501 5505
3 5501 5502 5496
3 5497 5501 5496
3 3615 1620 1896
3 5922 9760 8085
3 5922 8374 9760
3 8374 5922 6184
3 5925 9451 9762
3 8377 5925 9762
3 5925 6187 9451
3 9451 5638 8376
3 6187 5638 9451
3 5082 5638 6187
3 1290 1576 1578
3 1576 1588 1578
3 1588 2675 1578
3 2675 1588 1592
3 1581 488 489
3 487 488 1581
3 486 2675 1592
3 491 490 502
3 498 491 502
3 1012 1016 1019
3 1014 1012 1015
3 6186 1631 5081
3 4542 5637 5081
3 4542 3349 5637
3 8376 5924 9761
3 5924 8086 9761
3 1023 1024 1011
3 1021 1023 1011
3 1023 1021 1032
3 485 2677 1589
3 2677 2674 1589
3 2674 2677 485
3 1585 1571 1589
3 2674 1585 1589
3 1590 1585 2674
3 1571 1585 1572
3 1572 1585 1582
3 1585 1590 1582
3 2680 1797 2676
3 2680 2678 1797
3 1302 2678 2673
3 2678 1302 1797
3 1797 1302 1570
3 1607 1372 1613
3 1616 3614 6734
3 6734 3614 814
3 3614 1616 1372
3 3614 1895 7279
3 1895 3614 1372
3 1379 1894 6451
3 5921 8373 9183
3 9449 5921 9183
3 5921 9449 8374
3 5635 5921 8374
3 1577 492 1299
3 491 492 1577
3 1622 4539 1621
3 4539 1622 7555
3 1385 5362 7555
3 1622 1385 7555
3 484 1579 489
3 490 484 489
3 1579 484 1575
3 484 2679 1575
3 8083 9448 5920
3 8083 7808 5077
3 7808 3071 5077
3 3071 7808 1618
3 2169 1619 6734
3 1569 1808 1567
3 5630 6980 5074
3 5630 8369 9446
3 6980 5630 9446
3 6979 8080 6178
3 2167 1374 3919
3 1366 1374 1370
3 1374 1893 1370
3 5629 6979 4534
3 5629 812 5915
3 9445 5629 5915
3 6979 5629 9445
3 5359 4812 5917
3 1369 1367 1370
3 1893 1369 1370
3 1369 2475 1375
3 1369 1893 2475
3 1367 1371 1368
3 1371 1369 1375
3 1369 1371 1367
3 1289 1805 1287
3 1804 1805 1289
3 1813 1805 1804
3 1565 1798 1810
3 10539 10537 10538
3 10536 10539 10540
3 10537 10539 10536
3 8296 8295 8294
3 6886 6887 6891
3 6885 6886 8279
3 6885 6887 6886
3 2402 2401 2403
3 2404 2402 2405
3 2402 2403 2405
3 1038 1040 8318
3 1037 1038 8318
3 1039 1037 1036
3 1038 1039 1040
3 1039 1038 1037
3 1040 1039 1044
3 1039 1036 1035
3 5538 8310 8311
3 5540 5538 8311
3 5538 5540 5539
3 5544 5545 6918
3 5546 5544 6918
3 5545 5544 5541
3 5544 5542 5541
3 5542 5544 5543
3 5544 5546 5543
3 2499 2803 2190
3 2803 3096 2190
3 2803 2499 5658
3 3096 2803 5658
3 6758 7830 6476
3 7830 7579 6476
3 7579 7830 6758
3 8682 8394 7007
3 8394 7579 7007
3 8394 8682 6476
3 7579 8394 6476
3 3370 2499 1918
3 3638 3370 1918
3 3370 3638 6758
3 6757 3369 2498
3 5943 3369 6757
3 3369 1917 2498
3 3369 5943 5101
3 1917 3369 2189
3 4264 3648 837
3 3648 1928 837
3 1928 3648 4570
3 7017 8937 8692
3 5953 1928 4570
3 1928 5953 5667
3 203 284 281
3 284 4264 1661
3 284 3648 4264
3 3648 284 4570
3 284 5953 4570
3 7018 6487 6768
3 6487 7018 8693
3 8693 7018 8938
3 4262 7312 5394
3 7312 6214 5394
3 8934 9210 8689
3 10061 8934 9471
3 9210 8934 10061
3 8937 7839 9786
3 6216 3956 282
3 3956 6216 5396
3 3956 1661 837
3 3956 5396 1661
3 1109 567 2198
3 8402 279 7587
3 9472 9211 9785
3 6484 9472 9785
3 10303 8936 9785
3 9212 8936 10303
3 7839 9473 9786
3 566 2197 1926
3 5665 2197 1108
3 2197 566 835
3 5951 7015 7587
3 7015 5951 5394
3 2197 4846 1926
3 4846 2197 5665
3 3104 1415 836
3 207 209 211
3 1659 4262 5394
3 5951 1659 5394
3 1659 5951 5665
3 4262 1659 1108
3 3643 4566 1923
3 10299 9469 9781
3 9469 10298 9781
3 8106 6212 3101
3 6763 4844 7585
3 4844 6763 8400
3 8688 8933 9209
3 9783 10061 9471
3 10061 9783 10576
3 10576 9783 9209
3 9783 8688 9209
3 3376 4844 8400
3 5108 3376 8400
3 4844 3376 1924
3 1924 3376 2809
3 3376 5108 2809
3 5108 8107 7836
3 8107 5108 8400
3 7832 5104 3372
3 7581 1653 7009
3 7581 7009 8684
3 5663 7013 7585
3 4844 5663 7585
3 3644 2195 834
3 1657 3644 834
3 3644 4844 2195
3 3644 5663 4844
3 5663 3644 1657
3 9468 8931 7011
3 9207 9468 9780
3 8931 9468 9207
3 3642 4842 4565
3 4258 3642 2193
3 3950 4258 2193
3 9468 5947 7833
3 7833 10297 5105
3 2202 294 571
3 294 1419 571
3 170 4850 7592
3 293 1931 570
3 3110 1114 2512
3 1114 3110 7318
3 5671 6221 2512
3 5116 2817 5957
3 2817 4574 2203
3 5671 2817 5116
3 174 2817 2203
3 2817 174 5957
3 7593 3384 1932
3 7593 8408 4851
3 3384 7593 4851
3 3652 7593 1932
3 3109 295 2511
3 295 3109 1113
3 5400 4268 173
3 4268 1665 173
3 7593 4268 5400
3 4268 7593 3652
3 1665 4268 840
3 4268 3652 840
3 6490 9477 8696
3 6770 8407 7592
3 8407 6770 6489
3 6489 8695 7843
3 10307 8695 9216
3 7843 8695 10307
3 9217 9790 8941
3 9790 9217 8696
3 9477 9790 8696
3 183 292 5114
3 8695 9476 9216
3 4572 2201 291
3 8112 7019 7591
3 5398 8112 7591
3 1418 3107 289
3 1418 290 2510
3 7316 1663 2510
3 6774 7596 5403
3 4270 2820 1935
3 3387 4270 1935
3 4270 3387 2820
3 5402 6773 8116
3 6773 5402 7023
3 1115 573 3111
3 1115 297 573
3 297 3654 1934
3 7595 3386 1934
3 3654 7595 1934
3 7595 3654 5402
3 7595 5402 8116
3 3386 7595 8116
3 574 298 843
3 7024 6774 5403
3 10310 9219 8943
3 9219 10310 10070
3 9479 5118 2819
3 3386 9479 2819
3 7846 8698 10070
3 8698 9219 10070
3 8698 9792 8943
3 9219 8698 8943
3 5117 1421 4852
3 1935 150 843
3 2206 150 1935
3 1423 2820 8117
3 1423 2206 2820
3 9480 7847 8945
3 3656 1117 1669
3 1117 3656 575
3 1669 1117 843
3 1117 575 843
3 300 576 844
3 575 3113 299
3 3656 3113 575
3 7597 4854 7025
3 4854 3656 1669
3 299 4271 146
3 2821 3388 8118
3 4271 2821 146
3 2821 4271 3388
3 3388 5404 8412
3 5404 6775 8412
3 5404 7597 6775
3 8946 10072 10588
3 2207 844 146
3 844 3965 1670
3 7599 3115 3658
3 577 3115 1938
3 3115 577 3658
3 1938 3115 5676
3 3115 7599 5676
3 4856 6777 5676
3 7599 4856 5676
3 4856 7599 3658
3 8702 8947 9223
3 9796 8702 9223
3 6777 8702 9796
3 7027 8702 6777
3 8115 6772 6491
3 9478 8115 6491
3 3385 2818 163
3 1421 2818 4852
3 163 2818 164
3 2818 1421 164
3 4561 5101 5657
3 4561 3369 5101
3 1406 4838 3946
3 1406 830 2189
3 1406 3946 830
3 4838 1406 5657
3 1406 4561 5657
3 2801 829 2188
3 1405 2801 2188
3 7831 6477 9466
3 6477 8683 9466
3 8683 6477 7008
3 6477 7580 7008
3 3371 7831 5103
3 3371 6759 7831
3 561 3948 4563
3 7831 5945 5103
3 8103 5945 7831
3 4256 561 4563
3 561 1920 10295
3 1920 10296 10295
3 10296 1920 2501
3 4562 3947 560
3 3947 4255 560
3 5387 6207 7008
3 3947 5387 4255
3 6742 5641 9453
3 6190 6742 9453
3 6991 6190 8379
3 6991 5928 7563
3 5928 6991 8379
3 8380 8089 9454
3 8089 5928 9454
3 6989 5368 5926
3 1901 537 2785
3 5929 8380 7564
3 5929 6992 8380
3 1090 6462 5643
3 6462 7816 7564
3 7816 5929 7564
3 5929 7816 6992
3 820 7816 1904
3 7562 8088 5927
3 6990 8088 7562
3 8088 8378 5927
3 3078 539 3621
3 4545 3078 3621
3 3078 7814 8378
3 1298 1005 1003
3 1298 1313 1005
3 1313 481 1005
3 481 482 1005
3 482 481 1315
3 3930 547 545
3 544 3353 546
3 3353 544 2484
3 819 1902 6460
3 2484 819 6460
3 3077 3351 4544
3 3351 3077 534
3 8653 8903 8655
3 8651 8653 8654
3 8653 8655 8654
3 8899 8902 8898
3 8902 8899 8901
3 8904 8902 8901
3 8903 8902 8904
3 6740 5083 4544
3 5083 6740 5639
3 1031 1602 1029
3 1028 1031 1300
3 1031 1029 1300
3 1029 1600 1599
3 1602 1600 1029
3 8906 8903 8905
3 8903 8906 8655
3 8906 8657 8655
3 1317 1323 480
3 1004 1311 1317
3 1319 1311 1316
3 1311 1319 1317
3 1311 1297 1316
3 1311 1004 1297
3 1314 482 1315
3 1297 1314 1312
3 482 1314 1297
3 8861 8860 8862
3 8572 8860 8861
3 8860 8572 8859
3 8860 8581 8862
3 8581 8860 8859
3 8585 8584 8580
3 8853 8857 8569
3 8857 8858 8569
3 8858 8857 8863
3 466 467 468
3 466 1295 472
3 1295 466 465
3 1293 472 1336
3 474 1293 1336
3 1293 466 472
3 466 1293 467
3 468 1293 474
3 467 1293 468
3 477 1330 1335
3 1330 477 1296
3 1295 1333 1334
3 470 1333 1295
3 1334 1333 1335
3 1333 470 1335
3 9455 9190 10559
3 5373 6193 6994
3 821 3625 3933
3 5932 6465 1092
3 1395 2179 8669
3 3083 1395 8669
3 6464 5931 8382
3 2487 1906 8668
3 821 2487 8668
3 5645 1395 3083
3 8093 7820 8672
3 8093 9194 6196
3 9194 8093 8672
3 7820 8384 8672
3 8672 8384 8918
3 8384 9457 8918
3 8384 6996 9457
3 4828 4243 6747
3 4828 1640 4243
3 2490 7295 1909
3 1339 1343 471
3 1344 1343 1339
3 7821 6467 8385
3 1907 2791 822
3 1092 1907 550
3 8879 8878 8877
3 8617 8619 8628
3 8615 8617 8610
3 8617 8618 8619
3 8617 8615 8618
3 8590 8589 8591
3 8589 8588 8591
3 8629 8627 8628
3 8631 8629 8628
3 8621 8624 8622
3 8624 8625 8622
3 8629 8624 8627
3 8624 8629 8625
3 8626 8631 8630
3 8622 8626 8630
3 8625 8626 8622
3 8626 8629 8631
3 8629 8626 8625
3 2797 1097 826
3 1097 3941 826
3 3090 2797 3364
3 9197 9460 8675
3 8925 5098 6472
3 8925 6472 9200
3 9775 8925 9200
3 8925 9463 8679
3 9463 8925 9775
3 5940 3634 8098
3 5099 6755 6473
3 8926 5099 6473
3 5099 6204 5655
3 5099 8926 6204
3 6755 5941 6473
3 6203 8925 8679
3 8925 6203 5098
3 5654 6203 7301
3 6203 5654 5098
3 9463 8391 8679
3 8391 9463 6473
3 5383 3943 7301
3 6203 5383 7301
3 9201 9463 9775
3 8926 9201 10569
3 9201 8926 6473
3 9463 9201 6473
3 9201 10568 10569
3 9201 9775 10568
3 3093 4559 5655
3 2800 4559 3093
3 4559 2800 1099
3 1404 4559 1099
3 7003 7575 8098
3 5940 7575 6472
3 7575 5940 8098
3 1402 4557 3365
3 4557 5653 3091
3 5653 5097 3091
3 6468 5935 7570
3 5935 6468 6749
3 2491 824 3361
3 825 1911 3631
3 1095 1399 3630
3 1399 4831 3630
3 553 6750 3362
3 4831 6750 553
3 1096 3363 825
3 3363 5651 825
3 6751 3363 1096
3 9198 8676 9772
3 554 2184 1912
3 2493 2184 554
3 2184 3940 1912
3 3940 2184 2493
3 9461 7573 9198
3 9461 9773 8923
3 9773 9461 9198
3 8389 9461 8923
3 1645 3632 1912
3 8985 10353 9262
3 10353 8452 9262
3 8452 10353 1707
3 9520 10353 8985
3 4304 8158 2860
3 8158 6259 7888
3 6259 8158 4304
3 7889 8158 7888
3 7355 8158 7889
3 3424 7633 2860
3 3424 8158 7355
3 8158 3424 2860
3 7354 1975 8157
3 3423 7354 8157
3 1975 7354 2555
3 7354 3423 2555
3 10627 3423 1463
3 9834 10627 339
3 10627 1463 339
3 7062 10627 9834
3 4305 1977 2861
3 3147 1464 7355
3 1464 3424 7355
3 3424 1464 9521
3 5758 5755 5751
3 5758 5759 5754
3 5755 5758 5754
3 5759 5757 5760
3 5757 5752 5760
3 5747 5742 5746
3 5747 5745 5742
3 5745 5747 5748
3 5747 5749 5748
3 5749 5747 5746
3 3422 2554 9518
3 1462 3145 6258
3 338 1462 6258
3 1462 338 9833
3 1974 3422 8156
3 1155 1974 8156
3 1705 7631 8983
3 337 1705 8983
3 7631 1705 9518
3 9518 1705 7886
3 8155 2857 7885
3 2553 2857 8155
3 2573 2572 7902
3 3434 4595 4876
3 896 1989 2570
3 630 896 2570
3 896 630 5983
3 7695 7699 7694
3 7695 7698 7699
3 9604 8270 9607
3 8270 9604 8235
3 7697 7975 8549
3 7975 9604 8549
3 9604 7975 8235
3 7971 7693 8229
3 8228 7693 7694
3 7693 8228 8229
3 7693 7695 7694
3 7974 7697 7977
3 7976 7700 7698
3 7700 7976 7977
3 7976 7974 7977
3 8227 8228 8221
3 8228 8227 8229
3 6337 8227 8221
3 8227 6337 8229
3 8224 8223 8220
3 7689 8223 8224
3 7692 7691 7690
3 7691 8225 7690
3 7691 7689 8225
3 7689 7691 7701
3 7691 7692 7701
3 9074 9597 9598
3 9595 9597 9074
3 9597 8550 9598
3 9588 9597 9595
3 9594 9596 9591
3 9594 9595 9596
3 9585 9594 9591
3 9590 9592 9593
3 9590 9589 9592
3 7709 9590 9593
3 8550 7703 7701
3 9599 9600 9598
3 8550 9599 9598
3 9600 9599 8553
3 9599 8550 8553
3 9651 9648 9652
3 9648 9653 9652
3 9648 9651 9649
3 9073 9639 9635
3 9639 9073 9641
3 9626 9628 9629
3 9621 9626 9629
3 9634 9338 9345
3 7131 7135 8539
3 8191 8189 8190
3 8189 8191 8192
3 8193 8191 8190
3 8191 8193 8192
3 8192 8196 8197
3 8193 8196 8192
3 8196 8193 8195
3 7099 8196 8195
3 7098 8196 7099
3 8196 7097 8197
3 8196 7098 7097
3 7086 7087 8198
3 7088 7087 7086
3 7107 7108 7109
3 7107 7098 7101
3 7106 7107 7101
3 7107 7106 7108
3 3430 2256 7896
3 2656 2661 2646
3 7898 4593 4594
3 10128 10368 8999
3 2571 1172 2570
3 2571 8173 1172
3 2571 2570 7902
3 2325 2334 2327
3 2077 4374 2359
3 2077 2334 2343
3 2079 2077 2343
3 2340 2325 2338
3 2340 2079 2343
3 4597 1175 7904
3 1175 4597 1992
3 2579 8175 2578
3 8175 1174 2578
3 8175 356 1174
3 356 8175 8467
3 9538 8175 2579
3 9279 10371 10647
3 10646 9279 10647
3 8177 10131 8176
3 10131 8177 8469
3 2353 2341 2324
3 2341 2353 2361
3 1173 8174 355
3 1173 355 631
3 2574 1173 631
3 8174 1173 2873
3 1173 3435 2873
3 1173 2574 3435
3 2321 2339 2319
3 7903 2575 1478
3 2575 1720 1478
3 1720 2575 7903
3 4373 4371 4370
3 4369 4373 4370
3 7083 7084 8198
3 7082 7083 8198
3 7084 7083 7080
3 7081 7079 7080
3 7083 7081 7080
3 7081 7083 7082
3 7079 7081 7078
3 7081 7077 7078
3 7081 7082 7077
3 344 2560 1980
3 2560 344 7358
3 2560 7358 6262
3 1980 2560 7892
3 2560 6262 7892
3 111 9523 2250
3 10631 8743 10116
3 619 4307 8162
3 1711 1161 8162
3 1161 619 8162
3 619 1161 1711
3 10632 619 1711
3 10632 7636 8456
3 10632 1711 7636
3 9266 9839 8456
3 8744 9839 9266
3 9839 10632 8456
3 5737 5738 5744
3 5737 5736 5738
3 5735 5737 5744
3 5736 5737 5735
3 7064 10115 10355
3 2665 2667 5768
3 2667 2666 5768
3 5753 5762 5761
3 6601 6603 6606
3 6601 6598 6603
3 6607 6605 6606
3 6608 6607 6613
3 6608 6605 6607
3 6605 6608 6604
3 8986 8741 9263
3 10354 8986 9263
3 8741 8986 8453
3 113 10354 9521
3 9522 341 1465
3 10355 341 9522
3 341 4305 1465
3 341 1977 4305
3 8987 341 10355
3 9836 8987 9264
3 8451 10352 8739
3 1706 10352 8984
3 10352 8451 8984
3 7632 114 880
3 114 10352 1706
3 114 7632 8739
3 10352 114 8739
3 5724 5725 5726
3 5723 5724 5726
3 5722 5721 5720
3 5723 5722 5720
3 5722 5723 5726
3 6826 5722 5726
3 5721 5722 6826
3 9519 4303 7887
3 4303 9519 1706
3 7945 7946 7948
3 7944 7946 7945
3 7948 7946 7947
3 7946 7944 7947
3 7929 7935 6585
3 6842 6840 6837
3 6840 6842 6843
3 7931 7934 6837
3 7934 6842 6837
3 6573 6571 6570
3 6825 5715 6826
3 5715 6825 5714
3 6825 6821 5714
3 6825 6826 6827
3 6828 6825 6827
3 5709 5715 5714
3 9540 8178 9002
3 10372 8178 10132
3 8178 10372 9002
3 8178 9854 10132
3 9854 8178 8470
3 8179 10372 10132
3 9854 8179 10132
3 9280 8179 9854
3 8179 9280 10648
3 10372 8179 10648
3 1993 1176 7905
3 634 1176 358
3 1176 634 900
3 1481 1722 2876
3 1480 1992 4878
3 9643 9644 9650
3 9644 9643 9640
3 9644 9351 9650
3 9644 9640 9351
3 9636 9634 9345
3 9347 9636 9345
3 9353 9349 9348
3 9349 9353 9356
3 9356 9353 9355
3 9355 9353 9324
3 8206 8203 8205
3 8206 8207 8203
3 8209 8206 8205
3 8207 8206 8209
3 8207 7679 8210
3 7679 8207 8209
3 7679 7680 8215
3 7680 7679 8209
3 7680 8209 8208
3 7683 7680 8208
3 8217 7680 7683
3 9569 9572 9570
3 9569 7683 9574
3 9572 9569 9574
3 8216 9569 9570
3 7969 7709 7970
3 9571 7969 8216
3 7950 7949 7947
3 7952 7950 7947
3 7949 7953 7951
3 7953 7711 7951
3 7950 7953 7949
3 9079 9667 9669
3 9665 9667 9079
3 9667 9670 9669
3 9667 9668 9670
3 9667 9665 9668
3 9668 9666 9664
3 9666 9665 9664
3 9665 9666 9668
3 9947 9946 9949
3 9946 9945 9949
3 9371 9946 9947
3 9945 9946 9370
3 9946 9371 9370
3 8547 8544 8546
3 7997 7144 8547
3 7993 7997 8539
3 7993 7144 7997
3 7123 7125 7124
3 7129 7125 7128
3 7129 7131 7124
3 7125 7129 7124
3 7122 7123 7124
3 7984 7131 8539
3 7998 7984 8539
3 7118 8533 7115
3 7116 7118 7115
3 7118 7984 8533
3 7118 7116 7117
3 9012 9866 8480
3 8767 9012 8480
3 9867 8767 9013
3 8489 8493 8492
3 8493 8498 8503
3 8493 8503 8502
3 8492 8493 8502
3 8498 8501 8503
3 8501 8505 8503
3 8498 8496 8497
3 8493 8488 8494
3 8488 8493 8489
3 8491 8490 8489
3 8488 8490 8487
3 8490 8488 8489
3 8490 8486 8487
3 8486 8490 8502
3 8490 8491 8502
3 8504 8505 8497
3 8504 8507 8506
3 8505 8504 8506
3 8507 8504 8508
3 8504 8510 8508
3 7983 7981 7980
3 7981 7983 9321
3 7981 8527 7980
3 7997 7995 8539
3 7995 7998 8539
3 7998 7995 7997
3 8481 9013 5992
3 10385 10662 10661
3 9013 648 5992
3 88 648 9013
3 2004 7361 4603
3 7361 2004 371
3 2004 4603 4885
3 2004 3153 5992
3 3153 2004 4885
3 914 2003 4884
3 7361 914 4884
3 2005 7362 4885
3 7362 3153 4885
3 5993 1192 1493
3 1493 1192 4604
3 1192 917 4604
3 9293 9868 10386
3 10653 9550 9552
3 909 8476 366
3 8476 909 92
3 10658 9289 10659
3 368 8477 91
3 9010 8477 368
3 10656 9557 9554
3 9557 10656 10657
3 1185 1488 7359
3 5990 8477 643
3 8477 5990 91
3 1186 2883 368
3 912 2883 3152
3 2883 912 368
3 3152 2883 4883
3 2883 911 4883
3 2883 1186 911
3 9561 9557 9565
3 9557 9561 9560
3 9564 9561 9565
3 9561 9562 9560
3 9562 9561 9564
3 9558 9557 9560
3 9865 10142 8479
3 9865 9290 10142
3 4602 2002 3152
3 2002 912 3152
3 1187 8765 912
3 369 90 8479
3 90 5991 8479
3 5991 1188 8479
3 2003 1188 4884
3 7104 7102 7103
3 7104 7106 7102
3 7105 7104 7103
3 7106 7104 7105
3 364 9546 95
3 9546 8474 95
3 8194 7926 8195
3 7926 7927 8195
3 7926 8194 7922
3 7923 7926 7922
3 7928 7924 9552
3 7924 10653 9552
3 7924 7923 10653
3 10652 9006 9859
3 10652 7923 7919
3 9284 10652 7919
3 9924 9926 9923
3 9922 9924 9923
3 9926 9924 9925
3 9924 9921 9925
3 9924 9922 9921
3 2006 7363 3154
3 651 2006 3154
3 374 2006 651
3 919 1193 4886
3 919 85 1193
3 2007 919 4886
3 375 919 2007
3 919 375 85
3 9872 10150 10666
3 10150 10667 10666
3 10150 10389 10667
3 9296 10150 9872
3 10150 9296 10389
3 6270 3156 4887
3 7365 3156 6270
3 2008 4605 4887
3 3155 2007 4605
3 2010 924 4606
3 1263 994 736
3 1263 1260 994
3 1260 2915 2916
3 927 928 7366
3 2944 978 2928
3 10391 9874 9298
3 10152 10391 9298
3 10391 10152 9874
3 10390 10667 9873
3 10667 10390 10668
3 2879 1997 4881
3 2879 1726 1997
3 10135 9283 7914
3 9857 10135 7914
3 10135 10375 9283
3 10135 9857 9005
3 10375 10135 9005
3 1484 96 2878
3 1180 1484 2878
3 1726 1181 1997
3 363 1181 1726
3 1996 4599 2878
3 4599 4880 2878
3 4599 1996 1179
3 4880 4599 4879
3 8850 8848 8847
3 8852 8850 8847
3 8848 8850 8851
3 8850 8852 8851
3 8584 8582 8580
3 8582 8873 8581
3 8582 8584 8873
3 8574 8581 8859
3 8574 8859 8851
3 8852 8574 8851
3 8865 8868 8870
3 7199 7202 7205
3 7193 7201 7195
3 7192 7193 7195
3 7193 7192 7191
3 7216 7211 7205
3 7211 7208 7205
3 7217 7211 7216
3 7208 7211 7210
3 7210 7211 7214
3 7211 7217 7214
3 7205 7207 7188
3 7208 7207 7205
3 7207 7210 7188
3 7207 7208 7210
3 7478 7479 7485
3 7452 7454 7438
3 7449 7440 7439
3 7440 7449 7446
3 7448 7436 7438
3 7454 7448 7438
3 7436 7448 7439
3 7212 7210 7214
3 7213 7212 7214
3 7226 7219 7227
3 7226 7232 7230
3 7225 7226 7230
3 7224 7226 7225
3 7215 7218 7216
3 7219 7218 7215
3 7173 7186 7168
3 7192 7190 7191
3 7157 7162 7168
3 7150 7164 7151
3 711 712 720
3 688 9038 687
3 2038 685 687
3 685 688 687
3 688 685 686
3 2037 685 2038
3 685 405 686
3 405 685 2037
3 2039 7669 682
3 7669 7670 7671
3 7675 7676 9037
3 7674 7675 9037
3 7676 7678 9037
3 7678 9038 9037
3 720 718 722
3 718 717 722
3 713 716 714
3 6310 6308 6309
3 6312 6310 6309
3 6310 6312 6311
3 6308 6310 6307
3 6310 6311 6307
3 1743 6288 4619
3 6300 6301 6302
3 6300 6298 6301
3 6298 6300 6299
3 8785 6300 6302
3 6300 8785 6299
3 3174 6010 4619
3 3485 3495 3484
3 3489 3495 3487
3 3489 3490 3496
3 51 7665 50
3 7665 51 54
3 51 56 54
3 2047 2044 2051
3 2043 2047 2045
3 2047 2043 2040
3 10169 9032 10409
3 2046 2043 2045
3 2043 2046 2040
3 25 18 2054
3 28 25 2054
3 8 11 18
3 11 8 1
3 24 26 2054
3 3464 3466 3465
3 6293 6297 7662
3 6293 6292 6294
3 4145 4143 4142
3 4144 4143 4145
3 4104 4140 4142
3 4780 3586 799
3 6953 3314 6150
3 4781 3314 6953
3 3314 5045 6150
3 3314 4781 5045
3 3893 5600 2147
3 3893 4781 6953
3 4781 3893 2147
3 4471 4469 4147
3 4101 2668 4098
3 2668 4101 4099
3 754 4101 4098
3 4101 754 4099
3 7764 7762 7763
3 9136 9135 9134
3 800 2455 4199
3 9431 5889 9738
3 5889 800 9738
3 5889 9431 8349
3 5889 2455 800
3 8064 5889 8349
3 2455 5889 3895
3 5889 5888 3895
3 5889 8064 5603
3 5882 5880 5881
3 2683 750 3222
3 4149 4151 4150
3 5601 5330 2454
3 5888 3316 3895
3 6152 5331 4199
3 4102 753 748
3 4098 4102 748
3 4100 4102 4098
3 753 2684 752
3 2684 2681 752
3 2684 4100 2681
3 4102 2684 753
3 2684 4102 4100
3 6710 6153 6426
3 6153 6710 5047
3 5877 5880 5876
3 5877 5879 5880
3 5877 5876 5878
3 5879 5877 5878
3 4458 4129 4455
3 4461 4458 4455
3 4463 4458 4461
3 4119 4124 4125
3 4124 4126 4125
3 4124 4119 4117
3 4126 4124 4117
3 4120 4117 4122
3 4126 4120 4122
3 4120 4126 4117
3 7209 7212 7213
3 7212 7209 7210
3 7210 7209 7188
3 7502 7222 7234
3 7234 7222 7230
3 7222 7225 7230
3 7222 7224 7225
3 7222 7209 7213
3 5622 2469 4527
3 1821 2695 2688
3 2695 2689 2688
3 2695 2693 2689
3 5352 6974 5910
3 9441 5909 7544
3 5909 9441 9751
3 6973 5909 809
3 809 4528 7800
3 4528 6443 7800
3 6443 4528 6726
3 7248 7245 7249
3 7243 7245 7248
3 7249 7245 7244
3 7245 7243 7244
3 9172 9171 9170
3 2382 2388 2384
3 2388 3000 2384
3 7255 7256 7254
3 2383 2388 2382
3 3008 3009 2993
3 4801 8074 5348
3 4216 4801 5348
3 4801 4216 8074
3 3019 3015 3021
3 3015 3019 2687
3 2691 2690 2687
3 3019 2691 2687
3 3022 3019 3021
3 3020 3022 3023
3 2691 3022 3020
3 3022 2691 3019
3 8363 5908 9750
3 5622 5908 8363
3 5908 5622 4527
3 5907 9173 9750
3 9440 9749 9173
3 3603 7266 5348
3 3603 6723 7266
3 8078 3064 5626
3 5627 5913 8367
3 8365 5624 5910
3 5352 5624 6444
3 5624 5352 5910
3 6975 5911 810
3 2710 2709 2726
3 2709 2710 1819
3 2711 2710 2712
3 2710 2711 1819
3 5912 8366 5626
3 8366 5912 9443
3 5912 7547 9443
3 5625 5911 9443
3 7547 5625 9443
3 2697 2699 2692
3 2700 2704 1307
3 2703 2700 1307
3 2704 2700 2726
3 2700 2703 2726
3 2704 2702 1820
3 2705 2702 2704
3 2709 2708 2726
3 1817 2708 2709
3 1069 5610 4514
3 3901 5610 2460
3 5610 8354 2460
3 5610 1069 8354
3 5338 1069 4514
3 1069 5338 5896
3 2755 5054 6159
3 2755 3901 2460
3 5054 2755 2460
3 8354 8068 2460
3 7528 9153 9152
3 7528 9154 9153
3 7528 7529 9154
3 9435 804 8355
3 1070 804 9435
3 8069 8356 5898
3 8356 8069 1070
3 5899 8356 9436
3 8357 5899 9436
3 805 5899 8357
3 5899 805 4210
3 2762 5899 4210
3 5893 8351 802
3 5893 802 8066
3 782 786 785
3 786 788 785
3 3590 6956 3896
3 6427 5048 4508
3 8350 1066 9739
3 1066 8349 9739
3 801 4201 4508
3 4201 801 5891
3 4201 6427 4508
3 4201 6154 6427
3 7239 7238 7236
3 7238 7235 7236
3 7235 7240 7233
3 7234 7240 7241
3 7233 7240 7234
3 7240 7242 7241
3 7240 7239 7242
3 7240 7238 7239
3 7231 7228 7227
3 7228 7231 7232
3 7228 7226 7227
3 7226 7228 7232
3 8070 805 8357
3 1071 8070 8357
3 9167 5902 806
3 5902 9169 8359
3 9169 5902 9168
3 5902 9167 9168
3 8071 9167 806
3 5616 5902 8359
3 5902 5616 4521
3 1849 1848 1858
3 1868 1863 1858
3 1863 1868 3039
3 1863 1849 1858
3 1853 1851 1857
3 2390 2971 2953
3 2971 2972 2953
3 5843 7755 7756
3 5840 7755 5843
3 5835 5836 5834
3 5835 5840 5836
3 6097 5828 6098
3 5861 5862 5864
3 5862 5863 5864
3 7773 7775 7517
3 7775 7776 7777
3 9141 9143 9142
3 9143 9141 7506
3 7510 7509 9142
3 7508 7509 9145
3 7509 7513 9145
3 7514 9146 9145
3 7515 7514 9145
3 7514 7515 9146
3 7519 7520 9147
3 7519 9146 7518
3 9146 7519 9147
3 7519 7521 7520
3 7522 7521 7518
3 7521 7519 7518
3 7520 9150 9147
3 9150 9149 9147
3 9149 9150 9152
3 4206 803 5896
3 9434 803 8353
3 5896 803 9434
3 803 8067 8353
3 8067 803 5609
3 7761 9136 7763
3 7762 7761 7763
3 7768 7770 7769
3 9143 7768 7769
3 7768 7506 9140
3 7768 9143 7506
3 7768 7767 7770
3 7767 7768 9140
3 7721 7722 7728
3 7724 7722 6863
3 7719 7721 7718
3 7714 7719 7715
3 6054 6055 6053
3 7732 6054 6053
3 7740 7739 6070
3 7738 7739 7740
3 6070 7739 7737
3 7739 7738 7737
3 5774 5780 5779
3 5774 5772 5780
3 5772 5774 7731
3 6059 5774 5779
3 6056 5774 6059
3 5772 5778 5780
3 5783 5778 5788
3 5778 5786 5788
3 5786 5778 5776
3 5805 5800 5804
3 6078 5805 5804
3 6085 6080 6084
3 5819 6085 6084
3 6091 5821 5819
3 5820 5821 6091
3 5821 6085 5819
3 6085 5821 5820
3 5824 6096 6095
3 5828 5827 6098
3 5827 5825 6098
3 5826 5827 5828
3 5827 5826 5825
3 7744 7747 7746
3 9126 9125 9124
3 9125 7747 7744
3 10260 10258 10255
3 10240 10238 10239
3 10237 10238 10240
3 10238 10237 10232
3 10238 10236 10239
3 10238 10232 10236
3 870 604 8975
3 10102 10342 10617
3 10342 8147 10617
3 9509 1453 6523
3 4296 9509 6523
3 9509 4296 5697
3 5697 4296 1965
3 8147 6804 7877
3 6804 9509 7877
3 6809 6529 6808
3 6809 6810 6529
3 6530 6527 6528
3 4078 4077 4073
3 4077 4078 4080
3 4063 4072 4055
3 4072 4077 4055
3 4072 4063 4073
3 4077 4072 4073
3 4077 4074 4055
3 4074 4054 4055
3 4074 4077 4088
3 4065 4062 4053
3 4078 4062 4080
3 4062 4063 4053
3 4063 4062 4073
3 4062 4078 4073
3 4080 4082 4087
3 3692 4296 6523
3 7053 3692 6523
3 4058 4088 3802
3 3502 4058 3802
3 4058 4074 4088
3 4074 4058 4054
3 4069 4056 4052
3 4069 3502 3503
3 4056 4069 3503
3 2849 6522 3138
3 6250 8146 6522
3 8729 123 603
3 123 2235 603
3 603 2235 7623
3 2235 2544 7623
3 2544 2235 1452
3 6805 4297 3415
3 4297 3139 3415
3 9510 4297 6805
3 8976 122 6806
3 1966 9824 3415
3 3139 1966 3415
3 329 1966 3139
3 3712 3710 3739
3 3417 6253 3998
3 3995 1455 9511
3 1455 2547 2238
3 1455 3995 2547
3 9253 8977 6808
3 8977 6809 6808
3 6809 8977 8732
3 3996 10619 10104
3 6807 8443 330
3 10618 9825 3994
3 9825 10618 3416
3 8148 10343 3994
3 10343 10618 3994
3 10618 10343 10103
3 10343 7878 10103
3 10343 8148 7878
3 7625 1147 3994
3 9825 7625 3994
3 7625 9825 1699
3 7625 1699 8731
3 1147 7625 8731
3 4042 4045 4071
3 4043 4042 4071
3 4042 4032 4045
3 6831 6832 6566
3 6832 6833 6566
3 6833 6832 6831
3 6835 6833 6834
3 6836 6835 6834
3 6835 6836 6833
3 4041 4043 4071
3 4039 4041 4071
3 4041 4039 4033
3 7346 5696 1452
3 327 7346 8974
3 6249 9507 8145
3 3413 6249 8145
3 8727 601 1695
3 10339 10613 10614
3 3990 2847 1695
3 7875 10099 10614
3 6520 10099 7875
3 10099 10339 10614
3 10339 10099 6520
3 3684 1143 2847
3 1143 3684 8439
3 326 8439 7051
3 1963 326 7051
3 4047 4030 3736
3 8973 1451 2234
3 4051 4047 4090
3 4051 4090 4091
3 4051 4036 4034
3 3504 4047 4046
3 4047 3504 4090
3 4048 3504 4046
3 3504 4048 4089
3 4090 3504 4089
3 6824 6829 6823
3 6825 6824 6821
3 6824 6825 6828
3 6550 6551 6552
3 6551 6829 6569
3 6829 6551 6547
3 6551 6550 6547
3 6551 6568 6552
3 6547 6546 6823
3 6546 6542 6823
3 6550 6546 6547
3 6542 6541 6823
3 6819 6541 6540
3 5444 5225 5446
3 5451 5444 5182
3 5444 5175 5182
3 5175 5444 5446
3 10084 10599 10324
3 9234 8958 10325
3 7869 10093 10608
3 10093 10333 10608
3 7870 10094 10609
3 10094 10334 10609
3 7869 6515 9501
3 10334 6515 7869
3 8433 320 862
3 8137 6513 10332
3 10333 10092 10607
3 7868 10092 10333
3 10607 10092 10332
3 5221 5200 5222
3 6554 5221 5222
3 5206 5205 5207
3 5215 5206 5207
3 5205 5206 5201
3 5206 5215 5201
3 9500 9814 7868
3 10092 9814 10332
3 9814 10092 7868
3 10611 10335 10609
3 10335 8140 7870
3 5176 5179 5174
3 5443 5451 5182
3 9237 7863 10087
3 1441 5974 2838
3 8134 9238 10329
3 7042 9497 2838
3 9497 7042 6511
3 5974 7042 2838
3 6511 9811 7865
3 9811 6792 10329
3 10089 9811 10329
3 9811 10089 7865
3 5176 5180 5179
3 5475 5471 5185
3 9496 2837 7041
3 5181 4023 5185
3 5208 5218 5203
3 5208 5217 5218
3 5217 5208 5211
3 6793 8718 9239
3 8718 8135 9239
3 8135 8718 8963
3 8964 8719 2534
3 8719 8964 9240
3 7866 10331 9240
3 8964 7866 9240
3 7866 8964 6512
3 10331 7866 10090
3 7866 6512 9812
3 7866 10330 10090
3 7866 9812 10330
3 593 5975 2534
3 2825 1121 3117
3 2211 579 1121
3 2825 2211 1121
3 2211 2825 1428
3 2211 1428 4580
3 5408 8416 7852
3 8416 5408 7325
3 5409 7853 8951
3 5169 5442 5167
3 5441 5442 5169
3 848 304 580
3 8952 5410 7854
3 10319 10079 10594
3 10319 10593 10318
3 10079 10319 10320
3 10593 10319 10078
3 10319 10318 10586
3 10320 10319 10586
3 10319 8952 10078
3 6230 8418 7854
3 8418 9800 7854
3 9800 8418 6500
3 5679 6781 6500
3 9486 6781 5679
3 6781 9800 6500
3 5134 5135 5136
3 10320 9229 8953
3 10081 10596 10321
3 9489 9803 8421
3 2210 4274 3968
3 1427 4274 2210
3 4274 8121 3968
3 8121 4274 1427
3 578 1427 2210
3 2824 578 1120
3 578 2824 1427
3 5406 3390 7323
3 1940 3660 7601
3 3660 1940 847
3 1673 3660 847
3 3660 6228 7601
3 6228 3660 7029
3 3660 1673 7029
3 9484 6779 7029
3 6779 6228 7029
3 6228 5123 7601
3 5123 8416 7325
3 3392 5123 7325
3 5123 1940 7601
3 1940 5123 3392
3 7851 5407 8415
3 8121 5407 7851
3 5407 2824 5677
3 5407 8121 1427
3 2824 5407 1427
3 8121 5963 3968
3 5963 8121 7029
3 1673 5963 7029
3 1550 1548 1549
3 1557 1550 1549
3 1546 1544 1542
3 1545 1546 1542
3 1537 1536 1538
3 6277 389 667
3 3440 1728 4610
3 4894 3440 4610
3 4893 3440 4894
3 4893 4610 4892
3 4893 4894 4610
3 388 1729 7650
3 1519 1520 1527
3 4896 4893 4892
3 4897 4896 4892
3 4896 4897 4898
3 7371 6000 72
3 4896 6000 7371
3 1729 6000 4898
3 6000 4896 4898
3 1497 1500 7648
3 6275 1497 7648
3 3439 75 663
3 6275 75 3439
3 75 6275 7648
3 385 75 7648
3 663 75 385
3 1497 386 1500
3 3161 3439 4891
3 3161 4891 4610
3 1728 3161 4610
3 7374 6279 3443
3 1732 6279 7374
3 6002 6279 1732
3 4929 4930 4931
3 4935 4936 2068
3 4925 4924 4931
3 3446 6281 4614
3 6281 3446 6004
3 1734 64 674
3 1734 6281 64
3 3167 3446 4614
3 3446 3167 7376
3 7380 62 8776
3 62 7382 8776
3 62 7378 7382
3 1735 62 7380
3 62 1735 7376
3 3446 1735 6004
3 1735 3446 7376
3 10155 9303 9304
3 10671 10155 9304
3 10154 10155 10671
3 1215 1218 1217
3 3437 383 3159
3 10157 10675 10674
3 10157 10396 10675
3 10157 1218 10396
3 9880 10397 10675
3 10396 9880 10675
3 10397 9880 10158
3 10158 9880 385
3 9880 662 385
3 662 9880 7647
3 9880 10396 7647
3 76 384 7647
3 384 5998 7647
3 5998 384 76
3 6274 3438 3160
3 5998 3438 6274
3 4609 3438 4890
3 3438 4609 3160
3 3438 76 4890
3 3438 5998 76
3 7395 7394 10681
3 10681 7394 7389
3 7394 7391 7389
3 7391 7394 7393
3 8790 7403 7397
3 8811 8809 8814
3 8826 8811 8814
3 8811 8810 9896
3 8798 8811 9896
3 8811 8826 8813
3 8810 8811 8813
3 8799 8800 8809
3 8811 8799 8809
3 8799 8811 8798
3 8800 8799 7410
3 9897 9896 9898
3 8797 9897 9898
3 9897 9895 9896
3 4903 4902 4899
3 4902 4903 3441
3 6277 4902 3441
3 1729 4902 667
3 4902 6277 667
3 665 3440 6276
3 10160 10161 10678
3 10161 10160 9883
3 10399 10160 10678
3 10160 10399 9883
3 8522 9312 9313
3 8522 8521 9312
3 9314 8522 9313
3 8521 8522 9315
3 8522 9314 9315
3 4889 4607 4888
3 1199 4607 657
3 5996 4607 1199
3 1198 931 929
3 81 932 656
3 930 1198 656
3 932 930 656
3 930 931 1198
3 2011 6271 3157
3 2011 3157 4888
3 6271 2011 656
3 4607 2011 4888
3 2011 4607 5996
3 2011 81 656
3 81 2011 5996
3 979 993 987
3 10153 10392 10670
3 988 991 990
3 988 982 991
3 659 3436 5997
3 3436 3158 4889
3 3158 4607 4889
3 10692 10691 10173
3 10692 10693 10691
3 6006 1737 3448
3 678 1737 6006
3 1737 2013 3448
3 1737 678 2013
3 2014 3169 4616
3 2014 6284 3169
3 1738 2014 4616
3 2014 1738 7658
3 8779 2014 7658
3 6284 2014 8779
3 5795 6072 6071
3 6072 5794 5793
3 6072 5795 5794
3 3808 3807 3805
3 3807 3810 3805
3 4445 4123 3808
3 2145 795 4500
3 2145 2451 797
3 795 2145 797
3 4115 4447 4442
3 4445 4116 4448
3 4116 4445 3808
3 4116 3808 3804
3 4115 4116 3804
3 4499 2451 5596
3 5325 4499 5596
3 2451 4499 8344
3 4499 4193 8344
3 4193 4499 5040
3 4499 5325 5040
3 4402 4420 4390
3 4421 4420 4425
3 4420 4421 4390
3 4383 4384 4382
3 4384 4389 4391
3 4383 4389 4384
3 4439 4113 4438
3 5039 6145 3309
3 9427 8060 8343
3 1062 8060 9427
3 4422 3811 4427
3 4427 4423 4425
3 4423 4421 4425
3 4421 4423 4427
3 4429 4428 4435
3 4428 4426 4435
3 4111 4428 4429
3 4426 4428 4111
3 6113 6114 6115
3 6113 6112 6114
3 6112 6113 6110
3 6116 6113 6115
3 6110 6113 6116
3 2446 3883 5033
3 3883 4768 5033
3 5318 3578 2141
3 3578 8057 2141
3 8057 3578 8339
3 6133 6131 6132
3 5034 3304 4769
3 5589 3884 4187
3 5319 5589 4187
3 3292 6139 3293
3 3225 3226 3251
3 3275 3271 3267
3 3271 3275 3276
3 3888 6948 5593
3 4191 3888 8343
3 2449 4496 2143
3 4496 2449 5593
3 2449 3888 5593
3 2449 2143 8343
3 3888 2449 8343
3 3582 5038 4191
3 5038 3582 6144
3 3308 5038 6144
3 6948 5038 5593
3 5038 3308 5593
3 4417 4420 4402
3 4417 4402 4392
3 5322 5037 4773
3 4190 5322 4773
3 5322 6143 5037
3 5322 4496 6418
3 4496 5322 2143
3 5322 4190 2143
3 8059 3581 5592
3 5037 3581 4773
3 4770 6700 5319
3 3886 2448 4189
3 3307 4493 4189
3 4377 4378 4382
3 4378 4394 4382
3 4400 4393 4412
3 4393 4400 4394
3 6416 4483 6701
3 4397 4406 4396
3 4398 4406 3813
3 4406 4398 4396
3 6143 6947 5037
3 3581 6947 5592
3 6947 3581 5037
3 6947 4495 5592
3 6947 6143 4495
3 5556 6920 6679
3 6679 6920 9703
3 6920 5556 3861
3 9711 2430 8322
3 2430 1045 8322
3 2430 5557 1045
3 3535 3541 3534
3 3534 3541 3533
3 3551 3541 3543
3 3524 3525 3511
3 3508 3522 3511
3 4737 4739 4736
3 4735 4737 4736
3 4739 4737 4738
3 4730 4735 4731
3 4730 4731 4723
3 4730 4729 4732
3 4720 4730 4723
3 4730 4727 4729
3 4730 4720 4727
3 3550 3560 3864
3 3552 3550 3864
3 3553 3552 3555
3 3553 3554 3548
3 3554 3553 3555
3 5294 3553 3548
3 3552 3553 5294
3 4665 4661 4660
3 4661 4663 4945
3 4728 4996 4997
3 4722 4728 4727
3 4717 4722 4727
3 4722 4996 4728
3 3559 3556 2432
3 3556 3558 2432
3 5010 3556 3559
3 6407 6936 6693
3 2136 2441 8333
3 4106 4108 4105
3 3878 5312 5027
3 2137 3878 5027
3 2442 3878 2137
3 4761 2122 6938
3 6409 4761 6938
3 4761 6409 5312
3 3246 3260 3259
3 3245 3260 3246
3 3260 3261 3259
3 3245 3240 3243
3 3240 3245 3234
3 3234 3236 3232
3 3245 3236 3234
3 3232 3236 3238
3 3224 3228 3227
3 3229 3228 3224
3 3250 3229 3249
3 3250 3228 3229
3 3228 3250 3227
3 3250 3251 3227
3 3251 3250 3252
3 3264 3249 3248
3 3233 3239 4109
3 3239 3233 3247
3 3233 4109 3238
3 3247 3233 3238
3 3249 3230 3248
3 3230 3239 3248
3 3239 3230 4109
3 4109 3230 5488
3 3230 3229 5488
3 4184 2140 4185
3 4184 3577 2140
3 5587 4184 4185
3 4164 4160 4159
3 4765 5585 3576
3 4176 4765 3576
3 6941 4765 4176
3 5315 5030 2139
3 5030 4764 5584
3 2139 5030 5584
3 5316 5586 4766
3 4180 5586 2445
3 5586 4180 4766
3 5586 5316 4177
3 5031 5586 4177
3 5586 5031 2445
3 4170 4169 4177
3 4169 5031 4177
3 6347 6345 6346
3 6345 6347 6342
3 6340 6341 6342
3 6338 6341 6340
3 6343 6341 6338
3 6364 6362 6365
3 6362 6364 6363
3 6381 6372 6374
3 6349 6346 6867
3 6347 6353 6355
3 6353 6354 6355
3 6354 6353 6352
3 5517 2086 2085
3 2086 5517 2087
3 5501 5503 5505
3 5503 5501 5497
3 5503 5500 5505
3 5503 5497 5500
3 7557 5922 8085
3 5922 6985 6184
3 5925 6988 6187
3 6988 1389 4235
3 7813 8377 5639
3 7813 6740 6458
3 6740 7813 5639
3 3620 1389 6458
3 3351 3620 4544
3 6740 3620 6458
3 3620 6740 4544
3 3620 3351 534
3 533 3620 534
3 6739 5638 5082
3 1576 1583 1588
3 1588 1583 1592
3 1583 1576 1290
3 1580 491 1577
3 1580 1577 1575
3 2679 1580 1575
3 491 1580 490
3 1017 1020 1019
3 1016 1017 1019
3 1018 1014 1015
3 1014 1018 1020
3 1014 1013 1012
3 1013 1014 1020
3 1017 1013 1020
3 1013 1016 1012
3 1013 1017 1016
3 7811 8085 8375
3 3926 2481 1899
3 1024 1025 1011
3 1025 1027 1011
3 1025 1594 1596
3 1027 1025 1596
3 1030 1597 1028
3 1027 1030 1028
3 1030 1027 1596
3 3349 3075 1899
3 4542 3075 3349
3 1631 3075 5081
3 3075 4542 5081
3 5638 7559 8376
3 7559 5924 8376
3 6739 7559 5638
3 7559 6739 6457
3 5924 7559 8086
3 6987 7559 6457
3 7559 6987 8086
3 486 1591 485
3 1591 2674 485
3 1591 1590 2674
3 1591 486 1592
3 1583 1591 1592
3 1573 2673 1586
3 1573 1302 2673
3 1573 1584 1574
3 1584 1573 1586
3 1290 1573 1574
3 1302 1573 1570
3 10547 1895 1372
3 5361 7554 814
3 7554 5361 5919
3 4229 3614 7279
3 5361 4229 6181
3 3614 4229 814
3 4229 5361 814
3 10547 7807 1895
3 1895 1384 7279
3 1384 6982 7279
3 6982 1384 6452
3 7807 1384 1895
3 6733 1379 6451
3 1379 1377 1612
3 1377 1373 1612
3 5360 1082 7553
3 5632 3921 7553
3 1624 3347 1626
3 7556 5635 1386
3 7556 5921 5635
3 497 491 498
3 497 492 491
3 492 495 494
3 500 495 492
3 492 493 1299
3 493 492 494
3 4539 2170 1621
3 5634 4539 7555
3 4539 5634 5078
3 5920 5634 7555
3 5634 5920 8373
3 5078 5634 8373
3 6735 1622 1620
3 6735 1385 1622
3 3615 6735 1620
3 1385 6735 5362
3 5362 6983 5920
3 6983 8083 5920
3 1619 3345 1618
3 3345 3071 1618
3 5633 8083 5077
3 5633 8372 8083
3 5633 7554 5919
3 8372 5633 5919
3 1812 1569 1565
3 1812 1808 1569
3 2671 1812 1565
3 1893 6732 2475
3 6450 2167 3919
3 5630 6450 3919
3 6450 5630 5074
3 7551 5630 3919
3 8080 4811 6178
3 4226 4811 8080
3 7805 7276 6178
3 4811 7805 6178
3 7805 4811 4226
3 812 6731 2474
3 6979 3341 4534
3 3067 3341 6979
3 5073 6979 6178
3 5073 3067 6979
3 1610 1611 1609
3 1611 1376 1609
3 3343 1376 7806
3 1376 3343 1894
3 5631 813 8081
3 2777 813 7806
3 7552 5917 8081
3 7552 5359 5917
3 5359 7552 3920
3 813 7552 8081
3 7552 2777 3920
3 7552 813 2777
3 7277 5359 3920
3 7277 1371 1375
3 1371 7277 1368
3 1802 1303 1287
3 1807 1301 1287
3 1301 1802 1287
3 1802 1301 1807
3 2720 2723 2722
3 2717 2720 1807
3 2723 2720 2724
3 2720 2717 2724
3 2719 1813 2718
3 2719 2717 1813
3 2717 2719 2724
3 1309 1805 1813
3 1309 2717 1807
3 2717 1309 1813
3 1309 1807 1287
3 1805 1309 1287
3 8292 6897 6895
3 6897 6896 6895
3 8295 6897 8294
3 6897 8295 6896
3 8293 8296 8294
3 6897 8293 8294
3 8293 6897 8292
3 8296 8293 8291
3 8293 8292 8291
3 8292 8290 8291
3 8290 6895 8288
3 8290 8292 6895
3 8298 8295 8296
3 8300 8298 8297
3 8298 8296 8297
3 6888 6889 6891
3 6887 6888 6891
3 6888 6885 6889
3 6885 6888 6887
3 8282 8283 8284
3 6885 8282 6889
3 6890 8282 8284
3 8282 6890 6889
3 8310 5536 8309
3 5536 8308 8309
3 8308 5536 5534
3 5102 3370 6758
3 5102 6758 8102
3 5944 5102 8102
3 5102 5944 5658
3 2499 5102 5658
3 3370 5102 2499
3 6486 7017 8692
3 7018 8111 8938
3 8111 9474 8938
3 7837 8108 5109
3 2506 4262 1108
3 2506 4568 1414
3 7312 2506 1414
3 2506 2197 835
3 2197 2506 1108
3 3103 2506 835
3 2506 3103 4568
3 2505 1107 565
3 1924 2505 565
3 3102 2505 1924
3 2505 3102 4567
3 5664 4261 5393
3 1107 4261 565
3 3645 5950 4845
3 5664 5950 3645
3 5111 7839 282
3 3956 7314 282
3 7314 3956 837
3 5395 7313 6215
3 7313 5395 3955
3 7313 8109 6215
3 6765 8402 7587
3 8402 6765 6484
3 9472 8690 9211
3 9211 8690 8935
3 8691 9212 9786
3 9473 8691 9786
3 8691 8936 9212
3 8403 9473 7839
3 1415 2507 836
3 2507 7313 3955
3 7313 2507 1415
3 2507 3647 836
3 4846 3378 1926
3 3378 566 1926
3 3646 5665 1108
3 1659 3646 1108
3 3646 1659 5665
3 1105 10057 4565
3 10298 7583 7011
3 7583 4842 7011
3 4842 7583 4565
3 8686 8931 9781
3 10298 8686 9781
3 8931 8686 7011
3 8686 10298 7011
3 9782 9208 10575
3 9208 10299 10575
3 8106 7835 6212
3 5107 3101 2808
3 5107 8106 3101
3 5107 2808 3375
3 8399 5107 3375
3 8106 5107 8399
3 222 239 221
3 222 242 239
3 10060 9783 6482
3 9783 10060 8688
3 2192 10296 2501
3 1409 2192 2501
3 5104 2805 3372
3 1920 2805 2501
3 2805 1920 3372
3 8396 7832 3372
3 7832 8396 9467
3 1920 1103 3372
3 1103 8396 3372
3 8396 1103 7581
3 1103 1920 561
3 4260 5663 1657
3 3952 4260 564
3 564 4260 834
3 4260 1657 834
3 5663 5392 7013
3 5392 6212 7013
3 6212 5392 5949
3 5949 5392 3952
3 5392 4260 3952
3 4260 5392 5663
3 1655 4842 3642
3 4258 1655 3642
3 1655 4258 4842
3 4842 5390 7011
3 5390 4258 3950
3 4258 5390 4842
3 6210 9468 7011
3 6210 5947 9468
3 5390 6210 7011
3 5661 1410 5947
3 1410 5661 3950
3 5947 1410 7833
3 1410 10297 7833
3 2502 1410 2193
3 1410 3950 2193
3 2816 294 2202
3 3383 2816 2202
3 3651 170 1931
3 293 3651 1931
3 3651 4850 170
3 3961 6221 7318
3 3110 3961 7318
3 6221 3961 2512
3 3961 3110 2512
3 2817 1420 4574
3 1420 2817 5671
3 1420 5671 2512
3 2203 1420 2512
3 4574 1420 2203
3 8114 6771 8408
3 7593 8114 8408
3 1665 3960 5400
3 3960 1665 1113
3 3109 3960 1113
3 3959 1664 570
3 5399 4850 1664
3 4850 5399 7592
3 8940 9789 10582
3 9789 8940 9216
3 9476 9789 9216
3 7020 182 6219
3 9476 7020 6219
3 3382 5955 291
3 6769 8406 7591
3 8406 6769 6488
3 5669 4572 291
3 5955 5669 291
3 292 2815 5114
3 2815 5669 5114
3 5669 2815 4572
3 2201 2815 292
3 4572 2815 2201
3 4266 1663 5398
3 3650 4266 7591
3 4266 5398 7591
3 4266 3650 2510
3 1663 4266 2510
3 3107 1111 569
3 1418 1111 3107
3 569 1111 2510
3 1111 1418 2510
3 4849 6218 5398
3 4849 7316 6218
3 1663 4849 5398
3 7316 4849 1663
3 6218 3958 290
3 7316 3958 6218
3 290 3958 2510
3 3958 7316 2510
3 3387 8411 8117
3 7596 8411 3387
3 8411 7596 6774
3 8411 9480 8117
3 9480 8411 7847
3 6493 8411 6774
3 6492 6773 9792
3 8698 6492 9792
3 6492 8698 7846
3 6773 6492 8116
3 1115 1667 297
3 1667 3654 297
3 3655 4576 298
3 298 4576 1935
3 4576 3387 1935
3 4576 7596 3387
3 7024 4853 6223
3 5118 1422 2819
3 1422 842 2819
3 1422 2205 842
3 3963 5118 6223
3 8410 3386 8116
3 8410 9479 3386
3 9479 8410 7846
3 6492 8410 8116
3 8410 6492 7846
3 8944 10070 10586
3 10311 8944 10586
3 8944 10311 9220
3 8699 8944 9220
3 159 158 269
3 573 2513 3111
3 2204 2513 573
3 1421 5958 2204
3 5958 2513 2204
3 2513 5958 5672
3 5117 5958 1421
3 5958 5117 5672
3 4854 6224 7025
3 6224 4854 1669
3 2515 150 2206
3 1423 2515 2206
3 150 2515 843
3 6494 7848 8412
3 6775 6494 8412
3 3657 844 1670
3 3657 300 844
3 5675 3657 1670
3 7598 3657 5675
3 4854 7321 3656
3 7321 4854 7597
3 4577 1424 8118
3 1424 2821 8118
3 2821 1424 146
3 1424 2207 146
3 2207 1424 4577
3 6225 3965 4577
3 6225 4577 8118
3 2207 2516 844
3 2516 3965 844
3 2516 2207 4577
3 3965 2516 4577
3 4856 5121 6777
3 5121 7027 6777
3 5121 4856 3658
3 8702 9482 8947
3 7027 9482 8702
3 8409 8115 9478
3 6772 7594 5401
3 8115 7594 6772
3 7594 4269 5401
3 1933 7594 162
3 7594 1933 4269
3 3095 1406 2189
3 1406 3095 4561
3 829 3094 4837
3 2801 3094 829
3 4560 2801 1405
3 4560 5656 4837
3 4560 1405 5656
3 3094 4560 4837
3 4560 3094 2801
3 6477 8395 7580
3 8395 6759 7580
3 8395 6477 7831
3 6759 8395 7831
3 2500 3371 5103
3 1919 2500 2191
3 3371 2500 1919
3 7306 8103 6208
3 7306 5945 8103
3 7306 4840 3948
3 3948 4840 4563
3 4840 4256 4563
3 1653 5388 7009
3 4256 5388 1653
3 4840 5388 4256
3 5388 6208 7009
3 5388 7306 6208
3 5388 4840 7306
3 4839 3947 4562
3 1407 4839 4562
3 4839 1407 5658
3 546 3622 545
3 3622 3930 545
3 547 2787 1903
3 1903 2787 7563
3 2787 6991 7563
3 5928 5642 7563
3 8089 5642 5928
3 6992 6191 8380
3 6191 8089 8380
3 6989 1390 1088
3 1901 4236 1088
3 4236 1901 2785
3 4236 2785 7286
3 5368 4236 7286
3 538 1901 536
3 1901 538 537
3 535 538 536
3 538 535 537
3 8912 820 1904
3 4237 6990 2786
3 4237 2786 542
3 3078 540 539
3 3353 4546 546
3 1902 2175 541
3 819 2175 1902
3 2175 544 541
3 544 2175 2484
3 2175 819 2484
3 8650 8652 8651
3 8652 8653 8651
3 8653 8652 8903
3 8652 8902 8903
3 8652 8650 8898
3 8902 8652 8898
3 1031 1598 1602
3 1597 1598 1028
3 1598 1031 1028
3 8657 8907 8658
3 8906 8907 8657
3 1320 479 1318
3 2788 548 1904
3 548 2788 1090
3 7816 2788 1904
3 1090 2788 6462
3 2788 7816 6462
3 8914 9455 8915
3 8914 5643 7564
3 8914 7564 9190
3 9455 8914 9190
3 8667 1091 8668
3 9455 9766 8915
3 9766 10559 10560
3 9766 9455 10559
3 1905 8667 8666
3 1905 1091 8667
3 1905 2789 1091
3 8878 8875 8877
3 8873 8871 8581
3 8871 8875 8872
3 8875 8871 8873
3 8581 8871 8862
3 8871 8866 8862
3 8877 8876 8608
3 8876 8590 8608
3 8875 8876 8877
3 8876 8875 8873
3 8586 8585 8590
3 8586 8584 8585
3 8876 8586 8590
3 8584 8586 8873
3 8586 8876 8873
3 8856 8857 8853
3 8856 8572 8861
3 8857 8856 8861
3 1329 1330 1296
3 1329 1332 1330
3 1332 1329 1296
3 1332 1328 1331
3 1328 1332 1296
3 1296 1292 464
3 477 1292 1296
3 469 470 464
3 5373 6745 6193
3 3625 6745 3933
3 6745 5373 3933
3 3626 1639 1092
3 1639 5932 1092
3 6465 8383 8092
3 8917 8383 8671
3 8383 9457 8092
3 9457 8383 9193
3 8383 8917 9193
3 7566 6994 8382
3 5931 7566 8382
3 7566 5931 6994
3 1638 821 3933
3 1638 2487 821
3 1638 4241 2487
3 8091 5931 6464
3 2487 8091 6464
3 4241 8091 2487
3 5931 8091 6994
3 8091 4241 6994
3 1906 3357 8669
3 7294 3936 1397
3 7294 8093 6196
3 8093 7294 1397
3 3936 551 1397
3 3085 8093 1397
3 3085 551 1908
3 5933 6747 6996
3 5933 4828 6747
3 4828 5933 1640
3 1640 5933 3359
3 1349 1352 1347
3 1348 1343 1344
3 6197 7821 8385
3 8673 6197 8385
3 6197 9195 7570
3 6197 8673 9195
3 3086 2490 2793
3 2490 3086 7295
3 5648 3360 6467
3 7821 5648 6467
3 6197 5648 7821
3 5934 6748 6997
3 3360 5934 6467
3 9458 8673 8385
3 8673 9458 9195
3 2791 2488 3358
3 1907 2488 2791
3 3358 2488 1092
3 2488 1907 1092
3 8874 8878 8879
3 8874 8879 8870
3 8875 8874 8872
3 8874 8875 8878
3 8868 8874 8870
3 8627 8623 8628
3 8624 8623 8627
3 8623 8624 8621
3 8620 8623 8621
3 8620 8617 8628
3 8623 8620 8628
3 8620 8612 8617
3 8612 8621 8608
3 8612 8620 8621
3 8575 8583 8578
3 8583 8580 8578
3 8583 8585 8580
3 8583 8575 8561
3 8588 8583 8561
3 6201 7825 8389
3 7299 1097 2797
3 3090 7299 2797
3 7299 3090 7825
3 6201 7299 7825
3 3941 7299 5381
3 1097 7299 3941
3 3941 1646 2494
3 1646 1913 2494
3 1646 4249 1913
3 1646 3941 5381
3 4249 1646 5381
3 1913 2185 555
3 4249 2185 1913
3 3633 4249 5939
3 6753 3633 5939
3 2185 3633 555
3 3633 2185 4249
3 3633 3365 555
3 7825 5652 5096
3 3090 5652 7825
3 5652 3364 5096
3 5652 3090 3364
3 3943 2799 7301
3 1098 5940 2186
3 5940 1098 3634
3 1098 2186 1914
3 3634 1098 1914
3 5099 3367 6755
3 3367 5941 6755
3 3367 1404 2187
3 3367 2187 1915
3 5941 3367 1915
3 8391 8099 7004
3 8099 5383 7004
3 5383 7827 7004
3 7827 5383 6203
3 7827 8391 7004
3 7827 6203 8679
3 8391 7827 8679
3 4251 8099 5941
3 4559 4836 5655
3 4836 4559 1404
3 4836 5099 5655
3 3367 4836 1404
3 4836 3367 5099
3 3938 1095 1910
3 7296 3938 1910
3 5093 3087 3361
3 3087 2491 3361
3 3087 5093 5649
3 7822 3087 5649
3 7296 3087 7822
3 3087 7296 1910
3 8387 8921 8675
3 1400 6751 1096
3 6751 1400 4832
3 9460 6469 7572
3 5937 6751 4832
3 6469 5937 7572
3 5937 6469 6751
3 3363 5095 5651
3 5095 3363 6751
3 6469 5095 6751
3 7573 7001 9198
3 7001 8676 9198
3 5095 7824 5651
3 7824 5095 6469
3 9461 6470 7573
3 6752 6470 5096
3 6470 8389 5096
3 6470 9461 8389
3 3940 4248 1912
3 4248 1645 1912
3 4248 3940 5380
3 1645 4248 5380
3 3632 4556 3364
3 5938 7001 7573
3 6470 5938 7573
3 5938 6470 6752
3 1645 5938 3632
3 5938 6752 3632
3 5938 1645 5380
3 7001 5938 5380
3 10353 2247 1707
3 2247 10353 9520
3 2247 6259 1707
3 2247 9520 7888
3 6259 2247 7888
3 1157 4304 2860
3 8452 8740 9262
3 9835 7633 7063
3 9835 8740 10113
3 8740 9835 9262
3 9263 9835 7063
3 340 3424 9521
3 3424 340 7633
3 7633 340 7063
3 340 10354 7063
3 10354 340 9521
3 3423 1156 2555
3 10627 1156 3423
3 10112 7062 8739
3 10112 10627 7062
3 10112 1156 10627
3 8159 3147 7889
3 10114 9836 8453
3 113 10114 10354
3 8986 10114 8453
3 10114 8986 10354
3 10114 10629 9836
3 5752 5756 5751
3 5756 5758 5751
3 5757 5756 5752
3 5758 5756 5759
3 5756 5757 5759
3 2245 2554 879
3 115 2245 879
3 2554 2245 9518
3 2245 7631 9518
3 2245 115 7631
3 10351 8450 7631
3 115 10351 7631
3 8450 10351 8738
3 10351 115 8738
3 613 1974 1155
3 613 115 879
3 115 613 8738
3 10111 1155 3145
3 10111 10626 1155
3 1462 10111 3145
3 10111 1462 9833
3 10626 10111 9833
3 7061 10626 9833
3 613 7061 8738
3 10626 7061 1155
3 7061 613 1155
3 4302 6257 7886
3 1705 4302 7886
3 8173 1477 7644
3 1477 2572 7644
3 2571 1477 8173
3 2572 1477 7902
3 1477 2571 7902
3 9606 9604 9607
3 9604 9606 9605
3 9629 9606 9607
3 9605 9606 9629
3 9604 9603 8549
3 9603 9604 9605
3 9603 9602 8549
3 9602 9603 9605
3 8248 8235 8236
3 7973 7975 7697
3 7975 8230 8235
3 7972 7971 8229
3 7972 7974 7971
3 6337 7972 8229
3 7974 7972 7697
3 7972 7973 7697
3 7973 7972 6337
3 7696 7693 7971
3 7693 7696 7695
3 7974 7696 7971
3 7976 7696 7974
3 7695 7696 7698
3 7696 7976 7698
3 9577 7702 9574
3 7704 9577 9578
3 9594 8551 9595
3 7703 9579 9578
3 9577 7684 9578
3 7683 7684 9574
3 7684 9577 9574
3 7684 7683 8208
3 9647 9648 9646
3 9655 9647 9650
3 9647 9655 9653
3 9648 9647 9653
3 9647 9646 9641
3 9647 9643 9650
3 9643 9647 9641
3 9646 9642 9641
3 9642 9649 9635
3 9639 9642 9635
3 9642 9639 9641
3 7979 7131 7132
3 7979 7135 7131
3 7089 7088 8197
3 7089 8197 7096
3 7094 7095 7093
3 7095 7094 7096
3 7090 7087 7088
3 7089 7090 7088
3 7090 7093 8198
3 7087 7090 8198
3 2868 3430 4593
3 2868 349 3430
3 6265 2867 7896
3 1984 6265 7896
3 1166 2256 3430
3 349 1166 3430
3 7898 3431 4593
3 4595 3433 4594
3 3433 7900 4594
3 9848 10126 10642
3 2339 2342 2338
3 2079 2342 2339
3 2342 2340 2338
3 2340 2342 2079
3 2332 2334 2325
3 2340 2332 2325
3 2334 2332 2343
3 2332 2340 2343
3 633 1721 357
3 899 1721 633
3 1721 899 7904
3 1175 1721 7904
3 101 356 5984
3 101 2577 356
3 1720 2576 5984
3 2576 1720 7903
3 2576 101 5984
3 101 2576 2577
3 2576 898 2577
3 898 7903 1991
3 898 2576 7903
3 356 632 1174
3 2577 632 356
3 898 632 2577
3 1174 632 1991
3 632 898 1991
3 9278 10370 10646
3 2344 2353 2324
3 4591 4307 2863
3 4591 7891 7892
3 8162 4591 7892
3 4307 4591 8162
3 111 10356 9523
3 10356 10631 10116
3 10631 10356 111
3 885 4307 619
3 10632 885 619
3 2863 885 1467
3 4307 885 2863
3 885 9524 1467
3 9524 885 10632
3 8989 10117 10632
3 342 8454 1709
3 8454 342 9837
3 10115 8742 10355
3 8454 8742 10115
3 2558 342 1709
3 2558 3148 8160
3 2558 8160 7890
3 8457 10634 9267
3 8458 7067 346
3 7894 2865 6263
3 7067 2865 346
3 5765 5753 5766
3 5765 5762 5753
3 5767 5765 5766
3 5765 5767 5764
3 6602 6601 6606
3 6605 6602 6606
3 6595 6594 6591
3 6594 6595 6598
3 6603 6595 6591
3 6598 6595 6603
3 6600 6605 6604
3 6600 6593 6599
3 6593 6600 6604
3 6602 6600 6599
3 6600 6602 6605
3 6609 6608 6613
3 6608 6596 6604
3 6596 6593 6604
3 6609 6596 6608
3 6596 6609 6611
3 6596 6611 6610
3 6836 6596 6566
3 6590 6836 6565
3 6590 6596 6836
3 6596 6590 6593
3 6591 6590 6565
3 6594 6590 6591
3 6593 6590 6599
3 2248 1464 3147
3 1464 2248 9521
3 2248 113 9521
3 616 8159 1158
3 10629 616 1158
3 616 10114 113
3 616 10629 10114
3 7634 8987 9836
3 8987 7634 341
3 10629 7634 9836
3 1977 7634 2861
3 341 7634 1977
3 617 883 3148
3 3148 7356 8160
3 883 7356 3148
3 7356 3425 7890
3 8160 7356 7890
3 7356 2249 3425
3 7356 883 2249
3 2246 114 1706
3 9519 2246 1706
3 114 2246 880
3 2246 2859 880
3 2859 2246 7887
3 2246 9519 7887
3 3420 10348 8153
3 10348 2551 8153
3 1703 2242 2551
3 6541 6820 6823
3 6820 6541 6819
3 335 4301 7884
3 4301 8153 7884
3 10624 10109 1460
3 10109 10624 8154
3 10109 3421 1460
3 3144 3421 7885
3 3421 8154 7885
3 3421 10109 8154
3 6856 6852 6853
3 7932 7934 7931
3 7930 7935 7933
3 7932 7930 7933
3 7935 7930 6585
3 6574 6576 6569
3 6580 6582 6585
3 6572 6571 6573
3 6580 6572 6582
3 6571 6572 6574
3 6572 6580 6574
3 5713 5709 5714
3 3421 9831 1460
3 9831 3421 3144
3 635 901 2876
3 901 1481 2876
3 2875 1480 4878
3 1480 2875 900
3 7905 2875 4878
3 1176 2875 7905
3 2875 1176 900
3 1480 99 5985
3 634 99 900
3 99 1480 900
3 2584 5985 8176
3 7994 8244 8533
3 7984 7994 8533
3 9344 9353 9348
3 9346 9347 9345
3 9344 9346 9343
3 9347 9346 9348
3 9346 9344 9348
3 9347 9350 9352
3 9352 9350 9357
3 9350 9349 9357
3 9349 9350 9348
3 9350 9347 9348
3 9638 9347 9352
3 9638 9636 9347
3 9638 9352 9351
3 9636 9638 9634
3 9640 9638 9351
3 9634 9638 9640
3 9633 9634 9637
3 7679 7681 8210
3 8216 7681 8215
3 7681 7679 8215
3 8218 8217 7683
3 9569 8218 7683
3 7680 8218 8215
3 8218 7680 8217
3 8218 8216 8215
3 8218 9569 8216
3 7989 7706 9585
3 7985 7989 7707
3 7681 7682 8210
3 7682 7681 8216
3 7969 7682 8216
3 7682 7969 8214
3 7966 7967 7970
3 7967 7966 7965
3 7967 7965 8212
3 8214 7967 8212
3 9572 9573 9570
3 9573 9571 9570
3 7708 7985 7707
3 7708 9590 7709
3 9590 7708 9589
3 7711 7959 7710
3 8535 7142 7141
3 8528 7129 7128
3 7131 8528 7132
3 7129 8528 7131
3 7125 7126 7128
3 7126 7127 7128
3 7126 7125 7123
3 7127 7126 7123
3 7121 7122 7124
3 7122 7121 7120
3 7131 7121 7124
3 7984 7119 7131
3 7118 7119 7984
3 7119 7121 7131
3 7121 7119 7120
3 7120 7119 7117
3 7119 7118 7117
3 9867 10144 8767
3 10144 9012 8767
3 10384 10144 10661
3 9012 10144 9866
3 9291 10144 10384
3 10144 9291 9866
3 8495 8493 8494
3 8493 8495 8498
3 8496 8495 8494
3 8495 8496 8498
3 8499 8498 8497
3 8505 8499 8497
3 10146 9293 10662
3 10385 10146 10662
3 10146 9868 9293
3 915 88 371
3 2004 915 371
3 915 648 88
3 915 2004 648
3 648 1190 5992
3 1190 2004 5992
3 2004 1190 648
3 1189 7361 1491
3 1189 914 7361
3 914 1189 89
3 917 87 2005
3 87 917 373
3 372 8481 5992
3 971 962 1221
3 962 976 975
3 976 962 971
3 650 5993 1493
3 8769 9868 9014
3 8769 8482 8483
3 8485 9015 9294
3 9015 10387 9294
3 10147 9869 9294
3 9869 8485 9294
3 9869 10147 10386
3 967 970 974
3 970 967 973
3 2000 1488 92
3 2000 909 4601
3 909 2000 92
3 2000 4601 4882
3 1488 2000 7359
3 2882 2000 4882
3 2000 2882 7359
3 909 2881 4601
3 4601 2881 1999
3 9550 9551 9552
3 9551 9553 9552
3 9553 9551 9554
3 9551 10656 9554
3 908 5989 365
3 5989 908 1999
3 8765 9864 9010
3 9864 8765 10142
3 8477 367 643
3 367 8477 8764
3 367 1185 643
3 1185 367 1488
3 1488 367 92
3 10141 8477 9010
3 10141 10658 10657
3 10141 9289 10658
3 910 5990 643
3 5990 910 2882
3 1185 910 643
3 2882 910 7359
3 910 1185 7359
3 2001 2882 4883
3 2001 5990 2882
3 911 2001 4883
3 1489 2001 911
3 5990 2001 91
3 91 2001 644
3 2001 1489 644
3 9562 9559 9560
3 9559 9558 9560
3 9559 9562 9563
3 9555 9559 7928
3 9558 9559 9555
3 9559 7927 7928
3 9556 9558 9555
3 9558 9556 9557
3 9556 9555 9554
3 9557 9556 9554
3 1188 8766 8479
3 8765 645 369
3 1187 645 8765
3 2002 7360 912
3 7360 1187 912
3 645 7360 2002
3 7360 645 1187
3 2884 2002 4602
3 2884 4602 4884
3 370 1188 2003
3 914 370 2003
3 370 914 89
3 370 8766 1188
3 370 89 8480
3 8766 370 8480
3 94 1183 365
3 9549 9551 9550
3 10377 10653 10137
3 10377 9860 10653
3 9860 8762 10138
3 8762 9547 10138
3 8762 94 9547
3 94 8762 9546
3 7925 7926 7923
3 7924 7925 7923
3 7926 7925 7927
3 7927 7925 7928
3 7925 7924 7928
3 9285 9859 10137
3 9285 10652 9859
3 10653 9285 10137
3 7923 9285 10653
3 10652 9285 7923
3 10652 10376 9006
3 10376 10652 9284
3 9858 10376 10136
3 10376 9284 10136
3 972 971 1221
3 972 1243 2072
3 9870 9015 8770
3 9015 9870 10387
3 10387 9870 10148
3 2900 1226 959
3 1226 2900 1232
3 2900 2901 1232
3 1255 1254 2914
3 2912 1254 1256
3 377 2009 1196
3 2009 7365 1196
3 2009 3156 7365
3 2008 7364 4605
3 7364 3155 4605
3 920 7364 376
3 7364 920 3155
3 1233 1226 1232
3 7364 1195 376
3 1195 7364 2008
3 1229 2903 2904
3 1197 2010 925
3 924 1197 925
3 1197 924 2010
3 5995 378 923
3 5995 6270 4606
3 5995 923 6270
3 924 5995 4606
3 378 5995 924
3 2926 978 738
3 978 2926 2928
3 1282 1272 735
3 737 1282 735
3 1272 1271 735
3 1271 1254 1255
3 1263 1264 1260
3 379 7366 929
3 379 927 7366
3 10151 9297 10668
3 10390 10151 10668
3 10151 10390 9297
3 10390 9018 9297
3 9018 10390 9873
3 1726 1485 5988
3 2879 1485 1726
3 1485 906 5988
3 1485 2879 906
3 4600 2879 4881
3 2879 4600 906
3 4600 640 906
3 4600 1182 640
3 1998 4600 4881
3 1182 4600 1998
3 1482 1723 98
3 902 1723 1482
3 1723 902 7907
3 2877 7907 4879
3 1995 2877 4879
3 10374 7912 7913
3 9281 10134 10374
3 10134 7912 10374
3 638 1180 362
3 638 1484 1180
3 96 638 362
3 1484 638 96
3 639 363 1997
3 1181 639 1997
3 639 1181 363
3 8576 8582 8581
3 8574 8576 8581
3 8869 8868 8866
3 8869 8871 8872
3 8871 8869 8866
3 8874 8869 8872
3 8869 8874 8868
3 8868 8864 8866
3 8857 8864 8863
3 8864 8865 8863
3 8864 8868 8865
3 8864 8857 8861
3 8864 8861 8862
3 8866 8864 8862
3 7196 7202 7199
3 7206 7215 7205
3 7201 7194 7197
3 7193 7194 7201
3 7197 7194 7198
3 7194 7193 7191
3 7190 7194 7191
3 7435 7450 7438
3 7450 7452 7438
3 7457 7448 7454
3 7447 7449 7439
3 7448 7447 7439
3 7460 7459 7465
3 7226 7223 7221
3 7223 7226 7224
3 7223 7217 7221
3 7217 7223 7214
3 7223 7213 7214
3 7223 7222 7213
3 7222 7223 7224
3 7220 7226 7221
3 7226 7220 7219
3 7220 7218 7219
3 7217 7220 7221
3 7220 7217 7216
3 7218 7220 7216
3 7163 7173 7168
3 7162 7163 7168
3 7173 7163 7172
3 7155 7156 7157
3 7156 7162 7157
3 7156 7149 7148
3 7167 6862 7198
3 7167 7145 6862
3 710 708 711
3 694 405 2037
3 719 712 714
3 712 719 720
3 716 719 714
3 2037 2035 6014
3 2035 2037 2038
3 2030 2029 6014
3 2031 2030 6014
3 688 691 9038
3 2028 3179 1750
3 3179 2028 4622
3 2028 6013 4622
3 7668 7670 7669
3 7668 2028 1750
3 2039 7668 7669
3 2028 7668 2039
3 7675 7673 7676
3 7673 7675 7674
3 9038 684 687
3 7678 684 9038
3 2030 684 2029
3 718 715 717
3 713 715 716
3 715 719 716
3 715 718 720
3 719 715 720
3 717 724 722
3 706 715 713
3 712 706 714
3 706 713 714
3 715 706 717
3 733 2066 2067
3 6317 6315 6314
3 6316 6315 6317
3 6314 6315 6313
3 6313 6315 6318
3 6315 6316 6318
3 3486 3487 3488
3 3486 3485 3487
3 3495 3486 3488
3 3485 3486 3495
3 49 44 42
3 50 49 9033
3 43 49 50
3 44 49 43
3 39 37 2053
3 36 39 2053
3 39 36 37
3 40 36 2053
3 36 40 38
3 2041 2048 2051
3 2048 2050 2051
3 2050 2048 2041
3 5 6 4
3 10 6 5
3 9 8 18
3 8 9 5
3 17 26 24
3 32 17 24
3 23 32 22
3 20 23 22
3 23 20 32
3 6296 6293 6294
3 6293 6296 6297
3 6295 6296 6294
3 6298 6296 6295
3 6297 6296 6298
3 3477 3479 3480
3 3475 3474 3472
3 3474 3473 3472
3 6289 3173 6288
3 4141 4140 4104
3 4140 4470 4142
3 4141 4470 4140
3 2452 796 8346
3 4196 2146 8346
3 2146 2452 8346
3 2452 2146 4779
3 3586 5599 799
3 4196 5599 3892
3 799 5599 8346
3 5599 4196 8346
3 3313 3586 4780
3 6149 3313 4780
3 5044 6149 4780
3 4503 5329 6707
3 5600 4197 1064
3 4503 4197 5329
3 1064 4197 8347
3 3893 3587 5600
3 3587 4197 5600
3 4197 3587 5329
3 3587 3893 6953
3 3587 6953 6150
3 5329 3587 6150
3 7765 7764 7771
3 7764 7765 7762
3 2455 4506 4199
3 4506 6152 4199
3 6152 4506 6955
3 5888 4784 5047
3 5889 4784 5888
3 4784 5889 5603
3 4784 6153 5047
3 5602 800 4199
3 5331 5602 4199
3 5602 5331 4783
3 800 5602 1065
3 750 751 2682
3 751 749 2681
3 2682 751 2681
3 749 751 752
3 4103 2682 3222
3 750 4103 3222
3 4103 750 2682
3 4469 4148 4147
3 4198 2454 8063
3 3588 4782 6151
3 5330 3588 6151
3 5601 3588 5330
3 3588 4198 4782
3 3588 5601 2454
3 4198 3588 2454
3 5331 5887 4783
3 5886 5887 6709
3 6152 5887 5331
3 779 778 776
3 779 776 780
3 5332 6153 4507
3 6153 5332 6426
3 5326 3891 6147
3 6705 5326 6147
3 5326 6705 4500
3 4778 5042 6147
3 3891 4778 6147
3 5042 4778 4195
3 8061 3891 1063
3 798 8061 1063
3 8061 798 794
3 8061 4778 3891
3 4778 8061 4195
3 8061 796 4195
3 796 8061 794
3 7479 7480 7485
3 7480 6068 7485
3 7209 6068 7465
3 7501 7500 7498
3 7493 7500 7497
3 9442 8364 9751
3 8364 5909 9751
3 5910 8364 9442
3 5351 809 7800
3 5351 6973 809
3 6443 5351 7800
3 5909 4219 7544
3 5909 5623 809
3 5623 4528 809
3 8364 5623 5909
3 2969 2954 2952
3 5902 5060 806
3 7261 3329 7262
3 2995 2990 2384
3 3000 2995 2384
3 2991 2992 3006
3 8361 4216 6970
3 4216 8361 8074
3 9749 8361 9172
3 8361 9439 9172
3 8361 5905 9439
3 9439 9748 9172
3 9748 9171 9172
3 7256 7257 7254
3 7257 7256 7258
3 2383 2385 2388
3 2385 2391 2388
3 2385 2383 2381
3 2391 2385 2381
3 7256 7259 7258
3 3007 3008 2993
3 3604 6441 5349
3 5907 3604 5349
3 7267 3604 6724
3 3604 7267 6441
3 5908 8075 9750
3 8075 5907 9750
3 1076 8075 5908
3 9440 5906 9749
3 5906 8361 9749
3 8361 5906 8074
3 8362 6971 1075
3 8362 5906 9440
3 5907 8362 9173
3 8362 9440 9173
3 4802 5907 5349
3 3333 7267 2160
3 7267 3333 6441
3 6971 3058 1075
3 8074 3910 5348
3 3910 3603 5348
3 3064 4531 5626
3 5627 6977 5913
3 6977 811 5913
3 5628 8368 5072
3 8368 9445 5915
3 8079 8368 5628
3 8368 8079 5914
3 8368 9178 9445
3 8368 5914 9178
3 5624 4529 6444
3 7801 4529 5624
3 4529 7801 6444
3 2772 3337 7271
3 3337 6445 7271
3 2164 6174 7272
3 5354 3608 7272
3 6174 5354 7272
3 5911 8077 810
3 5625 8077 5911
3 2696 2703 1307
3 6974 4220 4805
3 4220 2771 4805
3 2771 4220 3336
3 4220 5352 3336
3 4220 6974 5352
3 2470 1888 7270
3 7270 1888 3336
3 1888 2771 3336
3 1888 2470 4805
3 2771 1888 4805
3 2702 2706 1820
3 2706 1817 1820
3 2706 2708 1817
3 3901 2754 4514
3 2754 5338 4514
3 2153 3901 4514
3 5610 2153 4514
3 2153 5610 3901
3 4790 4206 5896
3 5338 4790 5896
3 2743 2755 2744
3 5054 2758 6159
3 2758 5054 2460
3 8355 5897 9743
3 5897 8354 9743
3 5897 8068 8354
3 4792 3902 8355
3 7525 7528 9152
3 9150 7525 9152
3 6963 804 1070
3 3326 2762 4210
3 5893 4203 8351
3 4203 3320 6958
3 4203 5335 3320
3 4203 5893 5335
3 3319 5334 6428
3 6712 3319 6428
3 5334 3319 793
3 4509 5605 6957
3 3319 2457 793
3 2150 5605 8065
3 793 2150 8065
3 5048 5604 4508
3 5604 801 4508
3 3590 2456 4785
3 2456 5048 4785
3 2456 5604 5048
3 5890 3590 3896
3 5890 2456 3590
3 2456 5890 5604
3 5604 5890 801
3 801 5890 8350
3 5890 1066 8350
3 6154 5333 3318
3 4201 5333 6154
3 3318 5333 5891
3 5333 4201 5891
3 7238 7237 7235
3 7237 7240 7235
3 7240 7237 7238
3 4795 1071 5900
3 6965 8070 1071
3 805 6965 4210
3 8070 6965 805
3 8071 9166 9167
3 9167 9166 9437
3 3040 1863 3039
3 5850 5853 5851
3 5848 5850 5851
3 5850 5848 5849
3 5841 7753 7754
3 9129 7750 7749
3 7752 5833 7753
3 5833 7752 7750
3 7752 5835 5834
3 7749 7752 5834
3 7750 7752 7749
3 5853 5855 5851
3 7507 7509 7508
3 7507 9141 9142
3 7509 7507 9142
3 7507 5862 5861
3 5863 7507 7508
3 7507 5863 5862
3 7775 7779 7517
3 7774 7773 7772
3 7774 7775 7773
3 7776 7774 7772
3 7775 7774 7776
3 7516 7515 9145
3 7513 7516 9145
3 7516 7513 7517
3 7516 7517 7518
3 7515 7516 7518
3 9144 7773 7517
3 8067 2459 5895
3 5895 1068 9433
3 1068 8352 9433
3 774 775 785
3 9151 9150 7520
3 7521 9151 7520
3 9151 7522 7523
3 9151 7521 7522
3 7757 9135 9136
3 7761 7757 9136
3 9135 7757 7756
3 7757 5843 7756
3 7760 7757 7761
3 7726 7722 7724
3 7725 7726 7724
3 7726 7725 7729
3 7720 7714 6863
3 7722 7720 6863
3 7720 7722 7721
3 7720 7719 7714
3 7719 7720 7721
3 7716 7717 7718
3 7717 7719 7718
3 7717 7716 7715
3 7719 7717 7715
3 6057 6054 6056
3 7734 6057 6060
3 6057 5781 6060
3 7733 6054 7732
3 6054 7733 6056
3 7733 7732 7731
3 5774 7733 7731
3 7733 5774 6056
3 5778 5782 5780
3 5782 5778 5783
3 5782 5784 5780
3 5784 5782 5783
3 5773 5772 7723
3 5773 5777 5776
3 6083 5820 6087
3 6085 6083 6080
3 6083 6085 5820
3 6096 6090 6093
3 5824 6090 6096
3 5824 5823 6086
3 5823 5818 6086
3 5818 5823 5825
3 5825 5823 6095
3 5823 5824 6095
3 6097 5829 5828
3 5829 5826 5828
3 7748 7749 7746
3 7747 7748 7746
3 7742 7740 6070
3 7740 7742 7741
3 7742 9125 7744
3 7742 7743 7741
3 7742 7744 7743
3 10258 10256 10255
3 10256 10258 10257
3 10255 10256 10254
3 10256 10257 10254
3 10257 10259 10261
3 10258 10259 10257
3 10259 10260 10261
3 10259 10258 10260
3 5698 1453 9509
3 6804 5698 9509
3 8444 6809 8732
3 6532 6533 6534
3 6533 6535 6534
3 6539 6540 6552
3 6535 6539 6534
3 4086 3801 4087
3 4086 4068 3801
3 4082 4086 4087
3 4086 4082 4065
3 6524 9251 8975
3 4076 4082 4080
3 4062 4076 4080
3 4076 4062 4065
3 4054 4050 3737
3 4058 4050 4054
3 4050 4049 3737
3 4050 4058 4049
3 4069 4066 3502
3 4066 4069 4052
3 4066 4058 3502
3 4049 4066 4052
3 4058 4066 4049
3 2849 1697 1145
3 8441 1697 3138
3 1697 2849 3138
3 3992 1145 7623
3 8146 3992 7623
3 6250 3992 8146
3 4032 3716 4045
3 3716 4049 4052
3 8729 9250 123
3 869 2235 123
3 2235 869 1452
3 2546 4297 9510
3 3696 3705 3708
3 3699 3696 3708
3 3696 3699 3697
3 8730 604 1146
3 1698 8730 1146
3 9512 3417 7880
3 9512 6253 3417
3 121 8977 9253
3 121 1455 2238
3 330 7348 2851
3 8443 7348 330
3 1699 7348 8443
3 4038 4042 4043
3 4042 4038 4032
3 4032 4038 4033
3 4038 4041 4033
3 4041 4038 4043
3 868 124 9249
3 2234 868 9249
3 124 602 8728
3 602 1696 8728
3 868 602 124
3 3686 8440 8728
3 1144 3686 8728
3 10340 9822 8145
3 3690 3691 8974
3 7346 3690 8974
3 6249 2543 9507
3 2543 1451 9507
3 1451 2543 2234
3 3682 325 4294
3 125 601 8727
3 4874 10339 6520
3 10339 4874 8144
3 4874 3684 2847
3 3684 7345 8439
3 7345 3684 1963
3 8439 7345 7051
3 7345 1963 7051
3 326 5981 8973
3 3735 4030 4047
3 3735 4051 4034
3 4051 3735 4047
3 8150 9512 7880
3 10105 8150 7881
3 7881 8150 10104
3 8150 7880 10104
3 9513 3418 7881
3 9829 10622 7351
3 6816 6819 6540
3 6548 6824 6828
3 6824 6548 6829
3 6545 6546 6550
3 6540 6545 6552
3 6545 6550 6552
3 5175 5157 5161
3 5224 5444 5451
3 5444 5224 5225
3 5225 5224 5484
3 6788 9807 6507
3 9807 6788 9234
3 10600 9807 10325
3 9807 9234 10325
3 3985 320 8433
3 5691 9242 8721
3 5691 1137 4289
3 1137 5691 8721
3 8966 9500 6514
3 9242 8966 6514
3 9815 7869 9501
3 9815 10093 7869
3 3985 9815 9501
3 9815 3985 8433
3 10093 9815 10333
3 9815 6796 10333
3 10333 8138 6514
3 6796 8138 10333
3 8138 9242 6514
3 9242 8138 8721
3 8138 6796 8721
3 3677 1137 8721
3 4871 9816 7870
3 9816 10094 7870
3 10094 9816 10334
3 4871 3986 1691
3 8139 6515 10334
3 7339 9814 9500
3 3676 6795 8432
3 6795 3676 4869
3 8137 6795 4869
3 6795 8137 10332
3 9814 6795 10332
3 324 8437 1961
3 127 1692 1447
3 8970 1448 126
3 9503 7871 8141
3 10611 10095 10335
3 5179 5445 5174
3 5443 5452 5451
3 5452 5224 5451
3 8426 9494 7334
3 10087 10602 10327
3 10602 7863 10327
3 7863 10602 10087
3 10603 10328 10087
3 10328 9237 10087
3 10328 9810 9237
3 3404 7042 5974
3 7042 3404 6511
3 9811 8429 6792
3 8429 9811 6511
3 3404 8429 6511
3 5178 5176 5177
3 5178 5180 5176
3 5479 5482 5483
3 5479 5469 5482
3 5473 5469 5467
3 5469 5473 5482
3 5479 5455 5469
3 5455 5479 5483
3 5453 5466 5454
3 5465 5466 5483
3 5466 5455 5483
3 5455 5466 5453
3 5180 5447 5179
3 5179 5447 5454
3 5476 5185 5223
3 5476 5475 5185
3 5476 5223 5481
3 5471 5226 5185
3 5480 5226 5471
3 5469 5456 5467
3 5456 5455 5449
3 5455 5456 5469
3 5447 5183 5449
3 5183 5447 5180
3 5183 5178 5177
3 5178 5183 5180
3 2837 315 7041
3 6792 8717 8134
3 8717 9238 8134
3 6240 8429 7613
3 8429 6240 6792
3 2840 3406 1443
3 8963 7337 2533
3 8718 7337 8963
3 3674 8718 6793
3 3674 7337 8718
3 593 131 5975
3 5194 5190 5188
3 5190 5194 5219
3 7338 3675 8719
3 7615 318 1688
3 6513 7867 10606
3 7867 9813 10331
3 9813 6794 10331
3 6794 7338 8719
3 8122 3969 4580
3 3969 8122 7030
3 2825 4858 1428
3 8122 4858 5408
3 1428 4858 4580
3 4858 8122 4580
3 2211 1674 141
3 3661 1674 5964
3 1674 3661 141
3 1674 7030 5964
3 7030 5124 5964
3 5124 3661 5964
3 3661 5124 7602
3 2212 4276 1675
3 1941 304 848
3 141 1941 848
3 1941 3661 7602
3 3661 1941 141
3 9228 10319 10594
3 10319 9228 8952
3 10079 7855 10594
3 7855 10079 8953
3 2522 5128 1676
3 6230 7327 5127
3 7327 6230 7854
3 5410 7327 7854
3 3394 6230 5127
3 3394 305 6230
3 305 7603 6230
3 7603 8418 6230
3 6500 7603 5965
3 8418 7603 6500
3 8706 9486 9227
3 8706 6781 9486
3 9800 8706 9227
3 6781 8706 9800
3 8425 6788 6507
3 4283 2834 5971
3 312 4283 5971
3 5159 5172 5173
3 5158 5159 5173
3 5146 5159 5158
3 1945 5415 8421
3 10080 8954 7856
3 6787 8129 8712
3 7857 10596 10081
3 7857 9803 10596
3 9803 7857 8421
3 7857 6233 8421
3 5135 2830 5136
3 10082 10597 10322
3 10082 7858 10597
3 3391 2824 1120
3 2824 3391 5677
3 3390 1119 7323
3 1119 1938 7323
3 1938 1119 301
3 8120 5406 8414
3 8120 7850 9483
3 7850 8120 8414
3 8704 6779 9484
3 8704 9484 8949
3 9225 8704 8949
3 8704 9225 9798
3 6779 8704 9798
3 6779 6498 6228
3 5123 6498 8416
3 6498 5123 6228
3 8416 6498 9798
3 6498 6779 9798
3 142 1673 847
3 142 5963 1673
3 1544 1556 1555
3 1546 1556 1544
3 1550 1551 1548
3 1551 1556 1546
3 1551 1550 1557
3 1531 1530 1524
3 4893 3162 3440
3 3162 7371 6276
3 3440 3162 6276
3 3162 4896 7371
3 4896 3162 4893
3 388 666 1729
3 666 6000 1729
3 666 388 72
3 6000 666 72
3 664 3161 1728
3 5999 1497 6275
3 5999 386 1497
3 4940 4941 4939
3 4941 4940 4942
3 4936 4937 2068
3 1734 3166 6281
3 6281 3166 4614
3 3166 4613 4614
3 3166 3445 4613
3 6003 393 65
3 6003 65 1733
3 6280 6003 1733
3 4613 6003 6280
3 3167 6282 7376
3 62 6282 7378
3 6282 62 7376
3 6282 7377 7378
3 6282 3167 4614
3 3447 6282 4614
3 7377 6282 3447
3 7655 1735 7380
3 1735 7655 6004
3 7655 7380 675
3 10393 9877 10154
3 9877 10155 10154
3 9877 10393 9876
3 9878 9879 10156
3 10394 9878 10156
3 9878 7646 1211
3 7646 9878 10394
3 10155 9302 9303
3 9303 9302 10156
3 9302 10394 10156
3 7368 5997 4608
3 1216 1215 1217
3 661 77 3437
3 77 383 3437
3 9879 10395 10674
3 10395 10157 10674
3 10157 10395 1218
3 1218 10395 1217
3 10395 1214 1217
3 1214 10395 9879
3 7403 7396 7397
3 7396 7403 7395
3 7396 7395 10682
3 7407 8798 8789
3 8799 7409 7410
3 7409 8791 7410
3 7409 8790 8791
3 9894 8798 9896
3 9895 9894 9896
3 9893 9897 8797
3 9893 9895 9897
3 9893 9894 9895
3 9894 9893 8798
3 4899 4900 4892
3 4902 4900 4899
3 4900 4897 4892
3 4897 4900 4898
3 1510 1513 1516
3 1506 9882 1504
3 1506 1507 9882
3 942 949 940
3 949 942 947
3 942 941 947
3 950 953 954
3 953 950 940
3 953 949 954
3 949 953 940
3 952 944 955
3 2929 2944 2928
3 2927 2929 2928
3 2929 2927 2944
3 10153 9875 10392
3 984 740 991
3 659 1204 3436
3 7367 3158 3436
3 10174 10173 10175
3 10174 10692 10173
3 10693 10174 10175
3 10692 10174 10693
3 6076 6077 6079
3 6077 6076 6072
3 3810 3809 3808
3 3809 3807 3808
3 3807 3809 3810
3 4123 4444 4451
3 4445 4444 4123
3 4449 4445 4448
3 4444 4449 4451
3 4449 4444 4445
3 2145 4194 2451
3 6705 6421 6950
3 4118 4452 4122
3 4452 4123 4451
3 4113 4440 4115
3 4440 4447 4115
3 4439 4440 4113
3 4447 4440 4446
3 4441 4115 4442
3 4441 4116 4115
3 4441 4442 4448
3 4116 4441 4448
3 4430 4418 4416
3 4419 4418 4430
3 4443 4438 4446
3 4443 4439 4438
3 4440 4443 4446
3 4443 4440 4439
3 4775 5039 3309
3 4775 8060 2450
3 4433 4422 4427
3 4436 4424 4434
3 4426 4424 4436
3 4424 4433 4434
3 4433 4424 4422
3 4422 4424 3811
3 3811 4424 4376
3 4424 4426 4376
3 4186 3883 2446
3 3883 4186 4768
3 4186 2446 8339
3 3578 4186 8339
3 6133 6134 6131
3 6134 6135 6129
3 6131 6134 6129
3 6134 6136 6135
3 6136 6133 6414
3 6136 6134 6133
3 6137 6139 6138
3 6135 6137 6138
3 6136 6137 6135
3 3280 3279 3284
3 3281 3280 3290
3 5034 3297 3304
3 3294 3297 3293
3 3297 3294 3304
3 6139 6140 6138
3 3884 3305 4769
3 6944 3302 5319
3 3302 5589 5319
3 4774 3888 4191
3 3888 4774 6948
3 5038 4774 4191
3 4774 5038 6948
3 4420 4431 4425
3 4417 4431 4420
3 4431 4417 4419
3 4417 3814 4419
3 3814 4418 4419
3 3814 4392 4391
3 3814 4417 4392
3 4418 3814 4416
3 4389 3814 4391
3 3814 4389 4416
3 4415 4430 4416
3 4415 4414 4430
3 3887 8059 4190
3 3887 3581 8059
3 3887 4190 4773
3 3581 3887 4773
3 4772 3886 4189
3 3886 4772 4492
3 4493 4772 4189
3 4381 4393 4394
3 4378 4381 4394
3 4393 4381 4377
3 4381 4380 4377
3 4413 4414 4394
3 4400 4413 4394
3 3885 5035 8340
3 1060 3885 8340
3 4483 4485 6701
3 4399 4395 4403
3 4405 4399 4403
3 4399 4397 4395
3 5322 6702 6143
3 6143 6702 6417
3 4406 4409 3813
3 9692 9689 9691
3 9687 9689 9692
3 9691 9689 9690
3 6920 5006 9703
3 5557 5006 1045
3 5006 5557 5291
3 1045 5006 3861
3 5006 6920 3861
3 9710 8043 9709
3 8043 9710 9711
3 3527 3525 3524
3 3527 3534 3533
3 3525 3527 3533
3 3542 3535 3543
3 3541 3542 3543
3 3542 3541 3535
3 3526 3525 3533
3 5293 5008 3863
3 5293 6681 5008
3 6681 5293 6922
3 3863 5559 9709
3 5008 5559 3863
3 9699 9701 9697
3 9701 9699 9700
3 3505 3507 3506
3 4737 6684 4738
3 6684 4737 4735
3 4730 6684 4735
3 4738 6684 4732
3 6684 4730 4732
3 3505 4671 4660
3 4671 3505 3506
3 6924 5011 6683
3 5011 6924 3865
3 3547 3550 3552
3 3551 3545 3546
3 3545 3532 3546
3 3545 3547 5009
3 3547 3545 3550
3 4663 4947 4945
3 4716 4722 4717
3 4716 4717 4708
3 4714 4716 4708
3 3556 3557 3558
3 5026 3877 3572
3 6693 5026 6408
3 2126 2131 8334
3 1055 2132 8334
3 2132 2126 8334
3 5579 5026 6693
3 5026 5579 3877
3 5579 2132 3877
3 2132 5579 2126
3 2441 8052 8333
3 8333 8052 1054
3 8052 2128 1054
3 2128 2123 5024
3 2105 2103 2104
3 3573 8335 1056
3 3573 2442 8335
3 3573 4761 5312
3 3878 3573 5312
3 3573 3878 2442
3 3574 6939 5582
3 2138 3574 5582
3 2443 3574 2138
3 5314 4763 3880
3 4156 4155 2113
3 4155 4156 4154
3 3241 3244 3243
3 3244 3241 3242
3 3235 3240 3234
3 3241 3235 3242
3 3235 3241 3243
3 3240 3235 3243
3 3242 3235 5486
3 3235 3232 5486
3 3235 3234 3232
3 3237 3245 3246
3 3237 3236 3245
3 3237 3246 3238
3 3236 3237 3238
3 3264 3255 3249
3 3255 3264 3265
3 3263 3257 3261
3 3262 3264 3248
3 3264 3262 3263
3 3257 3262 3248
3 3262 3257 3263
3 3229 3231 3249
3 3231 3230 3249
3 3230 3231 3229
3 3577 4183 6942
3 4184 4183 3577
3 4165 4160 4164
3 4176 4168 4167
3 4168 6412 4167
3 5031 4175 4176
3 4169 4175 5031
3 4175 4168 4176
3 4168 4175 4169
3 6344 6343 6346
3 6345 6344 6346
3 6344 6341 6343
3 6344 6345 6342
3 6341 6344 6342
3 6368 6369 6363
3 6364 6368 6363
3 6367 6368 6364
3 6376 6368 6367
3 6376 6367 6365
3 6366 6364 6365
3 6367 6366 6365
3 6366 6367 6364
3 6371 6372 6359
3 6357 6372 6355
3 6354 6357 6355
3 6398 6401 6402
3 6402 6401 6403
3 6397 6398 6402
3 6398 6397 6396
3 6397 6395 6396
3 6397 6402 6405
3 5493 5509 5519
3 5509 5493 5496
3 6398 6394 6399
3 6394 6398 6396
3 6395 6394 6396
3 6356 6360 6359
3 6356 6357 6354
3 6356 6354 6352
3 6351 6356 6352
3 6348 6353 6347
3 6353 6348 6352
3 6348 6351 6352
3 6351 6348 6349
3 6348 6347 6346
3 6349 6348 6346
3 2108 2109 2119
3 7810 8374 6184
3 7810 5635 8374
3 517 515 513
3 510 515 517
3 515 509 513
3 515 510 509
3 516 524 514
3 7557 1898 1628
3 511 510 517
3 518 511 517
3 1898 3617 1628
3 6985 4817 6184
3 7557 6455 5922
3 6455 6985 5922
3 5367 6988 4235
3 6988 5367 6187
3 7560 6988 5925
3 6988 7560 1389
3 7560 5925 8377
3 7813 7560 8377
3 1389 7560 6458
3 7560 7813 6458
3 4234 6987 6457
3 3076 5082 6187
3 5367 7285 6187
3 2173 3076 2784
3 816 7811 2480
3 5923 6185 8375
3 6185 7811 8375
3 524 519 514
3 520 525 521
3 1023 1593 1024
3 1593 1023 1032
3 1025 1593 1594
3 8086 7812 6186
3 6987 7812 8086
3 1595 1030 1596
3 1030 1595 1597
3 3075 2783 1899
3 2783 3075 1631
3 2783 3926 1899
3 1086 2783 1631
3 2783 1086 3926
3 1590 1587 1582
3 1591 1587 1590
3 1587 1591 1583
3 1587 1290 1582
3 1587 1583 1290
3 1373 1615 1608
3 10547 1615 1373
3 6982 4814 7279
3 4814 6982 6181
3 4814 4229 7279
3 4229 4814 6181
3 10548 6982 6452
3 10548 8371 9447
3 5919 10548 9447
3 5361 10548 5919
3 10548 5361 6181
3 6982 10548 6181
3 1384 3070 5076
3 3070 1384 7807
3 2168 1377 1379
3 1377 2168 1378
3 1380 3921 1373
3 1380 5360 7553
3 3921 1380 7553
3 1380 1377 1378
3 1377 1380 1373
3 1082 1380 1378
3 1380 1082 5360
3 1381 10547 1373
3 3921 1381 1373
3 7809 5078 8373
3 2170 1623 1621
3 7556 8084 5921
3 6736 7556 1386
3 503 500 492
3 503 504 500
3 493 505 506
3 3923 4539 5078
3 1623 2780 815
3 2780 1623 2170
3 4230 6983 5362
3 6735 4230 5362
3 4230 6735 3615
3 7280 3615 1896
3 7808 7280 1896
3 7280 4230 3615
3 8083 10550 9448
3 8372 10550 8083
3 10551 10550 9182
3 9448 10550 10551
3 10549 5919 9447
3 10549 8372 5919
3 9758 10549 9447
3 10549 9758 9182
3 10550 10549 9182
3 10549 10550 8372
3 5633 3922 7554
3 7554 3922 6734
3 3342 6732 1893
3 3342 1374 2167
3 1374 3342 1893
3 5916 7551 8080
3 5916 8080 6979
3 5630 5916 8369
3 7551 5916 5630
3 5916 6979 9445
3 5916 9445 9179
3 8369 5916 9179
3 5358 4226 8080
3 7551 5358 8080
3 5358 7805 4226
3 1362 1363 1366
3 1363 1362 1361
3 5629 6449 812
3 6449 6731 812
3 6449 5629 4534
3 6731 6449 4534
3 1892 6731 4534
3 3341 1892 4534
3 1892 3341 3067
3 5073 3611 3067
3 7276 3611 6178
3 3611 5073 6178
3 3343 3069 1894
3 3069 3343 5075
3 1894 3069 6451
3 3069 6981 6451
3 3069 5075 6981
3 4536 3343 7806
3 813 4536 7806
3 4536 813 5631
3 5075 4536 5631
3 3343 4536 5075
3 7277 6179 5359
3 2721 2722 2725
3 8290 8289 8291
3 8289 8290 8288
3 8289 8287 8291
3 8289 8288 8287
3 8299 8298 8300
3 8298 8299 8295
3 8299 8301 8302
3 8299 8300 8301
3 6896 8299 8302
3 8295 8299 6896
3 8281 8282 6885
3 8280 8281 8279
3 8281 6885 8279
3 8282 8281 8283
3 8281 8280 6884
3 8283 8281 6884
3 5536 5535 5534
3 5534 5535 5539
3 5535 5538 5539
3 5538 5537 8310
3 5537 5536 8310
3 5535 5537 5538
3 5537 5535 5536
3 6486 6767 7017
3 198 197 199
3 7839 8110 282
3 200 197 198
3 197 200 196
3 3954 7312 4262
3 2506 3954 4262
3 3954 2506 7312
3 7836 1413 4567
3 7311 1413 7836
3 1413 2505 4567
3 2505 1413 7311
3 5950 6764 7586
3 3953 7311 5393
3 4261 3953 5393
3 3953 4261 1107
3 2505 3953 1107
3 3953 2505 7311
3 1658 5664 3645
3 1658 4261 5664
3 1658 3645 2196
3 1658 2196 565
3 4261 1658 565
3 3105 1416 567
3 1416 2508 567
3 7314 2508 1416
3 567 2508 837
3 2508 7314 837
3 5395 4263 3955
3 1660 4263 5395
3 4263 2507 3955
3 4263 1660 4569
3 3647 4263 4569
3 2507 4263 3647
3 1927 5666 5952
3 3379 1927 5952
3 3647 1927 2198
3 5666 1927 3647
3 1927 1109 2198
3 1927 3379 1109
3 249 204 206
3 2811 3378 5110
3 3378 2811 566
3 2811 1415 3104
3 566 2811 836
3 2811 3104 836
3 248 247 205
3 3643 4843 4566
3 4843 3643 1656
3 7584 4843 7012
3 10058 3643 1923
3 833 10058 10057
3 10059 10058 1923
3 10058 10059 564
3 10057 10058 564
3 563 833 10057
3 1105 563 10057
3 6480 7583 10298
3 7583 6761 4565
3 8932 9469 10299
3 9208 8932 10299
3 2192 832 10296
3 832 1409 3949
3 1409 832 2192
3 5946 5104 7832
3 5946 2805 5104
3 6209 5946 9467
3 5946 7832 9467
3 10296 1104 562
3 3641 1104 10296
3 6478 8684 9467
3 8396 6478 9467
3 6478 7581 8684
3 6478 8396 7581
3 3640 1103 561
3 4256 3640 561
3 3640 4256 1653
3 7581 3640 1653
3 1103 3640 7581
3 6210 7308 5947
3 7308 5661 5947
3 7308 6210 5390
3 7308 5390 3950
3 5661 7308 3950
3 2806 3099 2502
3 3099 1410 2502
3 10297 3099 2806
3 1410 3099 10297
3 5670 171 5956
3 2816 171 5670
3 171 3383 5956
3 171 2816 3383
3 294 4573 1419
3 2816 4573 294
3 4267 3651 293
3 1664 4267 570
3 4267 293 570
3 4850 4267 1664
3 3651 4267 4850
3 7021 7593 5400
3 7021 8114 7593
3 7842 9789 9476
3 1112 3108 570
3 3108 3959 570
3 3108 1112 292
3 183 3108 292
3 3959 3108 183
3 184 181 6219
3 182 184 6219
3 5399 8113 7592
3 7020 8113 5399
3 8113 6770 7592
3 3654 7319 5402
3 1667 7319 3654
3 5402 7319 7023
3 7319 6222 7023
3 574 1668 1116
3 5673 1422 5118
3 3963 5673 5118
3 1422 5673 2205
3 156 154 153
3 158 156 269
3 154 156 158
3 3962 2513 5672
3 6222 3962 5672
3 2513 3962 3111
3 267 266 264
3 5119 1423 8117
3 9480 5119 8117
3 6224 5119 7025
3 5119 8945 7025
3 5119 9480 8945
3 5405 7322 7598
3 5961 7322 5405
3 8946 8701 7026
3 3114 3657 7598
3 3657 3114 300
3 7322 3114 7598
3 3113 1936 299
3 1936 5404 3388
3 1936 4271 299
3 4271 1936 3388
3 8947 10073 10589
3 10073 10588 10589
3 10073 10313 10588
3 3965 4855 1670
3 6225 4855 3965
3 4855 5675 1670
3 4855 6225 5675
3 5120 6225 8118
3 5120 7026 5675
3 6225 5120 5675
3 8409 160 8115
3 160 7594 8115
3 160 3385 162
3 7594 160 162
3 2818 160 4852
3 160 2818 3385
3 160 5117 4852
3 5117 160 7845
3 160 8409 7845
3 2802 3095 2189
3 3095 2802 4561
3 3369 2802 2189
3 4561 2802 3369
3 1652 3639 4255
3 3639 1652 6759
3 6759 1652 7580
3 7580 1652 7008
3 1652 5387 7008
3 5387 1652 4255
3 4255 1102 560
3 3639 1102 4255
3 3371 831 6759
3 831 3639 6759
3 831 3371 1919
3 831 1102 3639
3 1102 831 560
3 831 10294 560
3 831 1919 10294
3 2804 3097 2191
3 2804 2500 5103
3 2500 2804 2191
3 7306 5659 5945
3 2804 5659 3097
3 5945 5659 5103
3 5659 2804 5103
3 7305 5387 3947
3 4839 7305 3947
3 5387 7305 6207
3 6207 7305 5944
3 5944 7305 5658
3 7305 4839 5658
3 5086 5642 8089
3 6461 1903 7563
3 5642 6461 7563
3 1903 6461 3354
3 6461 5086 3354
3 5086 6461 5642
3 8912 1636 820
3 7561 6989 5926
3 7561 1390 6989
3 7561 6459 1390
3 7814 7561 5926
3 2483 535 536
3 535 2483 539
3 1901 2483 536
3 2483 1901 1088
3 1390 2483 1088
3 4821 6989 1088
3 4236 4821 1088
3 6989 4821 5368
3 4821 4236 5368
3 5369 8088 6990
3 4237 5369 6990
3 1634 540 3078
3 1634 3078 8378
3 3622 7288 3930
3 7288 7815 3930
3 7815 7288 6190
3 7288 6742 6190
3 7288 3622 6742
3 1089 3622 546
3 4546 1089 546
3 6742 5085 5641
3 4546 5085 6742
3 1327 1325 479
3 1322 1320 1318
3 1322 1321 1320
3 1321 1327 479
3 1320 1321 479
3 1324 1322 1318
3 8381 8914 8915
3 9766 8381 8915
3 1091 4549 8668
3 6193 9191 8916
3 8916 9191 10560
3 9191 9766 10560
3 3356 1905 7817
3 1905 3356 2789
3 1328 478 1326
3 478 1325 1326
3 478 1328 1296
3 463 478 1296
3 478 463 479
3 1325 478 479
3 8855 8853 8854
3 8855 8856 8853
3 8572 8855 8854
3 8856 8855 8572
3 475 469 464
3 1292 475 464
3 469 475 470
3 5645 6194 1395
3 5932 7567 6465
3 7567 8383 6465
3 4826 5373 6994
3 4241 4826 6994
3 4826 4241 1638
3 5373 4826 3933
3 4826 1638 3933
3 2487 2790 1906
3 2790 3357 1906
3 2790 2487 6464
3 551 1093 1397
3 1093 3085 1397
3 3085 1093 551
3 3085 5091 8093
3 6466 8384 7820
3 5933 6466 3359
3 1348 1345 1343
3 6998 5935 6749
3 5935 6998 7570
3 6998 6197 7570
3 552 3629 2182
3 7295 3937 1909
3 3360 5092 2793
3 5648 5092 3360
3 5092 3086 2793
3 3086 5092 7295
3 5092 6197 7295
3 5092 5648 6197
3 7569 6997 8385
3 7569 5934 6997
3 6467 7569 8385
3 5934 7569 6467
3 1641 2181 3628
3 4244 1641 3628
3 1641 4244 6748
3 5934 4829 6748
3 4829 1641 6748
3 1641 4829 2181
3 4829 5934 3360
3 7294 5376 3936
3 5376 7294 6196
3 4244 5376 6748
3 6997 5376 6196
3 6748 5376 6997
3 4552 4244 3628
3 551 4552 3628
3 4552 551 3936
3 5376 4552 3936
3 4552 5376 4244
3 9195 9769 10563
3 9769 9194 10563
3 9769 6997 9194
3 8609 8611 8608
3 8611 8612 8608
3 8611 8609 8610
3 8617 8611 8610
3 8612 8611 8617
3 8583 8587 8585
3 8585 8587 8590
3 8587 8589 8590
3 8589 8587 8588
3 8587 8583 8588
3 4834 6753 5097
3 5653 4834 5097
3 4834 1402 3365
3 1402 4834 4557
3 4834 5653 4557
3 3633 4834 3365
3 4834 3633 6753
3 8677 8389 8923
3 9773 8677 8923
3 8677 9773 9199
3 6471 6753 5939
3 7574 6471 5939
3 6753 6471 5097
3 6471 8677 9199
3 8677 6471 7574
3 7299 8097 5381
3 8097 7299 6201
3 3092 5654 7301
3 2799 3092 7301
3 3092 2799 556
3 4835 6754 5098
3 5098 6754 6472
3 6754 5940 6472
3 827 3366 556
3 3366 827 2186
3 5940 3366 2186
3 6754 3366 5940
3 3366 6754 4835
3 5654 1403 5098
3 1403 4835 5098
3 3366 1403 556
3 1403 3366 4835
3 7576 8391 6473
3 7576 8099 8391
3 5941 7576 6473
3 8099 7576 5941
3 2496 2799 3943
3 2496 1915 556
3 2799 2496 556
3 5383 1648 3943
3 1648 2496 3943
3 2496 1648 4251
3 8099 1648 5383
3 4251 1648 8099
3 7826 7003 8098
3 5382 7826 8098
3 7003 7826 8390
3 3634 4250 8098
3 4250 3634 1914
3 2798 1914 555
3 4557 2798 555
3 2798 4557 3091
3 1399 4246 4831
3 2491 2794 824
3 3087 2794 2491
3 824 2794 1910
3 2794 3087 1910
3 6750 5094 3362
3 5650 8095 7823
3 8095 5094 6750
3 5094 8095 5650
3 2492 1911 2183
3 6199 7297 7823
3 8387 6199 7823
3 6199 5379 7297
3 8095 7571 7823
3 7571 8387 7823
3 7571 6999 9459
3 8921 7571 9459
3 8387 7571 8921
3 6198 7296 7822
3 6198 7822 8386
3 6198 8386 9459
3 6999 6198 9459
3 4832 4555 3631
3 1400 4555 4832
3 4555 1096 3631
3 4555 1400 1096
3 8922 6469 9460
3 8676 8922 9772
3 7824 8922 8676
3 8922 7824 6469
3 8922 9197 9772
3 8922 9460 9197
3 7001 8388 8676
3 8388 7824 8676
3 4556 1401 3364
3 3364 1401 5096
3 1401 6752 5096
3 6752 4833 3632
3 4833 4556 3632
3 1401 4833 6752
3 4833 1401 4556
3 10628 1157 2860
3 7633 10628 2860
3 9835 10628 7633
3 10628 9835 10113
3 881 8452 1707
3 6259 881 1707
3 881 8740 8452
3 8740 881 10113
3 7632 614 8739
3 614 10112 8739
3 614 7632 880
3 10112 614 1156
3 1975 614 880
3 614 1975 2555
3 1156 614 2555
3 4305 6260 7889
3 6260 8159 7889
3 6260 4305 2861
3 2858 613 879
3 613 2858 1974
3 2554 2858 879
3 2858 2554 3422
3 1974 2858 3422
3 9832 337 8983
3 9260 9832 8983
3 9517 3144 7885
3 9517 2244 3144
3 2289 2291 2287
3 8263 8270 8235
3 8248 8263 8235
3 8270 9608 9607
3 9609 9608 8270
3 9608 9615 9607
3 8230 8231 8235
3 8232 6331 6332
3 8232 8233 7978
3 9587 9588 9595
3 9580 9579 9581
3 9579 9580 9578
3 9580 7704 9578
3 7705 9580 9581
3 9580 7705 7704
3 7686 7703 9578
3 7684 7686 9578
3 9648 9645 9646
3 9645 9642 9646
3 9645 9648 9649
3 9642 9645 9649
3 9622 9626 9621
3 9622 9624 9626
3 9626 9625 9628
3 9624 9625 9626
3 9338 9342 9345
3 9339 9342 9338
3 9342 9346 9345
3 9346 9342 9343
3 7979 8531 7135
3 7140 8535 7141
3 7992 7140 7141
3 7140 7992 7993
3 7139 7993 8539
3 7092 7094 7093
3 7092 7089 7096
3 7094 7092 7096
3 7897 2868 4593
3 3431 7897 4593
3 1166 1472 2256
3 348 8460 10361
3 8460 348 9529
3 6265 348 2867
3 348 7069 9529
3 348 6265 1984
3 7069 348 1984
3 2868 1715 349
3 1715 9530 349
3 7900 1987 4594
3 1987 7899 4594
3 7641 351 9532
3 7899 3432 4594
3 1475 1987 7900
3 2650 2317 2643
3 4373 4360 4372
3 2336 2335 2359
3 2336 2318 2335
3 1479 2579 2874
3 1479 2874 7904
3 899 1479 7904
3 2580 1479 899
3 2581 633 357
3 100 1479 2580
3 100 2581 357
3 2581 100 2580
3 2375 2355 2369
3 2360 2344 2365
3 2344 2360 2353
3 2353 2360 2361
3 10131 9539 8176
3 2583 9539 8468
3 9853 10131 10371
3 9279 9853 10371
3 9853 9539 10131
3 4354 2329 2358
3 4360 4354 2358
3 4354 4360 4373
3 4365 4358 4364
3 3150 3427 8163
3 3427 1980 7892
3 620 8163 1162
3 620 10118 110
3 344 9525 8456
3 9525 344 1980
3 1466 111 2250
3 1466 884 111
3 8161 1466 2250
3 884 1466 8161
3 8455 7065 343
3 7065 8455 10631
3 2251 2863 1467
3 9524 2251 1467
3 3149 9524 343
3 3149 2251 9524
3 3149 4591 2863
3 2251 3149 2863
3 10357 9524 10632
3 10117 10357 10632
3 8454 10630 1709
3 10630 8454 10115
3 10630 10115 7064
3 10630 617 1709
3 617 10630 7064
3 7891 4306 7890
3 8161 4306 7891
3 2601 2309 2297
3 10120 10360 9842
3 7067 8991 10359
3 8458 8991 7067
3 9527 8458 346
3 10360 9527 108
3 9527 10360 10120
3 2865 1982 346
3 1982 2865 7894
3 2254 2562 7894
3 8165 2254 7894
3 7895 3429 1983
3 4592 4593 7896
3 7895 4592 7896
3 4593 4592 7892
3 5763 5765 5764
3 5765 5763 5762
3 5763 5764 5761
3 5762 5763 5761
3 6601 6597 6598
3 6602 6597 6601
3 6597 6594 6598
3 6597 6602 6599
3 6590 6597 6599
3 6597 6590 6594
3 6611 6612 6613
3 6612 6609 6613
3 6609 6612 6611
3 882 2248 3147
3 2248 882 113
3 8159 882 3147
3 616 882 8159
3 112 617 7064
3 617 112 883
3 112 7064 9522
3 2249 112 9522
3 883 112 2249
3 617 1159 1709
3 1159 617 3148
3 1159 2558 1709
3 2558 1159 3148
3 3792 3779 3790
3 3143 3420 1152
3 3143 10348 3420
3 10348 876 2551
3 876 1703 2551
3 6824 6822 6821
3 6822 6820 6821
3 6822 6824 6823
3 6820 6822 6823
3 10108 3420 8153
3 4301 10108 8153
3 9830 10108 4301
3 876 117 1703
3 117 2242 1703
3 3775 3783 3787
3 3787 3783 3796
3 2598 3783 3775
3 8736 9258 8448
3 6625 6854 6856
3 6854 6852 6856
3 6579 7931 6578
3 6579 7932 7931
3 7930 6579 6584
3 6579 7930 7932
3 6569 6579 6578
3 6576 6579 6569
3 6577 6576 6574
3 6580 6577 6574
3 6572 6575 6582
3 6575 6572 6573
3 6575 6573 6570
3 7929 6575 6570
3 6575 7929 6582
3 5709 5712 5711
3 5713 5712 5709
3 5711 5712 5710
3 5712 5713 5714
3 5712 6821 5710
3 6821 5712 5714
3 116 7060 10350
3 116 878 7060
3 2244 116 10350
3 116 2244 2857
3 2553 116 2857
3 878 116 2553
3 878 612 7060
3 612 878 2553
3 5985 2585 8176
3 7994 8258 8244
3 9330 9326 9324
3 7996 7994 7984
3 7996 7998 9324
3 7996 7984 7998
3 9344 9341 9353
3 9353 9341 9324
3 9341 9330 9324
3 9341 9344 9343
3 9342 9341 9343
3 9632 9633 9637
3 9073 9632 9637
3 9582 7989 9585
3 7989 9582 7707
3 9582 7708 7707
3 7702 9576 9574
3 9575 9572 9574
3 9576 9575 9574
3 7682 8213 8210
3 8213 7682 8214
3 8210 8213 8212
3 8213 8214 8212
3 7968 7969 7970
3 7967 7968 7970
3 7969 7968 8214
3 7968 7967 8214
3 7954 7950 7952
3 7954 7953 7950
3 7961 7987 7710
3 7959 7961 7710
3 7987 7961 7963
3 7961 7957 7963
3 7993 7143 7144
3 7992 7143 7993
3 7143 7142 7144
3 7143 7992 7141
3 7142 7143 7141
3 7144 8543 8547
3 7127 7130 7128
3 7130 8528 7128
3 7130 7127 8527
3 8529 7130 8527
3 8528 7130 7132
3 10144 9292 10661
3 9292 10144 9867
3 9292 9867 10145
3 9292 10385 10661
3 10385 9292 10145
3 8500 8501 8498
3 8499 8500 8498
3 8501 8500 8505
3 8500 8499 8505
3 647 1189 1491
3 647 8767 8480
3 89 647 8480
3 1189 647 89
3 371 647 1491
3 8767 647 371
3 87 1191 2005
3 1191 7362 2005
3 7362 1191 649
3 3153 1492 5992
3 1492 372 5992
3 916 7362 649
3 372 916 649
3 1492 916 372
3 7362 916 3153
3 916 1492 3153
3 2888 2890 2889
3 2006 918 7363
3 918 2006 86
3 1184 909 366
3 1184 2881 909
3 10656 10140 10657
3 8763 10139 9008
3 8476 8763 366
3 10139 8763 9287
3 1184 1487 2881
3 2881 1487 1999
3 1487 5989 1999
3 9864 10381 9010
3 10381 9864 9289
3 10381 10141 9010
3 10141 10381 9289
3 10382 9864 10142
3 10382 9290 10659
3 9290 10382 10142
3 9289 10382 10659
3 9864 10382 9289
3 8477 10380 8764
3 10141 10380 8477
3 9011 9865 8479
3 8766 9011 8479
3 9866 10143 8480
3 10143 8766 8480
3 9011 10143 9865
3 10143 9011 8766
3 9291 10143 9866
3 1490 90 369
3 1490 2884 90
3 2884 1490 2002
3 645 1490 369
3 1490 645 2002
3 1188 913 4884
3 913 2884 4884
3 90 913 5991
3 2884 913 90
3 1182 907 364
3 907 9546 364
3 907 94 9546
3 907 1182 1998
3 2880 1727 1998
3 1727 907 1998
3 907 1727 94
3 8475 94 365
3 94 8475 9547
3 5989 8475 365
3 8475 5989 9008
3 9286 10653 10138
3 9286 9550 10653
3 9549 10655 9551
3 10655 10139 9287
3 10656 10655 9287
3 9551 10655 10656
3 9007 10377 9546
3 10377 9007 9860
3 9007 8762 9860
3 1243 1223 964
3 1223 1243 1222
3 1222 965 1221
3 965 972 1221
3 1243 965 1222
3 972 965 1243
3 2886 2887 2891
3 2890 2886 2891
3 9870 9016 10148
3 9016 10664 10148
3 9016 9871 10664
3 743 745 2072
3 1233 1230 1226
3 1194 375 2007
3 2897 2895 2898
3 1239 2906 2907
3 3156 921 4887
3 2009 921 3156
3 83 921 377
3 921 2009 377
3 2912 1251 1249
3 1251 2912 1256
3 1254 2911 2914
3 2912 2911 1254
3 84 920 376
3 1259 1270 742
3 1265 1270 1256
3 742 1270 1281
3 1270 1265 1281
3 1271 1262 1254
3 1254 1258 1256
3 1258 1265 1256
3 1262 1258 1254
3 1258 1262 1265
3 1231 1229 2904
3 1229 961 2903
3 1283 1274 744
3 1274 1283 1247
3 1231 1261 1229
3 2926 2922 2928
3 737 1280 736
3 1264 1253 1260
3 1253 2915 1260
3 1253 1271 1255
3 2915 1253 2913
3 1271 1253 735
3 1253 1264 735
3 1253 1255 2914
3 2913 1253 2914
3 957 2930 2927
3 957 2931 2930
3 2944 2945 978
3 7910 7911 9542
3 9542 7911 9281
3 360 2877 1995
3 1483 4599 1179
3 8576 8577 8582
3 8580 8577 8579
3 8582 8577 8580
3 8577 8578 8579
3 8577 8575 8578
3 8573 8574 8852
3 8573 8576 8574
3 8573 8577 8576
3 8577 8573 8575
3 8573 8845 8575
3 8845 8573 8847
3 8573 8852 8847
3 7196 7203 7202
3 7206 7203 7215
3 7201 7203 7195
3 7203 7196 7195
3 7203 7201 7503
3 7215 7203 7503
3 7202 7204 7205
3 7204 7206 7205
3 7203 7204 7202
3 7204 7203 7206
3 7478 7476 7479
3 7484 7478 7485
3 7484 7483 7478
3 7483 7484 7486
3 7483 7482 7478
3 7482 7489 7490
3 7482 7483 7486
3 7489 7482 7486
3 7457 7451 7448
3 7451 7447 7448
3 7451 7457 7449
3 7447 7451 7449
3 7462 7209 7465
3 7459 7462 7465
3 7209 7462 7188
3 7462 7186 7188
3 7463 7460 7465
3 7463 7461 7460
3 7181 7173 7172
3 7182 7181 7172
3 7173 7181 7186
3 7163 7158 7172
3 7158 7163 7162
3 7164 7158 7151
3 7165 7158 7164
3 7158 7156 7148
3 7156 7158 7162
3 7152 7164 7150
3 7167 7152 7145
3 7152 7146 7145
3 7152 7150 7146
3 695 2037 1751
3 695 694 2037
3 708 709 711
3 2033 2031 6014
3 2035 2033 6014
3 690 694 693
3 694 690 405
3 405 689 686
3 689 688 686
3 689 691 688
3 690 689 405
3 689 690 691
3 7668 683 7670
3 404 683 1750
3 683 7668 1750
3 7677 684 7678
3 7677 7678 7676
3 7673 7677 7676
3 7672 7674 7671
3 7672 7673 7674
3 7670 7672 7671
3 683 7672 7670
3 7672 683 404
3 2036 2035 2038
3 2036 2038 687
3 684 2036 687
3 721 724 717
3 2062 721 2061
3 721 2062 725
3 706 2060 717
3 721 2060 2061
3 2060 721 717
3 727 2063 2064
3 2065 727 2064
3 730 727 2065
3 731 2065 2066
3 731 730 2065
3 733 731 2066
3 732 731 733
3 731 732 730
3 2021 6010 3174
3 46 45 38
3 40 46 38
3 45 47 41
3 41 47 42
3 47 49 42
3 2049 2050 2041
3 30 31 27
3 30 28 2054
3 31 30 2054
3 9 12 5
3 25 12 18
3 12 9 18
3 7 13 4
3 6 7 4
3 14 17 3
3 14 3 4
3 13 14 4
3 26 14 21
3 17 14 26
3 14 16 21
3 16 14 13
3 31 19 27
3 7 19 13
3 19 16 13
3 4139 4104 4138
3 4139 4141 4104
3 796 5598 4195
3 2452 5598 796
3 6952 3313 6149
3 3313 6952 3586
3 2453 4503 5044
3 2453 4780 799
3 2453 5044 4780
3 5044 6423 6149
3 4503 6423 5044
3 6423 4503 6707
3 8347 8062 799
3 4197 8062 8347
3 8062 4197 4503
3 8062 2453 799
3 2453 8062 4503
3 7767 7766 7770
3 7766 7771 7770
3 7766 7765 7771
3 3589 4506 2455
3 3589 2455 3895
3 3316 3589 3895
3 3589 3316 6955
3 4506 3589 6955
3 6153 4200 4507
3 4784 4200 6153
3 4200 4784 5603
3 8064 4200 5603
3 4200 8064 8349
3 5885 5886 6709
3 4782 6954 6151
3 5046 5602 4783
3 5887 5046 4783
3 5046 5887 5886
3 5882 5884 5883
3 6425 5887 6152
3 5887 6425 6709
3 2149 5332 4507
3 4200 2149 4507
3 1066 2149 8349
3 2149 4200 8349
3 2149 5890 3896
3 5890 2149 1066
3 6956 3317 3896
3 3317 2149 3896
3 2149 3317 5332
3 5332 3317 6426
3 5597 4500 1063
3 5597 5326 4500
3 3891 5597 1063
3 5326 5597 3891
3 7499 7222 7502
3 7501 7499 7502
3 7499 7501 7498
3 7477 6068 7480
3 7477 7480 7479
3 7488 7489 7486
3 7495 7500 7493
3 2469 3605 4527
3 6725 3605 2469
3 1821 3024 3026
3 8076 8364 5910
3 6974 8076 5910
3 8076 6974 4805
3 8076 5623 8364
3 3335 6443 7269
3 3335 5351 6443
3 3335 7269 1887
3 4219 3335 1887
3 5351 3335 6973
3 6973 4804 5909
3 4804 4219 5909
3 3335 4804 6973
3 4804 3335 4219
3 2470 2162 6172
3 2162 2470 7270
3 4528 3606 6726
3 3606 2162 6726
3 2972 2976 2953
3 2954 2958 2955
3 3329 4213 2465
3 4213 5616 8359
3 3600 6438 7262
3 3329 3600 7262
3 1073 4213 8359
3 4213 1073 2465
3 2995 2996 2990
3 2996 2995 3000
3 2998 2990 3005
3 2990 2989 2686
3 5619 8361 6970
3 8361 5619 5905
3 2685 2987 2966
3 2386 2387 2967
3 3007 2994 3006
3 2991 2994 2686
3 2994 2991 3006
3 2994 2993 2686
3 2994 3007 2993
3 1886 3059 5065
3 7267 2768 2160
3 2768 7267 6169
3 2768 6971 2160
3 2768 3058 6971
3 5350 5908 4527
3 5350 1076 5908
3 1076 5350 4803
3 8075 6972 5065
3 6972 1076 4803
3 6972 8075 1076
3 5620 8362 1075
3 8362 5620 5906
3 8362 808 6971
3 808 8362 5907
3 4802 808 5907
3 6971 2468 2160
3 2468 3333 2160
3 3010 2993 3012
3 3011 3010 3012
3 2993 3010 2687
3 3013 3010 3011
3 3010 3014 2687
3 3010 3013 3014
3 3058 5064 1075
3 5064 5620 1075
3 5620 5064 6169
3 5064 2768 6169
3 2768 5064 3058
3 7798 3910 8074
3 3603 1885 6723
3 3910 1885 3603
3 7798 1885 3910
3 1885 6169 6723
3 4531 2773 6446
3 4532 6977 5627
3 3339 4532 3609
3 4532 3339 6977
3 811 5355 7548
3 6977 5355 811
3 7550 812 2474
3 5357 7550 2474
3 812 7550 5915
3 7550 5357 5915
3 3066 5628 5072
3 7546 8365 5911
3 5353 6975 810
3 3337 5353 810
3 2772 5353 3337
3 6445 2471 1889
3 1889 6728 7272
3 6728 2164 7272
3 3063 6728 5625
3 5912 4807 7547
3 5354 4807 5912
3 5354 3338 3608
3 3608 3338 6446
3 6976 5912 5626
3 6976 5354 5912
3 6976 3338 5354
3 4531 6976 5626
3 6976 4531 6446
3 3338 6976 6446
3 2699 2694 2692
3 2692 2694 1307
3 2694 2696 1307
3 2701 3030 3029
3 2703 2701 3029
3 2696 2701 2703
3 2707 2702 2705
3 2707 2706 2702
3 2707 2705 2726
3 2708 2707 2726
3 2706 2707 2708
3 2752 2754 3901
3 2755 2752 3901
3 2743 2752 2755
3 2754 2753 5338
3 2752 2753 2754
3 2753 2752 6715
3 4790 2750 4206
3 2750 4790 2751
3 2758 3323 6159
3 5897 5611 4515
3 5611 5897 8355
3 3902 5611 8355
3 5611 3902 5055
3 3902 6160 5055
3 7524 9151 7523
3 7524 7525 9150
3 9151 7524 9150
3 7525 7527 7528
3 5339 5897 4515
3 6433 3324 5340
3 6433 7532 2747
3 3324 6433 2747
3 3324 2461 5340
3 6963 2461 3324
3 4208 6963 3324
3 6963 4208 804
3 4208 4792 8355
3 804 4208 8355
3 2461 4516 5340
3 4516 2461 6963
3 8069 5056 1070
3 5342 3326 4210
3 1868 7793 3039
3 3326 7793 1868
3 5342 7793 3326
3 3898 4510 8351
3 4203 3898 8351
3 3897 4786 8065
3 5605 3897 8065
3 4509 3897 5605
3 3591 3319 6712
3 3591 2457 3319
3 3904 5899 2762
3 3904 4794 5899
3 1864 1868 1858
3 1864 1865 1868
3 1848 1847 1858
3 9165 9164 5900
3 5058 9164 2463
3 5058 4795 5900
3 9164 5058 5900
3 3033 1851 1850
3 1851 3033 1857
3 5614 6965 1071
3 5614 4795 6163
3 4795 5614 1071
3 4212 8071 806
3 2977 2969 2952
3 4211 9164 9165
3 9166 8358 9437
3 9437 8358 9746
3 8358 9165 9746
3 5901 9166 8071
3 5901 8358 9166
3 8358 5901 9165
3 3037 3040 1869
3 1856 1852 1853
3 5852 5850 5849
3 5850 5852 5853
3 9133 9132 9134
3 7755 9133 7756
3 9135 9133 9134
3 9133 9135 7756
3 7752 5837 5835
3 5835 5837 5840
3 5837 5841 5840
3 5841 5837 7753
3 5837 7752 7753
3 9131 9132 7754
3 7753 9131 7754
3 5831 5829 6097
3 5857 5855 5859
3 5857 5856 5851
3 5855 5857 5851
3 7507 5860 5859
3 5860 7507 5861
3 7778 7775 7777
3 7778 7779 7775
3 7511 9144 7510
3 7511 7510 9142
3 9143 7511 9142
3 9144 7511 7773
3 7773 7511 7769
3 7511 9143 7769
3 9144 7512 7510
3 7512 7509 7510
3 7509 7512 7513
3 7513 7512 7517
3 7512 9144 7517
3 3900 8067 5609
3 3594 3900 5609
3 1828 1831 1829
3 1831 1830 1829
3 1838 1836 2734
3 7505 9139 9138
3 7505 7766 7767
3 7505 7767 9140
3 9139 7505 9140
3 9137 7761 7762
3 9137 7760 7761
3 7727 7729 7728
3 7727 7726 7729
3 7722 7727 7728
3 7726 7727 7722
3 5775 5778 5772
3 5773 5775 5772
3 5778 5775 5776
3 5775 5773 5776
3 5817 5824 6086
3 6083 6082 5812
3 6082 6083 6087
3 5805 5809 5800
3 5809 6077 5800
3 6089 5822 6093
3 6090 6089 6093
3 5698 2545 1453
3 5699 6804 8147
3 5699 5698 6804
3 5699 2545 5698
3 5699 8147 1146
3 604 5699 1146
3 9254 1700 3998
3 9512 2548 6253
3 2548 8150 10345
3 8150 2548 9512
3 4299 10620 10105
3 8150 10620 10345
3 10620 8150 10105
3 1969 10105 7881
3 1969 4299 10105
3 3418 1969 7881
3 1969 3418 1701
3 6533 6812 6535
3 6536 6539 6535
3 6812 6536 6535
3 4081 4084 4083
3 4057 4081 4083
3 4081 3746 4084
3 3746 4057 3738
3 3746 4081 4057
3 4064 4083 3801
3 4064 4057 4083
3 4061 4086 4065
3 4086 4061 4068
3 4068 4061 4059
3 4061 3739 4059
3 4061 4065 4053
3 4079 4067 3759
3 4084 4067 4085
3 3711 3715 3713
3 4082 4075 4065
3 4075 4076 4065
3 4076 4075 4082
3 2545 7347 1453
3 3414 3992 6250
3 2849 3414 6522
3 3414 6250 6522
3 3414 2849 1145
3 3992 3414 1145
3 9250 5982 123
3 5982 869 123
3 3691 5982 8974
3 5982 9250 8974
3 2237 9510 8148
3 2237 2546 9510
3 2237 1147 605
3 1147 2237 8148
3 871 2237 605
3 2237 871 6806
3 122 2237 6806
3 4297 1454 3139
3 2546 1454 4297
3 1454 2237 122
3 2237 1454 2546
3 9252 7054 8976
3 7054 122 8976
3 7054 1454 122
3 1454 7054 3139
3 1966 2850 9824
3 7624 1698 1146
3 1698 7624 6251
3 8147 7624 1146
3 10342 7624 8147
3 6251 7624 10342
3 872 121 2238
3 9825 6252 1699
3 6252 7348 1699
3 6252 9825 3416
3 602 4295 1696
3 4295 6249 3413
3 1144 3687 3413
3 3687 4295 3413
3 4295 3687 1696
3 1696 3687 8728
3 3687 1144 8728
3 3991 1144 3413
3 1144 3991 3686
3 3991 3413 8145
3 9822 4875 327
3 4875 7346 327
3 7346 4875 5696
3 5696 4875 6803
3 1964 9822 327
3 3690 3689 3691
3 869 3689 1452
3 3689 7346 1452
3 3689 3690 7346
3 8972 2233 125
3 5695 6520 9821
3 5695 4874 6520
3 1963 5695 9821
3 3684 5695 1963
3 4874 5695 3684
3 4874 6248 8144
3 6248 9506 8144
3 9506 6248 3990
3 3990 6248 2847
3 6248 4874 2847
3 6801 9506 3682
3 9820 6801 4294
3 6801 3682 4294
3 3685 1451 8973
3 5981 3685 8973
3 3682 867 325
3 867 3682 3683
3 10622 10107 7351
3 8152 10107 10622
3 10107 8152 7883
3 8152 7881 7883
3 120 4000 2549
3 4000 332 1701
3 3418 4000 1701
3 4000 9255 332
3 9255 4000 120
3 8151 9513 7881
3 8152 8151 7881
3 9829 1151 10622
3 1151 8152 10622
3 3792 3789 3768
3 3789 3780 3768
3 6818 6816 6817
3 6816 6818 6819
3 6820 6818 6817
3 6818 6820 6819
3 3784 3501 3767
3 3501 3781 3767
3 9255 8445 332
3 6549 6548 6828
3 6548 6549 6829
3 6549 6828 6569
3 6829 6549 6569
3 6546 6543 6542
3 6541 6543 6540
3 6543 6541 6542
3 1436 4864 5685
3 4864 1436 2833
3 1436 854 2833
3 5424 587 1129
3 10326 8959 10085
3 7862 10601 10086
3 10086 10601 10085
3 10601 10326 10085
3 1137 595 4289
3 595 2227 4289
3 2227 595 129
3 4870 9815 8433
3 9815 4870 6796
3 6796 4870 8721
3 4870 3677 8721
3 7618 128 1691
3 321 8434 1691
3 8434 321 863
3 5692 4871 1691
3 8434 5692 1691
3 5692 9816 4871
3 8434 1958 6244
3 1958 8434 863
3 2843 7618 1691
3 3986 2843 1691
3 9502 3986 4871
3 9502 4871 7870
3 8140 9502 7870
3 9816 6797 10334
3 6797 8139 10334
3 8139 6797 6244
3 5692 6797 9816
3 6797 8434 6244
3 6797 5692 8434
3 1690 7617 3132
3 3985 2842 320
3 2842 1690 320
3 2842 7617 1690
3 2842 3985 3132
3 7617 2842 3132
3 1445 2228 3132
3 8722 8139 6244
3 9241 8137 4869
3 8137 9241 6513
3 9241 8965 6513
3 3676 8720 4869
3 8720 3676 1136
3 8720 9241 4869
3 594 8720 1136
3 8720 594 2535
3 9241 8720 8965
3 8720 5690 8965
3 5690 8720 2535
3 594 2226 2535
3 1956 3676 8432
3 1956 861 3676
3 5221 5216 5200
3 5216 5212 5200
3 3723 3721 5195
3 7873 10612 10097
3 7873 6518 10612
3 7872 10096 10611
3 7620 6518 9819
3 6518 7620 8142
3 5207 3734 6564
3 3734 4028 3733
3 3734 5207 4028
3 6245 1139 3409
3 1139 6245 3679
3 3988 1448 8970
3 10096 10336 10611
3 7871 10336 8141
3 10336 10095 10611
3 10095 10336 7871
3 1692 8969 1447
3 5978 322 8435
3 5978 8969 1692
3 8969 5978 9503
3 5458 5179 5454
3 5458 5445 5179
3 5445 5450 5443
3 5450 5452 5443
3 5432 5431 5433
3 5160 5175 5161
3 8426 6508 9494
3 6510 9496 7041
3 10088 10328 10603
3 10088 10603 10329
3 8429 1953 7613
3 1953 8429 3404
3 8962 7336 9496
3 7864 8962 9496
3 6510 7864 9496
3 7864 6510 9810
3 10328 7864 9810
3 10088 7864 10328
3 8962 7864 9238
3 9238 7864 10329
3 7864 10088 10329
3 5466 5459 5454
3 5455 5448 5449
3 5448 5447 5449
3 5448 5455 5453
3 5448 5453 5454
3 5447 5448 5454
3 5477 5476 5481
3 5476 5477 5475
3 5475 5478 5471
3 5478 5480 5471
3 5477 5478 5475
3 5478 5477 5481
3 5480 5478 6558
3 5184 5456 5449
3 5456 5184 5181
3 5183 5184 5449
3 5181 5184 5177
3 5184 5183 5177
3 4867 8717 6792
3 6240 4867 6792
3 4867 6240 5688
3 5199 5194 5188
3 3725 5199 5188
3 5194 5199 5219
3 5199 3723 5195
3 5199 3725 3723
3 5218 5199 5195
3 5199 5218 5219
3 7614 3674 6793
3 8964 9498 6512
3 5190 5189 5188
3 5189 5219 5186
3 5189 5190 5219
3 860 7338 1688
3 7338 860 3675
3 318 3130 2840
3 7615 3130 318
3 6242 3406 2840
3 3130 6242 2840
3 6242 3130 7615
3 10091 10331 10606
3 7867 10091 10606
3 10091 7867 10331
3 8136 8719 9240
3 8136 6794 8719
3 10331 8136 9240
3 6794 8136 10331
3 6794 8431 7338
3 8431 6794 9813
3 6242 8431 9813
3 10076 8950 7852
3 9226 8950 10317
3 8950 10076 10317
3 8122 9485 7030
3 8950 9485 7852
3 9485 5408 7852
3 9485 8122 5408
3 5678 4858 2825
3 4858 5678 5408
3 5408 5678 7325
3 5678 2825 3117
3 3392 5678 3117
3 5678 3392 7325
3 2520 1674 2211
3 2520 2211 4580
3 3969 2520 4580
3 6499 5124 6780
3 6499 7853 9799
3 6499 6780 7853
3 5409 8123 3970
3 8123 4859 3970
3 9486 8123 8951
3 8123 5409 8951
3 8123 9486 5679
3 2521 4276 2212
3 4276 2521 3970
3 1429 2521 2212
3 2521 5409 3970
3 2521 1429 5409
3 4859 4581 3970
3 4581 4276 3970
3 4276 4581 1675
3 5126 4581 4859
3 4581 5679 1675
3 4581 5126 5679
3 1429 7326 5409
3 7326 1429 2826
3 1122 2212 580
3 1122 1429 2212
3 9801 9228 10594
3 7855 9801 10594
3 7328 5412 8953
3 5412 7855 8953
3 3971 7327 5410
3 5128 3971 5410
3 3971 5128 2522
3 2827 3394 5127
3 3394 2827 305
3 1942 305 140
3 1942 7603 305
3 1942 140 5965
3 7603 1942 5965
3 7038 7333 4586
3 6788 7038 4586
3 8425 7038 6788
3 7333 7038 3125
3 5156 5151 5149
3 6503 9489 8421
3 5415 6503 8421
3 10595 9802 9229
3 10080 10595 10320
3 10595 9229 10320
3 10595 10080 7856
3 9802 10595 7856
3 8420 9802 7856
3 8954 8709 8126
3 8954 6232 7856
3 6232 8420 7856
3 10599 9806 10324
3 9233 6787 8712
3 8957 9233 8712
3 9233 8957 10324
3 9806 9233 10324
3 9233 9806 6787
3 8129 6235 8712
3 6235 8957 8712
3 10597 9231 10322
3 138 5135 308
3 138 2830 5135
3 5682 1945 8421
3 1945 5682 308
3 6233 5682 8421
3 138 5682 2830
3 8127 7330 6233
3 7330 3397 6233
3 7600 6497 8415
3 4857 7600 8415
3 7600 4857 1939
3 2209 2518 846
3 1119 2209 301
3 2519 142 2210
3 142 2519 5963
3 2519 2210 3968
3 5963 2519 3968
3 1551 1547 1548
3 1547 1551 1546
3 1547 1546 1545
3 1547 1543 1548
3 1543 1547 1545
3 1558 1551 1557
3 1551 1558 1556
3 1558 1557 1560
3 1522 1528 1525
3 1520 1521 1525
3 1521 1522 1525
3 1496 664 1728
3 1496 1506 1504
3 664 1496 1501
3 1503 1496 1504
3 1496 1503 1501
3 5999 74 386
3 664 74 3161
3 74 5999 3161
3 7370 5999 6275
3 5999 7370 3161
3 7370 6275 3439
3 3161 7370 3439
3 4928 4929 4931
3 4928 4927 4929
3 4924 4928 4931
3 4927 4928 4924
3 4937 4938 4939
3 4938 4940 4939
3 4938 4932 4940
3 3166 7375 3445
3 7375 3166 1734
3 3445 7375 4613
3 7375 6003 4613
3 6004 63 675
3 63 7655 675
3 7655 63 6004
3 7646 1209 1211
3 659 382 1207
3 382 659 5997
3 9878 1212 9879
3 1212 9878 1211
3 1212 1214 9879
3 383 1212 1211
3 1212 77 1214
3 77 1212 383
3 9301 9302 10155
3 9302 9301 10394
3 9877 9301 10155
3 9301 9877 10394
3 6273 383 660
3 7368 6273 660
3 383 6273 3159
3 6273 4608 3159
3 6273 7368 4608
3 1213 77 661
3 77 1213 1214
3 1214 1213 1217
3 1213 1216 1217
3 8787 8789 7393
3 7394 8787 7393
3 8787 7394 7395
3 7403 8787 7395
3 7408 8799 8798
3 7407 7408 8798
3 7408 7409 8799
3 7409 7408 8790
3 7408 7403 8790
3 9892 9893 8797
3 9893 9892 8798
3 9886 9892 9887
3 8798 9892 9886
3 4901 4902 1729
3 4901 4900 4902
3 4901 1729 4898
3 4900 4901 4898
3 1513 1517 1516
3 1511 1517 1513
3 956 945 950
3 943 956 955
3 944 943 955
3 943 938 936
3 938 944 939
3 938 943 944
3 2951 2946 2948
3 981 986 993
3 988 981 982
3 981 988 990
3 986 981 990
3 9875 9299 9298
3 9299 9875 10153
3 9298 9299 10670
3 9299 10153 10670
3 734 979 987
3 734 2951 979
3 993 992 987
3 992 734 987
3 983 991 980
3 983 984 991
3 984 985 740
3 739 985 989
3 985 739 740
3 983 985 984
3 79 1203 3436
3 1204 79 3436
3 941 1206 1207
3 1204 1206 941
3 3158 6272 4607
3 80 6272 2012
3 7367 6272 3158
3 6272 7367 2012
3 4607 6272 657
3 6272 80 657
3 1203 1202 3436
3 1202 7367 3436
3 4777 6146 5596
3 4777 6421 6146
3 3584 4194 2145
3 3584 2145 4500
3 6705 3584 4500
3 3584 6705 6950
3 4192 4775 2450
3 4775 4192 5039
3 6420 5324 4498
3 3889 4192 2450
3 5039 3889 6145
3 4192 3889 5039
3 4498 3583 1062
3 5324 3583 4498
3 4776 5595 4193
3 4193 5595 8344
3 5595 6420 4498
3 5595 1062 8344
3 5595 4498 1062
3 4775 5594 8060
3 5594 4497 8343
3 8060 5594 8343
3 4497 5594 3309
3 5594 4775 3309
3 3270 3282 3273
3 4768 4173 5033
3 4153 3270 3273
3 3279 3278 3284
3 3278 3283 3284
3 4153 3278 3279
3 3289 3281 3290
3 3289 3285 3281
3 5318 3289 3290
3 3294 3296 3304
3 3296 5318 2141
3 3304 3296 2141
3 6140 3298 6944
3 3298 6140 3299
3 3298 3302 6944
3 3302 3298 3299
3 3305 3301 4769
3 3301 3305 3299
3 3292 3301 3287
3 3301 3299 3287
3 3305 3303 3299
3 3303 3302 3299
3 3303 3305 3884
3 5589 3303 3884
3 3302 3303 5589
3 3272 3271 3276
3 3272 3268 3271
3 4432 4419 4430
3 4432 4431 4419
3 4414 3812 4394
3 4415 3812 4414
3 4394 3812 4382
3 3812 4383 4382
3 3812 4389 4383
3 4389 3812 4416
3 3812 4415 4416
3 3886 5591 2448
3 4490 4488 2142
3 4379 4378 4377
3 4380 4379 4377
3 4379 4381 4378
3 4381 4379 4380
3 4411 4400 4412
3 4413 4411 4412
3 4411 4413 4400
3 3306 4485 4483
3 4487 4771 4486
3 4482 4487 4486
3 4487 3306 4771
3 3306 4487 4485
3 4487 4482 6701
3 4485 4487 6701
3 4407 4404 4405
3 4404 4399 4405
3 9689 9688 9690
3 9688 9689 9687
3 9690 9688 6892
3 9686 9688 9687
3 9688 9685 6892
3 9688 9686 9685
3 2430 3862 5557
3 3862 6921 5557
3 3862 9710 5558
3 3862 2430 9711
3 9710 3862 9711
3 5292 9710 9709
3 9710 5292 5558
3 9705 5006 5291
3 3515 3517 3508
3 3514 3515 3508
3 3528 3537 3529
3 3537 3528 3533
3 3528 3526 3533
3 4668 4665 4660
3 4669 4668 4660
3 4991 4990 4989
3 4990 4991 3523
3 4948 4663 4949
3 4948 4947 4663
3 4663 4951 4949
3 4705 4714 4708
3 6937 5311 4760
3 6937 6694 6408
3 6937 4760 6694
3 2136 2135 2125
3 2135 2136 8334
3 2131 2135 8334
3 2127 2131 2126
3 2133 2132 1055
3 2132 2133 3877
3 4759 5579 6693
3 2129 8052 2441
3 8052 2129 2128
3 2129 2123 2128
3 2123 5578 5024
3 4763 5583 3880
3 5029 5583 4763
3 3253 3250 3249
3 3255 3253 3249
3 3256 3258 3261
3 3257 3256 3261
3 3258 3256 3247
3 3247 3256 3248
3 3256 3257 3248
3 4183 4182 6942
3 4182 6698 6942
3 6698 4182 4767
3 4182 5587 4767
3 4182 4184 5587
3 4182 4183 4184
3 4166 4176 4167
3 6369 6370 6363
3 6370 6359 6363
3 6370 6371 6359
3 6372 6373 6374
3 6371 6373 6372
3 6373 6370 6374
3 6370 6373 6371
3 6372 6358 6359
3 6357 6358 6372
3 6358 6356 6359
3 6356 6358 6357
3 6384 6383 6385
3 6400 6398 6399
3 6400 6401 6398
3 6400 6399 6933
3 6401 6400 6403
3 6383 6386 6385
3 6386 6383 6376
3 6350 6351 6349
3 6350 6356 6351
3 6356 6350 6360
3 6360 6350 6361
3 6361 6350 6868
3 6350 6867 6868
3 6350 6349 6867
3 5023 5308 2119
3 7810 5079 5635
3 3924 7810 6184
3 5636 7557 8085
3 516 512 518
3 512 511 518
3 512 516 514
3 4817 7282 6184
3 2171 7282 1627
3 7282 3924 6184
3 3924 7282 2171
3 4232 3617 1627
3 7282 4232 1627
3 4232 7282 4817
3 3617 6737 1628
3 6455 6737 3617
3 6737 7557 1628
3 6737 6455 7557
3 4819 4234 2481
3 4234 4819 6987
3 4819 7812 6987
3 4820 5367 4235
3 4820 7285 5367
3 7285 1632 6187
3 1632 3076 6187
3 3076 1632 2784
3 1389 1087 4235
3 2173 3350 3076
3 6986 6185 5923
3 7811 7283 2480
3 6185 7283 7811
3 1026 1025 1024
3 1593 1026 1024
3 1026 1593 1025
3 7284 1631 6186
3 7284 1086 1631
3 3926 1388 2481
3 1086 1388 3926
3 7284 1388 1086
3 1614 1607 1608
3 1615 1614 1608
3 1607 1614 1372
3 8082 10548 6452
3 8082 1384 5076
3 1384 8082 6452
3 5632 8082 5076
3 8082 5632 8371
3 10548 8082 8371
3 6733 3613 1379
3 3613 2168 1379
3 3613 6733 6451
3 7278 1082 1378
3 2168 7278 1378
3 1381 3344 10547
3 3344 7807 10547
3 3344 3070 7807
3 3070 3344 5076
3 1383 3921 5632
3 1383 1381 3921
3 6454 7809 8373
3 5921 6454 8373
3 8084 6454 5921
3 6454 8084 6183
3 497 499 492
3 499 503 492
3 503 499 502
3 499 497 498
3 505 496 504
3 496 505 493
3 496 493 494
3 504 496 500
3 495 496 494
3 496 495 500
3 3346 2170 4539
3 3923 3346 4539
3 3346 3923 5078
3 3072 2780 5078
3 2780 3072 815
3 7809 3072 5078
3 3072 7809 815
3 4230 4815 6983
3 7280 4815 4230
3 8083 6453 7808
3 6453 7280 7808
3 2477 2169 6734
3 3922 2477 6734
3 2477 3922 2169
3 3922 2779 2169
3 2169 2779 1619
3 2779 3345 1619
3 6450 4535 2167
3 4535 3342 2167
3 3342 3068 6732
3 2475 3068 5074
3 6732 3068 2475
3 2776 7551 3919
3 2776 5358 7551
3 7805 2776 7276
3 5358 2776 7805
3 1374 2776 3919
3 5359 4227 4812
3 6179 4227 5359
3 7589 6767 8404
3 7589 8404 5667
3 5953 7589 5667
3 5397 6217 8111
3 6764 6483 7586
3 6483 8689 9784
3 283 4847 3379
3 4847 283 5111
3 2812 5111 282
3 3105 2812 1416
3 2812 4847 5111
3 1109 2812 567
3 2812 3105 567
3 3379 2812 1109
3 4847 2812 3379
3 8403 6485 9473
3 6485 8691 9473
3 276 278 279
3 4843 6762 4566
3 6762 4843 7584
3 6762 8399 4566
3 7309 3951 1411
3 3951 7309 5662
3 5948 7309 6211
3 7309 5948 5662
3 5391 4843 1656
3 4843 5391 7012
3 5948 5391 5662
3 7012 5391 6211
3 5391 5948 6211
3 8687 8932 9208
3 8687 9208 9782
3 6481 8687 9782
3 1922 563 1105
3 563 1922 833
3 1922 2807 833
3 4564 832 3949
3 4841 4564 3949
3 4564 3641 10296
3 832 4564 10296
3 1409 7307 3949
3 5660 7307 1409
3 5660 5946 6209
3 7307 5660 6209
3 2805 3098 2501
3 5946 3098 2805
3 5660 3098 5946
3 3098 1409 2501
3 3098 5660 1409
3 10297 3373 5105
3 3373 2806 562
3 3373 10297 2806
3 6479 8685 9780
3 9468 6479 9780
3 169 2816 5670
3 169 4573 2816
3 169 5670 5115
3 1419 169 5115
3 4573 169 1419
3 3960 6220 5400
3 6220 7021 5400
3 6220 1419 5115
3 3959 7317 1664
3 184 7317 3959
3 7317 184 182
3 7317 5399 1664
3 1668 3112 1116
3 3112 3655 298
3 574 3112 298
3 3112 574 1116
3 7320 1668 4853
3 3112 7320 3655
3 7320 3112 1668
3 7596 7320 5403
3 7320 7024 5403
3 7320 4853 7024
3 4576 7320 7596
3 7320 4576 3655
3 1668 5959 4853
3 4853 5959 6223
3 5959 3963 6223
3 157 152 159
3 159 152 158
3 7319 4575 6222
3 4575 3962 6222
3 3962 4575 3111
3 4575 7319 1667
3 4575 1115 3111
3 4575 1667 1115
3 5674 2515 1423
3 5119 5674 1423
3 576 1118 3389
3 1118 5961 3389
3 8701 6776 7026
3 7026 6776 7598
3 6776 5405 7598
3 6776 8413 5405
3 9222 8701 8946
3 9222 8946 10588
3 10313 9222 10588
3 10073 9222 10313
3 5960 1936 3113
3 5960 3113 3656
3 7321 5960 3656
3 1936 5960 5404
3 5404 5960 7597
3 5960 7321 7597
3 8119 5961 5405
3 8413 8119 5405
3 1425 8119 9482
3 2822 576 3389
3 2822 2208 576
3 5961 2822 3389
3 8119 2822 5961
3 5121 6226 7027
3 6226 5121 3658
3 6226 3966 7027
3 3966 9482 7027
3 3966 1425 9482
3 577 845 3658
3 5659 1408 3097
3 1408 5659 7306
3 1408 7306 3948
3 3097 1408 2191
3 1408 561 2191
3 1408 3948 561
3 2176 8912 8911
3 1903 2176 8911
3 2176 1903 3354
3 5371 6191 6992
3 4239 7816 820
3 1636 4239 820
3 7816 4239 6992
3 3078 5084 7814
3 5084 3078 4545
3 6459 3352 1390
3 3352 5084 4545
3 5084 3352 6459
3 539 3352 3621
3 3352 4545 3621
3 2483 3352 539
3 3352 2483 1390
3 4822 4237 7287
3 5369 4822 7287
3 4822 5369 4237
3 6189 5369 7287
3 6189 1634 8378
3 1634 6189 7287
3 8088 6189 8378
3 5369 6189 8088
3 3929 1634 7287
3 1634 3929 540
3 540 3929 542
3 3929 4237 542
3 4237 3929 7287
3 7815 1635 3930
3 3930 1635 547
3 1635 2787 547
3 3079 4546 6742
3 3079 1089 4546
3 3622 3079 6742
3 1089 3079 3622
3 1391 4546 3353
3 1391 5085 4546
3 5085 1391 5641
3 1391 6460 5641
3 1391 2484 6460
3 1391 3353 2484
3 8381 6993 8914
3 5644 8381 9766
3 5644 9191 6193
3 9191 5644 9766
3 8914 8090 5643
3 4549 549 8668
3 549 4549 3625
3 549 821 8668
3 7291 6745 3625
3 4549 7291 3625
3 6745 7291 6193
3 476 1292 477
3 476 475 1292
3 476 477 1335
3 470 476 1335
3 475 476 470
3 1639 6995 5932
3 6995 7567 5932
3 7567 6995 8383
3 1395 4550 2179
3 3934 3626 2179
3 4550 3934 2179
3 2790 7818 3357
3 5645 7818 6464
3 7818 2790 6464
3 8093 5647 7820
3 5091 5647 8093
3 5647 5091 3359
3 6466 5647 3359
3 5647 6466 7820
3 3359 2489 1908
3 5091 2489 3359
3 6466 7568 8384
3 7568 6466 5933
3 8384 7568 6996
3 7568 5933 6996
3 1346 1345 1348
3 1346 1349 1347
3 1345 1346 1347
3 4830 6998 6749
3 4830 6749 2182
3 3629 4830 2182
3 5377 3937 7295
3 6197 5377 7295
3 823 4829 3360
3 4829 823 2181
3 823 3360 2793
3 9458 8919 9195
3 8919 9769 9195
3 8919 9458 8385
3 6997 8919 8385
3 9769 8919 6997
3 8677 7002 8389
3 7002 8677 7574
3 7002 6201 8389
3 7002 8097 6201
3 4249 7002 5939
3 7002 7574 5939
3 7002 4249 5381
3 8097 7002 5381
3 6471 8924 5097
3 9774 8924 9199
3 8924 6471 9199
3 3092 4558 5654
3 4558 1403 5654
3 4558 3092 556
3 1403 4558 556
3 3635 4251 5941
3 3635 2496 4251
3 3635 5941 1915
3 2496 3635 1915
3 7826 6202 8390
3 6202 8924 8390
3 8924 6202 5097
3 6202 7826 5382
3 1647 5382 8098
3 4250 1647 8098
3 1647 4250 1914
3 3938 4554 1095
3 4554 1399 1095
3 5378 3938 7296
3 5378 4246 3938
3 6198 5378 7296
3 4246 5378 6999
3 5378 6198 6999
3 5379 3939 7297
3 2492 3939 1911
3 3939 2492 7297
3 3939 4247 1911
3 4247 3939 5379
3 5937 7000 7572
3 6199 7000 5379
3 7000 9460 7572
3 9460 7000 8675
3 7000 8387 8675
3 7000 6199 8387
3 3088 5094 5650
3 2492 3088 7297
3 7297 3088 7823
3 3088 5650 7823
3 7571 5936 6999
3 4246 5936 4831
3 5936 4246 6999
3 5936 6750 4831
3 5936 8095 6750
3 5936 7571 8095
3 8096 3940 2493
3 7298 8096 2493
3 3940 8096 5380
3 3089 2493 554
3 3089 7298 2493
3 7824 3089 5651
3 7298 3089 7824
3 6200 7001 5380
3 8096 6200 5380
3 6200 8096 7298
3 6200 8388 7001
3 6200 7298 7824
3 8388 6200 7824
3 615 881 6259
3 881 615 10113
3 615 10628 10113
3 10628 615 1157
3 2557 6260 2861
3 7634 2557 2861
3 8159 2557 1158
3 6260 2557 8159
3 2557 10629 1158
3 2557 7634 10629
3 9832 1461 337
3 4302 1461 6257
3 2244 1973 2857
3 9517 1973 2244
3 2857 1973 7885
3 1973 9517 7885
3 8737 2244 10350
3 8449 8982 9259
3 7076 9275 7075
3 9275 10643 10642
3 7074 10366 9534
3 2280 2289 2287
3 102 896 5983
3 896 102 1989
3 2284 2285 2273
3 2285 2274 2273
3 8255 8248 8249
3 8255 8263 8248
3 9619 9621 9629
3 9619 9629 9607
3 9615 9619 9607
3 9610 9608 9609
3 9608 9610 9615
3 8231 8234 8235
3 8235 8234 8236
3 8234 7978 8236
3 8234 8232 7978
3 8234 8231 8232
3 8231 6336 8232
3 6331 6336 6334
3 6336 6331 8232
3 6336 8231 8230
3 6336 8230 7975
3 7973 6336 7975
3 6334 6336 6335
3 6336 6337 6335
3 6336 7973 6337
3 8238 8232 6332
3 8238 8233 8232
3 8237 8248 8236
3 7978 8237 8236
3 8233 8237 7978
3 9587 9586 9588
3 9586 7705 9581
3 7688 7689 7701
3 7703 7688 7701
3 7688 8223 7689
3 8219 8208 8220
3 8219 7684 8208
3 7133 7979 7132
3 7133 8531 7979
3 7139 8538 7993
3 8538 7139 7138
3 8538 7140 7993
3 7140 8538 7138
3 7139 7137 7138
3 7091 7090 7089
3 7092 7091 7089
3 7090 7091 7093
3 7091 7092 7093
3 6266 7897 3431
3 7069 2564 107
3 2564 7069 1984
3 2564 1984 7896
3 890 2564 7896
3 7639 624 107
3 7639 890 624
3 2564 7639 107
3 7639 2564 890
3 890 8167 624
3 1472 8167 2256
3 8167 1472 624
3 2256 8167 7896
3 8167 890 7896
3 623 1714 10361
3 1714 348 10361
3 348 1714 2867
3 10637 9270 8460
3 4309 4310 4308
3 2610 2613 2611
3 2613 2610 2625
3 2610 2609 2625
3 1987 2567 7899
3 2265 1987 2264
3 2870 3432 7899
3 3432 2870 2260
3 3432 6267 4594
3 351 6267 2260
3 6267 3432 2260
3 2648 2656 2646
3 2647 2648 2646
3 2648 2647 2656
3 2661 2645 2646
3 2645 2627 2646
3 2627 2645 2623
3 1987 2263 2264
3 1475 2263 1987
3 7642 2263 1475
3 351 7071 9532
3 7071 351 2260
3 8170 1717 2262
3 2379 2662 2081
3 2662 2651 2081
3 10641 9274 10642
3 9274 9848 10642
3 2638 2081 2633
3 2638 2650 2081
3 2377 2376 4372
3 4360 2377 4372
3 2377 4360 2376
3 2330 2318 2336
3 2318 2330 2320
3 2334 2333 2327
3 2077 2333 2334
3 2333 2326 2327
3 2582 9538 2579
3 2582 10130 9538
3 10130 2582 8468
3 2357 2347 2349
3 2371 2363 2356
3 2366 2371 2356
3 2346 2350 2078
3 2345 2350 2346
3 2350 2361 2078
3 2350 2341 2361
3 2350 2345 2341
3 2344 2354 2365
3 2351 2354 2344
3 2354 2364 2365
3 4367 4365 4364
3 10118 10633 110
3 10633 10118 10358
3 620 886 8163
3 886 620 110
3 10633 7066 110
3 2252 9525 1980
3 3427 2252 1980
3 2252 3427 3150
3 2252 7066 9525
3 7066 2252 110
3 10631 9838 8743
3 8455 9838 10631
3 618 884 8161
3 7065 2559 343
3 2559 6261 7891
3 2558 1978 342
3 1978 4306 342
3 1978 2558 7890
3 4306 1978 7890
3 342 2862 9523
3 4306 2862 342
3 9523 2862 2250
3 2862 8161 2250
3 2862 4306 8161
3 2865 1163 6263
3 1163 2865 7067
3 8991 9841 10359
3 8746 8458 9268
3 8746 8991 8458
3 8458 10635 9268
3 9527 10635 8458
3 10635 9527 10120
3 1982 3151 346
3 3151 9527 346
3 9527 3151 2562
3 2562 3151 7894
3 3151 1982 7894
3 1713 2254 108
3 2254 1713 2562
3 9527 1713 108
3 1713 9527 2562
3 622 7068 9842
3 622 10360 108
3 10360 622 9842
3 9528 2866 1983
3 2866 7895 1983
3 2866 4592 7895
3 9269 8747 10636
3 10121 9843 10636
3 9843 10121 10361
3 2563 9528 1983
3 2563 889 9528
3 3429 2563 1983
3 8166 3429 7895
3 2867 8166 7896
3 8166 7895 7896
3 1708 616 113
3 882 1708 113
3 1708 882 616
3 1459 3143 1152
3 6255 10107 7883
3 10107 6255 7351
3 7058 9515 2242
3 2242 9515 2551
3 9515 6255 7883
3 8153 9515 7883
3 2551 9515 8153
3 3786 3775 3787
3 3786 3787 3796
3 3794 3786 3796
3 3420 10623 1152
3 10108 10623 3420
3 3788 3793 3790
3 3788 3782 3793
3 3782 3788 3771
3 3782 2598 3775
3 2598 3782 3771
3 3779 3773 3790
3 3773 3771 3790
3 3771 3773 3769
3 3783 3791 3796
3 6256 1153 611
3 8154 6256 7884
3 10624 6256 8154
3 1153 6256 10624
3 1972 9516 7352
3 8736 1972 7352
3 1972 335 7884
3 9516 1972 7884
3 9831 7630 1460
3 6626 6624 6860
3 6624 6626 6857
3 6851 6854 6625
3 6579 6581 6584
3 6581 6579 6576
3 6577 6581 6576
3 1154 9832 7060
3 612 1154 7060
3 1154 2553 8155
3 1154 612 2553
3 8261 8258 7994
3 8258 8253 8244
3 8266 9334 8269
3 9334 8266 9331
3 9326 9328 9325
3 9328 9326 9330
3 9617 9334 9338
3 9617 9618 9613
3 9617 9613 8269
3 9334 9617 8269
3 9333 9332 9330
3 9332 9334 9331
3 7996 8548 7994
3 9335 9333 9330
3 9341 9335 9330
3 9340 9342 9339
3 9340 9341 9342
3 9340 9339 9337
3 9335 9340 9337
3 9340 9335 9341
3 9631 9632 9630
3 9632 9631 9633
3 9631 9617 9338
3 9617 9631 9630
3 9631 9338 9634
3 9633 9631 9634
3 7956 7954 7952
3 7956 7952 7955
3 7959 7956 7955
3 7954 7958 7953
3 7953 7958 7711
3 7958 7959 7711
3 7958 7956 7959
3 7956 7958 7954
3 7960 7959 7955
3 7960 7961 7959
3 7960 7955 7957
3 7961 7960 7957
3 8536 8532 8535
3 7140 8536 8535
3 8536 7140 7138
3 8532 8536 8529
3 8537 7142 8535
3 7142 8542 7144
3 8542 8543 7144
3 8545 8544 8547
3 8543 8545 8547
3 968 969 963
3 963 969 966
3 8484 9869 10386
3 8484 8769 8483
3 9868 8484 10386
3 8769 8484 9868
3 9009 367 8764
3 10380 9009 8764
3 10379 10656 9287
3 8763 10379 9287
3 10379 8763 8476
3 5989 93 9008
3 93 8763 9008
3 8763 93 366
3 1487 93 5989
3 10140 9288 10657
3 9288 10141 10657
3 10143 10383 9865
3 9865 10383 9290
3 10383 9291 10660
3 10383 10143 9291
3 10383 10660 10659
3 9290 10383 10659
3 646 1188 5991
3 913 646 5991
3 646 913 1188
3 1183 1486 2880
3 1486 1727 2880
3 94 1486 1183
3 1727 1486 94
3 10378 8475 9008
3 10139 10378 9008
3 8475 9548 9547
3 10378 9548 8475
3 9547 9548 10138
3 9548 9286 10138
3 9016 8771 9871
3 2899 2895 2900
3 2895 2899 2898
3 2899 958 2898
3 2899 2900 959
3 1226 1225 959
3 1230 1225 1226
3 960 1225 1230
3 1225 960 959
3 960 2899 959
3 2899 960 958
3 2905 2906 1239
3 2905 1231 2904
3 653 1195 2008
3 2909 2912 1249
3 2908 2909 1249
3 652 1194 2007
3 1283 1246 1247
3 2902 1228 2901
3 1228 2902 2903
3 961 1228 2903
3 1257 1270 1259
3 1257 1251 1256
3 1270 1257 1256
3 1277 1259 742
3 1278 1277 742
3 9017 9296 9872
3 1276 1262 1271
3 1276 1271 1272
3 1265 1276 1281
3 1262 1276 1265
3 1276 1282 1281
3 1282 1276 1272
3 1237 2905 1239
3 2905 1237 1231
3 1241 1274 1247
3 1228 1241 1247
3 1241 1228 961
3 1273 1261 1250
3 1274 1275 1001
3 1241 1275 1274
3 1275 1241 1261
3 2920 2918 2919
3 2924 2925 2926
3 2925 2922 2926
3 2922 2925 2924
3 2010 82 925
3 2921 2924 2923
3 2921 2922 2924
3 2919 2921 2923
3 2918 2921 2919
3 1279 1264 1263
3 1279 1263 736
3 1280 1279 736
3 1264 1279 735
3 1279 737 735
3 1279 1280 737
3 2939 2945 2944
3 2936 2931 2932
3 7911 8759 9004
3 8759 7912 9004
3 7912 8759 7913
3 9856 7911 9004
3 7912 9856 9004
3 10134 9856 7912
3 9856 10134 9281
3 7911 9856 9281
3 636 1723 7907
3 637 1179 361
3 1724 637 361
3 1724 1483 1179
3 637 1724 1179
3 1724 97 1483
3 7476 7475 7479
3 7477 7475 7474
3 7475 7477 7479
3 7472 7473 7478
3 7473 7476 7478
3 7473 7475 7476
3 7473 7472 7474
3 7475 7473 7474
3 10515 10516 10517
3 10508 10509 10507
3 10506 10508 10507
3 7450 7453 7452
3 7461 7455 7460
3 7455 7461 7456
3 7453 7455 7456
3 7464 7466 7468
3 7466 7472 7468
3 7466 7464 7461
3 7464 7458 7461
3 7461 7458 7456
3 7186 7185 7188
3 7181 7185 7186
3 7158 7169 7172
3 7169 7158 7165
3 7158 7153 7151
3 7147 7153 7148
3 7151 7153 7147
3 7180 7182 7172
3 7175 7180 7172
3 7180 7190 7192
3 7182 7180 7192
3 7152 7166 7164
3 7166 7152 7167
3 7170 7166 7167
3 7166 7165 7164
3 7187 7170 7167
3 7187 7194 7190
3 7194 7187 7198
3 7187 7167 7198
3 710 699 708
3 2033 2032 2031
3 2032 2030 2031
3 2032 684 2030
3 692 690 693
3 690 692 691
3 691 692 9038
3 2034 2036 684
3 2032 2034 684
3 2034 2032 2033
3 2034 2033 2035
3 2036 2034 2035
3 724 723 725
3 723 721 725
3 721 723 724
3 2058 706 2057
3 2062 726 725
3 726 2062 2063
3 727 726 2063
3 48 47 45
3 46 48 45
3 12 15 5
3 15 12 25
3 15 10 5
3 29 19 31
3 29 31 2054
3 16 29 21
3 19 29 16
3 26 29 2054
3 29 26 21
3 2146 5043 4779
3 5043 2452 4779
3 4502 4196 3892
3 5043 4502 6148
3 4502 2146 4196
3 4502 5043 2146
3 4104 4137 4138
3 4137 4468 4138
3 6954 6708 6151
3 6151 6708 6424
3 5602 2148 1065
3 5046 2148 5602
3 1065 2148 8063
3 7484 7487 7486
3 7487 7488 7486
3 7487 7484 7485
3 7500 7496 7498
3 7495 7496 7500
3 7492 7495 7493
3 7492 7493 7491
3 7490 7492 7491
3 7489 7492 7490
3 7488 7494 7489
3 7494 7492 7489
3 7492 7494 7495
3 7494 7496 7495
3 7487 7494 7488
3 7494 7487 7485
3 7499 7494 7485
3 7494 7499 7498
3 7496 7494 7498
3 6725 6171 1887
3 2770 6171 6725
3 6171 4219 1887
3 6171 2770 4219
3 4219 5066 7544
3 2770 5066 4219
3 3060 2770 6725
3 3060 5066 2770
3 5066 3060 7544
3 2162 3913 6172
3 5623 3061 4528
3 3061 3606 4528
3 3606 3061 2162
3 3061 3913 2162
3 3053 7538 5060
3 3907 3329 6720
3 5616 3907 4521
3 4213 3907 5616
3 3907 4213 3329
3 6967 5060 5902
3 6967 3053 5060
3 6967 5902 4521
3 5345 3329 2465
3 5345 3600 3329
3 1073 5345 2465
3 5345 1073 3600
3 7796 7539 6438
3 2990 3003 3005
3 2996 3003 2990
3 2992 3002 3006
3 3002 2989 2999
3 5905 8073 9439
3 2989 2997 2999
3 2998 2997 2990
3 2997 2989 2990
3 2466 5346 7263
3 7796 8072 7539
3 2963 2961 2966
3 2987 2963 2966
3 2386 2963 2987
3 2961 2965 2966
3 2965 2685 2966
3 2685 2965 2960
3 2964 2968 2381
3 2968 2391 2381
3 2968 2387 2391
3 5621 3604 5907
3 8075 5621 5907
3 3014 3017 2687
3 2769 7268 1886
3 7268 2769 7799
3 2769 1886 5065
3 6972 2769 5065
3 2769 6972 7799
3 3334 7268 7799
3 6972 3334 7799
3 3334 6442 7268
3 5350 6442 4803
3 6442 3334 4803
3 4217 808 4802
3 2468 4217 3333
3 808 4217 6971
3 4217 2468 6971
3 3333 4217 6441
3 6441 4217 5349
3 4217 4802 5349
3 7542 1885 7798
3 5620 7542 5906
3 5906 7542 8074
3 7542 7798 8074
3 2472 4531 3064
3 2472 2773 4531
3 5071 5627 8367
3 5071 3065 5627
3 2774 5071 2473
3 5071 2774 3065
3 5071 4809 2473
3 5914 4809 8367
3 4809 5071 8367
3 8079 7549 5914
3 7549 5356 5914
3 4223 811 7548
3 5070 3064 8078
3 5070 2472 3064
3 3065 6447 5627
3 6447 4532 5627
3 4532 6447 3609
3 6447 2774 3609
3 2774 6447 3065
3 5355 7803 7548
3 3339 7803 6977
3 7803 5355 6977
3 3918 5357 2474
3 7275 3918 2474
3 3066 4533 5628
3 3066 3610 1891
3 2166 3610 5072
3 3610 3066 5072
3 6978 8079 5628
3 6978 7549 8079
3 7549 6978 6448
3 4221 2772 7271
3 5353 4221 6975
3 4221 5353 2772
3 2471 4530 1889
3 4530 6728 1889
3 6728 4530 5625
3 4530 8077 5625
3 4530 2471 6445
3 3915 5069 7547
3 5069 3915 2164
3 4807 3915 7547
3 3915 6174 2164
3 3915 4807 6174
3 7802 5625 7547
3 5069 7802 7547
3 7802 3063 5625
3 7802 6728 3063
3 6728 7802 2164
3 7802 5069 2164
3 4222 5354 6174
3 4807 4222 6174
3 4222 4807 5354
3 2698 2701 2696
3 2698 2694 2699
3 2694 2698 2696
3 2698 2699 3030
3 2701 2698 3030
3 6961 2753 2751
3 2753 6961 5338
3 4790 6961 2751
3 6961 4790 5338
3 2750 5053 4206
3 5053 803 4206
3 803 5053 5609
3 5053 3594 5609
3 2756 2746 2745
3 7524 7526 7525
3 7526 7527 7525
3 6160 7533 5055
3 7532 2749 2747
3 2749 3902 2747
3 2749 6160 3902
3 2154 3324 4792
3 4208 2154 4792
3 2154 4208 3324
3 4209 8069 5898
3 3596 6433 5340
3 4516 3596 5340
3 5056 2761 1070
3 2761 5056 7534
3 6433 2761 7534
3 3596 2761 6433
3 6965 4518 4210
3 4518 5342 4210
3 7793 4518 6965
3 4518 7793 5342
3 1871 3040 3039
3 7793 1871 3039
3 790 3898 4203
3 790 4203 6958
3 3591 4202 2457
3 4202 3591 2150
3 2457 4202 793
3 4202 2150 793
3 5049 6712 6957
3 5049 3591 6712
3 5605 5049 6957
3 2150 5049 5605
3 3591 5049 2150
3 5057 3904 7535
3 3904 5057 4794
3 3904 6162 7535
3 6162 3904 2762
3 3326 6162 2762
3 6162 3326 1868
3 3598 5058 2463
3 3043 3598 2463
3 3598 3043 1874
3 3032 1853 1857
3 3032 1856 1853
3 3033 3038 1857
3 3038 3032 1857
3 3043 3038 1874
3 3032 3038 3043
3 1870 9162 1869
3 1870 3038 3033
3 6164 3049 3045
3 2957 2952 2953
3 2957 2977 2952
3 2969 2970 2954
3 2970 2958 2954
3 2958 2959 2955
3 2959 2956 2955
3 2970 2959 2958
3 2959 2970 2982
3 4796 4211 9165
3 1879 4796 3906
3 1878 3043 2463
3 9164 4519 2463
3 4211 4519 9164
3 7537 6164 3906
3 1852 1855 1854
3 1856 1855 1852
3 9128 9129 7749
3 7748 9128 7749
3 5860 5858 5859
3 5857 5858 5856
3 5858 5857 5859
3 5856 5858 5854
3 5858 5861 5854
3 5858 5860 5861
3 4513 2459 8067
3 3900 4513 8067
3 1068 5894 8352
3 783 784 774
3 4788 5893 8066
3 5893 4788 5335
3 7505 7504 7766
3 7765 7504 7762
3 7766 7504 7765
3 7504 7505 9138
3 7504 9137 7762
3 9137 7504 9138
3 5847 5846 5839
3 5848 5846 5849
3 5846 5848 5839
3 7759 9137 9138
3 9137 7759 7760
3 6082 5816 5813
3 5818 5814 6086
3 5814 5817 6086
3 5814 6076 6079
3 5809 5811 5812
3 6083 5811 6080
3 5811 6083 5812
3 5809 5810 6077
3 6077 5810 6079
3 5810 5809 5812
3 8444 331 9254
3 331 1700 9254
3 331 8444 8732
3 2852 3417 3998
3 1700 2852 3998
3 8977 7626 8732
3 1148 7626 8977
3 7626 331 8732
3 331 7626 9826
3 3999 9254 3998
3 6811 6533 6532
3 6811 6812 6533
3 6810 6811 6532
3 6539 6538 6540
3 6536 6538 6539
3 6816 6815 6814
3 6815 6813 6814
3 6815 6536 6812
3 6813 6815 6812
3 4060 4064 3801
3 4060 4068 4059
3 4068 4060 3801
3 3739 4060 4059
3 4064 4060 4057
3 5699 2236 2545
3 2236 7347 2545
3 7347 2236 870
3 2236 604 870
3 2236 5699 604
3 3993 1698 6251
3 3993 2850 1698
3 2850 3993 9824
3 9824 3993 10102
3 3993 10342 10102
3 3993 6251 10342
3 1148 3140 10344
3 2547 3140 2238
3 3140 872 2238
3 3995 3140 2547
3 3140 3995 10344
3 872 606 121
3 606 3140 1148
3 3140 606 872
3 1967 6252 3416
3 6252 1967 7348
3 1967 3416 2851
3 7348 1967 2851
3 3137 4295 602
3 3137 602 868
3 3137 2543 6249
3 4295 3137 6249
3 3137 868 2234
3 2543 3137 2234
3 4875 6521 6803
3 6521 4875 9822
3 8440 7052 327
3 7052 1964 327
3 3688 8440 3686
3 3688 7052 8440
3 7052 3688 1964
3 3991 2848 3686
3 2848 3688 3686
3 3688 2848 1964
3 1964 2848 9822
3 9822 2848 8145
3 2848 3991 8145
3 2542 9506 3990
3 2542 2233 9506
3 125 9248 601
3 2233 9248 125
3 2542 9248 2233
3 9248 2542 3990
3 601 9248 1695
3 9248 3990 1695
3 2233 3412 9506
3 3682 3412 3683
3 9506 3412 3682
3 1450 2233 8972
3 1450 867 3683
3 867 1450 8972
3 3412 1450 3683
3 1450 3412 2233
3 7874 10098 10613
3 10339 7874 10613
3 7874 10339 8144
3 9506 7874 8144
3 6801 7874 9506
3 7622 3685 5981
3 7622 6802 9507
3 1451 7622 9507
3 3685 7622 1451
3 6802 7622 9821
3 7622 1963 9821
3 7622 326 1963
3 7622 5981 326
3 9513 2853 3418
3 2853 4000 3418
3 2853 9513 2549
3 4000 2853 2549
3 9828 8979 1150
3 10621 9828 1150
3 10621 8151 10106
3 6254 10621 10106
3 10621 6254 9828
3 334 9829 7351
3 6255 334 7351
3 334 8735 8447
3 8735 9257 8447
3 9257 8735 7629
3 5700 5701 5704
3 8979 608 1150
3 608 8979 120
3 1457 120 2549
3 332 7056 1701
3 7056 1969 1701
3 6545 6544 6546
3 6544 6543 6546
3 6544 6545 6540
3 6543 6544 6540
3 5426 5425 5971
3 5426 5427 5425
3 5153 5160 5161
3 313 1950 7334
3 8713 6788 4586
3 6788 8713 9234
3 9234 8713 8958
3 8713 8130 8958
3 7333 3400 4586
3 3400 8713 4586
3 8713 3400 8130
3 3400 7333 3125
3 5159 5147 5148
3 5147 5159 5146
3 2528 1436 5685
3 1436 2528 2219
3 2528 587 2219
3 587 135 2219
3 135 1436 2219
3 1436 135 854
3 2834 1437 5971
3 1437 855 5971
3 9807 7861 6507
3 8959 7861 10085
3 7861 10600 10085
3 7861 9807 10600
3 4283 9493 2834
3 9493 4283 8425
3 9493 1437 2834
3 1437 9493 8959
3 9493 7861 8959
3 9493 8425 6507
3 7861 9493 6507
3 7045 5691 4289
3 8966 3407 9500
3 1957 4870 8433
3 4870 1957 3677
3 1957 8433 862
3 3677 1957 862
3 1139 8723 3409
3 8723 1139 597
3 128 7047 597
3 7047 8723 597
3 8723 7047 2538
3 5977 8722 6244
3 1138 3678 863
3 3678 1958 863
3 5977 3678 1138
3 1958 3678 6244
3 3678 5977 6244
3 9244 6245 3409
3 8723 9244 3409
3 5977 7046 8722
3 7046 1138 596
3 7046 5977 1138
3 7044 2226 1443
3 3406 7044 1443
3 5976 7616 3131
3 319 5976 3131
3 5220 5216 5221
3 5220 5221 6554
3 6553 5220 6554
3 5218 5220 6553
3 5217 5220 5218
3 5193 5209 5211
3 5209 5217 5211
3 5209 5220 5217
3 5198 3722 5200
3 5212 5198 5200
3 5196 5193 5211
3 5208 5196 5211
3 5196 5208 5203
3 5193 5191 3726
3 5191 3721 3726
3 5196 5191 5193
3 2226 130 1443
3 130 2226 594
3 130 2840 1443
3 130 318 2840
3 6518 10337 10612
3 10337 6518 8142
3 10612 10337 10097
3 10337 10611 10097
3 10337 7872 10611
3 7872 10337 8142
3 4293 9819 1961
3 4293 7620 9819
3 8437 4293 1961
3 325 3136 4294
3 8438 3136 325
3 8143 6519 9820
3 7874 6519 10098
3 6519 6801 9820
3 6519 7874 6801
3 324 3681 866
3 5693 9245 8141
3 4872 9503 8141
3 9245 4872 8141
3 322 1959 8435
3 1959 322 3679
3 6516 8140 10335
3 6516 9244 8140
3 9244 6516 6245
3 9503 9817 7871
3 9817 5978 8435
3 5978 9817 9503
3 865 3988 8970
3 3988 865 6246
3 9504 3988 6246
3 9504 7872 8142
3 8725 5979 1141
3 7872 9818 10096
3 6799 9818 6246
3 9818 9504 6246
3 9504 9818 7872
3 864 5978 1692
3 5978 864 322
3 5462 5465 5483
3 6790 8427 7611
3 5160 5155 5175
3 5155 5153 5154
3 5153 5155 5160
3 5429 5155 5154
3 1438 4587 2221
3 4587 1438 4284
3 2835 856 313
3 2835 313 7334
3 9494 2835 7334
3 4587 2835 9494
3 2835 4587 4284
3 9235 8959 10326
3 8959 9235 8131
3 9235 8714 8131
3 9494 9808 7862
3 6508 9808 9494
3 9808 10601 7862
3 10601 9808 10326
3 316 3404 5974
3 316 1953 3404
3 4589 6240 7613
3 1953 4589 7613
3 316 1686 1953
3 9237 8961 7863
3 8133 8961 9237
3 7863 8961 9495
3 8961 5687 9495
3 8961 4588 5687
3 1440 2837 9496
3 7336 1440 9496
3 1440 2223 132
3 2223 1440 7336
3 5464 5466 5465
3 5459 5464 5465
3 5464 5459 5466
3 5463 5459 5465
3 5462 5463 5465
3 5463 5458 5454
3 5459 5463 5454
3 5470 5472 5181
3 5468 5480 5482
3 5468 5472 5480
3 5473 5468 5482
3 5468 5473 5467
3 5456 5468 5467
3 5468 5456 5181
3 5472 5468 5181
3 3982 4287 1954
3 7614 3982 1954
3 7337 592 2533
3 592 2224 2533
3 592 859 2224
3 1442 2225 131
3 5975 2225 2534
3 131 2225 5975
3 317 1442 131
3 4287 317 1954
3 1135 860 593
3 860 1135 3675
3 1135 593 2534
3 8719 1135 2534
3 3675 1135 8719
3 9499 6242 9813
3 9499 7867 6513
3 7867 9499 9813
3 8965 9499 6513
3 5690 9499 8965
3 6242 9499 3406
3 9499 7044 3406
3 7044 9499 5690
3 7338 1955 1688
3 8431 1955 7338
3 1955 7615 1688
3 9485 8705 7030
3 8705 5124 7030
3 5124 8705 6780
3 7853 8705 9226
3 6780 8705 7853
3 8705 8950 9226
3 8705 9485 8950
3 4275 2520 3969
3 2520 4275 1674
3 4275 3969 7030
3 1674 4275 7030
3 5126 7031 5679
3 7031 5126 4859
3 7031 8123 5679
3 8123 7031 4859
3 7326 8417 5409
3 7853 8417 9799
3 5409 8417 7853
3 8417 6499 9799
3 1429 3118 2826
3 1122 3118 1429
3 2826 3118 580
3 3118 1122 580
3 6782 9801 6501
3 6782 5680 9487
3 5411 6782 6501
3 5680 6782 5411
3 3395 5412 7328
3 8419 5411 6501
3 9801 8419 6501
3 8419 9801 7855
3 5412 8419 7855
3 4283 1949 8425
3 1949 7038 8425
3 7038 1949 3125
3 1949 312 3125
3 1949 4283 312
3 5151 5150 5149
3 5150 5427 5149
3 5427 5150 5424
3 7034 6503 5415
3 3665 7034 5415
3 851 1945 308
3 851 5135 5134
3 5135 851 308
3 5133 583 5134
3 8420 6502 9802
3 8709 6784 8126
3 6784 7034 8126
3 7034 6784 6503
3 6503 6784 9489
3 6784 9803 9489
3 9230 8709 8954
3 9230 10080 10321
3 9230 8954 10080
3 10596 9230 10321
3 9803 9230 10596
3 6784 9230 9803
3 9230 6784 8709
3 7034 7329 8126
3 5414 8954 8126
3 7329 5414 8126
3 5133 850 5131
3 4864 9492 8958
3 9492 8424 9806
3 9492 4864 2833
3 854 311 2833
3 9805 9232 10598
3 9232 9805 6786
3 7859 10083 8957
3 10083 10598 10324
3 8957 10083 10324
3 10083 9805 10598
3 9805 10083 7859
3 4863 1947 7036
3 1947 310 5420
3 1947 4863 310
3 6505 4863 7036
3 8128 6505 7036
3 3123 1127 1680
3 7331 8128 7036
3 7857 8955 6233
3 8955 8127 6233
3 8955 7857 10081
3 8955 9231 8710
3 8127 8955 8710
3 8955 10081 10322
3 9231 8955 10322
3 7858 9804 10597
3 9804 9231 10597
3 7606 5682 6233
3 5682 7606 2830
3 5968 138 308
3 5682 5968 308
3 5968 5682 138
3 5416 7606 6233
3 7606 5416 2830
3 2830 5416 5136
3 5418 137 309
3 10082 8956 7858
3 8711 9232 6786
3 6505 8711 6786
3 8711 6505 8128
3 8956 8711 8128
3 8711 8956 9232
3 9232 10323 10598
3 10323 10082 10322
3 10323 8956 10082
3 8956 10323 9232
3 10323 10322 10324
3 10598 10323 10324
3 3391 7324 5677
3 4579 7324 3391
3 7324 4579 4857
3 7324 4857 8415
3 5407 7324 8415
3 7324 5407 5677
3 4857 3116 1939
3 4579 3116 4857
3 302 3391 1120
3 302 4579 3391
3 302 3116 4579
3 578 302 1120
3 3116 302 1939
3 1939 302 846
3 6497 6227 6778
3 7600 6227 6497
3 2823 2209 1119
3 2823 4273 2209
3 2823 1119 3390
3 2823 3390 5406
3 8120 2823 5406
3 5962 2823 8120
3 2823 5962 4273
3 1558 1559 1556
3 1556 1559 1555
3 1559 1558 1560
3 1559 1553 1555
3 1526 1528 1527
3 1528 1526 1525
3 1520 1526 1527
3 1526 1520 1525
3 1528 1529 1530
3 1529 1528 1522
3 1523 1529 1522
3 1530 1529 1524
3 1529 1523 1524
3 1499 664 1501
3 1499 74 664
3 1502 1499 1501
3 1209 1210 1211
3 1210 1209 660
3 1210 383 1211
3 383 1210 660
3 78 1209 7646
3 7368 78 5997
3 78 7368 660
3 1209 78 660
3 8787 7405 8789
3 7404 8787 7403
3 7404 7405 8787
3 9892 9891 9887
3 9891 9892 8797
3 9891 9888 9887
3 9891 9889 9888
3 9891 8797 9889
3 1512 1518 1511
3 1518 1517 1511
3 1518 1519 1527
3 1518 1512 1519
3 1514 1510 1516
3 1514 1509 1510
3 937 943 936
3 946 945 956
3 943 946 956
3 946 937 945
3 937 946 943
3 2946 2950 2938
3 2950 734 2947
3 2950 2946 2951
3 734 2950 2951
3 2943 2950 2947
3 2950 2943 2938
3 2949 981 993
3 2949 2951 2948
3 2949 993 979
3 2951 2949 979
3 1205 659 1207
3 1206 1205 1207
3 1205 1204 659
3 1205 1206 1204
3 381 1202 1203
3 5797 6074 6073
3 3890 4777 5596
3 4777 3890 4194
3 2451 3890 5596
3 4194 3890 2451
3 5041 4777 4194
3 6421 5041 6950
3 4777 5041 6421
3 4452 4450 4122
3 4453 4450 4452
3 4450 4126 4122
3 4126 4450 4454
3 3583 2144 1062
3 2144 8060 1062
3 8060 2144 2450
3 2144 3889 2450
3 2144 3583 3889
3 6949 3583 5324
3 6949 6420 6145
3 6420 6949 5324
3 3889 6949 6145
3 3583 6949 3889
3 3310 5595 4776
3 5595 3310 6420
3 6420 3310 6704
3 6704 3310 5040
3 3310 4193 5040
3 3310 4776 4193
3 6943 4173 3290
3 5588 4186 3578
3 4186 5588 4768
3 5588 4173 4768
3 3277 4153 3273
3 3277 3278 4153
3 3282 3277 3273
3 3277 3282 3283
3 3278 3277 3283
3 3296 3295 5318
3 3285 3295 3286
3 3291 3296 3294
3 3295 3291 3286
3 3291 3295 3296
3 3300 3301 3292
3 3300 3292 3293
3 3300 5034 4769
3 3301 3300 4769
3 3297 3300 3293
3 3300 3297 5034
3 3274 3272 3276
3 3274 3282 3270
3 3268 3274 3270
3 3272 3274 3268
3 5591 3580 2448
3 3580 5591 5036
3 4490 3580 5036
3 2448 3580 2142
3 3580 4490 2142
3 4490 6946 4488
3 6946 4490 5036
3 6142 6946 5036
3 5591 4489 5036
3 4489 6142 5036
3 4489 5591 3886
3 4188 3885 1060
3 4188 1060 8058
3 4771 4188 8058
3 3306 4188 4771
3 4408 4407 4410
3 4408 4404 4407
3 4409 4408 4410
3 4399 4408 4397
3 4404 4408 4399
3 4408 4406 4397
3 4408 4409 4406
3 5007 3862 5558
3 3862 5007 6921
3 6921 5007 6680
3 3517 3521 3508
3 9702 9700 9703
3 9702 9701 9700
3 9707 6921 6680
3 6921 9707 5557
3 9702 9704 9701
3 9704 9702 9703
3 5006 9704 9703
3 9705 9704 5006
3 5557 9706 5291
3 9706 9705 5291
3 9707 9706 5557
3 9706 9704 9705
3 3509 3514 3508
3 3519 3521 3517
3 4673 4668 4669
3 4672 4671 3512
3 4694 4672 3512
3 4671 4672 4660
3 4672 4669 4660
3 4665 4664 4661
3 4667 4664 4665
3 4956 4667 4665
3 4956 4954 4667
3 4668 4670 4665
3 4670 4678 4665
3 4996 4721 4997
3 4705 4712 4713
3 4711 4712 4706
3 4712 4711 4713
3 4698 4697 4989
3 4966 4698 4700
3 4966 4678 4964
3 4704 4706 4973
3 4984 4704 4983
3 2135 2130 2125
3 2130 2135 2131
3 2130 2127 2125
3 2127 2130 2131
3 3877 2134 3572
3 2133 2134 3877
3 2134 2133 1055
3 2134 1055 8053
3 3572 2134 8053
3 2127 5025 2125
3 5310 2127 2126
3 5579 5310 2126
3 4759 5310 5579
3 5310 5025 2127
3 5025 5310 6936
3 6936 5310 6693
3 5310 4759 6693
3 5578 5309 5024
3 2129 2124 2123
3 2124 5578 2123
3 2124 2129 2441
3 3254 3255 3265
3 3254 3253 3255
3 3252 3254 3266
3 3254 3265 3266
3 3250 3254 3252
3 3253 3254 3250
3 6375 6377 6374
3 6377 6375 6376
3 6370 6375 6374
3 6375 6370 6369
3 6368 6375 6369
3 6376 6375 6368
3 6383 6379 6376
3 6389 6390 6384
3 6382 6383 6384
3 6382 6379 6383
3 6386 6387 6385
3 6393 6394 6395
3 6392 6393 6395
3 5635 4540 1386
3 5079 4540 5635
3 4540 5079 3347
3 4540 1624 1386
3 1624 4540 3347
3 2479 2171 1626
3 2479 3924 2171
3 3073 5079 7810
3 3924 3073 7810
3 2479 3073 3924
3 5364 4817 6985
3 5364 4232 4817
3 6455 5364 6985
3 5364 6455 3617
3 4232 5364 3617
3 7812 5366 6186
3 4819 5366 7812
3 5366 7284 6186
3 5366 1388 7284
3 5366 4819 2481
3 1388 5366 2481
3 1632 1900 2784
3 1900 2173 2784
3 3076 4543 5082
3 3350 4543 3076
3 6456 5923 7558
3 6456 6986 5923
3 3613 2476 2168
3 4813 2476 6451
3 2476 3613 6451
3 7278 4228 1082
3 4228 4813 5918
3 7553 4228 5918
3 1082 4228 7553
3 6180 7278 2168
3 6180 2476 4813
3 2476 6180 2168
3 4228 6180 4813
3 6180 4228 7278
3 3344 4537 5076
3 4537 5632 5076
3 4537 1383 5632
3 1897 1625 1624
3 1624 1625 1386
3 1625 6736 1386
3 7281 1897 1623
3 7281 6454 6183
3 6454 7281 7809
3 7809 7281 815
3 7281 1623 815
3 8084 6984 6183
3 501 498 502
3 499 501 502
3 501 499 498
3 2780 2478 5078
3 2478 3346 5078
3 2478 2780 2170
3 3346 2478 2170
3 6453 6182 7280
3 4815 6182 6983
3 6182 4815 7280
3 6983 6182 8083
3 6182 6453 8083
3 4538 3922 5633
3 4538 2779 3922
3 4538 5633 5077
3 2779 4538 3345
3 4535 1081 3342
3 3068 1081 5074
3 1081 3068 3342
3 1081 6450 5074
3 1081 4535 6450
3 1365 1358 1359
3 3612 6179 7277
3 3612 4227 6179
3 4227 3612 4812
3 3612 7277 1375
3 2475 3612 1375
3 4812 3612 2475
3 1928 2199 837
3 568 2199 1110
3 2199 568 837
3 5112 285 5667
3 285 5112 286
3 285 3380 5667
3 3380 285 1110
3 2199 3380 1110
3 3380 1928 5667
3 3380 2199 1928
3 7016 5395 6215
3 8691 7016 8936
3 6485 7016 8691
3 7588 6766 8403
3 6766 6485 8403
3 231 233 229
3 4259 3951 5662
3 4259 5391 1656
3 5391 4259 5662
3 2194 10058 1411
3 3951 2194 1411
3 4259 2194 3951
3 10058 2194 3643
3 3643 2194 1656
3 2194 4259 1656
3 3100 7309 1411
3 3100 5106 7309
3 5106 3100 2807
3 2807 3100 833
3 6761 8105 4565
3 8105 6761 8398
3 3374 5106 2807
3 1922 3374 2807
3 3374 1922 1105
3 3374 8105 5106
3 3374 1105 4565
3 8105 3374 4565
3 1654 4841 3641
3 4564 1654 3641
3 5389 4841 3949
3 7307 5389 3949
3 5389 7307 6209
3 1104 1921 562
3 1921 3373 562
3 3373 1921 1104
3 6760 3373 1104
3 6760 1104 3641
3 4841 6760 3641
3 6220 172 1419
3 172 6220 3960
3 1419 172 2511
3 172 3109 2511
3 172 3960 3109
3 5959 2514 3963
3 2514 574 842
3 2514 1668 574
3 2514 5959 1668
3 2205 2514 842
3 5673 2514 2205
3 2514 5673 3963
3 3964 5119 6224
3 3964 5674 5119
3 3964 6224 1669
3 5674 3964 2515
3 3964 1669 843
3 2515 3964 843
3 1937 3114 7322
3 1937 7322 5961
3 1118 1937 5961
3 3114 1937 300
3 300 1937 576
3 1937 1118 576
3 8413 6495 7849
3 6776 6495 8413
3 4272 1425 2208
3 2822 4272 2208
3 4272 8119 1425
3 4272 2822 8119
3 1671 4578 3658
3 4578 6226 3658
3 3966 4578 1671
3 4578 3966 6226
3 2517 845 2208
3 1425 2517 2208
3 3966 2517 1425
3 143 1671 3658
3 845 143 3658
3 143 3966 1671
3 143 2517 3966
3 2517 143 845
3 5371 4824 1636
3 4824 4239 1636
3 4824 5371 6992
3 4239 4824 6992
3 5640 7561 7814
3 7561 5640 6459
3 5370 1635 7815
3 1635 5370 4823
3 4823 5370 6991
3 6991 5370 6190
3 5370 7815 6190
3 1635 4238 2787
3 4238 1635 4823
3 2787 4238 6991
3 4238 4823 6991
3 6993 7565 7817
3 7565 6993 8381
3 3355 2177 548
3 1394 4549 1091
3 1394 7291 4549
3 7291 1394 6193
3 5087 1090 5643
3 8090 5087 5643
3 8913 548 1090
3 8913 3355 548
3 5087 8913 1090
3 8913 5087 3355
3 821 2178 3625
3 2178 549 3625
3 549 2178 821
3 8383 8670 8671
3 6995 8670 8383
3 8670 6995 6194
3 8670 9767 8671
3 8670 9456 9767
3 8670 6194 5645
3 9456 8670 8382
3 8670 6464 8382
3 8670 5645 6464
3 3934 4827 3626
3 5089 7818 5645
3 7818 5089 3357
3 5089 5645 3083
3 5089 3083 8669
3 3357 5089 8669
3 2792 5091 3085
3 2792 2489 5091
3 2792 3085 1908
3 2489 2792 1908
3 1642 4830 3629
3 1642 3629 552
3 4553 1642 552
3 1642 4553 4245
3 5377 8094 4245
3 8094 1642 4245
3 6998 8094 6197
3 8094 5377 6197
3 4830 8094 6998
3 1642 8094 4830
3 1094 4553 552
3 4553 1094 3937
3 1094 552 1909
3 3937 1094 1909
3 1398 5377 4245
3 4553 1398 4245
3 5377 1398 3937
3 1398 4553 3937
3 9462 8924 9774
3 9462 9774 9200
3 6472 9462 9200
3 7300 5382 3942
3 7300 6202 5382
3 2798 7300 3942
3 7300 2798 3091
3 5097 7300 3091
3 6202 7300 5097
3 2495 1647 1914
3 2798 2495 1914
3 2495 2798 3942
3 5382 2495 3942
3 1647 2495 5382
3 4246 1643 3938
3 1643 4554 3938
3 1643 4246 1399
3 4554 1643 1399
3 1911 1644 3631
3 4247 1644 1911
3 1644 4832 3631
3 1644 5937 4832
3 1644 4247 5379
3 1644 7000 5937
3 7000 1644 5379
3 3088 2795 5094
3 2795 2183 3362
3 5094 2795 3362
3 2795 2492 2183
3 2795 3088 2492
3 825 2796 554
3 2796 3089 554
3 5651 2796 825
3 3089 2796 5651
3 1157 2556 4304
3 615 2556 1157
3 7353 1705 337
3 1461 7353 337
3 7353 4302 1705
3 7353 1461 4302
3 336 9831 3144
3 8752 7074 7075
3 8752 10366 7074
3 2316 2328 4346
3 2277 2284 2273
3 2284 2277 2283
3 1989 2872 4876
3 3434 7901 4595
3 895 1988 4595
3 7901 895 4595
3 8268 8267 8269
3 8263 8268 8270
3 8255 8268 8263
3 9613 8268 8269
3 8268 9609 8270
3 8268 9613 9609
3 8259 8251 8260
3 8268 8259 8267
3 8259 8268 8255
3 9613 9612 9609
3 9623 9617 9630
3 9623 9625 9624
3 9622 9623 9624
3 9619 9616 9621
3 9616 9619 9615
3 9618 9616 9613
3 9616 9612 9613
3 8243 8238 8244
3 8237 8240 8248
3 8240 8237 8233
3 9586 9583 7705
3 7705 9583 7706
3 7706 9583 9585
3 7686 7687 7703
3 7687 7688 7703
3 8531 7136 7135
3 7136 7137 7139
3 7135 7136 8539
3 7136 7139 8539
3 7137 7134 7138
3 7134 8536 7138
3 7134 7133 7132
3 8536 7134 8529
3 7133 7134 8531
3 7130 7134 7132
3 7134 7130 8529
3 7134 7136 8531
3 7136 7134 7137
3 7897 2565 2868
3 2565 1715 2868
3 2619 2616 2637
3 1169 2567 1987
3 2265 1169 1987
3 2567 1169 2262
3 1169 2265 2262
3 2567 893 7899
3 893 2870 7899
3 2258 1474 7641
3 6267 1474 2258
3 1474 351 7641
3 1474 6267 351
3 2647 2649 2656
3 2649 2644 2656
3 2644 2652 2656
3 2379 2663 2662
3 2621 2641 2664
3 2653 2645 2661
3 2645 2653 2623
3 1473 3431 7640
3 2281 2282 2275
3 2269 2281 2275
3 4330 4329 2293
3 2568 1170 6268
3 1170 8171 628
3 104 894 628
3 3433 894 7900
3 894 1475 7900
3 894 104 1475
3 894 3433 6268
3 1170 894 6268
3 894 1170 628
3 352 7642 9533
3 7642 352 2263
3 2263 352 2264
3 352 2265 2264
3 2261 7071 2260
3 2261 8170 7071
3 2870 2261 2260
3 893 2261 2870
3 8170 2261 1717
3 2651 2635 2081
3 2635 2651 2634
3 2318 2331 2335
3 2326 2331 2318
3 2331 2326 2333
3 2367 2373 2374
3 2357 2373 2367
3 2373 2375 2374
3 2368 2371 2372
3 2363 2368 2372
3 2368 2363 2371
3 2364 2362 2367
3 2354 2362 2364
3 2347 2352 2348
3 2357 2352 2347
3 2352 2357 2367
3 4354 4351 2337
3 4358 4359 4364
3 2328 4347 4346
3 4347 2328 2337
3 10118 8990 10358
3 9840 8990 10118
3 10358 8990 9266
3 8990 9840 9267
3 1468 886 110
3 2252 1468 110
3 1468 2252 3150
3 1468 3150 8163
3 886 1468 8163
3 3426 8161 7891
3 6261 3426 7891
3 7635 7065 10631
3 7635 10631 111
3 884 7635 111
3 618 7635 884
3 1979 3149 343
3 2559 1979 343
3 3149 1979 4591
3 4591 1979 7891
3 1979 2559 7891
3 1160 618 8161
3 3426 1160 8161
3 1712 345 8457
3 8457 9526 10634
3 345 9526 8457
3 9526 10119 10634
3 621 1163 7067
3 622 1164 7068
3 1470 2254 8165
3 1164 1470 8165
3 1470 1164 622
3 7068 347 9528
3 1164 347 7068
3 2866 6264 4592
3 6264 8165 7894
3 4592 6264 7894
3 6264 1164 8165
3 8166 2255 3429
3 2563 2255 889
3 2255 2563 3429
3 889 2255 623
3 2255 8166 623
3 1714 1165 2867
3 1165 8166 2867
3 3143 610 10348
3 1459 610 3143
3 610 876 10348
3 2855 9515 7058
3 6255 2855 1971
3 9515 2855 6255
3 3782 3785 3793
3 3785 3782 3775
3 3773 3774 3769
3 3774 3773 3779
3 3769 3774 3768
3 3774 3792 3768
3 3774 3779 3792
3 2243 8736 7352
3 10349 877 611
3 7630 1704 1460
3 1704 7630 1153
3 1704 10624 1460
3 1704 1153 10624
3 1153 7059 611
3 7630 7059 1153
3 6855 6625 6859
3 6855 6851 6625
3 6855 6859 6860
3 6624 6855 6860
3 6846 6855 6624
3 6852 6848 7935
3 6848 6846 7935
3 6583 6577 6580
3 6583 6581 6577
3 6581 6583 6584
3 6583 6580 6585
3 7930 6583 6585
3 6583 7930 6584
3 10110 1461 9832
3 1154 10110 9832
3 8261 7999 9325
3 7999 8261 7994
3 7999 9326 9325
3 8548 7999 7994
3 7999 8548 9326
3 8254 8251 8244
3 8253 8254 8244
3 8251 8254 8260
3 8265 8259 8260
3 8259 8265 8267
3 8267 8265 8269
3 8265 8266 8269
3 8266 9329 9331
3 9329 9328 9330
3 9332 9329 9330
3 9329 9332 9331
3 9332 9336 9334
3 9336 9332 9333
3 9335 9336 9333
3 9336 9335 9337
3 9339 9336 9337
3 9336 9339 9338
3 9334 9336 9338
3 8532 8534 8535
3 8534 8537 8535
3 8537 8534 8532
3 8530 8537 8532
3 8530 8529 8527
3 8530 8532 8529
3 8542 8541 8543
3 8541 8545 8543
3 8537 8541 7142
3 8541 8542 7142
3 9009 9863 10140
3 9863 9009 10380
3 9863 9288 10140
3 9863 10380 10141
3 9288 9863 10141
3 9862 10140 10656
3 10379 9862 10656
3 93 642 366
3 642 93 1487
3 642 1184 366
3 642 1487 1184
3 10654 9548 9549
3 9548 10654 9286
3 10654 9549 9550
3 9286 10654 9550
3 9548 9861 9549
3 9861 9548 10378
3 9861 10378 10139
3 10655 9861 10139
3 9861 10655 9549
3 1223 1224 964
3 958 1224 2898
3 1224 977 964
3 741 1284 744
3 1284 1283 744
3 1267 1230 1233
3 1267 1284 741
3 1267 1233 1232
3 1236 1267 1232
3 1267 1268 1230
3 1268 1267 741
3 1495 921 83
3 653 1495 83
3 1495 653 2008
3 1495 2008 4887
3 921 1495 4887
3 2910 2911 2912
3 2909 2910 2912
3 3155 5994 2007
3 5994 652 2007
3 1246 1269 1244
3 1269 1246 1283
3 1269 1236 1244
3 1284 1269 1283
3 1269 1267 1236
3 1267 1269 1284
3 1228 1227 2901
3 2901 1227 1232
3 1227 1236 1232
3 1236 1227 1244
3 1227 1246 1244
3 1252 1257 1259
3 1257 1252 1251
3 1252 1259 1249
3 1251 1252 1249
3 1248 1277 1278
3 1277 1248 1259
3 1248 1273 1250
3 1273 1248 1278
3 1259 1248 1249
3 1248 1239 1249
3 1242 1237 1239
3 1242 1248 1250
3 1248 1242 1239
3 1237 1245 1231
3 1261 1245 1250
3 1245 1261 1231
3 1245 1242 1250
3 1242 1245 1237
3 1261 1240 1229
3 1241 1240 1261
3 1275 997 1001
3 997 1275 1261
3 999 1273 1278
3 7366 655 2010
3 928 655 7366
3 2933 2939 2944
3 2927 2933 2944
3 2930 2933 2927
3 2940 2939 2931
3 2939 2940 2945
3 2936 2940 2931
3 360 1178 2877
3 2877 1178 7907
3 1178 636 7907
3 7908 1178 360
3 1178 7908 636
3 903 97 1995
3 97 903 1483
3 903 1995 4879
3 4599 903 4879
3 1483 903 4599
3 7481 7482 7490
3 7481 7490 7491
3 7189 7199 7188
3 7185 7189 7188
3 7189 7196 7199
3 7189 7182 7192
3 7189 7192 7195
3 7196 7189 7195
3 7183 7181 7182
3 7189 7183 7182
3 7174 7166 7170
3 6861 7158 7148
3 7153 6861 7148
3 6861 7153 7158
3 696 697 695
3 694 697 700
3 695 697 694
3 698 710 700
3 698 699 710
3 697 698 700
3 698 697 696
3 698 696 695
3 699 698 695
3 709 707 711
3 705 707 703
3 707 712 711
3 707 705 712
3 702 709 708
3 699 702 708
3 702 707 709
3 707 702 703
3 2059 2060 706
3 2058 2059 706
3 726 728 725
3 728 724 725
3 728 726 727
3 59 55 58
3 55 2042 57
3 58 55 57
3 5598 4501 4195
3 5327 4501 5598
3 6706 5598 2452
3 5043 6706 2452
3 6706 5043 6148
3 4466 4137 4465
3 4129 4460 4131
3 4458 4460 4129
3 4460 4458 4463
3 4132 4462 4457
3 4460 4462 4131
3 4135 4152 4465
3 4152 4472 4465
3 4472 4152 4464
3 4133 4472 4464
3 4136 4135 4465
3 4137 4136 4465
3 2148 4505 8063
3 3912 6725 2469
3 3912 3060 6725
3 3912 2469 5622
3 3912 5622 7544
3 3060 3912 7544
3 3913 5067 6172
3 3061 1077 3913
3 8076 1077 5623
3 1077 3061 5623
3 3053 3054 6720
3 3054 3907 6720
3 3907 3054 4521
3 3054 6967 4521
3 6967 3054 3053
3 1073 4798 3600
3 3600 4798 6438
3 4798 7796 6438
3 8072 4798 1073
3 4798 8072 7796
3 3004 3002 2999
3 2997 3004 2999
3 2988 3002 2992
3 3002 2988 2989
3 2991 2988 2992
3 2988 2991 2686
3 2989 2988 2686
3 5346 3601 7263
3 6438 7264 7262
3 7264 7263 7262
3 7539 2765 6438
3 2765 7264 6438
3 7264 2765 6166
3 9747 9438 8359
3 9747 9169 9170
3 9169 9747 8359
3 9171 9747 9170
3 9438 9747 9171
3 9438 5903 8359
3 5903 1073 8359
3 5903 8072 1073
3 5617 8360 4214
3 9748 8360 9171
3 8360 9438 9171
3 8360 5903 9438
3 5903 8360 5617
3 8360 9748 9439
3 2962 2961 2960
3 2965 2962 2960
3 2962 2965 2961
3 7543 5621 8075
3 7543 8075 5065
3 3059 7543 5065
3 3604 3911 6724
3 5621 3911 3604
3 3911 1886 6724
3 3018 2727 3016
3 3015 3018 3016
3 3018 3015 2687
3 3017 3018 2687
3 4218 6972 4803
3 3334 4218 4803
3 4218 3334 6972
3 2161 6442 5350
3 2161 3605 6725
3 3605 2161 4527
3 2161 5350 4527
3 6442 2161 7268
3 1885 4525 6169
3 7542 4525 1885
3 4525 5620 6169
3 4525 7542 5620
3 5356 4224 5914
3 4224 4809 5914
3 6730 7549 6448
3 6730 1891 7274
3 5356 6730 7274
3 7549 6730 5356
3 1079 8078 5913
3 6175 7273 3916
3 1079 6175 3916
3 2165 7803 3339
3 7803 2165 7548
3 2775 7275 2166
3 2775 3918 7275
3 3340 3066 1891
3 3340 4533 3066
3 6730 3340 1891
3 3340 6730 6448
3 6727 3607 7271
3 5068 5624 8365
3 7546 5068 8365
3 8077 1078 810
3 4530 1078 8077
3 1078 4530 6445
3 1078 3337 810
3 1078 6445 3337
3 5053 7790 3594
3 7790 5053 2750
3 2742 2740 2750
3 2740 2742 2734
3 2757 2756 2745
3 7791 6432 2746
3 1827 1833 1828
3 1826 1839 1837
3 1827 1826 1837
3 1836 1826 1825
3 1839 1826 1838
3 1826 1836 1838
3 1825 1826 1823
3 1831 1840 1830
3 1841 1840 1831
3 2760 7533 6432
3 7791 2760 6432
3 2760 7791 5339
3 2760 5339 4515
3 5611 2760 4515
3 2760 5611 5055
3 7533 2760 5055
3 6716 2749 7532
3 7531 6716 7532
3 6432 6716 7531
3 7533 6716 6432
3 6716 7533 6160
3 2749 6716 6160
3 8356 6964 5898
3 6964 4209 5898
3 5612 3596 4516
3 5612 2761 3596
3 2761 5612 1070
3 5612 6963 1070
3 5612 4516 6963
3 6717 7792 3325
3 6161 6433 7534
3 5056 6161 7534
3 5341 4209 3325
3 7792 5341 3325
3 4209 5341 8069
3 2155 2462 4794
3 5057 2155 4794
3 2462 2155 7535
3 2155 5057 7535
3 1847 1859 1858
3 1861 1846 1845
3 1846 1859 1847
3 5058 3905 4795
3 7536 3905 5058
3 4795 3905 6163
3 3905 7536 6163
3 3042 3046 3045
3 3047 6164 3045
3 3046 3047 3045
3 3047 3046 1879
3 6164 3047 3906
3 3047 1879 3906
3 3032 3041 1856
3 3041 3032 3043
3 7536 9163 6163
3 9163 1870 6163
3 9163 3598 1874
3 9163 7536 5058
3 3598 9163 5058
3 7795 2764 6437
3 7795 4212 806
3 2764 4797 3052
3 4797 6165 3052
3 4797 7795 806
3 7795 4797 2764
3 6437 3051 6720
3 2764 3051 6437
3 3051 3052 6720
3 3051 2764 3052
3 7538 2157 5060
3 5060 2157 806
3 2157 4797 806
3 4797 2157 6165
3 2977 2980 2969
3 2980 2970 2969
3 2970 2980 2982
3 5059 3049 6164
3 7537 5059 6164
3 2977 2973 2976
3 2957 2973 2977
3 2976 2973 2953
3 2973 2957 2953
3 5901 6966 9165
3 6966 4796 9165
3 4796 6966 3906
3 4796 6436 4211
3 6436 4796 1879
3 3046 6436 1879
3 2763 1878 2463
3 4519 2763 2463
3 9127 9128 7748
3 9127 7748 7747
3 9127 9125 9126
3 9125 9127 7747
3 7778 7780 7779
3 7781 7780 7776
3 7776 7780 7777
3 7780 7778 7777
3 7782 7781 7776
3 7782 7783 7781
3 2152 5608 1068
3 2152 1068 5895
3 4205 2152 5895
3 2152 4205 5052
3 1824 1825 1823
3 1824 1836 1825
3 5337 4205 5895
3 5337 6960 4205
3 5894 4204 8352
3 4788 6713 5335
3 7758 5846 5847
3 7758 7759 5846
3 7760 7758 7757
3 7759 7758 7760
3 6088 6089 6090
3 6088 6090 5824
3 5817 6088 5824
3 5816 6088 5817
3 5822 6088 6087
3 6089 6088 5822
3 6088 6082 6087
3 6088 5816 6082
3 5815 5816 5817
3 5814 5815 5817
3 5815 5814 6079
3 5816 5815 5813
3 5808 6078 6080
3 5811 5808 6080
3 5808 5805 6078
3 5808 5809 5805
3 5808 5811 5809
3 5810 6081 6079
3 6081 5815 6079
3 5815 6081 5813
3 6081 6082 5813
3 6082 6081 5812
3 6081 5810 5812
3 1968 9826 3996
3 1968 331 9826
3 4298 7626 1148
3 7626 4298 9826
3 4298 10344 10619
3 4298 1148 10344
3 3996 4298 10619
3 9826 4298 3996
3 6253 7349 3998
3 7349 3999 3998
3 2548 7349 6253
3 3999 7349 2548
3 6537 6816 6540
3 6537 6815 6816
3 6815 6537 6536
3 6538 6537 6540
3 6537 6538 6536
3 7055 1148 8977
3 7055 606 1148
3 121 7055 8977
3 606 7055 121
3 10615 6521 9822
3 10615 10340 10100
3 10615 9822 10340
3 8151 7882 10106
3 7882 8151 8152
3 7882 3419 1970
3 6254 7882 1970
3 7882 6254 10106
3 1151 10347 8152
3 10347 4300 8152
3 8979 8734 8446
3 8734 8979 9828
3 8446 8734 9256
3 10346 10621 1150
3 10621 10346 8151
3 7350 10346 1150
3 10346 7350 4001
3 9513 10346 2549
3 8151 10346 9513
3 6254 4003 9828
3 4003 8734 9828
3 8734 4003 333
3 333 4003 1970
3 4003 6254 1970
3 3501 3797 3798
3 334 8980 9829
3 8980 334 8447
3 9829 8980 4006
3 8980 4007 4006
3 8735 4008 7629
3 3780 3766 3768
3 3758 3500 3757
3 3747 3758 3757
3 2240 1457 2549
3 1457 2240 4001
3 10346 2240 2549
3 2240 10346 4001
3 1457 874 120
3 874 1457 4001
3 874 608 120
3 608 874 4001
3 4002 608 4001
3 7350 4002 4001
3 608 4002 1150
3 4002 7350 1150
3 8445 8733 332
3 8733 7056 332
3 3999 119 9254
3 119 8978 9254
3 1969 9827 4299
3 7056 9827 1969
3 5152 5157 5156
3 5157 5152 5161
3 5152 5153 5161
3 5152 5428 5153
3 8130 6236 8958
3 7609 6236 8130
3 6236 4864 8958
3 4864 6236 5685
3 6236 7609 5685
3 3669 3400 3125
3 5424 3669 3125
3 3400 3669 8130
3 7609 3977 5685
3 3977 2528 5685
3 3977 1682 1129
3 587 3977 1129
3 2528 3977 587
3 3977 3669 1682
3 3977 7609 8130
3 3669 3977 8130
3 4025 3719 3729
3 5204 4025 3729
3 5200 4025 5204
3 3407 2841 9500
3 7616 2841 3131
3 2841 129 3131
3 2841 7339 9500
3 2841 7616 7339
3 6243 3407 8966
3 3407 6243 7045
3 6243 8966 9242
3 5691 6243 9242
3 7045 6243 5691
3 2536 3407 7045
3 2227 2536 4289
3 2536 7045 4289
3 4291 1446 7618
3 7047 2229 2538
3 2229 7047 128
3 2229 128 7618
3 6515 9243 9501
3 7046 9243 8722
3 8139 9243 6515
3 8722 9243 8139
3 4288 5690 2535
3 4288 7044 5690
3 2226 4288 2535
3 7044 4288 2226
3 7616 3984 7339
3 5976 3984 7616
3 7339 3984 9814
3 3984 1956 8432
3 6795 3984 8432
3 3984 6795 9814
3 5213 5209 5210
3 5209 5213 5220
3 5216 5214 5212
3 5220 5214 5216
3 5213 5214 5220
3 5214 5213 5210
3 5209 5197 5210
3 5197 5209 5193
3 3721 5192 5195
3 5191 5192 3721
3 5192 5191 5196
3 5192 5203 5195
3 5192 5196 5203
3 3135 8437 1141
3 7620 3135 1141
3 7344 1142 7050
3 1142 7344 8726
3 7621 9820 4294
3 3136 7621 4294
3 1962 8143 9820
3 7621 1962 9820
3 1962 7621 3136
3 1142 1962 7050
3 1962 1142 8143
3 6519 10338 10098
3 10338 6519 8143
3 10098 10338 10613
3 10613 10338 10097
3 10338 7873 10097
3 10338 8143 7873
3 3411 324 1961
3 3411 3681 324
3 9819 3411 1961
3 3681 3411 4873
3 8971 8726 866
3 9505 4873 7873
3 8143 9505 7873
3 6247 9505 8143
3 6517 5693 8141
3 5693 6517 6799
3 10336 6517 8141
3 6517 9818 6799
3 6517 10336 10096
3 9818 6517 10096
3 3410 5693 7048
3 5693 3410 9245
3 1140 3410 7048
3 1960 6799 6246
3 865 1960 6246
3 1960 865 323
3 4872 2844 9503
3 8969 2844 1447
3 2844 8969 9503
3 3134 127 1447
3 6516 6798 6245
3 6245 6798 3679
3 6798 1959 3679
3 1959 6798 8435
3 6798 9817 8435
3 10095 10610 10335
3 10610 6516 10335
3 10610 10095 7871
3 9817 10610 7871
3 10610 6798 6516
3 6798 10610 9817
3 3988 2845 1448
3 9504 2845 3988
3 1693 5979 8725
3 5979 1693 7343
3 599 1693 8725
3 7343 1693 599
3 5460 5450 5445
3 5462 5460 5445
3 5460 5483 5484
3 5460 5462 5483
3 6238 6790 7611
3 134 5972 589
3 5972 134 2221
3 134 1438 2221
3 1438 134 856
3 7863 9809 10327
3 9809 6790 10327
3 9809 7863 9495
3 8427 1951 7611
3 5431 5430 5433
3 5687 7335 9495
3 3126 1438 856
3 1438 3126 4284
3 2835 3126 856
3 3126 2835 4284
3 6789 9808 6508
3 9235 6789 8714
3 6789 9235 10326
3 9808 6789 10326
3 8428 6510 7041
3 8716 8133 9237
3 8716 8961 8133
3 8961 8716 4588
3 3673 4867 5688
3 4867 3673 8717
3 4286 4589 1953
3 1686 4286 1953
3 4589 4286 6240
3 4588 2531 5687
3 590 1685 1132
3 5463 5461 5458
3 5461 5463 5462
3 5458 5461 5445
3 5461 5462 5445
3 5472 5474 5480
3 5470 5474 5472
3 5474 5226 5480
3 5474 5470 5226
3 7614 3129 3674
3 3129 1687 3674
3 3129 7614 1954
3 317 3129 1954
3 3129 317 1687
3 1687 1134 3674
3 1134 1687 859
3 592 1134 859
3 3674 1134 7337
3 1134 592 7337
3 5689 6793 9812
3 6512 5689 9812
3 9498 5689 6512
3 5689 4868 4287
3 4868 5689 9498
3 1442 2839 3405
3 317 2839 1442
3 2839 317 4287
3 2839 4868 3405
3 4868 2839 4287
3 4590 9498 8964
3 4590 8964 2534
3 2225 4590 2534
3 4590 2225 1442
3 1955 3983 7615
3 3983 1955 8431
3 3983 6242 7615
3 3983 8431 6242
3 5125 8417 7326
3 5125 1941 7602
3 1941 5125 304
3 1943 3663 5411
3 3663 5680 5411
3 3663 4277 5680
3 5680 8124 9487
3 8124 5410 8952
3 9487 8124 8952
3 9801 8707 9228
3 6782 8707 9801
3 8707 6782 9487
3 9228 8707 8952
3 8707 9487 8952
3 5412 2828 5129
3 3395 2828 5412
3 306 139 1943
3 139 3663 1943
3 4582 1943 5411
3 4860 4582 5411
3 4582 306 1943
3 306 4582 5129
3 8419 6231 5411
3 6231 4860 5411
3 6231 8419 5412
3 4860 6231 5412
3 7604 5412 5129
3 7604 4860 5412
3 4582 7604 5129
3 7604 4582 4860
3 2827 3119 305
3 3119 849 305
3 3119 2827 5127
3 583 1125 5134
3 4279 3665 5415
3 4279 851 3665
3 4279 5415 1945
3 851 4279 1945
3 6232 7605 8420
3 7605 5681 8420
3 5681 5413 8420
3 5413 6502 8420
3 3664 5413 5131
3 7605 4861 2829
3 4861 7605 6232
3 4861 6232 8954
3 5414 4861 8954
3 3973 5414 7329
3 3396 3973 2524
3 3973 3396 5414
3 3972 2214 7328
3 2214 3972 2523
3 5130 850 582
3 5130 1677 850
3 3972 5130 2523
3 5130 3972 7033
3 1677 5130 7033
3 9806 6506 6787
3 8424 6506 9806
3 4585 6506 8424
3 6506 8129 6787
3 6506 4585 8129
3 9492 7860 8958
3 7860 9492 9806
3 8958 7860 10084
3 7860 10599 10084
3 7860 9806 10599
3 5423 5422 5970
3 5422 5421 586
3 1948 4585 8424
3 4585 1948 5970
3 1948 5423 5970
3 7037 4585 5970
3 9491 9805 7859
3 9491 7859 8957
3 5684 9491 8957
3 4863 9491 310
3 6235 7608 8957
3 7608 5684 8957
3 853 2832 136
3 2832 853 310
3 9491 2832 310
3 2832 9491 5684
3 7331 4281 3123
3 5141 5139 5142
3 5139 5141 5140
3 5969 3975 1680
3 1127 5969 1680
3 5969 1127 585
3 3398 3123 1680
3 3398 7331 3123
3 3975 3398 1680
3 3398 3975 8128
3 7331 3398 8128
3 3397 1433 6233
3 1433 5416 6233
3 3974 3397 7330
3 3974 2525 3397
3 8127 4862 7330
3 5418 4584 137
3 1946 4584 5418
3 852 1946 309
3 1946 5418 309
3 8956 6234 7858
3 3975 6234 8128
3 6234 8956 8128
3 2518 3967 846
3 5962 3967 2518
3 3967 5962 8120
3 7028 8703 6778
3 6227 7028 6778
3 8703 7028 9483
3 7028 8120 9483
3 7028 3967 8120
3 3659 7600 1939
3 3659 6227 7600
3 3659 1939 846
3 4273 1426 2209
3 5962 1426 4273
3 2209 1426 2518
3 1426 5962 2518
3 74 1498 386
3 1499 1498 74
3 386 1498 1500
3 1498 1502 1500
3 1498 1499 1502
3 7654 673 7375
3 6003 673 393
3 7375 673 6003
3 78 1208 5997
3 1208 78 7646
3 1208 382 5997
3 1208 7646 1207
3 382 1208 1207
3 7406 7404 7403
3 7408 7406 7403
3 7406 7408 7407
3 7404 7406 7405
3 7406 7407 8789
3 7405 7406 8789
3 1514 1515 1509
3 1515 1508 1509
3 1508 1515 1507
3 1515 1514 1516
3 2937 2935 2938
3 2943 2937 2938
3 2935 2937 2932
3 2937 2936 2932
3 2012 1200 7645
3 7367 1200 2012
3 3584 3311 4194
3 3311 5041 4194
3 3311 3584 6950
3 5041 3311 6950
3 5321 3886 4492
3 5321 4489 3886
3 5320 6945 3885
3 4484 4478 4474
3 5320 4484 6945
3 4478 4484 4479
3 4484 5320 3306
3 3508 3520 3522
3 3521 3520 3508
3 3509 3510 3513
3 3514 3518 3515
3 3519 3518 3514
3 3518 3517 3515
3 3518 3519 3517
3 5292 9708 5558
3 4675 4676 4669
3 4676 4673 4669
3 4676 4675 4694
3 4673 4677 4668
3 4677 4670 4668
3 4677 4694 4964
3 4678 4677 4964
3 4670 4677 4678
3 4677 4676 4694
3 4676 4677 4673
3 4675 4674 4694
3 4674 4672 4694
3 4674 4675 4669
3 4672 4674 4669
3 4666 4664 4667
3 4954 4666 4667
3 4953 4955 4684
3 4955 4954 4959
3 4666 4955 4664
3 4955 4666 4954
3 4953 4950 4663
3 4950 4953 4952
3 4950 4951 4663
3 4951 4950 4952
3 4954 4957 4959
3 4956 4957 4954
3 4715 4705 4713
3 4721 4715 4713
3 4705 4715 4714
3 4715 4721 4996
3 4722 4715 4996
3 4715 4716 4714
3 4716 4715 4722
3 4953 4686 4952
3 4686 4951 4952
3 4686 4705 4708
3 4951 4686 4949
3 4685 4953 4684
3 4685 4686 4953
3 4686 4685 4687
3 4712 4703 4706
3 4703 4712 4705
3 4694 4693 4964
3 4693 4966 4964
3 4969 4966 4700
3 4702 4704 4973
3 4704 4709 4706
3 4984 4709 4704
3 4711 4995 4713
3 4995 4721 4713
3 4721 4995 4997
3 4987 4698 4989
3 4698 4987 4700
3 3876 2136 2125
3 3876 2441 2136
3 6380 6381 6374
3 6377 6380 6374
3 6380 6382 6381
3 6382 6380 6379
3 6378 6377 6376
3 6379 6378 6376
3 6378 6380 6377
3 6380 6378 6379
3 6387 6388 6385
3 6388 6384 6385
3 6388 6389 6384
3 5079 2781 3347
3 3073 2781 5079
3 3347 2781 1626
3 2781 2479 1626
3 2781 3073 2479
3 3927 1632 7285
3 3927 1900 1632
3 529 532 530
3 532 529 528
3 6739 3619 6457
3 3619 6739 5082
3 4543 3619 5082
3 816 1387 7811
3 7283 2172 2480
3 3349 2172 7558
3 6986 5365 6185
3 4818 5365 6986
3 5365 7283 6185
3 5365 4818 7283
3 2778 3344 1381
3 2778 4537 3344
3 1383 1382 1381
3 4537 1382 1383
3 1382 2778 1381
3 2778 1382 4537
3 1625 3616 6736
3 3616 1625 1897
3 6736 3616 7556
3 6984 5363 6183
3 1083 4538 5077
3 4538 1083 3345
3 3071 1083 5077
3 3345 1083 3071
3 1358 1364 1361
3 1364 1358 1365
3 2813 568 1110
3 2813 285 286
3 285 2813 1110
3 838 3649 1929
3 568 3649 838
3 3649 5668 1929
3 5668 3649 7590
3 189 187 190
3 5106 7834 7309
3 8105 7834 5106
3 10058 2503 1411
3 2503 3100 1411
3 2503 10058 833
3 3100 2503 833
3 4257 4564 4841
3 1654 4257 4841
3 4257 1654 4564
3 3373 8397 5105
3 6760 8397 3373
3 8397 7833 5105
3 8397 6760 6479
3 8397 9468 7833
3 8397 6479 9468
3 5389 8104 4841
3 8104 5389 6209
3 9795 6776 8701
3 9795 6495 6776
3 6495 9795 7849
3 9795 10073 7849
3 9222 9795 8701
3 9795 9222 10073
3 3080 5086 8089
3 4547 3080 8089
3 5371 7289 6191
3 6741 5084 6459
3 5640 6741 6459
3 5084 6741 7814
3 6741 5640 7814
3 5930 7565 8381
3 7565 5930 7817
3 2177 3081 4548
3 3081 2177 3355
3 5087 3081 3355
3 5088 5644 6193
3 1394 5088 6193
3 3356 5088 2789
3 5644 5088 3356
3 4242 1639 3626
3 4827 4242 3626
3 4242 6995 1639
3 4242 4827 6995
3 6995 6746 6194
3 8924 8678 8390
3 9462 8678 8924
3 8678 7003 8390
3 8678 7575 7003
3 7575 8678 6472
3 8678 9462 6472
3 1976 615 6259
3 1976 2556 615
3 1976 6259 4304
3 2556 1976 4304
3 4362 4358 4365
3 4361 4362 4363
3 9535 10127 8465
3 2286 2284 2283
3 2284 2286 2285
3 102 1719 1989
3 1719 2872 1989
3 6269 3434 4876
3 2872 6269 4876
3 1171 2569 8172
3 2569 7901 3434
3 103 353 1988
3 895 103 1988
3 8252 8255 8249
3 8252 8259 8255
3 9611 9610 9609
3 9612 9611 9609
3 9627 9623 9630
3 9623 9627 9625
3 9625 9627 9628
3 9632 9627 9630
3 9627 9073 9628
3 9627 9632 9073
3 9617 9620 9618
3 9623 9620 9617
3 9620 9623 9622
3 9620 9622 9621
3 9616 9620 9621
3 9620 9616 9618
3 9614 9616 9615
3 9616 9614 9612
3 9614 9611 9612
3 9610 9614 9615
3 9611 9614 9610
3 8243 8241 8238
3 8246 8241 8243
3 8238 8239 8233
3 8239 8240 8233
3 8241 8239 8238
3 8239 8241 8240
3 9584 9586 9587
3 9584 9583 9586
3 9583 9584 9585
3 7688 8222 8223
3 7687 8222 7688
3 8223 8222 8220
3 8222 8219 8220
3 6266 1985 7897
3 1985 2565 7897
3 2609 2614 2625
3 2612 2614 2312
3 2642 2644 2629
3 2642 2652 2644
3 2631 2642 2629
3 2652 2642 2631
3 2654 2652 2631
3 2651 2640 2634
3 2626 2654 2631
3 1986 7898 4594
3 6267 1986 4594
3 1986 6267 2258
3 350 1473 7640
3 4337 4332 4331
3 4334 4332 4337
3 4332 4330 4331
3 4332 4334 4330
3 4335 4337 4331
3 4333 4329 4330
3 3433 2871 6268
3 2871 2568 6268
3 2871 3433 4595
3 1988 2871 4595
3 1718 2871 1988
3 2568 2871 1718
3 2282 2272 2275
3 8171 2267 628
3 2266 8171 1170
3 2568 2266 1170
3 7072 2266 2568
3 2267 2266 7072
3 2266 2267 8171
3 2261 627 1717
3 627 2261 893
3 1717 627 2262
3 627 2567 2262
3 627 893 2567
3 2081 2632 2633
3 2635 2632 2081
3 2632 2628 2633
3 2632 2635 2628
3 10365 9847 8996
3 9847 10125 8996
3 4357 4354 4373
3 4351 4357 4353
3 4357 4359 4353
3 4347 4350 4346
3 4351 4348 2337
3 4348 4347 2337
3 1710 7635 618
3 1160 1710 618
3 7635 1710 7065
3 1710 2559 7065
3 2559 7357 6261
3 7357 3426 6261
3 7357 1160 3426
3 1710 7357 2559
3 7357 1710 1160
3 8163 2864 1162
3 2864 1712 1162
3 7637 9526 345
3 621 8164 1163
3 2254 888 108
3 1470 888 2254
3 888 622 108
3 888 1470 622
3 7638 2866 9528
3 347 7638 9528
3 7638 6264 2866
3 7638 347 1164
3 6264 7638 1164
3 8166 1471 623
3 1165 1471 8166
3 1471 1714 623
3 1471 1165 1714
3 2552 6256 611
3 877 2552 611
3 2243 2856 10349
3 2856 877 10349
3 2856 2552 877
3 2856 2243 7352
3 9516 2856 7352
3 2552 2856 6256
3 2856 9516 7884
3 6256 2856 7884
3 6615 6624 6857
3 6615 6846 6624
3 6851 6850 6854
3 6848 6850 6851
3 6854 6850 6852
3 6850 6848 6852
3 6849 6848 6851
3 6848 6849 6846
3 6855 6849 6851
3 6846 6849 6855
3 1461 10625 6257
3 10110 10625 1461
3 10625 8155 6257
3 10625 1154 8155
3 10625 10110 1154
3 8261 8262 8258
3 8266 8262 8261
3 8264 8265 8260
3 8265 8264 8266
3 8262 8264 8260
3 8264 8262 8266
3 9327 8266 8261
3 9327 9329 8266
3 9327 8261 9325
3 9328 9327 9325
3 9329 9327 9328
3 8545 7991 8544
3 8544 7991 8546
3 7991 7981 8546
3 7981 7991 8527
3 7991 8530 8527
3 8530 7991 8537
3 2896 1224 1223
3 1224 2896 2898
3 2896 2897 2898
3 1238 960 1230
3 1268 1238 1230
3 960 1238 958
3 1224 1238 977
3 1238 1224 958
3 1266 1268 743
3 977 1266 2072
3 1266 743 2072
3 1238 1266 977
3 1266 1238 1268
3 920 1494 3155
3 1494 5994 3155
3 84 1494 920
3 5994 1494 84
3 1227 1234 1246
3 1234 1227 1228
3 1246 1234 1247
3 1234 1228 1247
3 1235 961 1229
3 1240 1235 1229
3 1235 1241 961
3 1235 1240 1241
3 1273 996 1261
3 999 996 1273
3 82 926 928
3 926 655 928
3 926 82 2010
3 655 926 2010
3 2934 2933 2930
3 2933 2934 2939
3 2931 2934 2930
3 2939 2934 2931
3 8759 8472 7913
3 8472 9282 7913
3 9282 8472 9543
3 7463 7467 7461
3 7467 7469 7461
3 7467 7463 7465
3 7470 7466 7461
3 7469 7470 7461
3 7472 7470 7474
3 7466 7470 7472
3 7184 7185 7181
3 7183 7184 7181
3 7184 7189 7185
3 7184 7183 7189
3 7171 7174 7175
3 7171 7175 7172
3 7169 7171 7172
3 7171 7169 7165
3 7166 7171 7165
3 7174 7171 7166
3 7178 7187 7190
3 7187 7178 7170
3 704 706 712
3 705 704 712
3 706 704 2057
3 702 701 703
3 704 701 2057
3 701 705 703
3 701 704 705
3 701 699 695
3 701 702 699
3 729 728 727
3 729 727 730
3 732 729 730
3 398 55 59
3 398 59 60
3 3312 6951 4195
3 6422 5327 5598
3 6706 6422 5598
3 3312 6422 6951
3 6422 3312 5327
3 5328 4502 3892
3 5599 5328 3892
3 5328 5599 3586
3 6952 5328 3586
3 4467 4468 4137
3 4466 4467 4137
3 4467 4466 4468
3 4462 4130 4131
3 4130 4462 4132
3 4456 4132 4457
3 4456 4133 4132
3 4152 4134 4464
3 4134 4133 4464
3 4134 4152 4135
3 4505 3894 8063
3 3894 4505 6954
3 3894 6954 4782
3 3894 4198 8063
3 4198 3894 4782
3 3315 2148 5046
3 3315 4505 2148
3 4505 3315 6954
3 3315 5046 5886
3 5885 3315 5886
3 7545 5067 3913
3 1077 7545 3913
3 7545 1077 8076
3 2470 7545 4805
3 7545 8076 4805
3 7545 2470 6172
3 5067 7545 6172
3 3001 2998 3005
3 3004 3001 3005
3 3001 2997 2998
3 3001 3004 2997
3 2766 7797 3331
3 5619 7541 5905
3 6440 3332 7266
3 1074 8073 5905
3 2466 3908 4214
3 3908 5617 4214
3 1883 7264 6166
3 8072 5061 7539
3 5061 2765 7539
3 5903 5061 8072
3 2765 5061 6166
3 8360 4799 4214
3 2466 4799 5346
3 4799 2466 4214
3 8073 5904 9439
3 5904 8360 9439
3 5904 4799 8360
3 6170 3059 1886
3 6170 7543 3059
3 7543 4526 5621
3 4526 3911 5621
3 6170 4526 7543
3 3911 4526 1886
3 4526 6170 1886
3 3917 5356 7274
3 3917 4224 5356
3 2473 3917 7274
3 4224 3917 4809
3 6729 1079 3916
3 5070 6729 2472
3 6729 5070 8078
3 1079 6729 8078
3 7273 6729 3916
3 6729 7273 2472
3 4223 4808 811
3 811 4808 5913
3 4808 1079 5913
3 6175 4808 4223
3 4808 6175 1079
3 1890 6175 4223
3 6175 1890 7273
3 1890 4223 7548
3 2165 1890 7548
3 4810 2166 5072
3 4810 2775 2166
3 8368 4810 5072
3 7804 3340 6448
3 3340 7804 4533
3 4533 7804 5628
3 7804 6978 5628
3 6978 7804 6448
3 4806 7546 5911
3 4806 4221 7271
3 3607 4806 7271
3 6975 4806 5911
3 4221 4806 6975
3 7801 2163 6444
3 3062 3607 6727
3 3062 5068 7546
3 6431 2750 2751
3 2753 6431 2751
3 6431 2753 6715
3 8068 4207 2460
3 4207 2758 2460
3 2756 2759 2746
3 2759 7791 2746
3 1832 1831 1828
3 1833 1832 1828
3 1832 1841 1831
3 1835 1827 1837
3 2748 6717 3325
3 5341 4793 8069
3 4793 5341 7792
3 5614 6435 6965
3 6435 5614 6163
3 6435 7793 6965
3 6435 1871 7793
3 1872 1870 1869
3 6718 1872 1869
3 1870 1872 6163
3 1872 6435 6163
3 6435 1872 6718
3 3597 2462 7535
3 1862 1864 1858
3 1859 1862 1858
3 1864 1862 1865
3 1862 3034 1865
3 3034 1862 1859
3 1860 1846 1861
3 1846 1860 1859
3 1860 3034 1859
3 3036 1860 1861
3 3034 1860 3036
3 1878 3044 3043
3 3044 3041 3043
3 2157 1882 6165
3 3052 1882 6720
3 6165 1882 3052
3 1882 2157 7538
3 1882 3053 6720
3 1882 7538 3053
3 3048 3599 6437
3 3049 3048 3045
3 3599 2464 6437
3 5059 4520 3049
3 1072 5059 7537
3 1072 7537 3906
3 1072 5901 8071
3 6966 1072 3906
3 1072 6966 5901
3 4520 1072 8071
3 1072 4520 5059
3 2979 2984 2985
3 2959 2974 2956
3 2974 2979 2956
3 2979 2974 2984
3 2986 2685 2960
3 2983 2986 2960
3 2685 2986 2987
3 2986 2983 2985
3 6719 3046 3042
3 6719 6436 3046
3 6719 3042 1875
3 6436 6719 1875
3 1876 1881 1875
3 3041 1876 1875
3 3044 1876 3041
3 3327 1881 1878
3 2763 3327 1878
3 5832 5830 5831
3 4512 5894 1068
3 4512 3321 5894
3 5608 4512 1068
3 7788 791 789
3 7788 5051 791
3 2739 2740 2734
3 2740 2739 2750
3 6158 3900 3594
3 7790 6158 3594
3 6430 3593 5052
3 3593 2152 5052
3 2152 3593 5608
3 4511 4788 8066
3 3321 5336 5894
3 5845 7758 5847
3 7757 5845 5843
3 7758 5845 7757
3 331 3997 1700
3 1968 3997 331
3 3997 2852 1700
3 3417 3997 7880
3 2852 3997 3417
3 7880 3997 10104
3 3997 3996 10104
3 3997 1968 3996
3 3500 3761 3757
3 3799 3761 3500
3 7876 10615 10100
3 10615 7876 6521
3 6521 7876 6803
3 7876 8146 6803
3 10341 7876 10100
3 8146 7876 10341
3 1458 10347 1151
3 1458 875 4300
3 10347 1458 4300
3 3772 3764 3766
3 3772 3778 3777
3 3778 3789 3798
3 3797 3778 3798
3 3778 3797 3777
3 3758 3763 3500
3 3763 3758 3762
3 8733 7627 7056
3 7627 9827 7056
3 8978 7627 8445
3 7627 8733 8445
3 3742 3750 3740
3 3750 3751 3740
3 3750 3760 3751
3 2239 3999 2548
3 2239 119 3999
3 1149 7627 8978
3 1437 2220 855
3 2220 588 855
3 1950 3401 7334
3 7039 3401 1950
3 3401 8426 7334
3 3401 7039 8426
3 5686 6508 8426
3 7039 5686 8426
3 5686 6789 6508
3 5686 7039 1950
3 3719 3730 3722
3 4025 3730 3719
3 3722 3730 5200
3 3730 4025 5200
3 2841 1444 129
3 1444 2841 3407
3 1444 2227 129
3 1444 2536 2227
3 2536 1444 3407
3 9502 8968 3986
3 8968 4291 7618
3 2843 8968 7618
3 8968 2843 3986
3 1446 3133 7618
3 3133 2229 7618
3 3133 1446 2538
3 2229 3133 2538
3 1445 3408 2228
3 4290 9243 7046
3 2228 4290 596
3 4290 7046 596
3 3984 1689 1956
3 1689 3984 5976
3 1956 1689 861
3 1689 319 861
3 1689 5976 319
3 5202 5198 5212
3 5214 5202 5212
3 5202 5214 5210
3 5197 5202 5210
3 5202 5197 5198
3 5197 3727 5198
3 3727 5193 3726
3 3727 5197 5193
3 4293 7049 7620
3 7049 3135 7620
3 7049 4293 8437
3 3135 7049 8437
3 1142 9247 8143
3 8438 5980 3136
3 5980 1962 3136
3 5980 8438 7050
3 1962 5980 7050
3 6800 3411 9819
3 3411 6800 4873
3 4873 6800 7873
3 6518 6800 9819
3 6800 6518 7873
3 3681 1449 866
3 1449 8971 866
3 3410 4292 9245
3 4292 3410 1140
3 3680 5693 6799
3 1960 3680 6799
3 5693 3680 7048
3 4292 2539 9245
3 3987 2844 4872
3 3987 4872 9245
3 2539 3987 9245
3 1448 2231 126
3 2845 2231 1448
3 2231 599 126
3 9246 9504 8142
3 9246 2845 9504
3 9246 5979 7343
3 5979 9246 1141
3 9246 7620 1141
3 7620 9246 8142
3 5450 5457 5452
3 5460 5457 5450
3 5457 5460 5484
3 5224 5457 5484
3 5452 5457 5224
3 1131 3671 1684
3 2530 3671 1131
3 3671 2530 6238
3 2530 1131 589
3 5972 2530 589
3 2530 5972 2221
3 4587 2530 2221
3 6790 9236 10327
3 9236 10086 10327
3 9236 7862 10086
3 6790 6509 8427
3 9809 6509 6790
3 6509 9809 9495
3 7335 4866 9495
3 4866 6509 9495
3 6509 4866 8427
3 2836 5687 1439
3 2836 7335 5687
3 315 3403 7041
3 3403 8428 7041
3 6791 8428 7612
3 9810 6791 9237
3 6510 6791 9810
3 8428 6791 6510
3 6791 8716 9237
3 3980 3672 1132
3 1685 3980 1132
3 8716 3980 4588
3 3980 1685 4588
3 3128 3673 5688
3 3128 4286 1686
3 3673 1133 858
3 1133 3128 1686
3 3128 1133 3673
3 2532 2223 7336
3 2532 8962 9238
3 2532 7336 8962
3 8717 2532 9238
3 3673 2532 8717
3 6240 3981 5688
3 4286 3981 6240
3 3981 3128 5688
3 3128 3981 4286
3 5687 3127 1439
3 2531 3127 5687
3 1439 3127 133
3 4285 2531 4588
3 4285 1685 590
3 1685 4285 4588
3 8430 3982 7614
3 8430 7614 6793
3 5689 8430 6793
3 7043 4868 9498
3 4590 7043 9498
3 4868 7043 3405
3 7043 1442 3405
3 7043 4590 1442
3 6229 5125 7602
3 5125 6229 8417
3 5124 6229 7602
3 6499 6229 5124
3 8417 6229 6499
3 3393 7326 2826
3 3393 5125 7326
3 5125 3393 304
3 304 3393 580
3 3393 2826 580
3 5966 4277 3663
3 5966 139 5132
3 139 5966 3663
3 5966 5132 1676
3 4277 5966 1676
3 4277 7032 5680
3 7032 8124 5680
3 5128 7032 1676
3 7032 4277 1676
3 7032 5128 5410
3 8124 7032 5410
3 7327 1430 5127
3 1430 3119 5127
3 3971 1430 7327
3 1678 851 5134
3 1125 1678 5134
3 1678 7034 3665
3 851 1678 3665
3 1678 7329 7034
3 7605 307 5681
3 5133 307 2829
3 307 7605 2829
3 307 5133 5131
3 5967 307 5131
3 9802 8708 9229
3 9488 8708 9802
3 9229 8708 8953
3 6502 6783 9802
3 6783 9488 9802
3 1944 5413 5681
3 307 1944 5681
3 1944 307 5967
3 1944 5967 5131
3 5413 1944 5131
3 4861 1432 2829
3 1432 4861 5414
3 3396 1432 5414
3 1432 5133 2829
3 2215 1432 3396
3 2215 583 5133
3 1432 2215 5133
3 2214 1124 582
3 1124 2214 2523
3 1124 5130 582
3 5130 1124 2523
3 3120 2214 582
3 306 3120 582
3 3120 2828 3395
3 3120 306 5129
3 2828 3120 5129
3 1677 4278 850
3 4278 3664 5131
3 850 4278 5131
3 3664 4278 7033
3 4278 1677 7033
3 5422 5144 5421
3 5143 5144 5145
3 4282 1948 8424
3 1948 4282 311
3 311 4282 2833
3 4282 9492 2833
3 9492 4282 8424
3 9491 8423 9805
3 9805 8423 6786
3 8423 6505 6786
3 6505 8423 4863
3 8423 9491 4863
3 5421 2527 586
3 7608 1435 5684
3 2832 1435 136
3 1435 2832 5684
3 1947 3667 7036
3 4281 3667 1947
3 3667 7331 7036
3 3667 4281 7331
3 5416 2216 5136
3 1433 2216 5416
3 2216 584 5136
3 2216 1433 3397
3 2525 2216 3397
3 2216 2525 584
3 3666 4280 5137
3 8422 9804 7858
3 4584 8422 5683
3 1946 8422 4584
3 5969 2526 3975
3 2526 6234 3975
3 5122 7028 6227
3 3659 5122 6227
3 2942 2937 2943
3 2942 2943 2947
3 381 1201 1202
3 1200 1201 381
3 1202 1201 7367
3 4491 5321 4492
3 4772 4491 4492
3 5590 4188 3306
3 5320 5590 3306
3 4188 5590 3885
3 5590 5320 3885
3 9708 4998 5558
3 4683 4955 4959
3 4955 4683 4684
3 4683 4689 4684
3 4682 4683 4959
3 4683 4682 4965
3 4662 4955 4953
3 4662 4663 4661
3 4662 4953 4663
3 4664 4662 4661
3 4955 4662 4664
3 4698 4695 4697
3 4966 4695 4698
3 4693 4695 4966
3 4699 4701 4692
3 4699 4969 4700
3 4682 4961 4965
3 4961 4967 4965
3 4679 4956 4665
3 4678 4679 4665
3 4710 4711 4706
3 4709 4710 4706
3 4710 4709 4984
3 4710 4995 4711
3 4995 4710 4984
3 4994 4984 4983
3 4994 4995 4984
3 4704 4979 4983
3 4702 4979 4704
3 4993 4994 4983
3 4992 4988 4990
3 4987 4988 4992
3 4990 4988 4989
3 4988 4987 4989
3 4758 5309 5578
3 4758 5025 6936
3 5025 4758 2125
3 4758 3876 2125
3 3571 2124 2441
3 3876 3571 2441
3 2124 3571 5578
3 3571 4758 5578
3 4758 3571 3876
3 6391 6393 6392
3 6391 6390 6389
3 2482 4820 4235
3 1087 2482 4235
3 4820 2482 7285
3 2482 3927 7285
3 3927 2482 1900
3 817 4543 3350
3 817 3619 4543
3 817 3350 2173
3 3619 817 2173
3 2782 3925 816
3 3925 1387 816
3 1630 2782 3348
3 7811 1630 8085
3 1387 1630 7811
3 6456 3618 6986
3 2172 3618 7558
3 4816 7281 6183
3 5363 4816 6183
3 2813 3106 568
3 3106 1417 568
3 3106 4848 1417
3 3106 2813 286
3 4848 3106 286
3 1417 2509 568
3 2509 3649 568
3 7582 6760 4841
3 8104 7582 4841
3 6760 7582 6479
3 7010 8104 6209
3 7010 8930 8685
3 7010 6209 8930
3 7010 7582 8104
3 6479 7010 8685
3 7582 7010 6479
3 5086 1392 3354
3 3080 1392 5086
3 3931 5371 1636
3 3931 7289 5371
3 3931 1636 8912
3 5644 6463 8381
3 6463 5930 8381
3 5930 6463 7817
3 6463 3356 7817
3 6463 5644 3356
3 6993 6192 8914
3 6192 8090 8914
3 4240 6993 7817
3 1905 4240 7817
3 3624 2177 4548
3 1393 5087 8090
3 1393 3081 5087
3 3081 1393 4548
3 3082 1394 1091
3 3082 5088 1394
3 2789 3082 1091
3 5088 3082 2789
3 5374 4827 3934
3 6746 5374 3934
3 4827 5374 6995
3 5374 6746 6995
3 7292 3934 4550
3 7292 6746 3934
3 6746 7292 6194
3 6194 7292 1395
3 7292 4550 1395
3 8998 10127 9535
3 10367 8998 9535
3 1719 354 2872
3 354 1719 102
3 1476 895 7901
3 2569 1476 7901
3 1476 2569 1171
3 103 629 7643
3 629 103 895
3 1476 629 895
3 629 8172 7643
3 629 1171 8172
3 629 1476 1171
3 8259 7990 8251
3 8252 7990 8259
3 8240 8247 8248
3 8248 8247 8249
3 8247 8246 8249
3 8241 8242 8240
3 8242 8241 8246
3 8242 8247 8240
3 8247 8242 8246
3 7685 7687 7686
3 7685 8222 7687
3 8222 7685 8219
3 7685 7686 7684
3 8219 7685 7684
3 8168 1985 6266
3 10362 9844 10122
3 4316 4322 4321
3 4323 4322 4320
3 4322 4316 4320
3 2630 2636 2639
3 2636 2640 2639
3 2636 2630 2314
3 2640 2636 2634
3 2624 2626 2631
3 2626 2655 2654
3 2657 2655 2639
3 2655 2630 2639
3 2655 2626 2630
3 10124 8750 10364
3 2313 2620 2623
3 2620 2627 2623
3 2259 1986 2258
3 2259 8169 1986
3 2259 2258 7641
3 4335 4338 4337
3 4333 2315 4329
3 2317 2315 2643
3 2272 2270 2275
3 2270 2269 2275
3 4356 4351 4354
3 4357 4356 4354
3 4356 4357 4351
3 4357 4368 4359
3 4359 4368 4364
3 4369 4368 4373
3 4368 4357 4373
3 4371 4368 4370
3 4368 4369 4370
3 4350 4352 4346
3 4352 4350 4358
3 4362 4352 4358
3 4352 4361 4345
3 4352 4362 4361
3 4359 4355 4353
3 4355 4359 4358
3 4350 4355 4358
3 4349 4350 4347
3 4348 4349 4347
3 4355 4349 4353
3 4349 4355 4350
3 4349 4351 4353
3 4349 4348 4351
3 7893 2864 8163
3 7893 7894 6263
3 7893 3427 7892
3 3427 7893 8163
3 4592 7893 7892
3 7893 4592 7894
3 2253 7637 1981
3 7893 2253 1981
3 7637 109 9526
3 109 2253 887
3 2253 109 7637
3 109 7067 10359
3 10119 109 10359
3 9526 109 10119
3 109 621 7067
3 621 109 887
3 1469 621 887
3 1469 8164 621
3 2253 1469 887
3 1469 2253 8164
3 8459 7068 9528
3 6847 6615 6857
3 6843 6847 6857
3 6842 6847 6843
3 8256 8253 8258
3 8541 8540 8545
3 8540 7991 8545
3 8540 8541 8537
3 7991 8540 8537
3 2894 2896 2893
3 997 1000 1001
3 1000 1002 1001
3 1002 1000 997
3 995 997 1261
3 996 995 1261
3 995 1002 997
3 995 996 1002
3 998 996 999
3 996 998 1002
3 7467 7471 7469
3 7471 7470 7469
3 7471 7467 7465
3 7471 7477 7474
3 7470 7471 7474
3 6068 7471 7465
3 7477 7471 6068
3 7180 7179 7190
3 7179 7178 7190
3 7179 7180 7175
3 7177 7174 7170
3 7178 7177 7170
3 7179 7177 7178
3 3585 4501 5327
3 3312 3585 5327
3 4501 3585 4195
3 3585 3312 4195
3 4133 4459 4472
3 4456 4459 4133
3 4459 4456 4457
3 7797 5618 8073
3 2766 5618 7797
3 5618 5904 8073
3 4524 7541 5619
3 2467 6440 2159
3 7541 2467 5905
3 2767 5619 6970
3 7266 2767 6970
3 3332 2767 7266
3 5063 3332 6440
3 5063 4524 5619
3 2767 5063 5619
3 5063 2767 3332
3 6968 3908 3330
3 3908 6968 5617
3 6721 1883 3330
3 1883 6721 7264
3 7264 6721 7263
3 3908 6721 3330
3 6721 2466 7263
3 6721 3908 2466
3 4522 5903 5617
3 4522 5061 5903
3 5061 4522 6166
3 7540 6167 6439
3 3601 7540 6439
3 7540 3601 5346
3 4799 7540 5346
3 4809 6176 2473
3 6176 3917 2473
3 3917 6176 4809
3 2775 6177 3918
3 4810 6177 2775
3 3918 4225 5357
3 5357 4225 5915
3 4225 8368 5915
3 2163 3914 6727
3 3914 3062 6727
3 3062 3914 5068
3 3914 2163 7801
3 3914 7801 5624
3 5068 3914 5624
3 6173 3062 7546
3 3062 6173 3607
3 4806 6173 7546
3 6173 4806 3607
3 2742 2741 2734
3 4791 2757 3323
3 4791 3323 2758
3 4207 4791 2758
3 7791 6962 5339
3 2759 6962 7791
3 5339 6962 5897
3 5897 6962 8068
3 6962 4207 8068
3 2757 3595 2756
3 3595 2759 2756
3 4791 3595 2757
3 3595 4791 4207
3 6962 3595 4207
3 3595 6962 2759
3 1834 1833 1827
3 1835 1834 1827
3 4209 4517 3325
3 6964 4517 4209
3 3035 1861 1845
3 6161 3903 7792
3 3903 4793 7792
3 3903 6161 5056
3 3903 5056 8069
3 4793 3903 8069
3 6435 1873 1871
3 1873 6435 6718
3 1871 1873 3040
3 3040 1873 1869
3 1873 6718 1869
3 1867 3597 7535
3 5344 7795 6437
3 2464 5344 6437
3 7795 5344 4212
3 5344 2464 4212
3 5615 4520 8071
3 5615 2464 3599
3 4212 5615 8071
3 2464 5615 4212
3 3328 5615 3599
3 5615 3328 4520
3 2983 2978 2985
3 2979 2978 2956
3 2956 2978 2960
3 2978 2983 2960
3 2984 2981 2982
3 1881 1877 1878
3 1876 1877 1881
3 1877 3044 1878
3 1877 1876 3044
3 6436 1880 4211
3 1880 5343 4211
3 1880 6436 1875
3 1881 1880 1875
3 5343 1880 1881
3 7794 3327 2763
3 7794 2763 4519
3 3327 7794 1881
3 761 760 758
3 6959 7788 789
3 5336 6959 789
3 6959 5336 3321
3 5337 792 6960
3 2459 792 5895
3 792 5337 5895
3 3322 4513 3900
3 6158 3322 3900
3 4513 3322 2459
3 5051 2458 791
3 4204 2458 8352
3 2458 3899 791
3 3899 2458 4204
3 7788 6156 5051
3 4789 4204 5894
3 5336 4789 5894
3 5842 5839 5838
3 5843 5842 5838
3 5844 5847 5839
3 5844 5845 5847
3 5842 5844 5839
3 5845 5844 5843
3 5844 5842 5843
3 3755 3748 3747
3 3755 3747 3757
3 3761 3755 3757
3 3754 3761 3799
3 3743 3754 3749
3 3754 3743 3748
3 3755 3754 3748
3 3754 3755 3761
3 9514 2550 4004
3 2550 9514 4300
3 4300 9514 8152
3 9514 7882 8152
3 7882 9514 3419
3 875 2241 4300
3 2241 2550 4300
3 2241 875 118
3 3419 3142 1970
3 9514 2854 3419
3 2854 3142 3419
3 3142 2854 7057
3 7628 8734 333
3 7628 3142 7057
3 8734 7628 9256
3 7628 333 1970
3 3142 7628 1970
3 1458 609 875
3 3789 3776 3780
3 3778 3776 3789
3 3752 3742 3760
3 3750 3752 3760
3 3752 3750 3742
3 3742 3753 3760
3 3744 3753 3742
3 3745 3753 3744
3 2239 873 119
3 7627 3141 9827
3 1149 3141 7627
3 3141 10620 4299
3 9827 3141 4299
3 10620 3141 10345
3 3141 1149 10345
3 7610 1437 8959
3 7610 8959 8131
3 6789 6237 8714
3 5686 6237 6789
3 8714 6237 8131
3 7341 8968 9502
3 8968 7341 4291
3 1446 7341 2538
3 4291 7341 1446
3 7341 8723 2538
3 7341 9244 8723
3 7341 9502 8140
3 9244 7341 8140
3 9243 7340 9501
3 7340 3985 9501
3 3985 7340 3132
3 2537 3408 9243
3 4290 2537 9243
3 3408 2537 2228
3 2537 4290 2228
3 5198 3728 3722
3 3727 3728 5198
3 3989 6247 8143
3 9247 3989 8143
3 1694 1142 8726
3 1694 9247 1142
3 5694 9505 6247
3 9505 5694 4873
3 5694 3681 4873
3 5694 1449 3681
3 8724 1140 598
3 8724 4292 1140
3 8436 1960 323
3 8436 3680 1960
3 3680 8436 7048
3 3134 2230 127
3 2230 598 127
3 3987 2230 3134
3 2230 3987 2539
3 3987 7342 2844
3 7342 3987 3134
3 2844 7342 1447
3 7342 3134 1447
3 2540 7343 599
3 2231 2540 599
3 2540 2231 2845
3 2540 9246 7343
3 9246 2540 2845
3 3979 1951 1684
3 3671 3979 1684
3 1951 3979 7611
3 3979 6238 7611
3 3979 3671 6238
3 8960 9494 7862
3 9236 8960 7862
3 8960 4587 9494
3 8960 2530 4587
3 4866 7040 8427
3 7040 7335 314
3 7040 4866 7335
3 7335 857 314
3 2836 857 7335
3 857 1439 133
3 857 2836 1439
3 8428 1952 7612
3 3403 1952 8428
3 1952 3403 315
3 6239 6791 7612
3 6791 6239 8716
3 6239 3980 8716
3 3672 6239 7612
3 3980 6239 3672
3 591 3673 858
3 591 2532 3673
3 591 858 132
3 2223 591 132
3 2532 591 2223
3 2222 590 133
3 3127 2222 133
3 2222 4285 590
3 2222 3127 2531
3 4285 2222 2531
3 8430 6241 3982
3 6241 8430 5689
3 3982 6241 4287
3 6241 5689 4287
3 3119 1123 849
3 1430 1123 3119
3 1678 4583 7329
3 4583 1678 1125
3 4583 3973 7329
3 3973 4583 2524
3 4583 583 2524
3 4583 1125 583
3 8125 7328 8953
3 8708 8125 8953
3 8125 3972 7328
3 3972 8125 7033
3 8125 8708 9488
3 6783 8125 9488
3 8125 6783 6502
3 5413 8125 6502
3 8125 3664 7033
3 8125 5413 3664
3 3121 3396 2524
3 3121 2215 3396
3 583 3121 2524
3 2215 3121 583
3 1431 3120 3395
3 3120 1431 2214
3 1431 3395 7328
3 2214 1431 7328
3 1128 5422 586
3 1128 1681 5422
3 2527 1128 586
3 3668 7037 5970
3 3668 3399 7037
3 4585 3399 8129
3 7037 3399 4585
3 2218 5421 136
3 2218 2527 5421
3 1435 2218 136
3 2527 2218 7608
3 2218 1435 7608
3 3122 1126 584
3 2525 3122 584
3 3974 3122 2525
3 3122 3974 7330
3 7035 4280 3666
3 1126 7035 3666
3 7035 4862 8127
3 5417 1946 852
3 4280 5417 5137
3 5417 8422 1946
3 9231 6785 8710
3 9804 6785 9231
3 6785 8127 8710
3 6785 7035 8127
3 2526 7607 6234
3 8422 7607 5683
3 6234 7607 7858
3 7607 8422 7858
3 1672 5122 3659
3 3967 1672 846
3 1672 3659 846
3 7028 1672 3967
3 5122 1672 7028
3 7649 73 665
3 73 7649 387
3 73 387 1728
3 3440 73 1728
3 665 73 3440
3 1505 1508 1507
3 1506 1505 1507
3 2937 2941 2936
3 2942 2941 2937
3 2941 2942 2947
3 2945 2941 2947
3 2940 2941 2945
3 2941 2940 2936
3 658 1200 7367
3 1201 658 7367
3 658 1201 1200
3 3516 3519 3514
3 3509 3516 3514
3 4971 4688 4689
3 4685 4688 4687
3 4688 4686 4687
3 4688 4971 4686
3 4689 4688 4684
3 4688 4685 4684
3 4972 4971 4689
3 4695 4696 4697
3 4696 4695 4693
3 4697 4696 4694
3 4696 4693 4694
3 4680 4961 4956
3 4679 4680 4956
3 4680 4679 4960
3 4958 4957 4956
3 4961 4958 4956
3 4958 4961 4682
3 4957 4958 4959
3 4958 4682 4959
3 4967 4691 4692
3 4969 4968 4966
3 4968 4963 4966
3 4691 4968 4692
3 4968 4699 4692
3 4699 4968 4969
3 4962 4963 4960
3 4679 4962 4960
3 4962 4679 4678
3 4966 4962 4678
3 4963 4962 4966
3 4967 4970 4965
3 4970 4702 4973
3 4970 4976 4702
3 4976 4970 4701
3 4972 4970 4973
3 4701 4970 4692
3 4970 4967 4692
3 4970 4972 4689
3 4683 4970 4689
3 4970 4683 4965
3 4977 4976 4701
3 4982 4977 4701
3 4977 4982 4979
3 4976 4978 4702
3 4978 4979 4702
3 4977 4978 4976
3 4978 4977 4979
3 1629 3925 2782
3 1630 1629 2782
3 5080 5636 8085
3 1630 5080 8085
3 6738 6456 7558
3 3618 6738 7558
3 6738 3618 6456
3 4233 2172 7283
3 4233 3618 2172
3 4818 4233 7283
3 4233 4818 6986
3 3618 4233 6986
3 3616 1084 7556
3 1084 3616 1897
3 1084 8084 7556
3 1084 6984 8084
3 4231 5363 6984
3 4231 4816 5363
3 1084 4231 6984
3 4231 1084 1897
3 7281 4231 1897
3 4816 4231 7281
3 287 6217 5397
3 7315 2509 1417
3 7315 4848 6217
3 4848 7315 1417
3 2485 2176 3354
3 1392 2485 3354
3 2485 1392 3080
3 2485 4547 2176
3 2485 3080 4547
3 3931 6743 7289
3 6743 4547 8089
3 6191 6743 8089
3 7289 6743 6191
3 6192 6744 8090
3 6744 3624 4548
3 1393 6744 4548
3 6744 1393 8090
3 4240 4825 6993
3 2486 1905 8666
3 2486 4240 1905
3 2486 3624 3932
3 3624 2486 2177
3 4344 4352 4345
3 4352 4344 4346
3 8245 8246 8243
3 8245 7990 8246
3 7990 8245 8251
3 8251 8245 8244
3 8245 8243 8244
3 8250 8252 8249
3 8250 7990 8252
3 8246 8250 8249
3 7990 8250 8246
3 4315 4316 4321
3 1167 8168 6266
3 8168 625 1985
3 10637 8993 10122
3 8993 10637 8460
3 8748 7069 107
3 2640 2660 2639
3 2660 2657 2639
3 2660 2663 2379
3 2290 4319 2292
3 4317 2290 2292
3 2864 2561 1712
3 7893 2561 2864
3 2561 7893 1981
3 1712 2561 345
3 7637 2561 1981
3 2561 7637 345
3 2253 3428 8164
3 1163 3428 6263
3 8164 3428 1163
3 3428 7893 6263
3 3428 2253 7893
3 7935 6841 7933
3 6841 6847 6842
3 6841 7932 7933
3 7934 6841 6842
3 7932 6841 7934
3 8262 8257 8258
3 8257 8256 8258
3 8254 8257 8260
3 8257 8262 8260
3 8257 8254 8253
3 8256 8257 8253
3 7176 7179 7175
3 7176 7177 7179
3 7174 7176 7175
3 7177 7176 7174
3 3056 2766 6167
3 2467 6168 6440
3 6168 2467 7541
3 6168 5063 6440
3 3602 3909 2159
3 2467 3909 5905
3 3909 2467 2159
3 1074 4215 8073
3 3055 1883 6166
3 4522 3055 6166
3 3055 4522 5617
3 5618 807 5904
3 5904 807 4799
3 807 7540 4799
3 7540 807 6167
3 1080 6177 4810
3 1080 4810 8368
3 4225 1080 8368
3 6177 1080 3918
3 1080 4225 3918
3 3597 5613 2462
3 5613 4517 6964
3 5613 6964 8356
3 5899 5613 8356
3 4794 5613 5899
3 2462 5613 4794
3 1867 6434 3597
3 6434 5613 3597
3 5613 6434 4517
3 3035 1866 1861
3 1866 3036 1861
3 1866 1867 3036
3 1866 6434 1867
3 3048 3050 3599
3 3050 3328 3599
3 3050 3048 3049
3 4520 3050 3049
3 3328 3050 4520
3 2389 2979 2985
3 2978 2389 2985
3 2389 2978 2979
3 2974 2975 2984
3 2975 2981 2984
3 2981 2975 2982
3 2975 2959 2982
3 2975 2974 2959
3 2156 7794 4519
3 2156 4519 4211
3 5343 2156 4211
3 2156 5343 1881
3 7794 2156 1881
3 763 761 758
3 762 763 758
3 764 763 762
3 768 770 2731
3 2732 768 2731
3 770 2730 2731
3 6714 6430 5052
3 4205 6714 5052
3 6960 6714 4205
3 2736 2733 2728
3 2737 2736 2728
3 2733 2738 2735
3 2736 2738 2733
3 2738 2736 2737
3 6157 3593 6430
3 3593 6157 5608
3 6429 6713 4788
3 2729 772 773
3 2151 6156 4511
3 2151 4511 8066
3 2151 2458 5051
3 6156 2151 5051
3 2550 4005 4004
3 2241 4005 2550
3 2854 1702 7057
3 4005 1702 4004
3 1702 9514 4004
3 1702 2854 9514
3 1702 4005 9256
3 7628 1702 9256
3 1702 7628 7057
3 3770 3776 3778
3 3770 3772 3766
3 3770 3778 3772
3 3770 3766 3780
3 3776 3770 3780
3 3741 3745 3744
3 1456 2239 2548
3 1456 873 2239
3 1456 2548 10345
3 607 1149 8978
3 119 607 8978
3 873 607 119
3 1456 607 873
3 1149 607 10345
3 607 1456 10345
3 2529 2220 1437
3 7610 2529 1437
3 2220 2529 588
3 588 3978 1130
3 3978 1683 1130
3 2529 3978 588
3 3978 2529 7610
3 8967 3408 1445
3 8967 1445 3132
3 7340 8967 3132
3 3408 8967 9243
3 8967 7340 9243
3 8971 2232 8726
3 7619 2539 4292
3 8724 7619 4292
3 7619 8724 598
3 2230 7619 598
3 7619 2230 2539
3 6238 8715 6790
3 8715 9236 6790
3 3402 1951 8427
3 7040 3402 8427
3 1951 3402 314
3 3402 7040 314
3 5973 3672 7612
3 1952 5973 7612
3 3672 5973 1132
3 5973 1952 315
3 1123 581 849
3 5132 581 1676
3 849 581 5132
3 2213 1123 1430
3 2213 3971 2522
3 2213 1430 3971
3 2213 581 1123
3 2213 2522 1676
3 581 2213 1676
3 3976 1128 2527
3 3976 7608 6235
3 3976 2527 7608
3 3976 6235 8129
3 3399 3976 8129
3 3124 3668 5970
3 5422 3124 5970
3 1681 3124 5422
3 3122 1679 1126
3 7035 1679 4862
3 1679 7035 1126
3 4862 1679 7330
3 1679 3122 7330
3 8422 9490 9804
3 9490 6785 9804
3 4975 4972 4973
3 4706 4975 4973
3 4703 4975 4706
3 4968 4690 4963
3 4690 4968 4691
3 4961 4690 4967
3 4690 4691 4967
3 4987 4981 4700
3 4993 4986 4992
3 4986 4993 4983
3 4979 4986 4983
3 4982 4986 4979
3 3925 1085 1387
3 1085 1630 1387
3 1085 1629 1630
3 4541 1630 3348
3 4541 5080 1630
3 5080 4541 5636
3 4541 3348 1898
3 4541 1898 7557
3 5636 4541 7557
3 2509 4265 3649
3 4265 287 5397
3 287 3957 6217
3 3957 7315 6217
3 4265 3957 287
3 7315 3957 2509
3 3957 4265 2509
3 3623 6743 3931
3 2176 3623 8912
3 3623 3931 8912
3 4547 3623 2176
3 6743 3623 4547
3 7290 6744 6192
3 3624 7290 3932
3 6744 7290 3624
3 1637 4825 4240
3 2486 1637 4240
3 1637 2486 3932
3 2257 1167 6266
3 2257 6266 3431
3 1473 2257 3431
3 1715 7070 9530
3 2663 2658 2662
3 2658 2651 2662
3 2658 2640 2651
3 4324 2294 2292
3 2294 4317 2292
3 4317 2294 4324
3 2602 2310 2311
3 6841 6844 6847
3 5062 5618 2766
3 3056 5062 2766
3 4524 3057 7541
3 3057 6168 7541
3 5063 3057 4524
3 6168 3057 5063
3 6969 7797 8073
3 4215 6969 8073
3 7797 6969 3331
3 6969 4215 1884
3 4800 4215 1074
3 4215 4800 1884
3 1883 2158 3330
3 3055 2158 1883
3 2158 6968 3330
3 6968 2158 5617
3 2158 3055 5617
3 4523 807 5618
3 5062 4523 5618
3 4523 5062 3056
3 4523 3056 6167
3 807 4523 6167
3 766 764 762
3 766 768 764
3 766 767 770
3 768 766 770
3 767 769 770
3 769 2730 770
3 765 768 2732
3 765 760 761
3 763 765 761
3 765 763 764
3 768 765 764
3 769 771 2730
3 7789 4512 5608
3 6157 7789 5608
3 4512 7789 3321
3 7789 6959 3321
3 3592 6429 4788
3 6429 3592 6156
3 4511 3592 4788
3 6156 3592 4511
3 5607 2151 8066
3 2151 5607 2458
3 8352 5607 8066
3 2458 5607 8352
3 3978 3670 1683
3 3670 6237 5686
3 3670 5686 1950
3 600 1694 8726
3 2232 600 8726
3 1694 600 9247
3 600 2232 9247
3 5694 2846 1449
3 1449 2846 8971
3 2846 2232 8971
3 2846 5694 6247
3 2541 3989 9247
3 2232 2541 9247
3 2846 2541 2232
3 3989 2541 6247
3 2541 2846 6247
3 8132 8960 9236
3 8715 8132 9236
3 8960 8132 2530
3 2530 8132 6238
3 8132 8715 6238
3 7332 3976 3399
3 7332 3124 1681
3 1128 7332 1681
3 3976 7332 1128
3 7332 3399 3668
3 3124 7332 3668
3 6504 9490 8422
3 9490 6504 6785
3 6504 5417 4280
3 5417 6504 8422
3 7035 6504 4280
3 6785 6504 7035
3 7607 2831 5683
3 2831 4584 5683
3 4584 2831 137
3 1434 7607 2526
3 1434 2831 7607
3 1434 5419 137
3 2831 1434 137
3 4972 4974 4971
3 4975 4974 4972
3 4974 4975 4703
3 4974 4703 4705
3 4686 4974 4705
3 4971 4974 4686
3 4690 4681 4963
3 4963 4681 4960
3 4681 4680 4960
3 4680 4681 4961
3 4681 4690 4961
3 4980 4699 4700
3 4981 4980 4700
3 4980 4981 4982
3 4699 4980 4701
3 4980 4982 4701
3 4985 4987 4992
3 4986 4985 4992
3 4985 4981 4987
3 4981 4985 4982
3 4985 4986 4982
3 1629 3074 3925
3 3074 1085 3925
3 1085 3074 1629
3 3649 1662 5397
3 1662 4265 5397
3 4265 1662 3649
3 5372 7290 6192
3 1637 5372 4825
3 7290 5372 3932
3 5372 1637 3932
3 5372 6192 6993
3 4825 5372 6993
3 1985 891 2565
3 625 891 1985
3 106 891 625
3 891 106 2565
3 2565 106 1715
3 106 7070 1715
3 2660 2659 2663
3 2659 2658 2663
3 2659 2660 2640
3 2658 2659 2640
3 1986 2566 7898
3 105 9531 350
3 6847 6845 6615
3 6844 6845 6847
3 6845 6844 6841
3 6845 6841 7935
3 6846 6845 7935
3 6615 6845 6846
3 6722 1884 7265
3 6722 6969 1884
3 6969 6722 3331
3 6722 2766 3331
3 2766 6722 6167
3 1884 5347 3602
3 4800 5347 1884
3 5347 3909 3602
3 5347 4800 1074
3 5347 1074 5905
3 3909 5347 5905
3 3670 4865 6237
3 4865 3670 3978
3 6237 4865 8131
3 4865 7610 8131
3 4865 3978 7610
3 2217 1434 2526
3 1434 2217 5419
3 2217 2526 5969
3 2217 5969 585
3 5419 2217 585
3 626 1168 8169
3 2566 1168 626
3 8169 1168 1986
3 1168 2566 1986
3 2869 350 7640
3 2869 105 350
3 3431 2869 7640
3 2869 3431 7898
3 1716 2869 7898
3 2869 1716 105
3 4314 4311 4315
3 4314 4313 4312
3 2566 892 7898
3 892 1716 7898
3 892 2566 626
3 1716 892 626
